ingredient_id,canonical_name,display_name,ingredient_form,category,cnf_food_code,cnf_food_name,cnf_food_description,cnf_alternate_description,cnf_food_form,match_method,match_score,candidate_rank,selection_status,review_notes,matched_term,cnf_food_source_code,source_usda_ndb_code,source_reference,cnf_food_last_updated_date,recipe_form_evidence
ING00001,ajwain,Ajwain,default,spice,,,,,,NO_MATCH,0.0,1,NO_MATCH,No plausible CNF candidate met the deterministic or fuzzy review thresholds.,,,,,,raw=0;dry=0;cooked=1;boiled=0;unspecified=243
ING00002,almond,Almond,default,nut,2539,"Nuts, almonds, toasted, unblanched",,,toasted,TOKEN_MATCH,0.6625,1,REVIEW,Lexical candidate only; human confirmation required.,Almond,11,,https://open.canada.ca/data/dataset/1b6139bd-ed7e-4043-bc28-ff00e10f3109,2012-06-19,raw=0;dry=0;cooked=8;boiled=3;unspecified=245
ING00002,almond,Almond,default,nut,2535,"Nuts, almonds, dried, blanched, unroasted",,,dried,TOKEN_MATCH,0.64,2,REVIEW,Lexical candidate only; human confirmation required.,Almond,0,12062,https://open.canada.ca/data/dataset/1b6139bd-ed7e-4043-bc28-ff00e10f3109,2012-06-19,raw=0;dry=0;cooked=8;boiled=3;unspecified=245
ING00002,almond,Almond,default,nut,2534,"Nuts, almonds, dried, unblanched, unroasted",,,dried,TOKEN_MATCH,0.64,3,REVIEW,Lexical candidate only; human confirmation required.,Almond,0,12061,https://open.canada.ca/data/dataset/1b6139bd-ed7e-4043-bc28-ff00e10f3109,2012-06-19,raw=0;dry=0;cooked=8;boiled=3;unspecified=245
ING00002,almond,Almond,default,nut,2536,"Nuts, almonds, dry roasted, unblanched",,,dry;roasted,TOKEN_MATCH,0.64,4,REVIEW,Lexical candidate only; human confirmation required.,Almond,0,12063,https://open.canada.ca/data/dataset/1b6139bd-ed7e-4043-bc28-ff00e10f3109,2012-06-19,raw=0;dry=0;cooked=8;boiled=3;unspecified=245
ING00002,almond,Almond,default,nut,2624,"Nuts, almonds, dry roasted, unblanched, salt added",,,dry;roasted,TOKEN_MATCH,0.6143,5,REVIEW,Lexical candidate only; human confirmation required.,Almond,0,12563,https://open.canada.ca/data/dataset/1b6139bd-ed7e-4043-bc28-ff00e10f3109,2012-06-19,raw=0;dry=0;cooked=8;boiled=3;unspecified=245
ING00002,almond,Almond,default,nut,2616,"Nuts, almonds, honey roasted, unblanched, salt added",,,roasted,TOKEN_MATCH,0.6143,6,REVIEW,Lexical candidate only; human confirmation required.,Almond,0,12206,https://open.canada.ca/data/dataset/1b6139bd-ed7e-4043-bc28-ff00e10f3109,2019-01-14,raw=0;dry=0;cooked=8;boiled=3;unspecified=245
ING00002,almond,Almond,default,nut,2605,"Nuts, almond butter, plain",,,unspecified_in_description,TOKEN_MATCH,0.6625,7,REVIEW,Lexical candidate only; human confirmation required.,Almond,0,12195,https://open.canada.ca/data/dataset/1b6139bd-ed7e-4043-bc28-ff00e10f3109,2012-06-19,raw=0;dry=0;cooked=8;boiled=3;unspecified=245
ING00002,almond,Almond,default,nut,2607,"Nuts, almond meal, partially defatted",,,unspecified_in_description,TOKEN_MATCH,0.64,8,REVIEW,Lexical candidate only; human confirmation required.,Almond,11,,https://open.canada.ca/data/dataset/1b6139bd-ed7e-4043-bc28-ff00e10f3109,2012-06-19,raw=0;dry=0;cooked=8;boiled=3;unspecified=245
ING00002,almond,Almond,default,nut,2639,"Nuts, almond butter, plain, salt added",,,unspecified_in_description,TOKEN_MATCH,0.625,9,REVIEW,Lexical candidate only; human confirmation required.,Almond,0,12695,https://open.canada.ca/data/dataset/1b6139bd-ed7e-4043-bc28-ff00e10f3109,2012-06-19,raw=0;dry=0;cooked=8;boiled=3;unspecified=245
ING00002,almond,Almond,default,nut,2641,"Nuts, almond meal, partially defatted, salt added",,,unspecified_in_description,TOKEN_MATCH,0.6143,10,REVIEW,Lexical candidate only; human confirmation required.,Almond,11,,https://open.canada.ca/data/dataset/1b6139bd-ed7e-4043-bc28-ff00e10f3109,2012-06-19,raw=0;dry=0;cooked=8;boiled=3;unspecified=245
ING00003,amchur,Amchur,default,spice,,,,,,NO_MATCH,0.0,1,NO_MATCH,No plausible CNF candidate met the deterministic or fuzzy review thresholds.,,,,,,raw=1;dry=208;cooked=0;boiled=0;unspecified=3
ING00004,asafoetida,Asafoetida,default,spice,,,,,,NO_MATCH,0.0,1,NO_MATCH,No plausible CNF candidate met the deterministic or fuzzy review thresholds.,,,,,,raw=0;dry=0;cooked=0;boiled=0;unspecified=1149
ING00005,baking powder,Baking Powder,default,baking,4004,"Leavening agent, baking powder, low sodium",,,powder,TOKEN_MATCH,0.7,1,REVIEW,Lexical candidate only; human confirmation required.,Baking Powder,0,18371,https://open.canada.ca/data/dataset/1b6139bd-ed7e-4043-bc28-ff00e10f3109,2026-01-28,raw=0;dry=0;cooked=0;boiled=0;unspecified=271
ING00005,baking powder,Baking Powder,default,baking,4003,"Leavening agent, baking powder, double acting, phosphate",,,powder,TOKEN_MATCH,0.6786,2,REVIEW,Lexical candidate only; human confirmation required.,Baking Powder,0,18370,https://open.canada.ca/data/dataset/1b6139bd-ed7e-4043-bc28-ff00e10f3109,2026-01-28,raw=0;dry=0;cooked=0;boiled=0;unspecified=271
ING00005,baking powder,Baking Powder,default,baking,4002,"Leavening agent, baking powder, double acting, sodium, aluminium sulfate",,,powder,TOKEN_MATCH,0.65,3,REVIEW,Lexical candidate only; human confirmation required.,Baking Powder,0,18369,https://open.canada.ca/data/dataset/1b6139bd-ed7e-4043-bc28-ff00e10f3109,2026-02-11,raw=0;dry=0;cooked=0;boiled=0;unspecified=271
ING00006,baking soda,Baking Soda,default,baking,4005,"Leavening agent, baking soda",,,unspecified_in_description,TOKEN_MATCH,0.775,1,REVIEW,Lexical candidate only; human confirmation required.,Baking Soda,0,18372,https://open.canada.ca/data/dataset/1b6139bd-ed7e-4043-bc28-ff00e10f3109,2026-01-28,raw=0;dry=0;cooked=0;boiled=0;unspecified=163
ING00007,banana,Banana,default,fruit,1704,"Banana, raw",,,raw,TOKEN_MATCH,1.0,1,REVIEW,Lexical candidate only; human confirmation required. Alias evidence came from a VALID prior mapping row.,raw bananas,3,09040,https://open.canada.ca/data/dataset/1b6139bd-ed7e-4043-bc28-ff00e10f3109,2016-01-25,raw=1;dry=0;cooked=1;boiled=0;unspecified=113
ING00007,banana,Banana,default,fruit,1514,"Banana, dehydrated or banana powder",,,powder;dehydrated,TOKEN_MATCH,0.6625,2,REVIEW,Lexical candidate only; human confirmation required.,Banana,0,09041,https://open.canada.ca/data/dataset/1b6139bd-ed7e-4043-bc28-ff00e10f3109,2012-08-27,raw=1;dry=0;cooked=1;boiled=0;unspecified=113
ING00008,basil,Basil,default,herb,212,"Spices, basil, fresh",,,fresh,TOKEN_MATCH,0.7,1,REVIEW,Lexical candidate only; human confirmation required.,Basil,0,02044,https://open.canada.ca/data/dataset/1b6139bd-ed7e-4043-bc28-ff00e10f3109,2012-07-04,raw=0;dry=3;cooked=1;boiled=0;unspecified=166
ING00008,basil,Basil,default,herb,171,"Spices, basil, dried",,,dried,TOKEN_MATCH,0.7,2,REVIEW,Lexical candidate only; human confirmation required.,Basil,0,02003,https://open.canada.ca/data/dataset/1b6139bd-ed7e-4043-bc28-ff00e10f3109,2012-06-29,raw=0;dry=3;cooked=1;boiled=0;unspecified=166
ING00009,bay leaf,Bay Leaf,default,other,172,"Spices, bay leaf",,,leaf,TOKEN_MATCH,0.85,1,REVIEW,Lexical candidate only; human confirmation required.,Bay Leaf,0,02004,https://open.canada.ca/data/dataset/1b6139bd-ed7e-4043-bc28-ff00e10f3109,2015-02-25,raw=0;dry=1;cooked=0;boiled=0;unspecified=492
ING00010,black pepper,Black Pepper Powder,powder,spice,198,"Spices, pepper, black",,,unspecified_in_description,TOKEN_MATCH,0.85,1,REVIEW,Lexical candidate only; human confirmation required.,black pepper,0,02030,https://open.canada.ca/data/dataset/1b6139bd-ed7e-4043-bc28-ff00e10f3109,2012-06-29,raw=0;dry=0;cooked=0;boiled=0;unspecified=907
ING00011,black pepper,Whole Black Peppercorns,whole,spice,198,"Spices, pepper, black",,,unspecified_in_description,TOKEN_MATCH,0.85,1,REVIEW,Lexical candidate only; human confirmation required.,black pepper,0,02030,https://open.canada.ca/data/dataset/1b6139bd-ed7e-4043-bc28-ff00e10f3109,2012-06-29,raw=0;dry=0;cooked=1;boiled=0;unspecified=520
ING00012,brinjal,Brinjal,default,vegetable,,,,,,NO_MATCH,0.0,1,NO_MATCH,No plausible CNF candidate met the deterministic or fuzzy review thresholds.,,,,,,raw=0;dry=0;cooked=0;boiled=0;unspecified=103
ING00013,broccoli,Broccoli,default,vegetable,2374,"Broccoli, raw",,,raw,TOKEN_MATCH,0.775,1,REVIEW,Lexical candidate only; human confirmation required.,Broccoli,3,11090,https://open.canada.ca/data/dataset/1b6139bd-ed7e-4043-bc28-ff00e10f3109,2026-01-28,raw=0;dry=0;cooked=1;boiled=0;unspecified=132
ING00013,broccoli,Broccoli,default,vegetable,2375,"Broccoli, boiled, drained",,broccoli rabe,boiled;drained,TOKEN_MATCH,0.7,2,REVIEW,Lexical candidate only; human confirmation required.,Broccoli,3,11091,https://open.canada.ca/data/dataset/1b6139bd-ed7e-4043-bc28-ff00e10f3109,2026-01-28,raw=0;dry=0;cooked=1;boiled=0;unspecified=132
ING00013,broccoli,Broccoli,default,vegetable,4851,"Broccoli, chinese, cooked",,,cooked,TOKEN_MATCH,0.7,3,REVIEW,Lexical candidate only; human confirmation required.,Broccoli,0,11969,https://open.canada.ca/data/dataset/1b6139bd-ed7e-4043-bc28-ff00e10f3109,2012-07-11,raw=0;dry=0;cooked=1;boiled=0;unspecified=132
ING00013,broccoli,Broccoli,default,vegetable,7601,"Broccoli, chinese, raw",,,raw,TOKEN_MATCH,0.7,4,REVIEW,Lexical candidate only; human confirmation required.,Broccoli,0,11994,https://open.canada.ca/data/dataset/1b6139bd-ed7e-4043-bc28-ff00e10f3109,2026-01-28,raw=0;dry=0;cooked=1;boiled=0;unspecified=132
ING00013,broccoli,Broccoli,default,vegetable,6279,"Broccoli, stalks, raw",,,raw,TOKEN_MATCH,0.7,5,REVIEW,Lexical candidate only; human confirmation required.,Broccoli,0,11741,https://open.canada.ca/data/dataset/1b6139bd-ed7e-4043-bc28-ff00e10f3109,2012-07-12,raw=0;dry=0;cooked=1;boiled=0;unspecified=132
ING00013,broccoli,Broccoli,default,vegetable,6278,"Broccoli, flower clusters, raw",,,raw,TOKEN_MATCH,0.6625,6,REVIEW,Lexical candidate only; human confirmation required.,Broccoli,0,11740,https://open.canada.ca/data/dataset/1b6139bd-ed7e-4043-bc28-ff00e10f3109,2012-07-12,raw=0;dry=0;cooked=1;boiled=0;unspecified=132
ING00013,broccoli,Broccoli,default,vegetable,2376,"Broccoli, frozen, chopped, unprepared",,,frozen,TOKEN_MATCH,0.6625,7,REVIEW,Lexical candidate only; human confirmation required.,Broccoli,3,11092,https://open.canada.ca/data/dataset/1b6139bd-ed7e-4043-bc28-ff00e10f3109,2012-07-11,raw=0;dry=0;cooked=1;boiled=0;unspecified=132
ING00013,broccoli,Broccoli,default,vegetable,2025,"Broccoli, frozen, spears, unprepared",,,frozen,TOKEN_MATCH,0.6625,8,REVIEW,Lexical candidate only; human confirmation required.,Broccoli,0,11094,https://open.canada.ca/data/dataset/1b6139bd-ed7e-4043-bc28-ff00e10f3109,2012-07-11,raw=0;dry=0;cooked=1;boiled=0;unspecified=132
ING00013,broccoli,Broccoli,default,vegetable,5411,"Broccoli raab (rapini), cooked",,,cooked,TOKEN_MATCH,0.6625,9,REVIEW,Lexical candidate only; human confirmation required.,Broccoli,0,11097,https://open.canada.ca/data/dataset/1b6139bd-ed7e-4043-bc28-ff00e10f3109,2026-01-28,raw=0;dry=0;cooked=1;boiled=0;unspecified=132
ING00013,broccoli,Broccoli,default,vegetable,5410,"Broccoli raab (rapini), raw",,broccoli rabe,raw,TOKEN_MATCH,0.6625,10,REVIEW,Lexical candidate only; human confirmation required.,Broccoli,0,11096,https://open.canada.ca/data/dataset/1b6139bd-ed7e-4043-bc28-ff00e10f3109,2026-01-28,raw=0;dry=0;cooked=1;boiled=0;unspecified=132
ING00014,brown sugar,Brown Sugar,default,sweetener,6818,"Sweetener, brown sugar substitute, granulated",,"artificially sweetened, artificial sweetener, sweetener",brown,TOKEN_MATCH,0.73,1,REVIEW,Lexical candidate only; human confirmation required.,Brown Sugar,0,19909,https://open.canada.ca/data/dataset/1b6139bd-ed7e-4043-bc28-ff00e10f3109,2026-01-28,raw=0;dry=0;cooked=0;boiled=0;unspecified=143
ING00014,brown sugar,Brown Sugar,default,sweetener,3995,"Toaster pastry, brown sugar and cinnamon",,"pop-tart, pop tart, poptart",brown,TOKEN_MATCH,0.7,2,REVIEW,Lexical candidate only; human confirmation required.,Brown Sugar,0,18361,https://open.canada.ca/data/dataset/1b6139bd-ed7e-4043-bc28-ff00e10f3109,2026-01-28,raw=0;dry=0;cooked=0;boiled=0;unspecified=143
ING00014,brown sugar,Brown Sugar,default,sweetener,6794,"Sweets, sugars, brown, contains sugar and sucralose",,"sweetened, with sugar, sugar added, added sugar, artificially sweetened, artificial sweetener, sweetener",brown,TOKEN_MATCH,0.6786,3,REVIEW,Lexical candidate only; human confirmation required.,Brown Sugar,0,19906,https://open.canada.ca/data/dataset/1b6139bd-ed7e-4043-bc28-ff00e10f3109,2026-01-28,raw=0;dry=0;cooked=0;boiled=0;unspecified=143
ING00014,brown sugar,Brown Sugar,default,sweetener,1466,"Cereal, hot, cream of wheat, instant: maple and brown sugar, dry",,,dry;brown;instant,TOKEN_MATCH,0.6318,4,REVIEW,Lexical candidate only; human confirmation required.,Brown Sugar,26,,https://open.canada.ca/data/dataset/1b6139bd-ed7e-4043-bc28-ff00e10f3109,2012-08-01,raw=0;dry=0;cooked=0;boiled=0;unspecified=143
ING00014,brown sugar,Brown Sugar,default,sweetener,1467,"Cereal, hot, cream of wheat, instant: maple and brown sugar, prepared",35g cereal + 125 mL water,,prepared;brown;instant,TOKEN_MATCH,0.6318,5,REVIEW,Lexical candidate only; human confirmation required.,Brown Sugar,24,,https://open.canada.ca/data/dataset/1b6139bd-ed7e-4043-bc28-ff00e10f3109,2026-01-28,raw=0;dry=0;cooked=0;boiled=0;unspecified=143
ING00014,brown sugar,Brown Sugar,default,sweetener,1421,"Cereal, hot, oats (oatmeal), instant: maple and brown sugar, dry, Quaker",,,dry;brown;instant,TOKEN_MATCH,0.6318,6,REVIEW,Lexical candidate only; human confirmation required.,Brown Sugar,26,,https://open.canada.ca/data/dataset/1b6139bd-ed7e-4043-bc28-ff00e10f3109,2012-08-01,raw=0;dry=0;cooked=0;boiled=0;unspecified=143
ING00014,brown sugar,Brown Sugar,default,sweetener,1422,"Cereal, hot, oats (oatmeal), instant: maple and brown sugar, prepared, Quaker",43g cereal + 125 mL water,,prepared;brown;instant,TOKEN_MATCH,0.6318,7,REVIEW,Lexical candidate only; human confirmation required.,Brown Sugar,24,,https://open.canada.ca/data/dataset/1b6139bd-ed7e-4043-bc28-ff00e10f3109,2026-01-28,raw=0;dry=0;cooked=0;boiled=0;unspecified=143
ING00014,brown sugar,Brown Sugar,default,sweetener,6693,"Cereal, hot, oats (oatmeal), instant: reduced sugar, brown sugar cinnamon, dry, Quaker",,"lower sugar, lower in sugar, less sugar, reduced sugar, reduced in sugar",dry;brown;instant,TOKEN_MATCH,0.6318,8,REVIEW,Lexical candidate only; human confirmation required.,Brown Sugar,23,,https://open.canada.ca/data/dataset/1b6139bd-ed7e-4043-bc28-ff00e10f3109,2026-01-28,raw=0;dry=0;cooked=0;boiled=0;unspecified=143
ING00014,brown sugar,Brown Sugar,default,sweetener,6694,"Cereal, hot, oats (oatmeal), instant: reduced sugar, brown sugar cinnamon, prepared, Quaker",,"lower sugar, lower in sugar, less sugar, reduced sugar, reduced in sugar",prepared;brown;instant,TOKEN_MATCH,0.6318,9,REVIEW,Lexical candidate only; human confirmation required.,Brown Sugar,23,,https://open.canada.ca/data/dataset/1b6139bd-ed7e-4043-bc28-ff00e10f3109,2026-01-28,raw=0;dry=0;cooked=0;boiled=0;unspecified=143
ING00014,brown sugar,Brown Sugar,default,sweetener,6695,"Cereal, hot, oats (oatmeal), instant: Weight Control, Maple and Brown Sugar, dry, Quaker",,,dry;brown;instant,TOKEN_MATCH,0.6192,10,REVIEW,Lexical candidate only; human confirmation required.,Brown Sugar,23,,https://open.canada.ca/data/dataset/1b6139bd-ed7e-4043-bc28-ff00e10f3109,2012-08-01,raw=0;dry=0;cooked=0;boiled=0;unspecified=143
ING00015,butter,Butter,default,dairy,118,"Butter, regular",,,regular,TOKEN_MATCH,0.775,1,REVIEW,Lexical candidate only; human confirmation required.,Butter,3,01001,https://open.canada.ca/data/dataset/1b6139bd-ed7e-4043-bc28-ff00e10f3109,2026-01-27,raw=0;dry=0;cooked=0;boiled=0;unspecified=766
ING00015,butter,Butter,default,dairy,92,"Butter, unsalted",,"""unsalted"", ""without added salt"", ""no salt added"", ""no added salt"", ""without added sodium"", ""no sodium added"" or ""no added sodium""",unsalted,TOKEN_MATCH,0.775,2,REVIEW,Lexical candidate only; human confirmation required.,Butter,0,01145,https://open.canada.ca/data/dataset/1b6139bd-ed7e-4043-bc28-ff00e10f3109,2026-01-28,raw=0;dry=0;cooked=0;boiled=0;unspecified=766
ING00015,butter,Butter,default,dairy,16,"Butter, whipped",,,unspecified_in_description,TOKEN_MATCH,0.775,3,REVIEW,Lexical candidate only; human confirmation required.,Butter,0,01002,https://open.canada.ca/data/dataset/1b6139bd-ed7e-4043-bc28-ff00e10f3109,2026-01-28,raw=0;dry=0;cooked=0;boiled=0;unspecified=766
ING00015,butter,Butter,default,dairy,7829,"Butter, Clarified butter (ghee)",,Ghee,unspecified_in_description,TOKEN_MATCH,0.7,4,REVIEW,Lexical candidate only; human confirmation required.,Butter,0,1323,https://open.canada.ca/data/dataset/1b6139bd-ed7e-4043-bc28-ff00e10f3109,2026-01-28,raw=0;dry=0;cooked=0;boiled=0;unspecified=766
ING00015,butter,Butter,default,dairy,5307,"Butter, light, salted",,,salted,TOKEN_MATCH,0.7,5,REVIEW,Lexical candidate only; human confirmation required.,Butter,0,04601,https://open.canada.ca/data/dataset/1b6139bd-ed7e-4043-bc28-ff00e10f3109,2012-07-04,raw=0;dry=0;cooked=0;boiled=0;unspecified=766
ING00015,butter,Butter,default,dairy,5308,"Butter, light, unsalted",,"unsalted, ""without added salt"", ""no salt added"", ""no added salt"", ""without added sodium"", ""no sodium added"" or ""no added sodium""",unsalted,TOKEN_MATCH,0.7,6,REVIEW,Lexical candidate only; human confirmation required.,Butter,0,04602,https://open.canada.ca/data/dataset/1b6139bd-ed7e-4043-bc28-ff00e10f3109,2026-01-28,raw=0;dry=0;cooked=0;boiled=0;unspecified=766
ING00015,butter,Butter,default,dairy,6289,"Peanut butter, natural",,,unspecified_in_description,TOKEN_MATCH,0.7,7,REVIEW,Lexical candidate only; human confirmation required.,Butter,0,,https://open.canada.ca/data/dataset/1b6139bd-ed7e-4043-bc28-ff00e10f3109,2026-01-28,raw=0;dry=0;cooked=0;boiled=0;unspecified=766
ING00015,butter,Butter,default,dairy,2605,"Nuts, almond butter, plain",,,unspecified_in_description,TOKEN_MATCH,0.6625,8,REVIEW,Lexical candidate only; human confirmation required.,Butter,0,12195,https://open.canada.ca/data/dataset/1b6139bd-ed7e-4043-bc28-ff00e10f3109,2012-06-19,raw=0;dry=0;cooked=0;boiled=0;unspecified=766
ING00015,butter,Butter,default,dairy,2548,"Nuts, cashew butter, plain",,,unspecified_in_description,TOKEN_MATCH,0.6625,9,REVIEW,Lexical candidate only; human confirmation required.,Butter,0,12088,https://open.canada.ca/data/dataset/1b6139bd-ed7e-4043-bc28-ff00e10f3109,2026-01-28,raw=0;dry=0;cooked=0;boiled=0;unspecified=766
ING00015,butter,Butter,default,dairy,5509,"Peanut butter, reduced sodium",,,unspecified_in_description,TOKEN_MATCH,0.6625,10,REVIEW,Lexical candidate only; human confirmation required.,Butter,12,42291,https://open.canada.ca/data/dataset/1b6139bd-ed7e-4043-bc28-ff00e10f3109,2026-01-28,raw=0;dry=0;cooked=0;boiled=0;unspecified=766
ING00016,button mushroom,Button Mushroom,default,other,,,,,,NO_MATCH,0.0,1,NO_MATCH,No plausible CNF candidate met the deterministic or fuzzy review thresholds.,,,,,,raw=0;dry=0;cooked=0;boiled=0;unspecified=201
ING00017,cabbage,Cabbage,default,vegetable,7599,"Cabbage, kimchi",,,unspecified_in_description,TOKEN_MATCH,0.775,1,REVIEW,Lexical candidate only; human confirmation required.,Cabbage,0,11118,https://open.canada.ca/data/dataset/1b6139bd-ed7e-4043-bc28-ff00e10f3109,2026-01-28,raw=0;dry=0;cooked=1;boiled=0;unspecified=152
ING00017,cabbage,Cabbage,default,vegetable,2361,"Cabbage, raw",,,raw,TOKEN_MATCH,0.775,2,REVIEW,Lexical candidate only; human confirmation required.,Cabbage,3,11109,https://open.canada.ca/data/dataset/1b6139bd-ed7e-4043-bc28-ff00e10f3109,2012-07-11,raw=0;dry=0;cooked=1;boiled=0;unspecified=152
ING00017,cabbage,Cabbage,default,vegetable,2362,"Cabbage, boiled, drained",,,boiled;drained,TOKEN_MATCH,0.7,3,REVIEW,Lexical candidate only; human confirmation required.,Cabbage,3,11110,https://open.canada.ca/data/dataset/1b6139bd-ed7e-4043-bc28-ff00e10f3109,2012-07-11,raw=0;dry=0;cooked=1;boiled=0;unspecified=152
ING00017,cabbage,Cabbage,default,vegetable,4882,"Cabbage, napa, cooked",,,cooked,TOKEN_MATCH,0.7,4,REVIEW,Lexical candidate only; human confirmation required.,Cabbage,0,11970,https://open.canada.ca/data/dataset/1b6139bd-ed7e-4043-bc28-ff00e10f3109,2012-07-11,raw=0;dry=0;cooked=1;boiled=0;unspecified=152
ING00017,cabbage,Cabbage,default,vegetable,6304,"Cabbage, napa, raw",,,raw,TOKEN_MATCH,0.7,5,REVIEW,Lexical candidate only; human confirmation required.,Cabbage,24,,https://open.canada.ca/data/dataset/1b6139bd-ed7e-4043-bc28-ff00e10f3109,2012-07-11,raw=0;dry=0;cooked=1;boiled=0;unspecified=152
ING00017,cabbage,Cabbage,default,vegetable,2034,"Cabbage, red, raw",,,raw,TOKEN_MATCH,0.7,6,REVIEW,Lexical candidate only; human confirmation required.,Cabbage,0,11112,https://open.canada.ca/data/dataset/1b6139bd-ed7e-4043-bc28-ff00e10f3109,2012-07-11,raw=0;dry=0;cooked=1;boiled=0;unspecified=152
ING00017,cabbage,Cabbage,default,vegetable,2036,"Cabbage, savoy, raw",,,raw,TOKEN_MATCH,0.7,7,REVIEW,Lexical candidate only; human confirmation required.,Cabbage,0,11114,https://open.canada.ca/data/dataset/1b6139bd-ed7e-4043-bc28-ff00e10f3109,2012-07-11,raw=0;dry=0;cooked=1;boiled=0;unspecified=152
ING00017,cabbage,Cabbage,default,vegetable,5549,"Cabbage, mustard, with salt",,,unspecified_in_description,TOKEN_MATCH,0.6625,8,REVIEW,Lexical candidate only; human confirmation required.,Cabbage,12,43144,https://open.canada.ca/data/dataset/1b6139bd-ed7e-4043-bc28-ff00e10f3109,2012-07-11,raw=0;dry=0;cooked=1;boiled=0;unspecified=152
ING00017,cabbage,Cabbage,default,vegetable,2035,"Cabbage, red, boiled, drained",,,boiled;drained,TOKEN_MATCH,0.6625,9,REVIEW,Lexical candidate only; human confirmation required.,Cabbage,0,11113,https://open.canada.ca/data/dataset/1b6139bd-ed7e-4043-bc28-ff00e10f3109,2012-07-11,raw=0;dry=0;cooked=1;boiled=0;unspecified=152
ING00017,cabbage,Cabbage,default,vegetable,2037,"Cabbage, savoy, boiled, drained",,,boiled;drained,TOKEN_MATCH,0.6625,10,REVIEW,Lexical candidate only; human confirmation required.,Cabbage,0,11115,https://open.canada.ca/data/dataset/1b6139bd-ed7e-4043-bc28-ff00e10f3109,2012-07-11,raw=0;dry=0;cooked=1;boiled=0;unspecified=152
ING00018,cardamom,Cardamom Pods,pod,spice,174,"Spices, cardamom, ground",,,ground,TOKEN_MATCH;FORM_CONFLICT,0.58,1,REVIEW,Lexical candidate only; human confirmation required.,cardamom,0,02006,https://open.canada.ca/data/dataset/1b6139bd-ed7e-4043-bc28-ff00e10f3109,2012-06-29,raw=0;dry=0;cooked=0;boiled=0;unspecified=436
ING00019,cardamom,Cardamom Powder,powder,spice,174,"Spices, cardamom, ground",,,ground,TOKEN_MATCH;FORM_MATCH,0.89,1,REVIEW,Lexical candidate only; human confirmation required.,cardamom ground,0,02006,https://open.canada.ca/data/dataset/1b6139bd-ed7e-4043-bc28-ff00e10f3109,2012-06-29,raw=0;dry=0;cooked=0;boiled=0;unspecified=326
ING00020,carrot,Carrot,default,vegetable,2380,"Carrot, raw",,,raw,TOKEN_MATCH,0.775,1,REVIEW,Lexical candidate only; human confirmation required.,Carrot,3,11124,https://open.canada.ca/data/dataset/1b6139bd-ed7e-4043-bc28-ff00e10f3109,2026-01-28,raw=0;dry=0;cooked=3;boiled=2;unspecified=603
ING00020,carrot,Carrot,default,vegetable,2353,"Carrot, baby, raw",,,raw,TOKEN_MATCH,0.7,2,REVIEW,Lexical candidate only; human confirmation required.,Carrot,0,11960,https://open.canada.ca/data/dataset/1b6139bd-ed7e-4043-bc28-ff00e10f3109,2026-01-28,raw=0;dry=0;cooked=3;boiled=2;unspecified=603
ING00020,carrot,Carrot,default,vegetable,2381,"Carrot, boiled, drained",,,boiled;drained,TOKEN_MATCH,0.7,3,REVIEW,Lexical candidate only; human confirmation required.,Carrot,3,11125,https://open.canada.ca/data/dataset/1b6139bd-ed7e-4043-bc28-ff00e10f3109,2012-07-11,raw=0;dry=0;cooked=3;boiled=2;unspecified=603
ING00020,carrot,Carrot,default,vegetable,2383,"Carrot, frozen, unprepared",,,frozen,TOKEN_MATCH,0.7,4,REVIEW,Lexical candidate only; human confirmation required.,Carrot,3,11130,https://open.canada.ca/data/dataset/1b6139bd-ed7e-4043-bc28-ff00e10f3109,2012-07-11,raw=0;dry=0;cooked=3;boiled=2;unspecified=603
ING00020,carrot,Carrot,default,vegetable,2384,"Carrot, frozen, boiled, drained",,,boiled;frozen;drained,TOKEN_MATCH,0.6625,5,REVIEW,Lexical candidate only; human confirmation required.,Carrot,3,11131,https://open.canada.ca/data/dataset/1b6139bd-ed7e-4043-bc28-ff00e10f3109,2012-07-11,raw=0;dry=0;cooked=3;boiled=2;unspecified=603
ING00020,carrot,Carrot,default,vegetable,6396,"Carrot, boiled, drained, with salt",,,boiled;drained,TOKEN_MATCH,0.64,6,REVIEW,Lexical candidate only; human confirmation required.,Carrot,0,11757,https://open.canada.ca/data/dataset/1b6139bd-ed7e-4043-bc28-ff00e10f3109,2012-07-11,raw=0;dry=0;cooked=3;boiled=2;unspecified=603
ING00020,carrot,Carrot,default,vegetable,2155,"Peas and carrots, frozen, unprepared",,,frozen,TOKEN_MATCH,0.64,7,REVIEW,Lexical candidate only; human confirmation required.,Carrot,0,11322,https://open.canada.ca/data/dataset/1b6139bd-ed7e-4043-bc28-ff00e10f3109,2012-07-11,raw=0;dry=0;cooked=3;boiled=2;unspecified=603
ING00020,carrot,Carrot,default,vegetable,6397,"Carrot, frozen, boiled, drained, with salt",,,boiled;frozen;drained,TOKEN_MATCH,0.625,8,REVIEW,Lexical candidate only; human confirmation required.,Carrot,0,11760,https://open.canada.ca/data/dataset/1b6139bd-ed7e-4043-bc28-ff00e10f3109,2012-07-11,raw=0;dry=0;cooked=3;boiled=2;unspecified=603
ING00020,carrot,Carrot,default,vegetable,2156,"Peas and carrots, frozen, boiled, drained",,,boiled;frozen;drained,TOKEN_MATCH,0.625,9,REVIEW,Lexical candidate only; human confirmation required.,Carrot,0,11323,https://open.canada.ca/data/dataset/1b6139bd-ed7e-4043-bc28-ff00e10f3109,2012-07-11,raw=0;dry=0;cooked=3;boiled=2;unspecified=603
ING00020,carrot,Carrot,default,vegetable,6475,"Peas and carrots, frozen, boiled, drained, with salt",,,boiled;frozen;drained,TOKEN_MATCH,0.6063,10,REVIEW,Lexical candidate only; human confirmation required.,Carrot,0,11817,https://open.canada.ca/data/dataset/1b6139bd-ed7e-4043-bc28-ff00e10f3109,2012-07-11,raw=0;dry=0;cooked=3;boiled=2;unspecified=603
ING00021,cashew,Cashew,default,nut,5709,"Nuts, cashew nuts, raw",,,raw,TOKEN_MATCH,0.85,1,REVIEW,Lexical candidate only; human confirmation required. Alias evidence came from a VALID prior mapping row.,cashew nuts,0,12087,https://open.canada.ca/data/dataset/1b6139bd-ed7e-4043-bc28-ff00e10f3109,2026-01-28,raw=0;dry=0;cooked=8;boiled=1;unspecified=325
ING00021,cashew,Cashew,default,nut,2546,"Nuts, cashew nuts, dry roasted",,,dry;roasted,TOKEN_MATCH,0.775,2,REVIEW,Lexical candidate only; human confirmation required. Alias evidence came from a VALID prior mapping row.,cashew nuts,0,12085,https://open.canada.ca/data/dataset/1b6139bd-ed7e-4043-bc28-ff00e10f3109,2026-01-28,raw=0;dry=0;cooked=8;boiled=1;unspecified=325
ING00021,cashew,Cashew,default,nut,2627,"Nuts, cashew nuts, dry roasted, salt added",,,dry;roasted,TOKEN_MATCH,0.7,3,REVIEW,Lexical candidate only; human confirmation required. Alias evidence came from a VALID prior mapping row.,cashew nuts,0,12585,https://open.canada.ca/data/dataset/1b6139bd-ed7e-4043-bc28-ff00e10f3109,2026-01-28,raw=0;dry=0;cooked=8;boiled=1;unspecified=325
ING00021,cashew,Cashew,default,nut,2548,"Nuts, cashew butter, plain",,,unspecified_in_description,TOKEN_MATCH,0.775,4,REVIEW,Lexical candidate only; human confirmation required. Alias evidence came from a VALID prior mapping row.,cashew nuts,0,12088,https://open.canada.ca/data/dataset/1b6139bd-ed7e-4043-bc28-ff00e10f3109,2026-01-28,raw=0;dry=0;cooked=8;boiled=1;unspecified=325
ING00021,cashew,Cashew,default,nut,2629,"Nuts, cashew butter, plain, salt added",,,unspecified_in_description,TOKEN_MATCH,0.7,5,REVIEW,Lexical candidate only; human confirmation required. Alias evidence came from a VALID prior mapping row.,cashew nuts,0,12588,https://open.canada.ca/data/dataset/1b6139bd-ed7e-4043-bc28-ff00e10f3109,2026-01-28,raw=0;dry=0;cooked=8;boiled=1;unspecified=325
ING00021,cashew,Cashew,default,nut,2547,"Nuts, cashew nuts, oil roasted",,,roasted;oil,TOKEN_MATCH,0.775,6,REVIEW,Lexical candidate only; human confirmation required. Alias evidence came from a VALID prior mapping row.,cashew nuts,0,12086,https://open.canada.ca/data/dataset/1b6139bd-ed7e-4043-bc28-ff00e10f3109,2026-01-28,raw=0;dry=0;cooked=8;boiled=1;unspecified=325
ING00021,cashew,Cashew,default,nut,2628,"Nuts, cashew nuts, oil roasted, salt added",,,roasted;oil,TOKEN_MATCH,0.7,7,REVIEW,Lexical candidate only; human confirmation required. Alias evidence came from a VALID prior mapping row.,cashew nuts,0,12586,https://open.canada.ca/data/dataset/1b6139bd-ed7e-4043-bc28-ff00e10f3109,2026-01-28,raw=0;dry=0;cooked=8;boiled=1;unspecified=325
ING00022,cauliflower,Cauliflower,default,vegetable,2385,"Cauliflower, raw",,,raw,TOKEN_MATCH,0.775,1,REVIEW,Lexical candidate only; human confirmation required.,Cauliflower,3,11135,https://open.canada.ca/data/dataset/1b6139bd-ed7e-4043-bc28-ff00e10f3109,2012-07-11,raw=0;dry=0;cooked=1;boiled=0;unspecified=127
ING00022,cauliflower,Cauliflower,default,vegetable,2046,"Cauliflower, boiled, drained",,,boiled;drained,TOKEN_MATCH,0.7,2,REVIEW,Lexical candidate only; human confirmation required.,Cauliflower,0,11136,https://open.canada.ca/data/dataset/1b6139bd-ed7e-4043-bc28-ff00e10f3109,2012-07-11,raw=0;dry=0;cooked=1;boiled=0;unspecified=127
ING00022,cauliflower,Cauliflower,default,vegetable,2047,"Cauliflower, frozen, unprepared",,,frozen,TOKEN_MATCH,0.7,3,REVIEW,Lexical candidate only; human confirmation required.,Cauliflower,0,11137,https://open.canada.ca/data/dataset/1b6139bd-ed7e-4043-bc28-ff00e10f3109,2012-07-11,raw=0;dry=0;cooked=1;boiled=0;unspecified=127
ING00022,cauliflower,Cauliflower,default,vegetable,2048,"Cauliflower, frozen, boiled, drained",,,boiled;frozen;drained,TOKEN_MATCH,0.6625,4,REVIEW,Lexical candidate only; human confirmation required.,Cauliflower,0,11138,https://open.canada.ca/data/dataset/1b6139bd-ed7e-4043-bc28-ff00e10f3109,2012-07-11,raw=0;dry=0;cooked=1;boiled=0;unspecified=127
ING00022,cauliflower,Cauliflower,default,vegetable,6400,"Cauliflower, boiled, drained, with salt",,,boiled;drained,TOKEN_MATCH,0.64,5,REVIEW,Lexical candidate only; human confirmation required.,Cauliflower,0,11761,https://open.canada.ca/data/dataset/1b6139bd-ed7e-4043-bc28-ff00e10f3109,2012-07-11,raw=0;dry=0;cooked=1;boiled=0;unspecified=127
ING00022,cauliflower,Cauliflower,default,vegetable,6401,"Cauliflower, frozen, boiled, drained, with salt",,,boiled;frozen;drained,TOKEN_MATCH,0.625,6,REVIEW,Lexical candidate only; human confirmation required.,Cauliflower,0,11762,https://open.canada.ca/data/dataset/1b6139bd-ed7e-4043-bc28-ff00e10f3109,2012-07-11,raw=0;dry=0;cooked=1;boiled=0;unspecified=127
ING00022,cauliflower,Cauliflower,default,vegetable,6613,"Vegetables, broccoli and cauliflower, frozen, boiled, drained",,,boiled;frozen;drained,TOKEN_MATCH,0.6143,7,REVIEW,Lexical candidate only; human confirmation required.,Cauliflower,35,,https://open.canada.ca/data/dataset/1b6139bd-ed7e-4043-bc28-ff00e10f3109,2026-01-28,raw=0;dry=0;cooked=1;boiled=0;unspecified=127
ING00022,cauliflower,Cauliflower,default,vegetable,2359,"Cauliflower, green, boiled",,,boiled;green,TOKEN_MATCH,0.7,8,REVIEW,Lexical candidate only; human confirmation required.,Cauliflower,0,11967,https://open.canada.ca/data/dataset/1b6139bd-ed7e-4043-bc28-ff00e10f3109,2012-07-11,raw=0;dry=0;cooked=1;boiled=0;unspecified=127
ING00022,cauliflower,Cauliflower,default,vegetable,2358,"Cauliflower, green, raw",,,raw;green,TOKEN_MATCH,0.7,9,REVIEW,Lexical candidate only; human confirmation required.,Cauliflower,0,11965,https://open.canada.ca/data/dataset/1b6139bd-ed7e-4043-bc28-ff00e10f3109,2012-07-11,raw=0;dry=0;cooked=1;boiled=0;unspecified=127
ING00022,cauliflower,Cauliflower,default,vegetable,2360,"Cauliflower, green, boiled, with salt",,,boiled;green,TOKEN_MATCH,0.64,10,REVIEW,Lexical candidate only; human confirmation required.,Cauliflower,0,11968,https://open.canada.ca/data/dataset/1b6139bd-ed7e-4043-bc28-ff00e10f3109,2012-07-11,raw=0;dry=0;cooked=1;boiled=0;unspecified=127
ING00023,chaat masala,Chaat Masala,default,spice,,,,,,NO_MATCH,0.0,1,NO_MATCH,No plausible CNF candidate met the deterministic or fuzzy review thresholds.,,,,,,raw=0;dry=0;cooked=0;boiled=0;unspecified=0
ING00024,chaat masala,Chaat Masala Powder,powder,spice,,,,,,NO_MATCH,0.0,1,NO_MATCH,No plausible CNF candidate met the deterministic or fuzzy review thresholds.,,,,,,raw=0;dry=0;cooked=0;boiled=0;unspecified=232
ING00025,chana dal,Chana Dal,default,pulse,,,,,,NO_MATCH,0.0,1,NO_MATCH,No plausible CNF candidate met the deterministic or fuzzy review thresholds.,,,,,,raw=0;dry=0;cooked=10;boiled=1;unspecified=312
ING00026,cheese,Cheese,default,dairy,7732,"Cheese, asiago",,,unspecified_in_description,TOKEN_MATCH,0.775,1,REVIEW,Lexical candidate only; human confirmation required.,Cheese,37,,https://open.canada.ca/data/dataset/1b6139bd-ed7e-4043-bc28-ff00e10f3109,2026-01-28,raw=0;dry=0;cooked=0;boiled=0;unspecified=95
ING00026,cheese,Cheese,default,dairy,18,"Cheese, blue",,,unspecified_in_description,TOKEN_MATCH,0.775,2,REVIEW,Lexical candidate only; human confirmation required.,Cheese,3,01004,https://open.canada.ca/data/dataset/1b6139bd-ed7e-4043-bc28-ff00e10f3109,2012-07-24,raw=0;dry=0;cooked=0;boiled=0;unspecified=95
ING00026,cheese,Cheese,default,dairy,7743,"Cheese, bocconcini",,,unspecified_in_description,TOKEN_MATCH,0.775,3,REVIEW,Lexical candidate only; human confirmation required.,Cheese,37,,https://open.canada.ca/data/dataset/1b6139bd-ed7e-4043-bc28-ff00e10f3109,2026-01-28,raw=0;dry=0;cooked=0;boiled=0;unspecified=95
ING00026,cheese,Cheese,default,dairy,19,"Cheese, brick",,,unspecified_in_description,TOKEN_MATCH,0.775,4,REVIEW,Lexical candidate only; human confirmation required.,Cheese,37,01005,https://open.canada.ca/data/dataset/1b6139bd-ed7e-4043-bc28-ff00e10f3109,2026-01-28,raw=0;dry=0;cooked=0;boiled=0;unspecified=95
ING00026,cheese,Cheese,default,dairy,20,"Cheese, brie",,,unspecified_in_description,TOKEN_MATCH,0.775,5,REVIEW,Lexical candidate only; human confirmation required.,Cheese,37,01006,https://open.canada.ca/data/dataset/1b6139bd-ed7e-4043-bc28-ff00e10f3109,2026-01-28,raw=0;dry=0;cooked=0;boiled=0;unspecified=95
ING00026,cheese,Cheese,default,dairy,21,"Cheese, camembert",,,unspecified_in_description,TOKEN_MATCH,0.775,6,REVIEW,Lexical candidate only; human confirmation required.,Cheese,0,01007,https://open.canada.ca/data/dataset/1b6139bd-ed7e-4043-bc28-ff00e10f3109,2012-07-24,raw=0;dry=0;cooked=0;boiled=0;unspecified=95
ING00026,cheese,Cheese,default,dairy,22,"Cheese, caraway",,,unspecified_in_description,TOKEN_MATCH,0.775,7,REVIEW,Lexical candidate only; human confirmation required.,Cheese,0,01008,https://open.canada.ca/data/dataset/1b6139bd-ed7e-4043-bc28-ff00e10f3109,2012-07-24,raw=0;dry=0;cooked=0;boiled=0;unspecified=95
ING00026,cheese,Cheese,default,dairy,23,"Cheese, cheshire",,,unspecified_in_description,TOKEN_MATCH,0.775,8,REVIEW,Lexical candidate only; human confirmation required.,Cheese,0,01010,https://open.canada.ca/data/dataset/1b6139bd-ed7e-4043-bc28-ff00e10f3109,2012-07-24,raw=0;dry=0;cooked=0;boiled=0;unspecified=95
ING00026,cheese,Cheese,default,dairy,24,"Cheese, colby",,,unspecified_in_description,TOKEN_MATCH,0.775,9,REVIEW,Lexical candidate only; human confirmation required.,Cheese,0,01011,https://open.canada.ca/data/dataset/1b6139bd-ed7e-4043-bc28-ff00e10f3109,2012-07-24,raw=0;dry=0;cooked=0;boiled=0;unspecified=95
ING00026,cheese,Cheese,default,dairy,7745,"Cheese, curds",,,unspecified_in_description,TOKEN_MATCH,0.775,10,REVIEW,Lexical candidate only; human confirmation required.,Cheese,37,,https://open.canada.ca/data/dataset/1b6139bd-ed7e-4043-bc28-ff00e10f3109,2026-01-28,raw=0;dry=0;cooked=0;boiled=0;unspecified=95
ING00027,chicken,Chicken,default,meat,5334,"Chicken, feet, boiled",,,boiled,TOKEN_MATCH,0.7,1,REVIEW,Lexical candidate only; human confirmation required.,Chicken,0,05335,https://open.canada.ca/data/dataset/1b6139bd-ed7e-4043-bc28-ff00e10f3109,2012-06-19,raw=0;dry=0;cooked=1;boiled=3;unspecified=261
ING00027,chicken,Chicken,default,meat,571,"Chicken, broiler, giblets, raw",,offal,raw,TOKEN_MATCH,0.6625,2,REVIEW,Lexical candidate only; human confirmation required.,Chicken,0,05020,https://open.canada.ca/data/dataset/1b6139bd-ed7e-4043-bc28-ff00e10f3109,2026-01-28,raw=0;dry=0;cooked=1;boiled=3;unspecified=261
ING00027,chicken,Chicken,default,meat,573,"Chicken, broiler, giblets, simmered",,offal,unspecified_in_description,TOKEN_MATCH,0.6625,3,REVIEW,Lexical candidate only; human confirmation required.,Chicken,0,05022,https://open.canada.ca/data/dataset/1b6139bd-ed7e-4043-bc28-ff00e10f3109,2026-01-28,raw=0;dry=0;cooked=1;boiled=3;unspecified=261
ING00027,chicken,Chicken,default,meat,574,"Chicken, broiler, gizzard, raw",,offal,raw,TOKEN_MATCH,0.6625,4,REVIEW,Lexical candidate only; human confirmation required.,Chicken,0,05023,https://open.canada.ca/data/dataset/1b6139bd-ed7e-4043-bc28-ff00e10f3109,2026-01-28,raw=0;dry=0;cooked=1;boiled=3;unspecified=261
ING00027,chicken,Chicken,default,meat,575,"Chicken, broiler, gizzard, simmered",,offal,unspecified_in_description,TOKEN_MATCH,0.6625,5,REVIEW,Lexical candidate only; human confirmation required.,Chicken,0,05024,https://open.canada.ca/data/dataset/1b6139bd-ed7e-4043-bc28-ff00e10f3109,2026-01-28,raw=0;dry=0;cooked=1;boiled=3;unspecified=261
ING00027,chicken,Chicken,default,meat,576,"Chicken, broiler, heart, raw",,offal,raw,TOKEN_MATCH,0.6625,6,REVIEW,Lexical candidate only; human confirmation required.,Chicken,0,05025,https://open.canada.ca/data/dataset/1b6139bd-ed7e-4043-bc28-ff00e10f3109,2026-01-28,raw=0;dry=0;cooked=1;boiled=3;unspecified=261
ING00027,chicken,Chicken,default,meat,577,"Chicken, broiler, heart, simmered",,offal,unspecified_in_description,TOKEN_MATCH,0.6625,7,REVIEW,Lexical candidate only; human confirmation required.,Chicken,0,05026,https://open.canada.ca/data/dataset/1b6139bd-ed7e-4043-bc28-ff00e10f3109,2026-01-28,raw=0;dry=0;cooked=1;boiled=3;unspecified=261
ING00027,chicken,Chicken,default,meat,578,"Chicken, broiler, liver, raw",,offal,raw,TOKEN_MATCH,0.6625,8,REVIEW,Lexical candidate only; human confirmation required.,Chicken,0,05027,https://open.canada.ca/data/dataset/1b6139bd-ed7e-4043-bc28-ff00e10f3109,2026-01-28,raw=0;dry=0;cooked=1;boiled=3;unspecified=261
ING00027,chicken,Chicken,default,meat,579,"Chicken, broiler, liver, simmered",,offal,unspecified_in_description,TOKEN_MATCH,0.6625,9,REVIEW,Lexical candidate only; human confirmation required.,Chicken,0,05028,https://open.canada.ca/data/dataset/1b6139bd-ed7e-4043-bc28-ff00e10f3109,2026-01-28,raw=0;dry=0;cooked=1;boiled=3;unspecified=261
ING00027,chicken,Chicken,default,meat,660,"Chicken, capon, giblets, raw",,offal,raw,TOKEN_MATCH,0.6625,10,REVIEW,Lexical candidate only; human confirmation required.,Chicken,0,05137,https://open.canada.ca/data/dataset/1b6139bd-ed7e-4043-bc28-ff00e10f3109,2026-01-28,raw=0;dry=0;cooked=1;boiled=3;unspecified=261
ING00028,chickpea,Chickpea (Kabuli),kabuli,pulse,3389,"Chickpeas (garbanzo beans, bengal gram), mature seeds, dry",,"chick pea, garbanzo, bengal gram",dry;seeds;mature,TOKEN_MATCH;FORM_MATCH,0.7025,1,REVIEW,Lexical candidate only; human confirmation required. Ranked ahead as a dry/raw candidate because most recipe entries are unqualified; review required.,chickpea garbanzo,3,16056,https://open.canada.ca/data/dataset/1b6139bd-ed7e-4043-bc28-ff00e10f3109,2026-01-28,raw=1;dry=0;cooked=21;boiled=16;unspecified=47
ING00028,chickpea,Chickpea (Kabuli),kabuli,pulse,7061,"Chickpeas (garbanzo beans, bengal gram), canned, drained, rinsed",Rinsed in tap water.,"chick pea, garbanzo, bengal gram",canned;drained,TOKEN_MATCH;FORM_MATCH,0.7025,2,REVIEW,Lexical candidate only; human confirmation required.,chickpea garbanzo,0,16359,https://open.canada.ca/data/dataset/1b6139bd-ed7e-4043-bc28-ff00e10f3109,2026-01-28,raw=1;dry=0;cooked=21;boiled=16;unspecified=47
ING00028,chickpea,Chickpea (Kabuli),kabuli,pulse,7060,"Chickpeas (garbanzo beans, bengal gram), canned, drained solids",,"chick pea, garbanzo, bengal gram",canned;drained,TOKEN_MATCH;FORM_MATCH,0.7025,3,REVIEW,Lexical candidate only; human confirmation required.,chickpea garbanzo,0,16358,https://open.canada.ca/data/dataset/1b6139bd-ed7e-4043-bc28-ff00e10f3109,2026-01-28,raw=1;dry=0;cooked=21;boiled=16;unspecified=47
ING00028,chickpea,Chickpea (Kabuli),kabuli,pulse,3390,"Chickpeas (garbanzo beans, bengal gram), mature seeds, boiled",,"chick pea, garbanzo, bengal gram",boiled;seeds;mature,TOKEN_MATCH;FORM_MATCH,0.7025,4,REVIEW,Lexical candidate only; human confirmation required.,chickpea garbanzo,3,16057,https://open.canada.ca/data/dataset/1b6139bd-ed7e-4043-bc28-ff00e10f3109,2026-01-28,raw=1;dry=0;cooked=21;boiled=16;unspecified=47
ING00028,chickpea,Chickpea (Kabuli),kabuli,pulse,3279,"Chickpeas (garbanzo beans, bengal gram), canned, solids and liquid",,"chick pea, garbanzo, bengal gram",canned,TOKEN_MATCH;FORM_MATCH,0.69,5,REVIEW,Lexical candidate only; human confirmation required.,chickpea garbanzo,0,16058,https://open.canada.ca/data/dataset/1b6139bd-ed7e-4043-bc28-ff00e10f3109,2026-01-28,raw=1;dry=0;cooked=21;boiled=16;unspecified=47
ING00028,chickpea,Chickpea (Kabuli),kabuli,pulse,3410,"Chickpeas (garbanzo beans, bengal gram), mature seeds, boiled, salt added",,"chick pea, garbanzo, bengal gram",boiled;seeds;mature,TOKEN_MATCH;FORM_MATCH,0.68,6,REVIEW,Lexical candidate only; human confirmation required.,chickpea garbanzo,3,16357,https://open.canada.ca/data/dataset/1b6139bd-ed7e-4043-bc28-ff00e10f3109,2026-01-28,raw=1;dry=0;cooked=21;boiled=16;unspecified=47
ING00028,chickpea,Chickpea (Kabuli),kabuli,pulse,7242,"Chickpeas (garbanzo beans, bengal gram), canned, solids and liquid, reduced sodium",,"chick pea, garbanzo, bengal gram",canned,TOKEN_MATCH;FORM_MATCH,0.6718,7,REVIEW,Lexical candidate only; human confirmation required.,chickpea garbanzo,0,16360,https://open.canada.ca/data/dataset/1b6139bd-ed7e-4043-bc28-ff00e10f3109,2026-01-28,raw=1;dry=0;cooked=21;boiled=16;unspecified=47
ING00028,chickpea,Chickpea (Kabuli),kabuli,pulse,4886,Chickpea flour (besan),,"chick pea, besan, gram flour",flour,TOKEN_MATCH;FORM_CONFLICT,0.58,8,REVIEW,Lexical candidate only; human confirmation required.,chickpea,0,16157,https://open.canada.ca/data/dataset/1b6139bd-ed7e-4043-bc28-ff00e10f3109,2026-01-28,raw=1;dry=0;cooked=21;boiled=16;unspecified=47
ING00029,cinnamon,Cinnamon Powder,powder,spice,178,"Spices, cinnamon, ground",,,ground,TOKEN_MATCH;FORM_MATCH,0.89,1,REVIEW,Lexical candidate only; human confirmation required.,cinnamon ground,0,02010,https://open.canada.ca/data/dataset/1b6139bd-ed7e-4043-bc28-ff00e10f3109,2012-06-29,raw=0;dry=0;cooked=0;boiled=0;unspecified=202
ING00029,cinnamon,Cinnamon Powder,powder,spice,7088,"Cinnamon bun, with icing (honey bun)",,"cinnabun, cinnabon",unspecified_in_description,TOKEN_MATCH,0.64,2,REVIEW,Lexical candidate only; human confirmation required.,cinnamon,0,18964,https://open.canada.ca/data/dataset/1b6139bd-ed7e-4043-bc28-ff00e10f3109,2026-01-28,raw=0;dry=0;cooked=0;boiled=0;unspecified=202
ING00030,cinnamon,Cinnamon Stick,stick,spice,7088,"Cinnamon bun, with icing (honey bun)",,"cinnabun, cinnabon",unspecified_in_description,TOKEN_MATCH,0.64,1,REVIEW,Lexical candidate only; human confirmation required.,cinnamon,0,18964,https://open.canada.ca/data/dataset/1b6139bd-ed7e-4043-bc28-ff00e10f3109,2026-01-28,raw=0;dry=0;cooked=0;boiled=0;unspecified=596
ING00030,cinnamon,Cinnamon Stick,stick,spice,178,"Spices, cinnamon, ground",,,ground,TOKEN_MATCH;FORM_CONFLICT,0.58,2,REVIEW,Lexical candidate only; human confirmation required.,cinnamon,0,02010,https://open.canada.ca/data/dataset/1b6139bd-ed7e-4043-bc28-ff00e10f3109,2012-06-29,raw=0;dry=0;cooked=0;boiled=0;unspecified=596
ING00031,cocoa,Cocoa (Powder),powder,baking,7281,"Coffee and cocoa (mocha) powder, with whitener and low calorie sweetener",,"low in calories, low energy, little energy, low source of calories, low source of energy",powder,TOKEN_MATCH;FORM_MATCH,0.68,1,REVIEW,Lexical candidate only; human confirmation required.,Cocoa (Powder),0,43343,https://open.canada.ca/data/dataset/1b6139bd-ed7e-4043-bc28-ff00e10f3109,2026-01-28,raw=0;dry=0;cooked=0;boiled=0;unspecified=103
ING00032,coconut,Coconut,default,fruit,2558,"Coconut meat, raw",,,raw,TOKEN_MATCH,0.7,1,REVIEW,Lexical candidate only; human confirmation required.,Coconut,0,12104,https://open.canada.ca/data/dataset/1b6139bd-ed7e-4043-bc28-ff00e10f3109,2026-01-28,raw=0;dry=0;cooked=0;boiled=0;unspecified=81
ING00032,coconut,Coconut,default,fruit,2566,Coconut water (liquid from coconut),,,unspecified_in_description,TOKEN_MATCH,0.6625,2,REVIEW,Lexical candidate only; human confirmation required.,Coconut,0,12119,https://open.canada.ca/data/dataset/1b6139bd-ed7e-4043-bc28-ff00e10f3109,2026-01-28,raw=0;dry=0;cooked=0;boiled=0;unspecified=81
ING00032,coconut,Coconut,default,fruit,2563,"Coconut cream (liquid from grated meat), raw",,,raw,TOKEN_MATCH,0.6143,3,REVIEW,Lexical candidate only; human confirmation required.,Coconut,0,12115,https://open.canada.ca/data/dataset/1b6139bd-ed7e-4043-bc28-ff00e10f3109,2026-01-28,raw=0;dry=0;cooked=0;boiled=0;unspecified=81
ING00032,coconut,Coconut,default,fruit,2602,"Coconut meat, desiccated, creamed",,,desiccated,TOKEN_MATCH,0.6625,4,REVIEW,Lexical candidate only; human confirmation required.,Coconut,0,12177,https://open.canada.ca/data/dataset/1b6139bd-ed7e-4043-bc28-ff00e10f3109,2026-01-28,raw=0;dry=0;cooked=0;boiled=0;unspecified=81
ING00032,coconut,Coconut,default,fruit,2562,"Coconut meat, desiccated, toasted",,,toasted;desiccated,TOKEN_MATCH,0.6625,5,REVIEW,Lexical candidate only; human confirmation required.,Coconut,0,12114,https://open.canada.ca/data/dataset/1b6139bd-ed7e-4043-bc28-ff00e10f3109,2026-01-28,raw=0;dry=0;cooked=0;boiled=0;unspecified=81
ING00032,coconut,Coconut,default,fruit,2559,"Coconut meat, desiccated, unsweetened",,"unsweetened, no added sugar, no sugar added, without added sugar",desiccated,TOKEN_MATCH,0.6625,6,REVIEW,Lexical candidate only; human confirmation required.,Coconut,0,12108,https://open.canada.ca/data/dataset/1b6139bd-ed7e-4043-bc28-ff00e10f3109,2026-01-28,raw=0;dry=0;cooked=0;boiled=0;unspecified=81
ING00032,coconut,Coconut,default,fruit,2603,"Coconut meat, desiccated, sweetened, shredded",,"sweetened, with sugar, sugar added, added sugar",desiccated;sweetened,TOKEN_MATCH,0.64,7,REVIEW,Lexical candidate only; human confirmation required.,Coconut,0,12179,https://open.canada.ca/data/dataset/1b6139bd-ed7e-4043-bc28-ff00e10f3109,2026-01-28,raw=0;dry=0;cooked=0;boiled=0;unspecified=81
ING00032,coconut,Coconut,default,fruit,2561,"Coconut meat, desiccated, sweetened, flaked, canned",,"sweetened, with sugar, sugar added, added sugar",canned;desiccated;sweetened,TOKEN_MATCH,0.625,8,REVIEW,Lexical candidate only; human confirmation required.,Coconut,0,12110,https://open.canada.ca/data/dataset/1b6139bd-ed7e-4043-bc28-ff00e10f3109,2026-01-28,raw=0;dry=0;cooked=0;boiled=0;unspecified=81
ING00032,coconut,Coconut,default,fruit,2560,"Coconut meat, desiccated, sweetened, flaked, packaged",,"sweetened, with sugar, sugar added, added sugar",desiccated;sweetened,TOKEN_MATCH,0.625,9,REVIEW,Lexical candidate only; human confirmation required.,Coconut,0,12109,https://open.canada.ca/data/dataset/1b6139bd-ed7e-4043-bc28-ff00e10f3109,2026-01-28,raw=0;dry=0;cooked=0;boiled=0;unspecified=81
ING00032,coconut,Coconut,default,fruit,2564,"Coconut cream (liquid from grated meat), sweetened, canned",,"sweetened, with sugar, sugar added, added sugar",canned;sweetened,TOKEN_MATCH,0.6063,10,REVIEW,Lexical candidate only; human confirmation required.,Coconut,0,12116,https://open.canada.ca/data/dataset/1b6139bd-ed7e-4043-bc28-ff00e10f3109,2026-01-28,raw=0;dry=0;cooked=0;boiled=0;unspecified=81
ING00033,coconut,Desiccated Coconut,desiccated,fruit,2602,"Coconut meat, desiccated, creamed",,,desiccated,TOKEN_MATCH;FORM_MATCH,0.815,1,REVIEW,Lexical candidate only; human confirmation required.,coconut desiccated,0,12177,https://open.canada.ca/data/dataset/1b6139bd-ed7e-4043-bc28-ff00e10f3109,2026-01-28,raw=0;dry=1;cooked=2;boiled=0;unspecified=76
ING00033,coconut,Desiccated Coconut,desiccated,fruit,2562,"Coconut meat, desiccated, toasted",,,toasted;desiccated,TOKEN_MATCH;FORM_MATCH,0.815,2,REVIEW,Lexical candidate only; human confirmation required.,coconut desiccated,0,12114,https://open.canada.ca/data/dataset/1b6139bd-ed7e-4043-bc28-ff00e10f3109,2026-01-28,raw=0;dry=1;cooked=2;boiled=0;unspecified=76
ING00033,coconut,Desiccated Coconut,desiccated,fruit,2559,"Coconut meat, desiccated, unsweetened",,"unsweetened, no added sugar, no sugar added, without added sugar",desiccated,TOKEN_MATCH;FORM_MATCH,0.815,3,REVIEW,Lexical candidate only; human confirmation required.,coconut desiccated,0,12108,https://open.canada.ca/data/dataset/1b6139bd-ed7e-4043-bc28-ff00e10f3109,2026-01-28,raw=0;dry=1;cooked=2;boiled=0;unspecified=76
ING00033,coconut,Desiccated Coconut,desiccated,fruit,2603,"Coconut meat, desiccated, sweetened, shredded",,"sweetened, with sugar, sugar added, added sugar",desiccated;sweetened,TOKEN_MATCH;FORM_MATCH,0.77,4,REVIEW,Lexical candidate only; human confirmation required.,coconut desiccated,0,12179,https://open.canada.ca/data/dataset/1b6139bd-ed7e-4043-bc28-ff00e10f3109,2026-01-28,raw=0;dry=1;cooked=2;boiled=0;unspecified=76
ING00033,coconut,Desiccated Coconut,desiccated,fruit,2561,"Coconut meat, desiccated, sweetened, flaked, canned",,"sweetened, with sugar, sugar added, added sugar",canned;desiccated;sweetened,TOKEN_MATCH;FORM_MATCH,0.74,5,REVIEW,Lexical candidate only; human confirmation required.,coconut desiccated,0,12110,https://open.canada.ca/data/dataset/1b6139bd-ed7e-4043-bc28-ff00e10f3109,2026-01-28,raw=0;dry=1;cooked=2;boiled=0;unspecified=76
ING00033,coconut,Desiccated Coconut,desiccated,fruit,2560,"Coconut meat, desiccated, sweetened, flaked, packaged",,"sweetened, with sugar, sugar added, added sugar",desiccated;sweetened,TOKEN_MATCH;FORM_MATCH,0.74,6,REVIEW,Lexical candidate only; human confirmation required.,coconut desiccated,0,12109,https://open.canada.ca/data/dataset/1b6139bd-ed7e-4043-bc28-ff00e10f3109,2026-01-28,raw=0;dry=1;cooked=2;boiled=0;unspecified=76
ING00033,coconut,Desiccated Coconut,desiccated,fruit,2566,Coconut water (liquid from coconut),,,unspecified_in_description,TOKEN_MATCH,0.6625,7,REVIEW,Lexical candidate only; human confirmation required.,coconut,0,12119,https://open.canada.ca/data/dataset/1b6139bd-ed7e-4043-bc28-ff00e10f3109,2026-01-28,raw=0;dry=1;cooked=2;boiled=0;unspecified=76
ING00033,coconut,Desiccated Coconut,desiccated,fruit,2558,"Coconut meat, raw",,,raw,TOKEN_MATCH;FORM_CONFLICT,0.58,8,REVIEW,Lexical candidate only; human confirmation required.,coconut,0,12104,https://open.canada.ca/data/dataset/1b6139bd-ed7e-4043-bc28-ff00e10f3109,2026-01-28,raw=0;dry=1;cooked=2;boiled=0;unspecified=76
ING00033,coconut,Desiccated Coconut,desiccated,fruit,2563,"Coconut cream (liquid from grated meat), raw",,,raw,TOKEN_MATCH;FORM_CONFLICT,0.4943,9,REVIEW,Lexical candidate only; human confirmation required.,coconut,0,12115,https://open.canada.ca/data/dataset/1b6139bd-ed7e-4043-bc28-ff00e10f3109,2026-01-28,raw=0;dry=1;cooked=2;boiled=0;unspecified=76
ING00033,coconut,Desiccated Coconut,desiccated,fruit,2564,"Coconut cream (liquid from grated meat), sweetened, canned",,"sweetened, with sugar, sugar added, added sugar",canned;sweetened,TOKEN_MATCH;FORM_CONFLICT,0.4863,10,REVIEW,Lexical candidate only; human confirmation required.,coconut,0,12116,https://open.canada.ca/data/dataset/1b6139bd-ed7e-4043-bc28-ff00e10f3109,2026-01-28,raw=0;dry=1;cooked=2;boiled=0;unspecified=76
ING00034,coconut,Fresh Coconut,fresh,fruit,2566,Coconut water (liquid from coconut),,,unspecified_in_description,TOKEN_MATCH,0.6625,1,REVIEW,Lexical candidate only; human confirmation required.,coconut,0,12119,https://open.canada.ca/data/dataset/1b6139bd-ed7e-4043-bc28-ff00e10f3109,2026-01-28,raw=0;dry=4;cooked=3;boiled=0;unspecified=685
ING00034,coconut,Fresh Coconut,fresh,fruit,2558,"Coconut meat, raw",,,raw,TOKEN_MATCH;FORM_CONFLICT,0.58,2,REVIEW,Lexical candidate only; human confirmation required.,coconut,0,12104,https://open.canada.ca/data/dataset/1b6139bd-ed7e-4043-bc28-ff00e10f3109,2026-01-28,raw=0;dry=4;cooked=3;boiled=0;unspecified=685
ING00034,coconut,Fresh Coconut,fresh,fruit,2602,"Coconut meat, desiccated, creamed",,,desiccated,TOKEN_MATCH;FORM_CONFLICT,0.5425,3,REVIEW,Lexical candidate only; human confirmation required.,coconut,0,12177,https://open.canada.ca/data/dataset/1b6139bd-ed7e-4043-bc28-ff00e10f3109,2026-01-28,raw=0;dry=4;cooked=3;boiled=0;unspecified=685
ING00034,coconut,Fresh Coconut,fresh,fruit,2562,"Coconut meat, desiccated, toasted",,,toasted;desiccated,TOKEN_MATCH;FORM_CONFLICT,0.5425,4,REVIEW,Lexical candidate only; human confirmation required.,coconut,0,12114,https://open.canada.ca/data/dataset/1b6139bd-ed7e-4043-bc28-ff00e10f3109,2026-01-28,raw=0;dry=4;cooked=3;boiled=0;unspecified=685
ING00034,coconut,Fresh Coconut,fresh,fruit,2559,"Coconut meat, desiccated, unsweetened",,"unsweetened, no added sugar, no sugar added, without added sugar",desiccated,TOKEN_MATCH;FORM_CONFLICT,0.5425,5,REVIEW,Lexical candidate only; human confirmation required.,coconut,0,12108,https://open.canada.ca/data/dataset/1b6139bd-ed7e-4043-bc28-ff00e10f3109,2026-01-28,raw=0;dry=4;cooked=3;boiled=0;unspecified=685
ING00034,coconut,Fresh Coconut,fresh,fruit,2603,"Coconut meat, desiccated, sweetened, shredded",,"sweetened, with sugar, sugar added, added sugar",desiccated;sweetened,TOKEN_MATCH;FORM_CONFLICT,0.52,6,REVIEW,Lexical candidate only; human confirmation required.,coconut,0,12179,https://open.canada.ca/data/dataset/1b6139bd-ed7e-4043-bc28-ff00e10f3109,2026-01-28,raw=0;dry=4;cooked=3;boiled=0;unspecified=685
ING00034,coconut,Fresh Coconut,fresh,fruit,2561,"Coconut meat, desiccated, sweetened, flaked, canned",,"sweetened, with sugar, sugar added, added sugar",canned;desiccated;sweetened,TOKEN_MATCH;FORM_CONFLICT,0.505,7,REVIEW,Lexical candidate only; human confirmation required.,coconut,0,12110,https://open.canada.ca/data/dataset/1b6139bd-ed7e-4043-bc28-ff00e10f3109,2026-01-28,raw=0;dry=4;cooked=3;boiled=0;unspecified=685
ING00034,coconut,Fresh Coconut,fresh,fruit,2560,"Coconut meat, desiccated, sweetened, flaked, packaged",,"sweetened, with sugar, sugar added, added sugar",desiccated;sweetened,TOKEN_MATCH;FORM_CONFLICT,0.505,8,REVIEW,Lexical candidate only; human confirmation required.,coconut,0,12109,https://open.canada.ca/data/dataset/1b6139bd-ed7e-4043-bc28-ff00e10f3109,2026-01-28,raw=0;dry=4;cooked=3;boiled=0;unspecified=685
ING00034,coconut,Fresh Coconut,fresh,fruit,2563,"Coconut cream (liquid from grated meat), raw",,,raw,TOKEN_MATCH;FORM_CONFLICT,0.4943,9,REVIEW,Lexical candidate only; human confirmation required.,coconut,0,12115,https://open.canada.ca/data/dataset/1b6139bd-ed7e-4043-bc28-ff00e10f3109,2026-01-28,raw=0;dry=4;cooked=3;boiled=0;unspecified=685
ING00034,coconut,Fresh Coconut,fresh,fruit,2564,"Coconut cream (liquid from grated meat), sweetened, canned",,"sweetened, with sugar, sugar added, added sugar",canned;sweetened,TOKEN_MATCH;FORM_CONFLICT,0.4863,10,REVIEW,Lexical candidate only; human confirmation required.,coconut,0,12116,https://open.canada.ca/data/dataset/1b6139bd-ed7e-4043-bc28-ff00e10f3109,2026-01-28,raw=0;dry=4;cooked=3;boiled=0;unspecified=685
ING00035,coconut,Coconut Milk,milk,dairy,2565,"Coconut milk (liquid from grated meat and water), canned",,,canned,TOKEN_MATCH;FORM_MATCH,0.69,1,REVIEW,Lexical candidate only; human confirmation required.,Coconut Milk,0,12118,https://open.canada.ca/data/dataset/1b6139bd-ed7e-4043-bc28-ff00e10f3109,2026-01-28,raw=0;dry=0;cooked=0;boiled=0;unspecified=216
ING00035,coconut,Coconut Milk,milk,dairy,2601,"Coconut milk (liquid from grated meat and water), frozen",,,frozen,TOKEN_MATCH;FORM_MATCH,0.69,2,REVIEW,Lexical candidate only; human confirmation required.,Coconut Milk,0,12176,https://open.canada.ca/data/dataset/1b6139bd-ed7e-4043-bc28-ff00e10f3109,2026-01-28,raw=0;dry=0;cooked=0;boiled=0;unspecified=216
ING00035,coconut,Coconut Milk,milk,dairy,2643,"Coconut milk (liquid from grated meat and water), raw",,,raw,TOKEN_MATCH;FORM_MATCH,0.69,3,REVIEW,Lexical candidate only; human confirmation required.,Coconut Milk,3,12117,https://open.canada.ca/data/dataset/1b6139bd-ed7e-4043-bc28-ff00e10f3109,2026-01-28,raw=0;dry=0;cooked=0;boiled=0;unspecified=216
ING00035,coconut,Coconut Milk,milk,dairy,2566,Coconut water (liquid from coconut),,,unspecified_in_description,TOKEN_MATCH,0.6625,4,REVIEW,Lexical candidate only; human confirmation required.,coconut,0,12119,https://open.canada.ca/data/dataset/1b6139bd-ed7e-4043-bc28-ff00e10f3109,2026-01-28,raw=0;dry=0;cooked=0;boiled=0;unspecified=216
ING00035,coconut,Coconut Milk,milk,dairy,2558,"Coconut meat, raw",,,raw,TOKEN_MATCH;FORM_CONFLICT,0.58,5,REVIEW,Lexical candidate only; human confirmation required.,coconut,0,12104,https://open.canada.ca/data/dataset/1b6139bd-ed7e-4043-bc28-ff00e10f3109,2026-01-28,raw=0;dry=0;cooked=0;boiled=0;unspecified=216
ING00035,coconut,Coconut Milk,milk,dairy,2602,"Coconut meat, desiccated, creamed",,,desiccated,TOKEN_MATCH;FORM_CONFLICT,0.5425,6,REVIEW,Lexical candidate only; human confirmation required.,coconut,0,12177,https://open.canada.ca/data/dataset/1b6139bd-ed7e-4043-bc28-ff00e10f3109,2026-01-28,raw=0;dry=0;cooked=0;boiled=0;unspecified=216
ING00035,coconut,Coconut Milk,milk,dairy,2562,"Coconut meat, desiccated, toasted",,,toasted;desiccated,TOKEN_MATCH;FORM_CONFLICT,0.5425,7,REVIEW,Lexical candidate only; human confirmation required.,coconut,0,12114,https://open.canada.ca/data/dataset/1b6139bd-ed7e-4043-bc28-ff00e10f3109,2026-01-28,raw=0;dry=0;cooked=0;boiled=0;unspecified=216
ING00035,coconut,Coconut Milk,milk,dairy,2559,"Coconut meat, desiccated, unsweetened",,"unsweetened, no added sugar, no sugar added, without added sugar",desiccated,TOKEN_MATCH;FORM_CONFLICT,0.5425,8,REVIEW,Lexical candidate only; human confirmation required.,coconut,0,12108,https://open.canada.ca/data/dataset/1b6139bd-ed7e-4043-bc28-ff00e10f3109,2026-01-28,raw=0;dry=0;cooked=0;boiled=0;unspecified=216
ING00035,coconut,Coconut Milk,milk,dairy,2603,"Coconut meat, desiccated, sweetened, shredded",,"sweetened, with sugar, sugar added, added sugar",desiccated;sweetened,TOKEN_MATCH;FORM_CONFLICT,0.52,9,REVIEW,Lexical candidate only; human confirmation required.,coconut,0,12179,https://open.canada.ca/data/dataset/1b6139bd-ed7e-4043-bc28-ff00e10f3109,2026-01-28,raw=0;dry=0;cooked=0;boiled=0;unspecified=216
ING00035,coconut,Coconut Milk,milk,dairy,2561,"Coconut meat, desiccated, sweetened, flaked, canned",,"sweetened, with sugar, sugar added, added sugar",canned;desiccated;sweetened,TOKEN_MATCH;FORM_CONFLICT,0.505,10,REVIEW,Lexical candidate only; human confirmation required.,coconut,0,12110,https://open.canada.ca/data/dataset/1b6139bd-ed7e-4043-bc28-ff00e10f3109,2026-01-28,raw=0;dry=0;cooked=0;boiled=0;unspecified=216
ING00036,coconut oil,Coconut Oil,default,oil,420,"Vegetable oil, coconut",,,oil,TOKEN_MATCH,0.85,1,REVIEW,Lexical candidate only; human confirmation required.,Coconut Oil,0,04047,https://open.canada.ca/data/dataset/1b6139bd-ed7e-4043-bc28-ff00e10f3109,2012-06-26,raw=0;dry=0;cooked=0;boiled=0;unspecified=188
ING00037,cooking oil,Cooking Oil,default,oil,6465,"Vegetable oil, cooking spray",,,oil,TOKEN_MATCH,0.775,1,REVIEW,Lexical candidate only; human confirmation required.,Cooking Oil,0,04679,https://open.canada.ca/data/dataset/1b6139bd-ed7e-4043-bc28-ff00e10f3109,2012-06-27,raw=0;dry=0;cooked=0;boiled=0;unspecified=566
ING00037,cooking oil,Cooking Oil,default,oil,458,"Fish oil, herring",,,oil,TOKEN_MATCH,0.7,2,REVIEW,Lexical candidate only; human confirmation required. Alias evidence came from a VALID prior mapping row.,oil,0,04590,https://open.canada.ca/data/dataset/1b6139bd-ed7e-4043-bc28-ff00e10f3109,2012-06-27,raw=0;dry=0;cooked=0;boiled=0;unspecified=566
ING00037,cooking oil,Cooking Oil,default,oil,459,"Fish oil, menhaden",,,oil,TOKEN_MATCH,0.7,3,REVIEW,Lexical candidate only; human confirmation required. Alias evidence came from a VALID prior mapping row.,oil,0,04591,https://open.canada.ca/data/dataset/1b6139bd-ed7e-4043-bc28-ff00e10f3109,2012-06-27,raw=0;dry=0;cooked=0;boiled=0;unspecified=566
ING00037,cooking oil,Cooking Oil,default,oil,461,"Fish oil, salmon",,,oil,TOKEN_MATCH,0.7,4,REVIEW,Lexical candidate only; human confirmation required. Alias evidence came from a VALID prior mapping row.,oil,0,04593,https://open.canada.ca/data/dataset/1b6139bd-ed7e-4043-bc28-ff00e10f3109,2012-06-27,raw=0;dry=0;cooked=0;boiled=0;unspecified=566
ING00037,cooking oil,Cooking Oil,default,oil,462,"Fish oil, sardine",,,oil,TOKEN_MATCH,0.7,5,REVIEW,Lexical candidate only; human confirmation required. Alias evidence came from a VALID prior mapping row.,oil,0,04594,https://open.canada.ca/data/dataset/1b6139bd-ed7e-4043-bc28-ff00e10f3109,2012-06-27,raw=0;dry=0;cooked=0;boiled=0;unspecified=566
ING00037,cooking oil,Cooking Oil,default,oil,440,"Vegetable oil, almond",,,oil,TOKEN_MATCH,0.7,6,REVIEW,Lexical candidate only; human confirmation required. Alias evidence came from a VALID prior mapping row.,oil,0,04529,https://open.canada.ca/data/dataset/1b6139bd-ed7e-4043-bc28-ff00e10f3109,2012-06-27,raw=0;dry=0;cooked=0;boiled=0;unspecified=566
ING00037,cooking oil,Cooking Oil,default,oil,450,"Vegetable oil, avocado",,,oil,TOKEN_MATCH,0.7,7,REVIEW,Lexical candidate only; human confirmation required. Alias evidence came from a VALID prior mapping row.,oil,0,04581,https://open.canada.ca/data/dataset/1b6139bd-ed7e-4043-bc28-ff00e10f3109,2012-06-27,raw=0;dry=0;cooked=0;boiled=0;unspecified=566
ING00037,cooking oil,Cooking Oil,default,oil,444,"Vegetable oil, babassu",,,oil,TOKEN_MATCH,0.7,8,REVIEW,Lexical candidate only; human confirmation required. Alias evidence came from a VALID prior mapping row.,oil,0,04534,https://open.canada.ca/data/dataset/1b6139bd-ed7e-4043-bc28-ff00e10f3109,2012-06-26,raw=0;dry=0;cooked=0;boiled=0;unspecified=566
ING00037,cooking oil,Cooking Oil,default,oil,451,"Vegetable oil, canola",,,oil,TOKEN_MATCH,0.7,9,REVIEW,Lexical candidate only; human confirmation required. Alias evidence came from a VALID prior mapping row.,oil,0,04582,https://open.canada.ca/data/dataset/1b6139bd-ed7e-4043-bc28-ff00e10f3109,2012-07-04,raw=0;dry=0;cooked=0;boiled=0;unspecified=566
ING00037,cooking oil,Cooking Oil,default,oil,420,"Vegetable oil, coconut",,,oil,TOKEN_MATCH,0.7,10,REVIEW,Lexical candidate only; human confirmation required. Alias evidence came from a VALID prior mapping row.,oil,0,04047,https://open.canada.ca/data/dataset/1b6139bd-ed7e-4043-bc28-ff00e10f3109,2012-06-26,raw=0;dry=0;cooked=0;boiled=0;unspecified=566
ING00038,coriander,Coriander Leaves,leaf,herb,2067,"Coriander (cilantro), raw",,,raw,TOKEN_MATCH;FORM_CONFLICT,0.58,1,REVIEW,Lexical candidate only; human confirmation required.,coriander,0,11165,https://open.canada.ca/data/dataset/1b6139bd-ed7e-4043-bc28-ff00e10f3109,2012-06-19,raw=0;dry=0;cooked=0;boiled=0;unspecified=1792
ING00038,coriander,Coriander Leaves,leaf,herb,181,"Spices, coriander seed (cilantro)",,,seed,TOKEN_MATCH;FORM_CONFLICT,0.5425,2,REVIEW,Lexical candidate only; human confirmation required.,coriander,0,02013,https://open.canada.ca/data/dataset/1b6139bd-ed7e-4043-bc28-ff00e10f3109,2012-06-29,raw=0;dry=0;cooked=0;boiled=0;unspecified=1792
ING00038,coriander,Coriander Leaves,leaf,herb,180,"Spices, coriander leaf (cilantro), dried",,,dried;leaf,TOKEN_MATCH;FORM_MATCH,0.77,3,REVIEW,Lexical candidate only; human confirmation required.,Coriander Leaves,0,02012,https://open.canada.ca/data/dataset/1b6139bd-ed7e-4043-bc28-ff00e10f3109,2012-06-29,raw=0;dry=0;cooked=0;boiled=0;unspecified=1792
ING00039,coriander,Coriander Powder,powder,spice,2067,"Coriander (cilantro), raw",,,raw,TOKEN_MATCH;FORM_CONFLICT,0.58,1,REVIEW,Lexical candidate only; human confirmation required.,coriander,0,11165,https://open.canada.ca/data/dataset/1b6139bd-ed7e-4043-bc28-ff00e10f3109,2012-06-19,raw=0;dry=0;cooked=5;boiled=0;unspecified=1007
ING00039,coriander,Coriander Powder,powder,spice,181,"Spices, coriander seed (cilantro)",,,seed,TOKEN_MATCH;FORM_CONFLICT,0.5425,2,REVIEW,Lexical candidate only; human confirmation required.,coriander,0,02013,https://open.canada.ca/data/dataset/1b6139bd-ed7e-4043-bc28-ff00e10f3109,2012-06-29,raw=0;dry=0;cooked=5;boiled=0;unspecified=1007
ING00039,coriander,Coriander Powder,powder,spice,180,"Spices, coriander leaf (cilantro), dried",,,dried;leaf,TOKEN_MATCH;FORM_CONFLICT,0.52,3,REVIEW,Lexical candidate only; human confirmation required.,coriander,0,02012,https://open.canada.ca/data/dataset/1b6139bd-ed7e-4043-bc28-ff00e10f3109,2012-06-29,raw=0;dry=0;cooked=5;boiled=0;unspecified=1007
ING00040,coriander,Coriander Seeds,seed,spice,181,"Spices, coriander seed (cilantro)",,,seed,TOKEN_MATCH;FORM_MATCH,0.815,1,REVIEW,Lexical candidate only; human confirmation required.,Coriander Seeds,0,02013,https://open.canada.ca/data/dataset/1b6139bd-ed7e-4043-bc28-ff00e10f3109,2012-06-29,raw=0;dry=0;cooked=9;boiled=0;unspecified=341
ING00040,coriander,Coriander Seeds,seed,spice,2067,"Coriander (cilantro), raw",,,raw,TOKEN_MATCH;FORM_CONFLICT,0.58,2,REVIEW,Lexical candidate only; human confirmation required.,coriander,0,11165,https://open.canada.ca/data/dataset/1b6139bd-ed7e-4043-bc28-ff00e10f3109,2012-06-19,raw=0;dry=0;cooked=9;boiled=0;unspecified=341
ING00040,coriander,Coriander Seeds,seed,spice,180,"Spices, coriander leaf (cilantro), dried",,,dried;leaf,TOKEN_MATCH;FORM_CONFLICT,0.52,3,REVIEW,Lexical candidate only; human confirmation required.,coriander,0,02012,https://open.canada.ca/data/dataset/1b6139bd-ed7e-4043-bc28-ff00e10f3109,2012-06-29,raw=0;dry=0;cooked=9;boiled=0;unspecified=341
ING00041,corn,Corn Flour,flour,flour,6676,"Grains, corn flour, blue, whole grain",,,flour;whole,TOKEN_MATCH;FORM_MATCH,0.77,1,REVIEW,Lexical candidate only; human confirmation required.,Corn Flour,0,20315,https://open.canada.ca/data/dataset/1b6139bd-ed7e-4043-bc28-ff00e10f3109,2026-01-28,raw=0;dry=0;cooked=0;boiled=0;unspecified=210
ING00041,corn,Corn Flour,flour,flour,4417,"Grains, corn flour, yellow, whole grain",,,flour;whole;yellow,TOKEN_MATCH;FORM_MATCH,0.77,2,REVIEW,Lexical candidate only; human confirmation required.,Corn Flour,0,20016,https://open.canada.ca/data/dataset/1b6139bd-ed7e-4043-bc28-ff00e10f3109,2026-01-28,raw=0;dry=0;cooked=0;boiled=0;unspecified=210
ING00041,corn,Corn Flour,flour,flour,4871,"Grains, corn flour, degermed, unenriched, yellow",,,flour;yellow,TOKEN_MATCH;FORM_MATCH,0.74,3,REVIEW,Lexical candidate only; human confirmation required.,Corn Flour,0,20018,https://open.canada.ca/data/dataset/1b6139bd-ed7e-4043-bc28-ff00e10f3109,2012-07-31,raw=0;dry=0;cooked=0;boiled=0;unspecified=210
ING00041,corn,Corn Flour,flour,flour,4465,"Grains, corn flour, masa, yellow, U.S. enriched",,,flour;yellow,TOKEN_MATCH;FORM_MATCH,0.7025,4,REVIEW,Lexical candidate only; human confirmation required.,Corn Flour,0,20317,https://open.canada.ca/data/dataset/1b6139bd-ed7e-4043-bc28-ff00e10f3109,2012-07-30,raw=0;dry=0;cooked=0;boiled=0;unspecified=210
ING00041,corn,Corn Flour,flour,flour,6,Corn fritter,,,unspecified_in_description,TOKEN_MATCH,0.775,5,REVIEW,Lexical candidate only; human confirmation required.,corn,20,,https://open.canada.ca/data/dataset/1b6139bd-ed7e-4043-bc28-ff00e10f3109,2026-01-28,raw=0;dry=0;cooked=0;boiled=0;unspecified=210
ING00041,corn,Corn Flour,flour,flour,2313,"Corn pudding , homemade","corn, milk, egg, sugar, butter, salt, pepper",,unspecified_in_description,TOKEN_MATCH,0.7,6,REVIEW,Lexical candidate only; human confirmation required.,corn,0,11656,https://open.canada.ca/data/dataset/1b6139bd-ed7e-4043-bc28-ff00e10f3109,2026-01-28,raw=0;dry=0;cooked=0;boiled=0;unspecified=210
ING00041,corn,Corn Flour,flour,flour,4416,"Grains, corn bran, crude",,,unspecified_in_description,TOKEN_MATCH,0.6625,7,REVIEW,Lexical candidate only; human confirmation required.,corn,0,20015,https://open.canada.ca/data/dataset/1b6139bd-ed7e-4043-bc28-ff00e10f3109,2012-07-31,raw=0;dry=0;cooked=0;boiled=0;unspecified=210
ING00041,corn,Corn Flour,flour,flour,2389,"Corn, sweet, canned, cream style",,sugar added,canned,TOKEN_MATCH;FORM_CONFLICT,0.5425,8,REVIEW,Lexical candidate only; human confirmation required.,corn,3,11174,https://open.canada.ca/data/dataset/1b6139bd-ed7e-4043-bc28-ff00e10f3109,2026-01-28,raw=0;dry=0;cooked=0;boiled=0;unspecified=210
ING00041,corn,Corn Flour,flour,flour,6408,"Corn, sweet, white, raw",,,raw;white,TOKEN_MATCH;FORM_CONFLICT,0.5425,9,REVIEW,Lexical candidate only; human confirmation required.,corn,0,11900,https://open.canada.ca/data/dataset/1b6139bd-ed7e-4043-bc28-ff00e10f3109,2012-07-11,raw=0;dry=0;cooked=0;boiled=0;unspecified=210
ING00041,corn,Corn Flour,flour,flour,2388,"Corn, sweet, yellow, raw",,,raw;yellow,TOKEN_MATCH;FORM_CONFLICT,0.5425,10,REVIEW,Lexical candidate only; human confirmation required.,corn,3,11167,https://open.canada.ca/data/dataset/1b6139bd-ed7e-4043-bc28-ff00e10f3109,2012-07-11,raw=0;dry=0;cooked=0;boiled=0;unspecified=210
ING00042,cream,Fresh Cream,fresh,dairy,5299,"Cream, sour, light",,,unspecified_in_description,TOKEN_MATCH,0.7,1,REVIEW,Lexical candidate only; human confirmation required.,cream,37,01179,https://open.canada.ca/data/dataset/1b6139bd-ed7e-4043-bc28-ff00e10f3109,2012-07-24,raw=0;dry=0;cooked=0;boiled=0;unspecified=273
ING00042,cream,Fresh Cream,fresh,dairy,5300,"Cream, sour, fat free",,"fat free, free of fat, no fat, 0 fat, zero fat, without fat, contains no fat, non fat",unspecified_in_description,TOKEN_MATCH,0.6625,2,REVIEW,Lexical candidate only; human confirmation required.,cream,0,01180,https://open.canada.ca/data/dataset/1b6139bd-ed7e-4043-bc28-ff00e10f3109,2026-01-28,raw=0;dry=0;cooked=0;boiled=0;unspecified=273
ING00042,cream,Fresh Cream,fresh,dairy,54,"Cream, whipped, cream topping, pressurized",,,unspecified_in_description,TOKEN_MATCH,0.6625,3,REVIEW,Lexical candidate only; human confirmation required.,cream,0,01054,https://open.canada.ca/data/dataset/1b6139bd-ed7e-4043-bc28-ff00e10f3109,2012-06-19,raw=0;dry=0;cooked=0;boiled=0;unspecified=273
ING00042,cream,Fresh Cream,fresh,dairy,7589,"Cream, light, 5% M.F.",,,unspecified_in_description,TOKEN_MATCH,0.64,4,REVIEW,Lexical candidate only; human confirmation required.,cream,0,01303,https://open.canada.ca/data/dataset/1b6139bd-ed7e-4043-bc28-ff00e10f3109,2026-01-28,raw=0;dry=0;cooked=0;boiled=0;unspecified=273
ING00042,cream,Fresh Cream,fresh,dairy,137,"Cream, whipping, 32% M.F.",,,unspecified_in_description,TOKEN_MATCH,0.64,5,REVIEW,Lexical candidate only; human confirmation required.,cream,24,,https://open.canada.ca/data/dataset/1b6139bd-ed7e-4043-bc28-ff00e10f3109,2012-06-19,raw=0;dry=0;cooked=0;boiled=0;unspecified=273
ING00042,cream,Fresh Cream,fresh,dairy,138,"Cream, whipping, 35% M.F.",,,unspecified_in_description,TOKEN_MATCH,0.64,6,REVIEW,Lexical candidate only; human confirmation required.,cream,24,,https://open.canada.ca/data/dataset/1b6139bd-ed7e-4043-bc28-ff00e10f3109,2012-06-19,raw=0;dry=0;cooked=0;boiled=0;unspecified=273
ING00042,cream,Fresh Cream,fresh,dairy,3914,"Ice cream cone, sugar, rolled-type",,,unspecified_in_description,TOKEN_MATCH,0.64,7,REVIEW,Lexical candidate only; human confirmation required.,cream,0,18272,https://open.canada.ca/data/dataset/1b6139bd-ed7e-4043-bc28-ff00e10f3109,2012-08-31,raw=0;dry=0;cooked=0;boiled=0;unspecified=273
ING00042,cream,Fresh Cream,fresh,dairy,139,"Cream, sour, cultured, 14% M.F",,,unspecified_in_description,TOKEN_MATCH,0.625,8,REVIEW,Lexical candidate only; human confirmation required.,cream,0,01178,https://open.canada.ca/data/dataset/1b6139bd-ed7e-4043-bc28-ff00e10f3109,2026-01-28,raw=0;dry=0;cooked=0;boiled=0;unspecified=273
ING00042,cream,Fresh Cream,fresh,dairy,152,"Cream, sour, cultured, 18% M.F.","Canadian product, 18% fat, fat value from industry, moisture value was adjusted based on the fat value, most of the profile imputed fromUSDA sour cream (21% fat).",,unspecified_in_description,TOKEN_MATCH,0.625,9,REVIEW,Lexical candidate only; human confirmation required.,cream,26,,https://open.canada.ca/data/dataset/1b6139bd-ed7e-4043-bc28-ff00e10f3109,2026-01-28,raw=0;dry=0;cooked=0;boiled=0;unspecified=273
ING00042,cream,Fresh Cream,fresh,dairy,136,"Cream, table (coffee), 18% M.F.",,,unspecified_in_description,TOKEN_MATCH,0.625,10,REVIEW,Lexical candidate only; human confirmation required.,cream,0,01050,https://open.canada.ca/data/dataset/1b6139bd-ed7e-4043-bc28-ff00e10f3109,2026-01-27,raw=0;dry=0;cooked=0;boiled=0;unspecified=273
ING00043,cucumber,Cucumber,default,vegetable,2363,"Cucumber, raw",,,raw,TOKEN_MATCH,0.775,1,REVIEW,Lexical candidate only; human confirmation required.,Cucumber,3,11205,https://open.canada.ca/data/dataset/1b6139bd-ed7e-4043-bc28-ff00e10f3109,2012-07-11,raw=0;dry=0;cooked=0;boiled=0;unspecified=126
ING00043,cucumber,Cucumber,default,vegetable,4848,"Cucumber, peeled, raw",,,raw,TOKEN_MATCH,0.7,2,REVIEW,Lexical candidate only; human confirmation required.,Cucumber,0,11206,https://open.canada.ca/data/dataset/1b6139bd-ed7e-4043-bc28-ff00e10f3109,2026-01-28,raw=0;dry=0;cooked=0;boiled=0;unspecified=126
ING00043,cucumber,Cucumber,default,vegetable,5940,"Sea cucumber, Indigenous",,,unspecified_in_description,TOKEN_MATCH,0.7,3,REVIEW,Lexical candidate only; human confirmation required.,Cucumber,28,,https://open.canada.ca/data/dataset/1b6139bd-ed7e-4043-bc28-ff00e10f3109,2026-01-28,raw=0;dry=0;cooked=0;boiled=0;unspecified=126
ING00044,cumin,Cumin,default,spice,182,"Spices, cumin seed",,,seed,TOKEN_MATCH,0.7,1,REVIEW,Lexical candidate only; human confirmation required.,Cumin,0,02014,https://open.canada.ca/data/dataset/1b6139bd-ed7e-4043-bc28-ff00e10f3109,2012-06-29,raw=0;dry=0;cooked=0;boiled=0;unspecified=276
ING00045,cumin,Cumin Powder,powder,spice,182,"Spices, cumin seed",,,seed,TOKEN_MATCH;FORM_CONFLICT,0.58,1,REVIEW,Lexical candidate only; human confirmation required.,cumin,0,02014,https://open.canada.ca/data/dataset/1b6139bd-ed7e-4043-bc28-ff00e10f3109,2012-06-29,raw=0;dry=0;cooked=35;boiled=0;unspecified=798
ING00046,cumin,Cumin Seeds,seed,spice,182,"Spices, cumin seed",,,seed,TOKEN_MATCH;FORM_MATCH,0.89,1,REVIEW,Lexical candidate only; human confirmation required.,Cumin Seeds,0,02014,https://open.canada.ca/data/dataset/1b6139bd-ed7e-4043-bc28-ff00e10f3109,2012-06-29,raw=0;dry=1;cooked=21;boiled=0;unspecified=1540
ING00047,curd,Curd,default,dairy,,,,,,NO_MATCH,0.0,1,NO_MATCH,No plausible CNF candidate met the deterministic or fuzzy review thresholds.,,,,,,raw=0;dry=0;cooked=0;boiled=0;unspecified=613
ING00048,curd,Curd (Hung),hung,dairy,,,,,,NO_MATCH,0.0,1,NO_MATCH,No plausible CNF candidate met the deterministic or fuzzy review thresholds.,,,,,,raw=0;dry=0;cooked=0;boiled=0;unspecified=163
ING00049,curry leaf,Curry Leaf,default,herb,,,,,,NO_MATCH,0.0,1,NO_MATCH,No plausible CNF candidate met the deterministic or fuzzy review thresholds.,,,,,,raw=0;dry=2;cooked=1;boiled=0;unspecified=1356
ING00050,date,Date,default,fruit,5401,"Date, medjool",,,unspecified_in_description,TOKEN_MATCH,0.775,1,REVIEW,Lexical candidate only; human confirmation required.,Date,0,09421,https://open.canada.ca/data/dataset/1b6139bd-ed7e-4043-bc28-ff00e10f3109,2012-07-11,raw=0;dry=1;cooked=0;boiled=0;unspecified=78
ING00050,date,Date,default,fruit,1583,"Jujube (chinese date), raw",,"jujuba, red date, chinese jujube",raw,TOKEN_MATCH,0.6625,2,REVIEW,Lexical candidate only; human confirmation required.,Date,0,09146,https://open.canada.ca/data/dataset/1b6139bd-ed7e-4043-bc28-ff00e10f3109,2026-01-28,raw=0;dry=1;cooked=0;boiled=0;unspecified=78
ING00050,date,Date,default,fruit,1584,"Jujube (chinese date), dried",,"jujuba, red date, chinese jujube",dried,TOKEN_MATCH,0.6625,3,REVIEW,Lexical candidate only; human confirmation required.,Date,0,09147,https://open.canada.ca/data/dataset/1b6139bd-ed7e-4043-bc28-ff00e10f3109,2026-01-28,raw=0;dry=1;cooked=0;boiled=0;unspecified=78
ING00050,date,Date,default,fruit,1710,"Date, domestic, natural and dry",,,dry,TOKEN_MATCH,0.64,4,REVIEW,Lexical candidate only; human confirmation required.,Date,3,09087,https://open.canada.ca/data/dataset/1b6139bd-ed7e-4043-bc28-ff00e10f3109,2012-07-10,raw=0;dry=1;cooked=0;boiled=0;unspecified=78
ING00051,dry red chilli,Dry Red Chilli,default,other,3312,"Peas, pigeon (red gram), mature seeds, dry",,"toor dal, red gram, Congo pea, Angola pea, no-eye pea",dry;seeds;mature,TOKEN_MATCH,0.4792,1,REVIEW,Lexical candidate only; human confirmation required.,Dry Red Chilli,0,16101,https://open.canada.ca/data/dataset/1b6139bd-ed7e-4043-bc28-ff00e10f3109,2026-01-28,raw=0;dry=688;cooked=1;boiled=0;unspecified=0
ING00052,egg,Egg,default,egg,6717,Egg Benedict,,,unspecified_in_description,TOKEN_MATCH,0.775,1,REVIEW,Lexical candidate only; human confirmation required.,Egg,35,,https://open.canada.ca/data/dataset/1b6139bd-ed7e-4043-bc28-ff00e10f3109,2012-06-29,raw=0;dry=0;cooked=1;boiled=50;unspecified=436
ING00052,egg,Egg,default,egg,6718,"Egg, chicken, yolk, cooked",,,cooked,TOKEN_MATCH,0.6625,2,REVIEW,Lexical candidate only; human confirmation required.,Egg,35,,https://open.canada.ca/data/dataset/1b6139bd-ed7e-4043-bc28-ff00e10f3109,2012-06-29,raw=0;dry=0;cooked=1;boiled=50;unspecified=436
ING00052,egg,Egg,default,egg,7097,Potato salad with egg,,"potato, potatoes",unspecified_in_description,TOKEN_MATCH,0.6625,3,REVIEW,Lexical candidate only; human confirmation required.,Egg,0,22971,https://open.canada.ca/data/dataset/1b6139bd-ed7e-4043-bc28-ff00e10f3109,2026-01-28,raw=0;dry=0;cooked=1;boiled=50;unspecified=436
ING00052,egg,Egg,default,egg,4001,Wonton wrapper (egg roll wrapper),,"dumpling, eggroll",unspecified_in_description,TOKEN_MATCH,0.6625,4,REVIEW,Lexical candidate only; human confirmation required.,Egg,0,18368,https://open.canada.ca/data/dataset/1b6139bd-ed7e-4043-bc28-ff00e10f3109,2026-01-28,raw=0;dry=0;cooked=1;boiled=50;unspecified=436
ING00052,egg,Egg,default,egg,6716,"Egg, chicken, omelet, with cheese",,,unspecified_in_description,TOKEN_MATCH,0.64,5,REVIEW,Lexical candidate only; human confirmation required.,Egg,35,,https://open.canada.ca/data/dataset/1b6139bd-ed7e-4043-bc28-ff00e10f3109,2026-01-28,raw=0;dry=0;cooked=1;boiled=50;unspecified=436
ING00052,egg,Egg,default,egg,5569,"Egg, chicken, scrambled, frozen mixture",,,frozen,TOKEN_MATCH,0.64,6,REVIEW,Lexical candidate only; human confirmation required.,Egg,12,43285,https://open.canada.ca/data/dataset/1b6139bd-ed7e-4043-bc28-ff00e10f3109,2012-06-29,raw=0;dry=0;cooked=1;boiled=50;unspecified=436
ING00052,egg,Egg,default,egg,6420,"Egg, liquid egg product, fat free",,"fat free, free of fat, no fat, 0 fat, zero fat, without fat, contains no fat, non fat",unspecified_in_description,TOKEN_MATCH,0.64,7,REVIEW,Lexical candidate only; human confirmation required.,Egg,0,01226,https://open.canada.ca/data/dataset/1b6139bd-ed7e-4043-bc28-ff00e10f3109,2026-01-28,raw=0;dry=0;cooked=1;boiled=50;unspecified=436
ING00052,egg,Egg,default,egg,6814,"Egg roll, assorted, restaurant prepared",,eggroll,prepared,TOKEN_MATCH,0.64,8,REVIEW,Lexical candidate only; human confirmation required.,Egg,0,36601,https://open.canada.ca/data/dataset/1b6139bd-ed7e-4043-bc28-ff00e10f3109,2026-01-28,raw=0;dry=0;cooked=1;boiled=50;unspecified=436
ING00052,egg,Egg,default,egg,6345,"Egg roll, chicken, refrigerated, heated",,eggroll,unspecified_in_description,TOKEN_MATCH,0.64,9,REVIEW,Lexical candidate only; human confirmation required.,Egg,0,22954,https://open.canada.ca/data/dataset/1b6139bd-ed7e-4043-bc28-ff00e10f3109,2026-01-28,raw=0;dry=0;cooked=1;boiled=50;unspecified=436
ING00052,egg,Egg,default,egg,6344,"Egg roll, pork, refrigerated, heated",,eggroll,unspecified_in_description,TOKEN_MATCH,0.64,10,REVIEW,Lexical candidate only; human confirmation required.,Egg,0,22953,https://open.canada.ca/data/dataset/1b6139bd-ed7e-4043-bc28-ff00e10f3109,2026-01-28,raw=0;dry=0;cooked=1;boiled=50;unspecified=436
ING00053,fennel,Fennel,default,spice,2350,"Fennel, bulb, raw",,,raw,TOKEN_MATCH,0.7,1,REVIEW,Lexical candidate only; human confirmation required.,Fennel,0,11957,https://open.canada.ca/data/dataset/1b6139bd-ed7e-4043-bc28-ff00e10f3109,2012-07-11,raw=0;dry=0;cooked=0;boiled=0;unspecified=66
ING00053,fennel,Fennel,default,spice,186,"Spices, fennel seed",,,seed,TOKEN_MATCH,0.7,2,REVIEW,Lexical candidate only; human confirmation required.,Fennel,0,02018,https://open.canada.ca/data/dataset/1b6139bd-ed7e-4043-bc28-ff00e10f3109,2012-06-29,raw=0;dry=0;cooked=0;boiled=0;unspecified=66
ING00054,fennel,Fennel Seeds,seed,spice,186,"Spices, fennel seed",,,seed,TOKEN_MATCH;FORM_MATCH,0.89,1,REVIEW,Lexical candidate only; human confirmation required.,Fennel Seeds,0,02018,https://open.canada.ca/data/dataset/1b6139bd-ed7e-4043-bc28-ff00e10f3109,2012-06-29,raw=0;dry=0;cooked=9;boiled=0;unspecified=341
ING00054,fennel,Fennel Seeds,seed,spice,2350,"Fennel, bulb, raw",,,raw,TOKEN_MATCH;FORM_CONFLICT,0.58,2,REVIEW,Lexical candidate only; human confirmation required.,fennel,0,11957,https://open.canada.ca/data/dataset/1b6139bd-ed7e-4043-bc28-ff00e10f3109,2012-07-11,raw=0;dry=0;cooked=9;boiled=0;unspecified=341
ING00055,fenugreek,Fenugreek Seeds,seed,spice,187,"Spices, fenugreek seed",,,seed,TOKEN_MATCH;FORM_MATCH,0.89,1,REVIEW,Lexical candidate only; human confirmation required.,Fenugreek Seeds,0,02019,https://open.canada.ca/data/dataset/1b6139bd-ed7e-4043-bc28-ff00e10f3109,2012-06-29,raw=0;dry=0;cooked=3;boiled=0;unspecified=365
ING00056,fenugreek leaves,Fenugreek Leaves,default,herb,,,,,,NO_MATCH,0.0,1,NO_MATCH,No plausible CNF candidate met the deterministic or fuzzy review thresholds.,,,,,,raw=0;dry=136;cooked=1;boiled=0;unspecified=13
ING00057,fenugreek leaves,Fenugreek Leaves (Fresh),fresh,herb,1984,"Amaranth leaves, fresh",,,leaves;fresh,TOKEN_MATCH;FORM_MATCH,0.6317,1,REVIEW,Lexical candidate only; human confirmation required.,Fenugreek Leaves (Fresh),0,11003,https://open.canada.ca/data/dataset/1b6139bd-ed7e-4043-bc28-ff00e10f3109,2012-07-11,raw=0;dry=0;cooked=0;boiled=0;unspecified=103
ING00058,garam masala,Garam Masala Powder,powder,spice,,,,,,NO_MATCH,0.0,1,NO_MATCH,No plausible CNF candidate met the deterministic or fuzzy review thresholds.,,,,,,raw=0;dry=0;cooked=0;boiled=0;unspecified=978
ING00059,garlic,Garlic,default,vegetable,2394,"Garlic, raw",,,raw,TOKEN_MATCH,0.775,1,REVIEW,Lexical candidate only; human confirmation required.,Garlic,3,11215,https://open.canada.ca/data/dataset/1b6139bd-ed7e-4043-bc28-ff00e10f3109,2012-06-19,raw=0;dry=0;cooked=3;boiled=0;unspecified=2042
ING00059,garlic,Garlic,default,vegetable,188,"Spices, garlic powder",,,powder,TOKEN_MATCH,0.7,2,REVIEW,Lexical candidate only; human confirmation required.,Garlic,0,02020,https://open.canada.ca/data/dataset/1b6139bd-ed7e-4043-bc28-ff00e10f3109,2012-06-29,raw=0;dry=0;cooked=3;boiled=0;unspecified=2042
ING00060,ghee,Ghee,default,dairy,7829,"Butter, Clarified butter (ghee)",,Ghee,unspecified_in_description,ALIAS_MATCH,0.96,1,AUTO_CANDIDATE,Strong name/alias candidate only; not an approved mapping.,Ghee,0,1323,https://open.canada.ca/data/dataset/1b6139bd-ed7e-4043-bc28-ff00e10f3109,2026-01-28,raw=0;dry=0;cooked=1;boiled=0;unspecified=1047
ING00061,ginger,Ginger,default,root,2091,"Ginger root, raw",,,raw,TOKEN_MATCH,0.7,1,REVIEW,Lexical candidate only; human confirmation required.,Ginger,0,11216,https://open.canada.ca/data/dataset/1b6139bd-ed7e-4043-bc28-ff00e10f3109,2012-06-19,raw=0;dry=0;cooked=0;boiled=0;unspecified=1624
ING00061,ginger,Ginger,default,root,189,"Spices, ginger, ground",,,ground,TOKEN_MATCH,0.7,2,REVIEW,Lexical candidate only; human confirmation required.,Ginger,0,02021,https://open.canada.ca/data/dataset/1b6139bd-ed7e-4043-bc28-ff00e10f3109,2012-06-29,raw=0;dry=0;cooked=0;boiled=0;unspecified=1624
ING00061,ginger,Ginger,default,root,7693,"Ginger root, pickled, canned, with artificial sweetener",,,canned,TOKEN_MATCH,0.6143,3,REVIEW,Lexical candidate only; human confirmation required.,Ginger,0,31033,https://open.canada.ca/data/dataset/1b6139bd-ed7e-4043-bc28-ff00e10f3109,2026-01-28,raw=0;dry=0;cooked=0;boiled=0;unspecified=1624
ING00062,ginger garlic,Ginger Garlic Paste,paste,paste,,,,,,NO_MATCH,0.0,1,NO_MATCH,No plausible CNF candidate met the deterministic or fuzzy review thresholds.,,,,,,raw=0;dry=0;cooked=0;boiled=0;unspecified=348
ING00063,green beans,Green Beans,default,vegetable,2279,"Winged beans (goa bean), green, raw",,,raw;green,TOKEN_MATCH,0.73,1,REVIEW,Lexical candidate only; human confirmation required.,Green Beans,0,11595,https://open.canada.ca/data/dataset/1b6139bd-ed7e-4043-bc28-ff00e10f3109,2012-07-11,raw=0;dry=0;cooked=4;boiled=0;unspecified=187
ING00063,green beans,Green Beans,default,vegetable,2280,"Winged beans (goa bean), green, boiled, drained",,,boiled;drained;green,TOKEN_MATCH,0.7,2,REVIEW,Lexical candidate only; human confirmation required.,Green Beans,0,11596,https://open.canada.ca/data/dataset/1b6139bd-ed7e-4043-bc28-ff00e10f3109,2012-07-11,raw=0;dry=0;cooked=4;boiled=0;unspecified=187
ING00063,green beans,Green Beans,default,vegetable,6589,"Winged beans (goa bean), green, boiled, drained, with salt",,,boiled;drained;green,TOKEN_MATCH,0.6625,3,REVIEW,Lexical candidate only; human confirmation required.,Green Beans,0,11896,https://open.canada.ca/data/dataset/1b6139bd-ed7e-4043-bc28-ff00e10f3109,2012-07-11,raw=0;dry=0;cooked=4;boiled=0;unspecified=187
ING00063,green beans,Green Beans,default,vegetable,3298,"Beans, legumes, mung (green gram), mature seeds, boiled",,"greengram, gram, moong",boiled;seeds;mature,TOKEN_MATCH,0.6625,4,REVIEW,Lexical candidate only; human confirmation required.,Green Beans,0,16081,https://open.canada.ca/data/dataset/1b6139bd-ed7e-4043-bc28-ff00e10f3109,2026-01-28,raw=0;dry=0;cooked=4;boiled=0;unspecified=187
ING00063,green beans,Green Beans,default,vegetable,3360,"Beans, legumes, mung (green gram), mature seeds, boiled, salt added",,"greengram, gram, moong",boiled;seeds;mature,TOKEN_MATCH,0.64,5,REVIEW,Lexical candidate only; human confirmation required.,Green Beans,0,16381,https://open.canada.ca/data/dataset/1b6139bd-ed7e-4043-bc28-ff00e10f3109,2026-01-28,raw=0;dry=0;cooked=4;boiled=0;unspecified=187
ING00063,green beans,Green Beans,default,vegetable,3297,"Beans, legumes, mung (green gram), mature seeds, dry",,"greengram, gram, moong",dry;seeds;mature,TOKEN_MATCH,0.6625,6,REVIEW,Lexical candidate only; human confirmation required.,Green Beans,0,16080,https://open.canada.ca/data/dataset/1b6139bd-ed7e-4043-bc28-ff00e10f3109,2026-01-28,raw=0;dry=0;cooked=4;boiled=0;unspecified=187
ING00064,green bell pepper,Green Bell Pepper,default,vegetable,2413,"Pepper, sweet, green, raw",,,raw;green,TOKEN_MATCH,0.5467,1,REVIEW,Lexical candidate only; human confirmation required.,Green Bell Pepper,3,11333,https://open.canada.ca/data/dataset/1b6139bd-ed7e-4043-bc28-ff00e10f3109,2012-07-11,raw=0;dry=0;cooked=2;boiled=0;unspecified=312
ING00064,green bell pepper,Green Bell Pepper,default,vegetable,5415,"Pepper, sweet, green, sauteed",,,green,TOKEN_MATCH,0.5467,2,REVIEW,Lexical candidate only; human confirmation required.,Green Bell Pepper,0,11339,https://open.canada.ca/data/dataset/1b6139bd-ed7e-4043-bc28-ff00e10f3109,2026-01-28,raw=0;dry=0;cooked=2;boiled=0;unspecified=312
ING00064,green bell pepper,Green Bell Pepper,default,vegetable,2414,"Pepper, sweet, green, boiled, drained",,,boiled;drained;green,TOKEN_MATCH,0.5167,3,REVIEW,Lexical candidate only; human confirmation required.,Green Bell Pepper,3,11334,https://open.canada.ca/data/dataset/1b6139bd-ed7e-4043-bc28-ff00e10f3109,2012-07-11,raw=0;dry=0;cooked=2;boiled=0;unspecified=312
ING00064,green bell pepper,Green Bell Pepper,default,vegetable,2415,"Pepper, sweet, green, frozen, chopped, unprepared",,,frozen;green,TOKEN_MATCH,0.4952,4,REVIEW,Lexical candidate only; human confirmation required.,Green Bell Pepper,3,11337,https://open.canada.ca/data/dataset/1b6139bd-ed7e-4043-bc28-ff00e10f3109,2012-07-11,raw=0;dry=0;cooked=2;boiled=0;unspecified=312
ING00064,green bell pepper,Green Bell Pepper,default,vegetable,2322,"Pepper, hot chili, red or green, raw",,,raw;green,TOKEN_MATCH,0.4792,5,REVIEW,Lexical candidate only; human confirmation required.,Green Bell Pepper,0,11670,https://open.canada.ca/data/dataset/1b6139bd-ed7e-4043-bc28-ff00e10f3109,2012-12-11,raw=0;dry=0;cooked=2;boiled=0;unspecified=312
ING00064,green bell pepper,Green Bell Pepper,default,vegetable,2485,"Pepper, sweet, green, boiled, drained, with salt",,,boiled;drained;green,TOKEN_MATCH,0.4792,6,REVIEW,Lexical candidate only; human confirmation required.,Green Bell Pepper,3,11822,https://open.canada.ca/data/dataset/1b6139bd-ed7e-4043-bc28-ff00e10f3109,2012-07-11,raw=0;dry=0;cooked=2;boiled=0;unspecified=312
ING00064,green bell pepper,Green Bell Pepper,default,vegetable,2416,"Pepper, sweet, green, frozen, chopped, boiled, drained",,,boiled;frozen;drained;green,TOKEN_MATCH,0.4792,7,REVIEW,Lexical candidate only; human confirmation required.,Green Bell Pepper,3,11338,https://open.canada.ca/data/dataset/1b6139bd-ed7e-4043-bc28-ff00e10f3109,2012-07-11,raw=0;dry=0;cooked=2;boiled=0;unspecified=312
ING00064,green bell pepper,Green Bell Pepper,default,vegetable,6483,"Pepper, sweet, green, frozen, chopped, boiled, drained, with salt",,,boiled;frozen;drained;green,TOKEN_MATCH,0.4567,8,REVIEW,Lexical candidate only; human confirmation required.,Green Bell Pepper,0,11825,https://open.canada.ca/data/dataset/1b6139bd-ed7e-4043-bc28-ff00e10f3109,2012-07-11,raw=0;dry=0;cooked=2;boiled=0;unspecified=312
ING00064,green bell pepper,Green Bell Pepper,default,vegetable,4861,"Pepper, chili, green, canned",,,canned;green,TOKEN_MATCH,0.5467,9,REVIEW,Lexical candidate only; human confirmation required.,Green Bell Pepper,0,11980,https://open.canada.ca/data/dataset/1b6139bd-ed7e-4043-bc28-ff00e10f3109,2012-07-11,raw=0;dry=0;cooked=2;boiled=0;unspecified=312
ING00064,green bell pepper,Green Bell Pepper,default,vegetable,2161,"Pepper, sweet, green, canned, solids and liquid",,,canned;green,TOKEN_MATCH,0.4792,10,REVIEW,Lexical candidate only; human confirmation required.,Green Bell Pepper,0,11335,https://open.canada.ca/data/dataset/1b6139bd-ed7e-4043-bc28-ff00e10f3109,2012-07-11,raw=0;dry=0;cooked=2;boiled=0;unspecified=312
ING00065,green chilli,Green Chilli,default,other,2322,"Pepper, hot chili, red or green, raw",,,raw;green,TOKEN_MATCH,0.6786,1,REVIEW,Lexical candidate only; human confirmation required.,Green Chilli,0,11670,https://open.canada.ca/data/dataset/1b6139bd-ed7e-4043-bc28-ff00e10f3109,2012-12-11,raw=0;dry=3;cooked=1;boiled=0;unspecified=2252
ING00065,green chilli,Green Chilli,default,other,4861,"Pepper, chili, green, canned",,,canned;green,TOKEN_MATCH,0.775,2,REVIEW,Lexical candidate only; human confirmation required.,Green Chilli,0,11980,https://open.canada.ca/data/dataset/1b6139bd-ed7e-4043-bc28-ff00e10f3109,2012-07-11,raw=0;dry=3;cooked=1;boiled=0;unspecified=2252
ING00065,green chilli,Green Chilli,default,other,2160,"Pepper, hot chili, red or green, canned, solids and liquid",,,canned;green,TOKEN_MATCH,0.64,3,REVIEW,Lexical candidate only; human confirmation required.,Green Chilli,0,11329,https://open.canada.ca/data/dataset/1b6139bd-ed7e-4043-bc28-ff00e10f3109,2012-12-11,raw=0;dry=3;cooked=1;boiled=0;unspecified=2252
ING00066,green peas,Fresh Green Peas,fresh,vegetable,2409,"Peas, green, raw",,,raw;green,TOKEN_MATCH;FORM_CONFLICT,0.73,1,REVIEW,Lexical candidate only; human confirmation required. Alias evidence came from a VALID prior mapping row.,green peas,3,11304,https://open.canada.ca/data/dataset/1b6139bd-ed7e-4043-bc28-ff00e10f3109,2012-07-11,raw=0;dry=0;cooked=49;boiled=22;unspecified=209
ING00066,green peas,Fresh Green Peas,fresh,vegetable,2410,"Peas, green, boiled, drained",,,boiled;drained;green,TOKEN_MATCH;FORM_CONFLICT,0.655,2,REVIEW,Lexical candidate only; human confirmation required. Alias evidence came from a VALID prior mapping row.,green peas,3,11305,https://open.canada.ca/data/dataset/1b6139bd-ed7e-4043-bc28-ff00e10f3109,2012-07-11,raw=0;dry=0;cooked=49;boiled=22;unspecified=209
ING00066,green peas,Fresh Green Peas,fresh,vegetable,2151,"Peas, green, frozen, unprepared",,,frozen;green,TOKEN_MATCH;FORM_CONFLICT,0.655,3,REVIEW,Lexical candidate only; human confirmation required. Alias evidence came from a VALID prior mapping row.,green peas,0,11312,https://open.canada.ca/data/dataset/1b6139bd-ed7e-4043-bc28-ff00e10f3109,2012-07-11,raw=0;dry=0;cooked=49;boiled=22;unspecified=209
ING00066,green peas,Fresh Green Peas,fresh,vegetable,2411,"Peas, green, canned, drained solids",,,canned;drained;green,TOKEN_MATCH;FORM_CONFLICT,0.61,4,REVIEW,Lexical candidate only; human confirmation required. Alias evidence came from a VALID prior mapping row.,green peas,3,11308,https://open.canada.ca/data/dataset/1b6139bd-ed7e-4043-bc28-ff00e10f3109,2012-07-11,raw=0;dry=0;cooked=49;boiled=22;unspecified=209
ING00066,green peas,Fresh Green Peas,fresh,vegetable,2412,"Peas, green, frozen, boiled, drained",,,boiled;frozen;drained;green,TOKEN_MATCH;FORM_CONFLICT,0.61,5,REVIEW,Lexical candidate only; human confirmation required. Alias evidence came from a VALID prior mapping row.,green peas,3,11313,https://open.canada.ca/data/dataset/1b6139bd-ed7e-4043-bc28-ff00e10f3109,2012-07-11,raw=0;dry=0;cooked=49;boiled=22;unspecified=209
ING00066,green peas,Fresh Green Peas,fresh,vegetable,6481,"Peas, green, boiled, drained, with salt",,,boiled;drained;green,TOKEN_MATCH;FORM_CONFLICT,0.58,6,REVIEW,Lexical candidate only; human confirmation required. Alias evidence came from a VALID prior mapping row.,green peas,0,11811,https://open.canada.ca/data/dataset/1b6139bd-ed7e-4043-bc28-ff00e10f3109,2012-07-11,raw=0;dry=0;cooked=49;boiled=22;unspecified=209
ING00066,green peas,Fresh Green Peas,fresh,vegetable,7053,"Peas, green, canned, drained solids, rinsed",,,canned;drained;green,TOKEN_MATCH;FORM_CONFLICT,0.58,7,REVIEW,Lexical candidate only; human confirmation required. Alias evidence came from a VALID prior mapping row.,green peas,0,11311,https://open.canada.ca/data/dataset/1b6139bd-ed7e-4043-bc28-ff00e10f3109,2012-10-16,raw=0;dry=0;cooked=49;boiled=22;unspecified=209
ING00066,green peas,Fresh Green Peas,fresh,vegetable,6479,"Peas, green, canned, drained solids, unsalted",,"unsalted, ""without added salt"", ""no salt added"", ""no added salt"", ""without added sodium"", ""no sodium added"" or ""no added sodium""",canned;drained;green;unsalted,TOKEN_MATCH;FORM_CONFLICT,0.58,8,REVIEW,Lexical candidate only; human confirmation required. Alias evidence came from a VALID prior mapping row.,green peas,0,11813,https://open.canada.ca/data/dataset/1b6139bd-ed7e-4043-bc28-ff00e10f3109,2026-01-28,raw=0;dry=0;cooked=49;boiled=22;unspecified=209
ING00066,green peas,Fresh Green Peas,fresh,vegetable,2149,"Peas, green, canned, solids and liquid",,,canned;green,TOKEN_MATCH;FORM_CONFLICT,0.58,9,REVIEW,Lexical candidate only; human confirmation required. Alias evidence came from a VALID prior mapping row.,green peas,0,11306,https://open.canada.ca/data/dataset/1b6139bd-ed7e-4043-bc28-ff00e10f3109,2012-07-11,raw=0;dry=0;cooked=49;boiled=22;unspecified=209
ING00066,green peas,Fresh Green Peas,fresh,vegetable,2150,"Peas, green, canned, seasoned, solids and liquid",,,canned;green,TOKEN_MATCH;FORM_CONFLICT,0.5586,10,REVIEW,Lexical candidate only; human confirmation required. Alias evidence came from a VALID prior mapping row.,green peas,0,11310,https://open.canada.ca/data/dataset/1b6139bd-ed7e-4043-bc28-ff00e10f3109,2012-07-11,raw=0;dry=0;cooked=49;boiled=22;unspecified=209
ING00067,honey,Honey,default,sweetener,,,,,,NO_MATCH,0.0,1,NO_MATCH,No plausible CNF candidate met the deterministic or fuzzy review thresholds.,,,,,,raw=1;dry=0;cooked=0;boiled=0;unspecified=312
ING00068,jaggery,Jaggery,default,sweetener,,,,,,NO_MATCH,0.0,1,NO_MATCH,No plausible CNF candidate met the deterministic or fuzzy review thresholds.,,,,,,raw=0;dry=0;cooked=0;boiled=0;unspecified=452
ING00069,kashmiri red chilli,Kashmiri Red Chilli Powder,powder,spice,2322,"Pepper, hot chili, red or green, raw",,,raw;green,TOKEN_MATCH;FORM_CONFLICT,0.3592,1,REVIEW,Lexical candidate only; human confirmation required.,kashmiri red chilli,0,11670,https://open.canada.ca/data/dataset/1b6139bd-ed7e-4043-bc28-ff00e10f3109,2012-12-11,raw=0;dry=1;cooked=0;boiled=0;unspecified=174
ING00069,kashmiri red chilli,Kashmiri Red Chilli Powder,powder,spice,2160,"Pepper, hot chili, red or green, canned, solids and liquid",,,canned;green,TOKEN_MATCH;FORM_CONFLICT,0.3285,2,REVIEW,Lexical candidate only; human confirmation required.,kashmiri red chilli,0,11329,https://open.canada.ca/data/dataset/1b6139bd-ed7e-4043-bc28-ff00e10f3109,2012-12-11,raw=0;dry=1;cooked=0;boiled=0;unspecified=174
ING00069,kashmiri red chilli,Kashmiri Red Chilli Powder,powder,spice,2355,"Pepper, hot chili, red, sun-dried",,,dried,TOKEN_MATCH;FORM_CONFLICT,0.3752,3,REVIEW,Lexical candidate only; human confirmation required.,kashmiri red chilli,0,11962,https://open.canada.ca/data/dataset/1b6139bd-ed7e-4043-bc28-ff00e10f3109,2012-06-21,raw=0;dry=1;cooked=0;boiled=0;unspecified=174
ING00070,lemon,Lemon,default,fruit,1592,"Lemon peel, raw",,,raw,TOKEN_MATCH,0.7,1,REVIEW,Lexical candidate only; human confirmation required.,Lemon,0,09156,https://open.canada.ca/data/dataset/1b6139bd-ed7e-4043-bc28-ff00e10f3109,2012-07-02,raw=0;dry=0;cooked=0;boiled=0;unspecified=174
ING00070,lemon,Lemon,default,fruit,6931,"Lemon chicken, restaurant prepared","rice not included in analyses.  ingredients, amount of breading vary.  most dishes analyzed only had breaded chicken and sauce.  few had broccoli, celery and/or hot pepper.",,prepared,TOKEN_MATCH,0.6625,2,REVIEW,Lexical candidate only; human confirmation required.,Lemon,0,36617,https://open.canada.ca/data/dataset/1b6139bd-ed7e-4043-bc28-ff00e10f3109,2026-01-28,raw=0;dry=0;cooked=0;boiled=0;unspecified=174
ING00070,lemon,Lemon,default,fruit,4853,"Lemon grass (citronella), raw",,,raw,TOKEN_MATCH,0.6625,3,REVIEW,Lexical candidate only; human confirmation required.,Lemon,0,11972,https://open.canada.ca/data/dataset/1b6139bd-ed7e-4043-bc28-ff00e10f3109,2012-07-03,raw=0;dry=0;cooked=0;boiled=0;unspecified=174
ING00070,lemon,Lemon,default,fruit,1587,"Lemon, raw, without peel",,,raw,TOKEN_MATCH,0.6625,4,REVIEW,Lexical candidate only; human confirmation required.,Lemon,0,09150,https://open.canada.ca/data/dataset/1b6139bd-ed7e-4043-bc28-ff00e10f3109,2012-07-10,raw=0;dry=0;cooked=0;boiled=0;unspecified=174
ING00070,lemon,Lemon,default,fruit,1591,"Lemon juice, frozen",,,frozen;juice,TOKEN_MATCH,0.7,5,REVIEW,Lexical candidate only; human confirmation required.,Lemon,0,09154,https://open.canada.ca/data/dataset/1b6139bd-ed7e-4043-bc28-ff00e10f3109,2012-06-21,raw=0;dry=0;cooked=0;boiled=0;unspecified=174
ING00070,lemon,Lemon,default,fruit,1589,"Lemon juice, raw",,,raw;juice,TOKEN_MATCH,0.7,6,REVIEW,Lexical candidate only; human confirmation required.,Lemon,0,09152,https://open.canada.ca/data/dataset/1b6139bd-ed7e-4043-bc28-ff00e10f3109,2026-01-28,raw=0;dry=0;cooked=0;boiled=0;unspecified=174
ING00070,lemon,Lemon,default,fruit,1590,"Lemon juice, canned or bottled",,,canned;juice,TOKEN_MATCH,0.64,7,REVIEW,Lexical candidate only; human confirmation required.,Lemon,0,09153,https://open.canada.ca/data/dataset/1b6139bd-ed7e-4043-bc28-ff00e10f3109,2012-06-21,raw=0;dry=0;cooked=0;boiled=0;unspecified=174
ING00071,lemon juice,Lemon Juice,default,fruit,1591,"Lemon juice, frozen",,,frozen;juice,TOKEN_MATCH,0.85,1,REVIEW,Lexical candidate only; human confirmation required.,Lemon Juice,0,09154,https://open.canada.ca/data/dataset/1b6139bd-ed7e-4043-bc28-ff00e10f3109,2012-06-21,raw=0;dry=0;cooked=0;boiled=0;unspecified=867
ING00071,lemon juice,Lemon Juice,default,fruit,1589,"Lemon juice, raw",,,raw;juice,TOKEN_MATCH,0.85,2,REVIEW,Lexical candidate only; human confirmation required.,Lemon Juice,0,09152,https://open.canada.ca/data/dataset/1b6139bd-ed7e-4043-bc28-ff00e10f3109,2026-01-28,raw=0;dry=0;cooked=0;boiled=0;unspecified=867
ING00071,lemon juice,Lemon Juice,default,fruit,1590,"Lemon juice, canned or bottled",,,canned;juice,TOKEN_MATCH,0.73,3,REVIEW,Lexical candidate only; human confirmation required.,Lemon Juice,0,09153,https://open.canada.ca/data/dataset/1b6139bd-ed7e-4043-bc28-ff00e10f3109,2012-06-21,raw=0;dry=0;cooked=0;boiled=0;unspecified=867
ING00072,mango,Mango,default,fruit,1603,"Mango, raw",,,raw,TOKEN_MATCH,1.0,1,REVIEW,Lexical candidate only; human confirmation required. Alias evidence came from a VALID prior mapping row.,raw mango,0,09176,https://open.canada.ca/data/dataset/1b6139bd-ed7e-4043-bc28-ff00e10f3109,2012-07-10,raw=90;dry=0;cooked=0;boiled=0;unspecified=76
ING00072,mango,Mango,default,fruit,6205,"Mango, nectar, canned",,,canned,TOKEN_MATCH,0.7,2,REVIEW,Lexical candidate only; human confirmation required.,Mango,0,09436,https://open.canada.ca/data/dataset/1b6139bd-ed7e-4043-bc28-ff00e10f3109,2020-10-09,raw=90;dry=0;cooked=0;boiled=0;unspecified=76
ING00072,mango,Mango,default,fruit,7597,"Mango, dried, sweetened",,"sweetened, with sugar, sugar added, added sugar",dried;sweetened,TOKEN_MATCH,0.7,3,REVIEW,Lexical candidate only; human confirmation required.,Mango,0,09178,https://open.canada.ca/data/dataset/1b6139bd-ed7e-4043-bc28-ff00e10f3109,2026-01-28,raw=90;dry=0;cooked=0;boiled=0;unspecified=76
ING00073,milk,Milk,default,dairy,63,"Milk, fluid, partly skimmed, 1% M.F.","Neilson, Dairyland, Beatrice, Sealtest, Quebon, Natrel, Lactantia, Baxter, Farmers, Scotsburn, Foremost, Lucerne, Macs",,unspecified_in_description,TOKEN_MATCH,0.6143,1,REVIEW,Lexical candidate only; human confirmation required.,Milk,37,01082,https://open.canada.ca/data/dataset/1b6139bd-ed7e-4043-bc28-ff00e10f3109,2026-01-28,raw=0;dry=0;cooked=0;boiled=3;unspecified=682
ING00073,milk,Milk,default,dairy,61,"Milk, fluid, partly skimmed, 2% M.F.","Neilson, Dairyland, Quebon, Beatrice, Sealtest, Natrel, Lactantia, Baxter, Scotsburn, Farmers, Lucerne, Foremost, Macs",,unspecified_in_description,TOKEN_MATCH,0.6143,2,REVIEW,Lexical candidate only; human confirmation required.,Milk,37,01079,https://open.canada.ca/data/dataset/1b6139bd-ed7e-4043-bc28-ff00e10f3109,2026-01-28,raw=0;dry=0;cooked=0;boiled=3;unspecified=682
ING00073,milk,Milk,default,dairy,2601,"Coconut milk (liquid from grated meat and water), frozen",,,frozen,TOKEN_MATCH,0.6,3,REVIEW,Lexical candidate only; human confirmation required.,Milk,0,12176,https://open.canada.ca/data/dataset/1b6139bd-ed7e-4043-bc28-ff00e10f3109,2026-01-28,raw=0;dry=0;cooked=0;boiled=3;unspecified=682
ING00073,milk,Milk,default,dairy,2643,"Coconut milk (liquid from grated meat and water), raw",,,raw,TOKEN_MATCH,0.6,4,REVIEW,Lexical candidate only; human confirmation required.,Milk,3,12117,https://open.canada.ca/data/dataset/1b6139bd-ed7e-4043-bc28-ff00e10f3109,2026-01-28,raw=0;dry=0;cooked=0;boiled=3;unspecified=682
ING00073,milk,Milk,default,dairy,68,"Milk, condensed, sweetened, canned",,"sweetened, with sugar, sugar added, added sugar",canned;sweetened;condensed,TOKEN_MATCH,0.6625,5,REVIEW,Lexical candidate only; human confirmation required.,Milk,3,01095,https://open.canada.ca/data/dataset/1b6139bd-ed7e-4043-bc28-ff00e10f3109,2026-01-28,raw=0;dry=0;cooked=0;boiled=3;unspecified=682
ING00073,milk,Milk,default,dairy,7714,"Milk, fluid, chocolate, skim",Neilson,,skim;chocolate,TOKEN_MATCH,0.6625,6,REVIEW,Lexical candidate only; human confirmation required.,Milk,37,,https://open.canada.ca/data/dataset/1b6139bd-ed7e-4043-bc28-ff00e10f3109,2026-01-28,raw=0;dry=0;cooked=0;boiled=3;unspecified=682
ING00073,milk,Milk,default,dairy,69,"Milk, fluid, chocolate, whole",,,whole;chocolate,TOKEN_MATCH,0.6625,7,REVIEW,Lexical candidate only; human confirmation required.,Milk,0,01102,https://open.canada.ca/data/dataset/1b6139bd-ed7e-4043-bc28-ff00e10f3109,2026-01-28,raw=0;dry=0;cooked=0;boiled=3;unspecified=682
ING00073,milk,Milk,default,dairy,74,"Milk, fluid, sheep, whole",,,whole;sheep,TOKEN_MATCH,0.6625,8,REVIEW,Lexical candidate only; human confirmation required.,Milk,0,01109,https://open.canada.ca/data/dataset/1b6139bd-ed7e-4043-bc28-ff00e10f3109,2016-02-03,raw=0;dry=0;cooked=0;boiled=3;unspecified=682
ING00073,milk,Milk,default,dairy,7710,"Milk, fluid, buttermilk, 1.5%","Foremost, Lucerne",,buttermilk,TOKEN_MATCH,0.64,9,REVIEW,Lexical candidate only; human confirmation required.,Milk,37,,https://open.canada.ca/data/dataset/1b6139bd-ed7e-4043-bc28-ff00e10f3109,2026-01-28,raw=0;dry=0;cooked=0;boiled=3;unspecified=682
ING00073,milk,Milk,default,dairy,73,"Milk, fluid, human (breast milk), mature",,,mature;human,TOKEN_MATCH,0.64,10,REVIEW,Lexical candidate only; human confirmation required.,Milk,0,01107,https://open.canada.ca/data/dataset/1b6139bd-ed7e-4043-bc28-ff00e10f3109,2012-06-29,raw=0;dry=0;cooked=0;boiled=3;unspecified=682
ING00074,mint leaf,Mint Leaf,default,herb,,,,,,NO_MATCH,0.0,1,NO_MATCH,No plausible CNF candidate met the deterministic or fuzzy review thresholds.,,,,,,raw=0;dry=5;cooked=0;boiled=0;unspecified=368
ING00075,moong dal,Moong Dal,default,pulse,3297,"Beans, legumes, mung (green gram), mature seeds, dry",,"greengram, gram, moong",dry;seeds;mature,TOKEN_MATCH,1.0,1,REVIEW,Lexical candidate only; human confirmation required. Ranked ahead as a dry/raw candidate because most recipe entries are unqualified; review required.,Moong Dal,0,16080,https://open.canada.ca/data/dataset/1b6139bd-ed7e-4043-bc28-ff00e10f3109,2026-01-28,raw=0;dry=0;cooked=5;boiled=1;unspecified=139
ING00075,moong dal,Moong Dal,default,pulse,3298,"Beans, legumes, mung (green gram), mature seeds, boiled",,"greengram, gram, moong",boiled;seeds;mature,TOKEN_MATCH,1.0,2,REVIEW,Lexical candidate only; human confirmation required.,Moong Dal,0,16081,https://open.canada.ca/data/dataset/1b6139bd-ed7e-4043-bc28-ff00e10f3109,2026-01-28,raw=0;dry=0;cooked=5;boiled=1;unspecified=139
ING00075,moong dal,Moong Dal,default,pulse,3360,"Beans, legumes, mung (green gram), mature seeds, boiled, salt added",,"greengram, gram, moong",boiled;seeds;mature,TOKEN_MATCH,1.0,3,REVIEW,Lexical candidate only; human confirmation required.,Moong Dal,0,16381,https://open.canada.ca/data/dataset/1b6139bd-ed7e-4043-bc28-ff00e10f3109,2026-01-28,raw=0;dry=0;cooked=5;boiled=1;unspecified=139
ING00075,moong dal,Moong Dal,default,pulse,2008,"Beans, mung, mature seeds, sprouted, bean sprouts, raw",,,raw;seeds;mature,TOKEN_MATCH,0.6143,4,REVIEW,Lexical candidate only; human confirmation required. Ranked ahead as a dry/raw candidate because most recipe entries are unqualified; review required.,Moong Dal,0,11043,https://open.canada.ca/data/dataset/1b6139bd-ed7e-4043-bc28-ff00e10f3109,2026-01-28,raw=0;dry=0;cooked=5;boiled=1;unspecified=139
ING00075,moong dal,Moong Dal,default,pulse,2009,"Beans, mung, mature seeds, sprouted, bean sprouts, boiled, drained",,,boiled;drained;seeds;mature,TOKEN_MATCH,0.6063,5,REVIEW,Lexical candidate only; human confirmation required.,Moong Dal,0,11044,https://open.canada.ca/data/dataset/1b6139bd-ed7e-4043-bc28-ff00e10f3109,2026-01-28,raw=0;dry=0;cooked=5;boiled=1;unspecified=139
ING00075,moong dal,Moong Dal,default,pulse,2299,"Beans, mung, mature seeds, sprouted, bean sprouts, canned, drained",,,canned;drained;seeds;mature,TOKEN_MATCH,0.6063,6,REVIEW,Lexical candidate only; human confirmation required.,Moong Dal,0,11626,https://open.canada.ca/data/dataset/1b6139bd-ed7e-4043-bc28-ff00e10f3109,2026-01-28,raw=0;dry=0;cooked=5;boiled=1;unspecified=139
ING00075,moong dal,Moong Dal,default,pulse,6458,"Beans, mung, mature seeds, sprouted, bean sprouts, boiled, drained, with salt",,,boiled;drained;seeds;mature,TOKEN_MATCH,0.595,7,REVIEW,Lexical candidate only; human confirmation required.,Moong Dal,0,11718,https://open.canada.ca/data/dataset/1b6139bd-ed7e-4043-bc28-ff00e10f3109,2026-01-28,raw=0;dry=0;cooked=5;boiled=1;unspecified=139
ING00075,moong dal,Moong Dal,default,pulse,2010,"Beans, mung, mature seeds, sprouted, bean sprouts, stir-fried, no fat added",,"no added fat, no fat added, without added fat",fried;seeds;mature,TOKEN_MATCH,0.5909,8,REVIEW,Lexical candidate only; human confirmation required.,Moong Dal,0,11045,https://open.canada.ca/data/dataset/1b6139bd-ed7e-4043-bc28-ff00e10f3109,2026-01-28,raw=0;dry=0;cooked=5;boiled=1;unspecified=139
ING00076,mozzarella,Mozzarella,default,dairy,5512,"Cheese, mozzarella, fat free",,"fat free, free of fat, no fat, 0 fat, zero fat, without fat, contains no fat, non fat",unspecified_in_description,TOKEN_MATCH,0.775,1,REVIEW,Lexical candidate only; human confirmation required. Alias evidence came from a VALID prior mapping row.,mozzarella cheese,12,42304,https://open.canada.ca/data/dataset/1b6139bd-ed7e-4043-bc28-ff00e10f3109,2026-01-28,raw=0;dry=0;cooked=0;boiled=0;unspecified=132
ING00076,mozzarella,Mozzarella,default,dairy,5619,"Cheese, mozzarella, low sodium",,,unspecified_in_description,TOKEN_MATCH,0.775,2,REVIEW,Lexical candidate only; human confirmation required. Alias evidence came from a VALID prior mapping row.,mozzarella cheese,12,43597,https://open.canada.ca/data/dataset/1b6139bd-ed7e-4043-bc28-ff00e10f3109,2012-07-24,raw=0;dry=0;cooked=0;boiled=0;unspecified=132
ING00076,mozzarella,Mozzarella,default,dairy,7749,"Cheese, strings, mozzarella/marble",,,unspecified_in_description,TOKEN_MATCH,0.775,3,REVIEW,Lexical candidate only; human confirmation required. Alias evidence came from a VALID prior mapping row.,mozzarella cheese,37,,https://open.canada.ca/data/dataset/1b6139bd-ed7e-4043-bc28-ff00e10f3109,2026-01-28,raw=0;dry=0;cooked=0;boiled=0;unspecified=132
ING00076,mozzarella,Mozzarella,default,dairy,7006,"Cheese, processed product, mozzarella, slices",,,unspecified_in_description,TOKEN_MATCH,0.73,4,REVIEW,Lexical candidate only; human confirmation required. Alias evidence came from a VALID prior mapping row.,mozzarella cheese,37,,https://open.canada.ca/data/dataset/1b6139bd-ed7e-4043-bc28-ff00e10f3109,2012-08-09,raw=0;dry=0;cooked=0;boiled=0;unspecified=132
ING00076,mozzarella,Mozzarella,default,dairy,7739,"Cheese, cheddar and mozzarella blend, shredded",,,unspecified_in_description,TOKEN_MATCH,0.7,5,REVIEW,Lexical candidate only; human confirmation required. Alias evidence came from a VALID prior mapping row.,mozzarella cheese,37,,https://open.canada.ca/data/dataset/1b6139bd-ed7e-4043-bc28-ff00e10f3109,2026-01-28,raw=0;dry=0;cooked=0;boiled=0;unspecified=132
ING00076,mozzarella,Mozzarella,default,dairy,110,"Cheese, mozzarella/pizza mozzarella (25% M.F.)",,,unspecified_in_description,TOKEN_MATCH,0.7,6,REVIEW,Lexical candidate only; human confirmation required. Alias evidence came from a VALID prior mapping row.,mozzarella cheese,37,01026,https://open.canada.ca/data/dataset/1b6139bd-ed7e-4043-bc28-ff00e10f3109,2026-01-28,raw=0;dry=0;cooked=0;boiled=0;unspecified=132
ING00076,mozzarella,Mozzarella,default,dairy,6813,"Mozzarella sticks, fried",,,fried;sticks,TOKEN_MATCH,0.7,7,REVIEW,Lexical candidate only; human confirmation required.,Mozzarella,0,36012,https://open.canada.ca/data/dataset/1b6139bd-ed7e-4043-bc28-ff00e10f3109,2012-07-24,raw=0;dry=0;cooked=0;boiled=0;unspecified=132
ING00076,mozzarella,Mozzarella,default,dairy,7740,"Cheese, cheddar and mozzarella blend, shredded, light",,,unspecified_in_description,TOKEN_MATCH,0.6786,8,REVIEW,Lexical candidate only; human confirmation required. Alias evidence came from a VALID prior mapping row.,mozzarella cheese,37,,https://open.canada.ca/data/dataset/1b6139bd-ed7e-4043-bc28-ff00e10f3109,2026-01-28,raw=0;dry=0;cooked=0;boiled=0;unspecified=132
ING00076,mozzarella,Mozzarella,default,dairy,35,"Cheese, mozzarella, (48% water, 25% M.F.)",,,unspecified_in_description,TOKEN_MATCH,0.6786,9,REVIEW,Lexical candidate only; human confirmation required. Alias evidence came from a VALID prior mapping row.,mozzarella cheese,0,01027,https://open.canada.ca/data/dataset/1b6139bd-ed7e-4043-bc28-ff00e10f3109,2012-07-24,raw=0;dry=0;cooked=0;boiled=0;unspecified=132
ING00076,mozzarella,Mozzarella,default,dairy,111,"Cheese, mozzarella, partly skimmed (17% M.F.)",,,unspecified_in_description,TOKEN_MATCH,0.6786,10,REVIEW,Lexical candidate only; human confirmation required. Alias evidence came from a VALID prior mapping row.,mozzarella cheese,37,01028,https://open.canada.ca/data/dataset/1b6139bd-ed7e-4043-bc28-ff00e10f3109,2026-01-28,raw=0;dry=0;cooked=0;boiled=0;unspecified=132
ING00077,mustard,Mustard,default,spice,2126,"Mustard greens, raw",,,raw,TOKEN_MATCH,0.7,1,REVIEW,Lexical candidate only; human confirmation required.,Mustard,0,11270,https://open.canada.ca/data/dataset/1b6139bd-ed7e-4043-bc28-ff00e10f3109,2012-07-11,raw=0;dry=0;cooked=0;boiled=0;unspecified=123
ING00077,mustard,Mustard,default,spice,2127,"Mustard greens, boiled, drained",,,boiled;drained,TOKEN_MATCH,0.6625,2,REVIEW,Lexical candidate only; human confirmation required.,Mustard,0,11271,https://open.canada.ca/data/dataset/1b6139bd-ed7e-4043-bc28-ff00e10f3109,2012-07-11,raw=0;dry=0;cooked=0;boiled=0;unspecified=123
ING00077,mustard,Mustard,default,spice,2128,"Mustard greens, frozen, unprepared",,,frozen,TOKEN_MATCH,0.6625,3,REVIEW,Lexical candidate only; human confirmation required.,Mustard,0,11272,https://open.canada.ca/data/dataset/1b6139bd-ed7e-4043-bc28-ff00e10f3109,2012-07-11,raw=0;dry=0;cooked=0;boiled=0;unspecified=123
ING00077,mustard,Mustard,default,spice,2130,"Mustard spinach (tendergreen), raw",,,raw,TOKEN_MATCH,0.6625,4,REVIEW,Lexical candidate only; human confirmation required.,Mustard,0,11274,https://open.canada.ca/data/dataset/1b6139bd-ed7e-4043-bc28-ff00e10f3109,2012-07-11,raw=0;dry=0;cooked=0;boiled=0;unspecified=123
ING00077,mustard,Mustard,default,spice,2129,"Mustard greens, frozen, boiled, drained",,,boiled;frozen;drained,TOKEN_MATCH,0.64,5,REVIEW,Lexical candidate only; human confirmation required.,Mustard,0,11273,https://open.canada.ca/data/dataset/1b6139bd-ed7e-4043-bc28-ff00e10f3109,2012-07-11,raw=0;dry=0;cooked=0;boiled=0;unspecified=123
ING00077,mustard,Mustard,default,spice,2131,"Mustard spinach (tendergreen), boiled, drained",,,boiled;drained,TOKEN_MATCH,0.64,6,REVIEW,Lexical candidate only; human confirmation required.,Mustard,0,11275,https://open.canada.ca/data/dataset/1b6139bd-ed7e-4043-bc28-ff00e10f3109,2012-07-11,raw=0;dry=0;cooked=0;boiled=0;unspecified=123
ING00077,mustard,Mustard,default,spice,6461,"Mustard greens, boiled, drained, with salt",,,boiled;drained,TOKEN_MATCH,0.625,7,REVIEW,Lexical candidate only; human confirmation required.,Mustard,0,11799,https://open.canada.ca/data/dataset/1b6139bd-ed7e-4043-bc28-ff00e10f3109,2012-07-11,raw=0;dry=0;cooked=0;boiled=0;unspecified=123
ING00077,mustard,Mustard,default,spice,6462,"Mustard greens, frozen, boiled, drained, with salt",,,boiled;frozen;drained,TOKEN_MATCH,0.6143,8,REVIEW,Lexical candidate only; human confirmation required.,Mustard,0,11800,https://open.canada.ca/data/dataset/1b6139bd-ed7e-4043-bc28-ff00e10f3109,2012-07-12,raw=0;dry=0;cooked=0;boiled=0;unspecified=123
ING00077,mustard,Mustard,default,spice,6463,"Mustard spinach (tendergreen), boiled, drained, with salt",,,boiled;drained,TOKEN_MATCH,0.6143,9,REVIEW,Lexical candidate only; human confirmation required.,Mustard,0,11801,https://open.canada.ca/data/dataset/1b6139bd-ed7e-4043-bc28-ff00e10f3109,2012-07-11,raw=0;dry=0;cooked=0;boiled=0;unspecified=123
ING00077,mustard,Mustard,default,spice,192,"Spices, mustard seed, yellow",,,seed;yellow,TOKEN_MATCH,0.6625,10,REVIEW,Lexical candidate only; human confirmation required.,Mustard,0,02024,https://open.canada.ca/data/dataset/1b6139bd-ed7e-4043-bc28-ff00e10f3109,2013-02-13,raw=0;dry=0;cooked=0;boiled=0;unspecified=123
ING00078,mustard,Mustard Oil,oil,oil,452,"Vegetable oil, mustard",,,oil,TOKEN_MATCH;FORM_MATCH,0.89,1,REVIEW,Lexical candidate only; human confirmation required.,Mustard Oil,0,04583,https://open.canada.ca/data/dataset/1b6139bd-ed7e-4043-bc28-ff00e10f3109,2026-01-28,raw=0;dry=0;cooked=0;boiled=0;unspecified=272
ING00078,mustard,Mustard Oil,oil,oil,2126,"Mustard greens, raw",,,raw,TOKEN_MATCH;FORM_CONFLICT,0.58,2,REVIEW,Lexical candidate only; human confirmation required.,mustard,0,11270,https://open.canada.ca/data/dataset/1b6139bd-ed7e-4043-bc28-ff00e10f3109,2012-07-11,raw=0;dry=0;cooked=0;boiled=0;unspecified=272
ING00078,mustard,Mustard Oil,oil,oil,2127,"Mustard greens, boiled, drained",,,boiled;drained,TOKEN_MATCH;FORM_CONFLICT,0.5425,3,REVIEW,Lexical candidate only; human confirmation required.,mustard,0,11271,https://open.canada.ca/data/dataset/1b6139bd-ed7e-4043-bc28-ff00e10f3109,2012-07-11,raw=0;dry=0;cooked=0;boiled=0;unspecified=272
ING00078,mustard,Mustard Oil,oil,oil,2128,"Mustard greens, frozen, unprepared",,,frozen,TOKEN_MATCH;FORM_CONFLICT,0.5425,4,REVIEW,Lexical candidate only; human confirmation required.,mustard,0,11272,https://open.canada.ca/data/dataset/1b6139bd-ed7e-4043-bc28-ff00e10f3109,2012-07-11,raw=0;dry=0;cooked=0;boiled=0;unspecified=272
ING00078,mustard,Mustard Oil,oil,oil,2130,"Mustard spinach (tendergreen), raw",,,raw,TOKEN_MATCH;FORM_CONFLICT,0.5425,5,REVIEW,Lexical candidate only; human confirmation required.,mustard,0,11274,https://open.canada.ca/data/dataset/1b6139bd-ed7e-4043-bc28-ff00e10f3109,2012-07-11,raw=0;dry=0;cooked=0;boiled=0;unspecified=272
ING00078,mustard,Mustard Oil,oil,oil,192,"Spices, mustard seed, yellow",,,seed;yellow,TOKEN_MATCH;FORM_CONFLICT,0.5425,6,REVIEW,Lexical candidate only; human confirmation required.,mustard,0,02024,https://open.canada.ca/data/dataset/1b6139bd-ed7e-4043-bc28-ff00e10f3109,2013-02-13,raw=0;dry=0;cooked=0;boiled=0;unspecified=272
ING00078,mustard,Mustard Oil,oil,oil,2129,"Mustard greens, frozen, boiled, drained",,,boiled;frozen;drained,TOKEN_MATCH;FORM_CONFLICT,0.52,7,REVIEW,Lexical candidate only; human confirmation required.,mustard,0,11273,https://open.canada.ca/data/dataset/1b6139bd-ed7e-4043-bc28-ff00e10f3109,2012-07-11,raw=0;dry=0;cooked=0;boiled=0;unspecified=272
ING00078,mustard,Mustard Oil,oil,oil,2131,"Mustard spinach (tendergreen), boiled, drained",,,boiled;drained,TOKEN_MATCH;FORM_CONFLICT,0.52,8,REVIEW,Lexical candidate only; human confirmation required.,mustard,0,11275,https://open.canada.ca/data/dataset/1b6139bd-ed7e-4043-bc28-ff00e10f3109,2012-07-11,raw=0;dry=0;cooked=0;boiled=0;unspecified=272
ING00078,mustard,Mustard Oil,oil,oil,6461,"Mustard greens, boiled, drained, with salt",,,boiled;drained,TOKEN_MATCH;FORM_CONFLICT,0.505,9,REVIEW,Lexical candidate only; human confirmation required.,mustard,0,11799,https://open.canada.ca/data/dataset/1b6139bd-ed7e-4043-bc28-ff00e10f3109,2012-07-11,raw=0;dry=0;cooked=0;boiled=0;unspecified=272
ING00078,mustard,Mustard Oil,oil,oil,6462,"Mustard greens, frozen, boiled, drained, with salt",,,boiled;frozen;drained,TOKEN_MATCH;FORM_CONFLICT,0.4943,10,REVIEW,Lexical candidate only; human confirmation required.,mustard,0,11800,https://open.canada.ca/data/dataset/1b6139bd-ed7e-4043-bc28-ff00e10f3109,2012-07-12,raw=0;dry=0;cooked=0;boiled=0;unspecified=272
ING00079,mustard,Mustard Seeds,seed,spice,192,"Spices, mustard seed, yellow",,,seed;yellow,TOKEN_MATCH;FORM_MATCH,0.815,1,REVIEW,Lexical candidate only; human confirmation required.,Mustard Seeds,0,02024,https://open.canada.ca/data/dataset/1b6139bd-ed7e-4043-bc28-ff00e10f3109,2013-02-13,raw=0;dry=0;cooked=0;boiled=0;unspecified=1249
ING00079,mustard,Mustard Seeds,seed,spice,2126,"Mustard greens, raw",,,raw,TOKEN_MATCH;FORM_CONFLICT,0.58,2,REVIEW,Lexical candidate only; human confirmation required.,mustard,0,11270,https://open.canada.ca/data/dataset/1b6139bd-ed7e-4043-bc28-ff00e10f3109,2012-07-11,raw=0;dry=0;cooked=0;boiled=0;unspecified=1249
ING00079,mustard,Mustard Seeds,seed,spice,2127,"Mustard greens, boiled, drained",,,boiled;drained,TOKEN_MATCH;FORM_CONFLICT,0.5425,3,REVIEW,Lexical candidate only; human confirmation required.,mustard,0,11271,https://open.canada.ca/data/dataset/1b6139bd-ed7e-4043-bc28-ff00e10f3109,2012-07-11,raw=0;dry=0;cooked=0;boiled=0;unspecified=1249
ING00079,mustard,Mustard Seeds,seed,spice,2128,"Mustard greens, frozen, unprepared",,,frozen,TOKEN_MATCH;FORM_CONFLICT,0.5425,4,REVIEW,Lexical candidate only; human confirmation required.,mustard,0,11272,https://open.canada.ca/data/dataset/1b6139bd-ed7e-4043-bc28-ff00e10f3109,2012-07-11,raw=0;dry=0;cooked=0;boiled=0;unspecified=1249
ING00079,mustard,Mustard Seeds,seed,spice,2130,"Mustard spinach (tendergreen), raw",,,raw,TOKEN_MATCH;FORM_CONFLICT,0.5425,5,REVIEW,Lexical candidate only; human confirmation required.,mustard,0,11274,https://open.canada.ca/data/dataset/1b6139bd-ed7e-4043-bc28-ff00e10f3109,2012-07-11,raw=0;dry=0;cooked=0;boiled=0;unspecified=1249
ING00079,mustard,Mustard Seeds,seed,spice,2129,"Mustard greens, frozen, boiled, drained",,,boiled;frozen;drained,TOKEN_MATCH;FORM_CONFLICT,0.52,6,REVIEW,Lexical candidate only; human confirmation required.,mustard,0,11273,https://open.canada.ca/data/dataset/1b6139bd-ed7e-4043-bc28-ff00e10f3109,2012-07-11,raw=0;dry=0;cooked=0;boiled=0;unspecified=1249
ING00079,mustard,Mustard Seeds,seed,spice,2131,"Mustard spinach (tendergreen), boiled, drained",,,boiled;drained,TOKEN_MATCH;FORM_CONFLICT,0.52,7,REVIEW,Lexical candidate only; human confirmation required.,mustard,0,11275,https://open.canada.ca/data/dataset/1b6139bd-ed7e-4043-bc28-ff00e10f3109,2012-07-11,raw=0;dry=0;cooked=0;boiled=0;unspecified=1249
ING00079,mustard,Mustard Seeds,seed,spice,6461,"Mustard greens, boiled, drained, with salt",,,boiled;drained,TOKEN_MATCH;FORM_CONFLICT,0.505,8,REVIEW,Lexical candidate only; human confirmation required.,mustard,0,11799,https://open.canada.ca/data/dataset/1b6139bd-ed7e-4043-bc28-ff00e10f3109,2012-07-11,raw=0;dry=0;cooked=0;boiled=0;unspecified=1249
ING00079,mustard,Mustard Seeds,seed,spice,6462,"Mustard greens, frozen, boiled, drained, with salt",,,boiled;frozen;drained,TOKEN_MATCH;FORM_CONFLICT,0.4943,9,REVIEW,Lexical candidate only; human confirmation required.,mustard,0,11800,https://open.canada.ca/data/dataset/1b6139bd-ed7e-4043-bc28-ff00e10f3109,2012-07-12,raw=0;dry=0;cooked=0;boiled=0;unspecified=1249
ING00079,mustard,Mustard Seeds,seed,spice,6463,"Mustard spinach (tendergreen), boiled, drained, with salt",,,boiled;drained,TOKEN_MATCH;FORM_CONFLICT,0.4943,10,REVIEW,Lexical candidate only; human confirmation required.,mustard,0,11801,https://open.canada.ca/data/dataset/1b6139bd-ed7e-4043-bc28-ff00e10f3109,2012-07-11,raw=0;dry=0;cooked=0;boiled=0;unspecified=1249
ING00080,mutton,Mutton,default,meat,,,,,,NO_MATCH,0.0,1,NO_MATCH,No plausible CNF candidate met the deterministic or fuzzy review thresholds.,,,,,,raw=0;dry=0;cooked=0;boiled=0;unspecified=78
ING00081,oats,Oats,default,other,4421,"Grains, oats, dry",,,dry,TOKEN_MATCH,0.7,1,REVIEW,Lexical candidate only; human confirmation required.,Oats,0,20038,https://open.canada.ca/data/dataset/1b6139bd-ed7e-4043-bc28-ff00e10f3109,2012-08-01,raw=0;dry=0;cooked=2;boiled=0;unspecified=138
ING00082,olive oil,Olive Oil,default,oil,422,"Vegetable oil, olive",,,oil,TOKEN_MATCH,0.85,1,REVIEW,Lexical candidate only; human confirmation required.,Olive Oil,0,04053,https://open.canada.ca/data/dataset/1b6139bd-ed7e-4043-bc28-ff00e10f3109,2012-06-27,raw=0;dry=0;cooked=0;boiled=0;unspecified=774
ING00082,olive oil,Olive Oil,default,oil,5622,"Vegetable oil, corn, peanut and olive",,,oil,TOKEN_MATCH,0.7,2,REVIEW,Lexical candidate only; human confirmation required.,Olive Oil,12,44005,https://open.canada.ca/data/dataset/1b6139bd-ed7e-4043-bc28-ff00e10f3109,2012-06-27,raw=0;dry=0;cooked=0;boiled=0;unspecified=774
ING00083,onion,Onion,default,vegetable,2401,"Onion, raw",,,raw,TOKEN_MATCH,0.775,1,REVIEW,Lexical candidate only; human confirmation required.,Onion,3,11282,https://open.canada.ca/data/dataset/1b6139bd-ed7e-4043-bc28-ff00e10f3109,2012-07-11,raw=0;dry=0;cooked=8;boiled=0;unspecified=2709
ING00083,onion,Onion,default,vegetable,2402,"Onion, boiled, drained",,,boiled;drained,TOKEN_MATCH,0.7,2,REVIEW,Lexical candidate only; human confirmation required.,Onion,3,11283,https://open.canada.ca/data/dataset/1b6139bd-ed7e-4043-bc28-ff00e10f3109,2012-07-11,raw=0;dry=0;cooked=8;boiled=0;unspecified=2709
ING00083,onion,Onion,default,vegetable,5414,"Onion, sweet, raw",,,raw,TOKEN_MATCH,0.7,3,REVIEW,Lexical candidate only; human confirmation required.,Onion,0,11294,https://open.canada.ca/data/dataset/1b6139bd-ed7e-4043-bc28-ff00e10f3109,2012-07-11,raw=0;dry=0;cooked=8;boiled=0;unspecified=2709
ING00083,onion,Onion,default,vegetable,2145,"Onion, Welsh, raw",,,raw,TOKEN_MATCH,0.7,4,REVIEW,Lexical candidate only; human confirmation required.,Onion,0,11293,https://open.canada.ca/data/dataset/1b6139bd-ed7e-4043-bc28-ff00e10f3109,2026-01-28,raw=0;dry=0;cooked=8;boiled=0;unspecified=2709
ING00083,onion,Onion,default,vegetable,2140,"Onion, frozen, chopped, unprepared",,,frozen,TOKEN_MATCH,0.6625,5,REVIEW,Lexical candidate only; human confirmation required.,Onion,0,11287,https://open.canada.ca/data/dataset/1b6139bd-ed7e-4043-bc28-ff00e10f3109,2012-07-11,raw=0;dry=0;cooked=8;boiled=0;unspecified=2709
ING00083,onion,Onion,default,vegetable,2483,"Onion, boiled, drained, with salt",,,boiled;drained,TOKEN_MATCH,0.64,6,REVIEW,Lexical candidate only; human confirmation required.,Onion,3,11805,https://open.canada.ca/data/dataset/1b6139bd-ed7e-4043-bc28-ff00e10f3109,2012-07-11,raw=0;dry=0;cooked=8;boiled=0;unspecified=2709
ING00083,onion,Onion,default,vegetable,2141,"Onion, frozen, chopped, boiled, drained",,,boiled;frozen;drained,TOKEN_MATCH,0.64,7,REVIEW,Lexical candidate only; human confirmation required.,Onion,0,11288,https://open.canada.ca/data/dataset/1b6139bd-ed7e-4043-bc28-ff00e10f3109,2012-07-11,raw=0;dry=0;cooked=8;boiled=0;unspecified=2709
ING00083,onion,Onion,default,vegetable,2158,"Peas and onions, frozen, unprepared",,,frozen,TOKEN_MATCH,0.64,8,REVIEW,Lexical candidate only; human confirmation required.,Onion,0,11326,https://open.canada.ca/data/dataset/1b6139bd-ed7e-4043-bc28-ff00e10f3109,2012-07-11,raw=0;dry=0;cooked=8;boiled=0;unspecified=2709
ING00083,onion,Onion,default,vegetable,2159,"Peas and onions, frozen, boiled, drained",,,boiled;frozen;drained,TOKEN_MATCH,0.625,9,REVIEW,Lexical candidate only; human confirmation required.,Onion,0,11327,https://open.canada.ca/data/dataset/1b6139bd-ed7e-4043-bc28-ff00e10f3109,2012-07-11,raw=0;dry=0;cooked=8;boiled=0;unspecified=2709
ING00083,onion,Onion,default,vegetable,6468,"Onion, frozen, chopped, boiled, drained, with salt",,,boiled;frozen;drained,TOKEN_MATCH,0.6143,10,REVIEW,Lexical candidate only; human confirmation required.,Onion,0,11806,https://open.canada.ca/data/dataset/1b6139bd-ed7e-4043-bc28-ff00e10f3109,2012-07-11,raw=0;dry=0;cooked=8;boiled=0;unspecified=2709
ING00084,oregano,Oregano,default,herb,195,"Spices, oregano, ground",,,ground,TOKEN_MATCH,0.7,1,REVIEW,Lexical candidate only; human confirmation required.,Oregano,0,02027,https://open.canada.ca/data/dataset/1b6139bd-ed7e-4043-bc28-ff00e10f3109,2012-06-29,raw=0;dry=229;cooked=0;boiled=0;unspecified=3
ING00085,paneer,Paneer,default,dairy,,,,,,NO_MATCH,0.0,1,NO_MATCH,No plausible CNF candidate met the deterministic or fuzzy review thresholds.,,,,,,raw=0;dry=0;cooked=0;boiled=0;unspecified=250
ING00086,paprika,Paprika (Powder),powder,spice,196,"Spices, paprika",,,unspecified_in_description,TOKEN_MATCH,0.775,1,REVIEW,Lexical candidate only; human confirmation required.,paprika,0,02028,https://open.canada.ca/data/dataset/1b6139bd-ed7e-4043-bc28-ff00e10f3109,2012-06-29,raw=0;dry=0;cooked=0;boiled=0;unspecified=102
ING00087,parmesan,Parmesan,default,dairy,40,"Cheese, parmesan, hard",,,unspecified_in_description,TOKEN_MATCH,0.85,1,REVIEW,Lexical candidate only; human confirmation required. Alias evidence came from a VALID prior mapping row.,parmesan cheese,3,01033,https://open.canada.ca/data/dataset/1b6139bd-ed7e-4043-bc28-ff00e10f3109,2026-01-27,raw=0;dry=0;cooked=0;boiled=0;unspecified=98
ING00087,parmesan,Parmesan,default,dairy,7764,"Cheese, parmesan, refrigerated",,,unspecified_in_description,TOKEN_MATCH,0.85,2,REVIEW,Lexical candidate only; human confirmation required. Alias evidence came from a VALID prior mapping row.,parmesan cheese,37,,https://open.canada.ca/data/dataset/1b6139bd-ed7e-4043-bc28-ff00e10f3109,2026-01-28,raw=0;dry=0;cooked=0;boiled=0;unspecified=98
ING00087,parmesan,Parmesan,default,dairy,93,"Cheese, parmesan, shredded",,,unspecified_in_description,TOKEN_MATCH,0.85,3,REVIEW,Lexical candidate only; human confirmation required. Alias evidence came from a VALID prior mapping row.,parmesan cheese,0,01146,https://open.canada.ca/data/dataset/1b6139bd-ed7e-4043-bc28-ff00e10f3109,2012-07-24,raw=0;dry=0;cooked=0;boiled=0;unspecified=98
ING00087,parmesan,Parmesan,default,dairy,5580,"Cheese, parmesan, low sodium",,,unspecified_in_description,TOKEN_MATCH,0.775,4,REVIEW,Lexical candidate only; human confirmation required. Alias evidence came from a VALID prior mapping row.,parmesan cheese,12,43340,https://open.canada.ca/data/dataset/1b6139bd-ed7e-4043-bc28-ff00e10f3109,2012-07-24,raw=0;dry=0;cooked=0;boiled=0;unspecified=98
ING00087,parmesan,Parmesan,default,dairy,39,"Cheese, parmesan, shelf stable",,,unspecified_in_description,TOKEN_MATCH,0.775,5,REVIEW,Lexical candidate only; human confirmation required. Alias evidence came from a VALID prior mapping row.,parmesan cheese,37,01032,https://open.canada.ca/data/dataset/1b6139bd-ed7e-4043-bc28-ff00e10f3109,2019-06-05,raw=0;dry=0;cooked=0;boiled=0;unspecified=98
ING00087,parmesan,Parmesan,default,dairy,7765,"Cheese, parmesan fondue, breaded square, ready-to-serve",,,unspecified_in_description,TOKEN_MATCH,0.6625,6,REVIEW,Lexical candidate only; human confirmation required. Alias evidence came from a VALID prior mapping row.,parmesan cheese,37,,https://open.canada.ca/data/dataset/1b6139bd-ed7e-4043-bc28-ff00e10f3109,2026-01-28,raw=0;dry=0;cooked=0;boiled=0;unspecified=98
ING00087,parmesan,Parmesan,default,dairy,6308,"Cheese, parmesan, dry grated, reduced fat",,"lower fat, lower in fat, less fat, reduced fat, reduced in fat, fat reduced",dry,TOKEN_MATCH,0.7,7,REVIEW,Lexical candidate only; human confirmation required. Alias evidence came from a VALID prior mapping row.,parmesan cheese,0,01204,https://open.canada.ca/data/dataset/1b6139bd-ed7e-4043-bc28-ff00e10f3109,2026-01-28,raw=0;dry=0;cooked=0;boiled=0;unspecified=98
ING00088,parsley,Parsley,default,herb,2405,"Parsley, fresh",,,fresh,TOKEN_MATCH,0.775,1,REVIEW,Lexical candidate only; human confirmation required.,Parsley,3,11297,https://open.canada.ca/data/dataset/1b6139bd-ed7e-4043-bc28-ff00e10f3109,2012-06-21,raw=0;dry=7;cooked=0;boiled=0;unspecified=131
ING00088,parsley,Parsley,default,herb,2298,"Parsley, freeze-dried",,,dried,TOKEN_MATCH,0.7,2,REVIEW,Lexical candidate only; human confirmation required.,Parsley,0,11625,https://open.canada.ca/data/dataset/1b6139bd-ed7e-4043-bc28-ff00e10f3109,2012-07-03,raw=0;dry=7;cooked=0;boiled=0;unspecified=131
ING00088,parsley,Parsley,default,herb,197,"Spices, parsley, dried",,,dried,TOKEN_MATCH,0.7,3,REVIEW,Lexical candidate only; human confirmation required.,Parsley,0,02029,https://open.canada.ca/data/dataset/1b6139bd-ed7e-4043-bc28-ff00e10f3109,2026-02-11,raw=0;dry=7;cooked=0;boiled=0;unspecified=131
ING00089,peanut,Peanut,default,nut,3303,"Peanuts, Spanish, raw",,,raw,TOKEN_MATCH,0.85,1,REVIEW,Lexical candidate only; human confirmation required. Alias evidence came from a VALID prior mapping row.,raw peanuts,0,16091,https://open.canada.ca/data/dataset/1b6139bd-ed7e-4043-bc28-ff00e10f3109,2026-01-28,raw=121;dry=2;cooked=155;boiled=5;unspecified=42
ING00089,peanut,Peanut,default,nut,3305,"Peanuts, Valencia, raw",,,raw,TOKEN_MATCH,0.85,2,REVIEW,Lexical candidate only; human confirmation required. Alias evidence came from a VALID prior mapping row.,raw peanuts,0,16093,https://open.canada.ca/data/dataset/1b6139bd-ed7e-4043-bc28-ff00e10f3109,2026-01-28,raw=121;dry=2;cooked=155;boiled=5;unspecified=42
ING00089,peanut,Peanut,default,nut,3307,"Peanuts, Virginia, raw",,,raw,TOKEN_MATCH,0.85,3,REVIEW,Lexical candidate only; human confirmation required. Alias evidence came from a VALID prior mapping row.,raw peanuts,0,16095,https://open.canada.ca/data/dataset/1b6139bd-ed7e-4043-bc28-ff00e10f3109,2026-01-28,raw=121;dry=2;cooked=155;boiled=5;unspecified=42
ING00089,peanut,Peanut,default,nut,3396,"Peanuts, all types, raw",,,raw,TOKEN_MATCH,0.775,4,REVIEW,Lexical candidate only; human confirmation required. Alias evidence came from a VALID prior mapping row.,raw peanuts,3,16087,https://open.canada.ca/data/dataset/1b6139bd-ed7e-4043-bc28-ff00e10f3109,2026-01-28,raw=121;dry=2;cooked=155;boiled=5;unspecified=42
ING00089,peanut,Peanut,default,nut,3362,"Peanuts, all types, dry roasted",,,dry;roasted,TOKEN_MATCH,0.73,5,REVIEW,Lexical candidate only; human confirmation required. Alias evidence came from a VALID prior mapping row.,roasted peanuts,0,16390,https://open.canada.ca/data/dataset/1b6139bd-ed7e-4043-bc28-ff00e10f3109,2026-01-28,raw=121;dry=2;cooked=155;boiled=5;unspecified=42
ING00089,peanut,Peanut,default,nut,3397,"Peanuts, all types, boiled, salt added",,,boiled,TOKEN_MATCH,0.7,6,REVIEW,Lexical candidate only; human confirmation required. Alias evidence came from a VALID prior mapping row.,boiled peanuts,3,16088,https://open.canada.ca/data/dataset/1b6139bd-ed7e-4043-bc28-ff00e10f3109,2026-01-28,raw=121;dry=2;cooked=155;boiled=5;unspecified=42
ING00089,peanut,Peanut,default,nut,3302,"Peanuts, all types, dry-roasted, salt added",,,dry;roasted,TOKEN_MATCH,0.6786,7,REVIEW,Lexical candidate only; human confirmation required. Alias evidence came from a VALID prior mapping row.,roasted peanuts,0,16090,https://open.canada.ca/data/dataset/1b6139bd-ed7e-4043-bc28-ff00e10f3109,2026-01-28,raw=121;dry=2;cooked=155;boiled=5;unspecified=42
ING00089,peanut,Peanut,default,nut,6289,"Peanut butter, natural",,,unspecified_in_description,TOKEN_MATCH,0.7,8,REVIEW,Lexical candidate only; human confirmation required.,Peanut,0,,https://open.canada.ca/data/dataset/1b6139bd-ed7e-4043-bc28-ff00e10f3109,2026-01-28,raw=121;dry=2;cooked=155;boiled=5;unspecified=42
ING00089,peanut,Peanut,default,nut,5509,"Peanut butter, reduced sodium",,,unspecified_in_description,TOKEN_MATCH,0.6625,9,REVIEW,Lexical candidate only; human confirmation required.,Peanut,12,42291,https://open.canada.ca/data/dataset/1b6139bd-ed7e-4043-bc28-ff00e10f3109,2026-01-28,raw=121;dry=2;cooked=155;boiled=5;unspecified=42
ING00089,peanut,Peanut,default,nut,6220,"Peanut butter, reduced sugar",,"lower sugar, lower in sugar, less sugar, reduced sugar, reduced in sugar",unspecified_in_description,TOKEN_MATCH,0.6625,10,REVIEW,Lexical candidate only; human confirmation required.,Peanut,0,16149,https://open.canada.ca/data/dataset/1b6139bd-ed7e-4043-bc28-ff00e10f3109,2026-01-28,raw=121;dry=2;cooked=155;boiled=5;unspecified=42
ING00090,pistachio,Pistachio,default,nut,2644,"Nuts, pistachio nuts, raw",,,raw,TOKEN_MATCH,0.7,1,REVIEW,Lexical candidate only; human confirmation required.,Pistachio,3,12151,https://open.canada.ca/data/dataset/1b6139bd-ed7e-4043-bc28-ff00e10f3109,2012-06-19,raw=0;dry=0;cooked=2;boiled=0;unspecified=147
ING00090,pistachio,Pistachio,default,nut,2588,"Nuts, pistachio nuts, dry roasted","Fr USDA  ~Additional phytosterols total 89 mg/100 g; these include delta 5-avenasterol (26.2), sitostanol (2.3), campestanol (4.9), and other minor phytosterols (55.6 mg)",,dry;roasted,TOKEN_MATCH,0.6625,2,REVIEW,Lexical candidate only; human confirmation required.,Pistachio,0,12152,https://open.canada.ca/data/dataset/1b6139bd-ed7e-4043-bc28-ff00e10f3109,2026-01-28,raw=0;dry=0;cooked=2;boiled=0;unspecified=147
ING00090,pistachio,Pistachio,default,nut,2637,"Nuts, pistachio nuts, dry roasted, salt added","Fr US: ~Additional phytosterols total 89 mg/100 g; these include delta 5-avenasterol (26.2), sitostanol (2.3), campestanol (4.9), and other minor phytosterols (55.6 mg)",,dry;roasted,TOKEN_MATCH,0.625,3,REVIEW,Lexical candidate only; human confirmation required.,Pistachio,0,12652,https://open.canada.ca/data/dataset/1b6139bd-ed7e-4043-bc28-ff00e10f3109,2026-01-28,raw=0;dry=0;cooked=2;boiled=0;unspecified=147
ING00091,poppy,Poppy (Seed),seed,seed,201,"Spices, poppy seed",,,seed,TOKEN_MATCH;FORM_MATCH,0.89,1,REVIEW,Lexical candidate only; human confirmation required.,Poppy (Seed),0,02033,https://open.canada.ca/data/dataset/1b6139bd-ed7e-4043-bc28-ff00e10f3109,2012-06-29,raw=0;dry=0;cooked=6;boiled=0;unspecified=144
ING00092,potato,Potato,default,vegetable,6509,"Potato, au gratin, homemade, with margarine",,"potato, potatoes",unspecified_in_description,ALIAS_MATCH,0.96,1,REVIEW,Recipe form is not explicit and CNF has multiple raw/dry/cooked alternatives.,Potato,0,11843,https://open.canada.ca/data/dataset/1b6139bd-ed7e-4043-bc28-ff00e10f3109,2026-01-28,raw=1;dry=0;cooked=7;boiled=235;unspecified=330
ING00092,potato,Potato,default,vegetable,2421,"Potato, boiled with skin, flesh",,"potato, potatoes",boiled,ALIAS_MATCH,0.96,2,REVIEW,Recipe form is not explicit and CNF has multiple raw/dry/cooked alternatives.,Potato,3,11365,https://open.canada.ca/data/dataset/1b6139bd-ed7e-4043-bc28-ff00e10f3109,2026-01-28,raw=1;dry=0;cooked=7;boiled=235;unspecified=330
ING00092,potato,Potato,default,vegetable,6513,"Potato, boiled with skin, flesh, with salt",,"potato, potatoes",boiled,ALIAS_MATCH,0.96,3,REVIEW,Recipe form is not explicit and CNF has multiple raw/dry/cooked alternatives.,Potato,0,11831,https://open.canada.ca/data/dataset/1b6139bd-ed7e-4043-bc28-ff00e10f3109,2026-01-28,raw=1;dry=0;cooked=7;boiled=235;unspecified=330
ING00092,potato,Potato,default,vegetable,2167,"Potato, boiled with skin, skin only",,"potato, potatoes",boiled,ALIAS_MATCH,0.96,4,REVIEW,Recipe form is not explicit and CNF has multiple raw/dry/cooked alternatives.,Potato,0,11366,https://open.canada.ca/data/dataset/1b6139bd-ed7e-4043-bc28-ff00e10f3109,2026-01-28,raw=1;dry=0;cooked=7;boiled=235;unspecified=330
ING00092,potato,Potato,default,vegetable,6514,"Potato, boiled with skin, skin only, with salt",,"potato, potatoes",boiled,ALIAS_MATCH,0.96,5,REVIEW,Recipe form is not explicit and CNF has multiple raw/dry/cooked alternatives.,Potato,0,11832,https://open.canada.ca/data/dataset/1b6139bd-ed7e-4043-bc28-ff00e10f3109,2026-01-28,raw=1;dry=0;cooked=7;boiled=235;unspecified=330
ING00092,potato,Potato,default,vegetable,2422,"Potato, boiled without skin, flesh",,"potato, potatoes",boiled,ALIAS_MATCH,0.96,6,REVIEW,Recipe form is not explicit and CNF has multiple raw/dry/cooked alternatives.,Potato,3,11367,https://open.canada.ca/data/dataset/1b6139bd-ed7e-4043-bc28-ff00e10f3109,2026-01-28,raw=1;dry=0;cooked=7;boiled=235;unspecified=330
ING00092,potato,Potato,default,vegetable,6515,"Potato, boiled without skin, flesh, with salt",,"potato, potatoes",boiled,ALIAS_MATCH,0.96,7,REVIEW,Recipe form is not explicit and CNF has multiple raw/dry/cooked alternatives.,Potato,0,11833,https://open.canada.ca/data/dataset/1b6139bd-ed7e-4043-bc28-ff00e10f3109,2026-01-28,raw=1;dry=0;cooked=7;boiled=235;unspecified=330
ING00092,potato,Potato,default,vegetable,2478,"Potato, flesh and skin, baked",,"potato, potatoes",baked,ALIAS_MATCH,0.96,8,REVIEW,Recipe form is not explicit and CNF has multiple raw/dry/cooked alternatives.,Potato,3,11674,https://open.canada.ca/data/dataset/1b6139bd-ed7e-4043-bc28-ff00e10f3109,2026-01-28,raw=1;dry=0;cooked=7;boiled=235;unspecified=330
ING00092,potato,Potato,default,vegetable,6510,"Potato, flesh and skin, baked, with salt",,"potato, potatoes",baked,ALIAS_MATCH,0.96,9,REVIEW,Recipe form is not explicit and CNF has multiple raw/dry/cooked alternatives.,Potato,0,11828,https://open.canada.ca/data/dataset/1b6139bd-ed7e-4043-bc28-ff00e10f3109,2026-01-28,raw=1;dry=0;cooked=7;boiled=235;unspecified=330
ING00092,potato,Potato,default,vegetable,2479,"Potato, flesh and skin, cooked in skin, microwaved",,"potato, potatoes",cooked,ALIAS_MATCH,0.96,10,REVIEW,Recipe form is not explicit and CNF has multiple raw/dry/cooked alternatives.,Potato,3,11675,https://open.canada.ca/data/dataset/1b6139bd-ed7e-4043-bc28-ff00e10f3109,2026-01-28,raw=1;dry=0;cooked=7;boiled=235;unspecified=330
ING00093,pumpkin,Pumpkin,default,vegetable,2441,"Pumpkin, raw",,,raw,TOKEN_MATCH,0.775,1,REVIEW,Lexical candidate only; human confirmation required.,Pumpkin,3,11422,https://open.canada.ca/data/dataset/1b6139bd-ed7e-4043-bc28-ff00e10f3109,2012-07-11,raw=0;dry=0;cooked=0;boiled=1;unspecified=87
ING00093,pumpkin,Pumpkin,default,vegetable,2442,"Pumpkin, boiled, drained",,,boiled;drained,TOKEN_MATCH,0.7,2,REVIEW,Lexical candidate only; human confirmation required.,Pumpkin,3,11423,https://open.canada.ca/data/dataset/1b6139bd-ed7e-4043-bc28-ff00e10f3109,2012-07-11,raw=0;dry=0;cooked=0;boiled=1;unspecified=87
ING00093,pumpkin,Pumpkin,default,vegetable,2188,"Pumpkin flowers, raw",,,raw,TOKEN_MATCH,0.7,3,REVIEW,Lexical candidate only; human confirmation required.,Pumpkin,0,11416,https://open.canada.ca/data/dataset/1b6139bd-ed7e-4043-bc28-ff00e10f3109,2012-07-11,raw=0;dry=0;cooked=0;boiled=1;unspecified=87
ING00093,pumpkin,Pumpkin,default,vegetable,203,"Spices, pumpkin pie spice",,,unspecified_in_description,TOKEN_MATCH,0.7,4,REVIEW,Lexical candidate only; human confirmation required.,Pumpkin,0,02035,https://open.canada.ca/data/dataset/1b6139bd-ed7e-4043-bc28-ff00e10f3109,2012-06-29,raw=0;dry=0;cooked=0;boiled=1;unspecified=87
ING00093,pumpkin,Pumpkin,default,vegetable,2189,"Pumpkin flowers, boiled, drained",,,boiled;drained,TOKEN_MATCH,0.6625,5,REVIEW,Lexical candidate only; human confirmation required.,Pumpkin,0,11417,https://open.canada.ca/data/dataset/1b6139bd-ed7e-4043-bc28-ff00e10f3109,2012-07-11,raw=0;dry=0;cooked=0;boiled=1;unspecified=87
ING00093,pumpkin,Pumpkin,default,vegetable,6526,"Pumpkin, boiled, drained, with salt",,,boiled;drained,TOKEN_MATCH,0.64,6,REVIEW,Lexical candidate only; human confirmation required.,Pumpkin,0,11845,https://open.canada.ca/data/dataset/1b6139bd-ed7e-4043-bc28-ff00e10f3109,2012-07-11,raw=0;dry=0;cooked=0;boiled=1;unspecified=87
ING00093,pumpkin,Pumpkin,default,vegetable,6527,"Pumpkin flowers, boiled, drained, with salt",,,boiled;drained,TOKEN_MATCH,0.625,7,REVIEW,Lexical candidate only; human confirmation required.,Pumpkin,0,11847,https://open.canada.ca/data/dataset/1b6139bd-ed7e-4043-bc28-ff00e10f3109,2012-07-11,raw=0;dry=0;cooked=0;boiled=1;unspecified=87
ING00093,pumpkin,Pumpkin,default,vegetable,2192,"Pumpkin, canned",,,canned,TOKEN_MATCH,0.775,8,REVIEW,Lexical candidate only; human confirmation required.,Pumpkin,0,11424,https://open.canada.ca/data/dataset/1b6139bd-ed7e-4043-bc28-ff00e10f3109,2012-07-11,raw=0;dry=0;cooked=0;boiled=1;unspecified=87
ING00093,pumpkin,Pumpkin,default,vegetable,2190,"Pumpkin leaves, raw",,,raw;leaves,TOKEN_MATCH,0.7,9,REVIEW,Lexical candidate only; human confirmation required.,Pumpkin,0,11418,https://open.canada.ca/data/dataset/1b6139bd-ed7e-4043-bc28-ff00e10f3109,2012-07-11,raw=0;dry=0;cooked=0;boiled=1;unspecified=87
ING00093,pumpkin,Pumpkin,default,vegetable,2191,"Pumpkin leaves, boiled, drained",,,boiled;drained;leaves,TOKEN_MATCH,0.6625,10,REVIEW,Lexical candidate only; human confirmation required.,Pumpkin,0,11419,https://open.canada.ca/data/dataset/1b6139bd-ed7e-4043-bc28-ff00e10f3109,2012-07-11,raw=0;dry=0;cooked=0;boiled=1;unspecified=87
ING00094,raisin,Raisin,default,dried fruit,1744,"Raisin, golden seedless",,"Raisins, golden seedless",unspecified_in_description,ALIAS_MATCH,0.96,1,AUTO_CANDIDATE,Strong name/alias candidate only; not an approved mapping. Alias evidence came from a VALID prior mapping row.,raisins,3,09297,https://open.canada.ca/data/dataset/1b6139bd-ed7e-4043-bc28-ff00e10f3109,2026-01-28,raw=0;dry=0;cooked=3;boiled=0;unspecified=163
ING00094,raisin,Raisin,default,dried fruit,1745,"Raisin, seedless (sultana)",,"Raisins, seedless (sultana)",unspecified_in_description,ALIAS_MATCH,0.96,2,AUTO_CANDIDATE,Strong name/alias candidate only; not an approved mapping. Alias evidence came from a VALID prior mapping row.,raisins,3,09298,https://open.canada.ca/data/dataset/1b6139bd-ed7e-4043-bc28-ff00e10f3109,2026-01-28,raw=0;dry=0;cooked=3;boiled=0;unspecified=163
ING00094,raisin,Raisin,default,dried fruit,1746,"Raisin, seeded",,,unspecified_in_description,TOKEN_MATCH,0.775,3,REVIEW,Lexical candidate only; human confirmation required.,Raisin,3,09299,https://open.canada.ca/data/dataset/1b6139bd-ed7e-4043-bc28-ff00e10f3109,2012-07-11,raw=0;dry=0;cooked=3;boiled=0;unspecified=163
ING00095,red bell pepper,Red Bell Pepper,default,vegetable,2484,"Pepper, sweet, red, raw",,,raw,TOKEN_MATCH,0.5467,1,REVIEW,Lexical candidate only; human confirmation required.,Red Bell Pepper,3,11821,https://open.canada.ca/data/dataset/1b6139bd-ed7e-4043-bc28-ff00e10f3109,2026-01-28,raw=0;dry=0;cooked=2;boiled=0;unspecified=220
ING00095,red bell pepper,Red Bell Pepper,default,vegetable,5417,"Pepper, sweet, red, sauteed",,,unspecified_in_description,TOKEN_MATCH,0.5467,2,REVIEW,Lexical candidate only; human confirmation required.,Red Bell Pepper,0,11921,https://open.canada.ca/data/dataset/1b6139bd-ed7e-4043-bc28-ff00e10f3109,2012-07-11,raw=0;dry=0;cooked=2;boiled=0;unspecified=220
ING00095,red bell pepper,Red Bell Pepper,default,vegetable,2486,"Pepper, sweet, red, boiled, drained",,,boiled;drained,TOKEN_MATCH,0.5167,3,REVIEW,Lexical candidate only; human confirmation required.,Red Bell Pepper,3,11823,https://open.canada.ca/data/dataset/1b6139bd-ed7e-4043-bc28-ff00e10f3109,2012-10-04,raw=0;dry=0;cooked=2;boiled=0;unspecified=220
ING00095,red bell pepper,Red Bell Pepper,default,vegetable,199,"Spices, pepper, red or cayenne",,,unspecified_in_description,TOKEN_MATCH,0.5167,4,REVIEW,Lexical candidate only; human confirmation required.,Red Bell Pepper,0,02031,https://open.canada.ca/data/dataset/1b6139bd-ed7e-4043-bc28-ff00e10f3109,2012-06-29,raw=0;dry=0;cooked=2;boiled=0;unspecified=220
ING00095,red bell pepper,Red Bell Pepper,default,vegetable,6488,"Pepper, sweet, red, frozen, chopped, unprepared",,,frozen,TOKEN_MATCH,0.4952,5,REVIEW,Lexical candidate only; human confirmation required.,Red Bell Pepper,0,11917,https://open.canada.ca/data/dataset/1b6139bd-ed7e-4043-bc28-ff00e10f3109,2012-07-11,raw=0;dry=0;cooked=2;boiled=0;unspecified=220
ING00095,red bell pepper,Red Bell Pepper,default,vegetable,2487,"Pepper, sweet, red, boiled, drained, with salt",,,boiled;drained,TOKEN_MATCH,0.4792,6,REVIEW,Lexical candidate only; human confirmation required.,Red Bell Pepper,3,11824,https://open.canada.ca/data/dataset/1b6139bd-ed7e-4043-bc28-ff00e10f3109,2012-10-04,raw=0;dry=0;cooked=2;boiled=0;unspecified=220
ING00095,red bell pepper,Red Bell Pepper,default,vegetable,6487,"Pepper, sweet, red, frozen, chopped, boiled, drained",,,boiled;frozen;drained,TOKEN_MATCH,0.4792,7,REVIEW,Lexical candidate only; human confirmation required.,Red Bell Pepper,0,11918,https://open.canada.ca/data/dataset/1b6139bd-ed7e-4043-bc28-ff00e10f3109,2012-07-11,raw=0;dry=0;cooked=2;boiled=0;unspecified=220
ING00095,red bell pepper,Red Bell Pepper,default,vegetable,6486,"Pepper, sweet, red, frozen, chopped, boiled, drained, with salt",,,boiled;frozen;drained,TOKEN_MATCH,0.4567,8,REVIEW,Lexical candidate only; human confirmation required.,Red Bell Pepper,0,11919,https://open.canada.ca/data/dataset/1b6139bd-ed7e-4043-bc28-ff00e10f3109,2012-07-11,raw=0;dry=0;cooked=2;boiled=0;unspecified=220
ING00095,red bell pepper,Red Bell Pepper,default,vegetable,2322,"Pepper, hot chili, red or green, raw",,,raw;green,TOKEN_MATCH,0.4792,9,REVIEW,Lexical candidate only; human confirmation required.,Red Bell Pepper,0,11670,https://open.canada.ca/data/dataset/1b6139bd-ed7e-4043-bc28-ff00e10f3109,2012-12-11,raw=0;dry=0;cooked=2;boiled=0;unspecified=220
ING00095,red bell pepper,Red Bell Pepper,default,vegetable,6484,"Pepper, sweet, red, canned, solids and liquid",,,canned,TOKEN_MATCH,0.4792,10,REVIEW,Lexical candidate only; human confirmation required.,Red Bell Pepper,0,11916,https://open.canada.ca/data/dataset/1b6139bd-ed7e-4043-bc28-ff00e10f3109,2012-07-11,raw=0;dry=0;cooked=2;boiled=0;unspecified=220
ING00096,red chilli,Dry Red Chilli,dried,spice,3312,"Peas, pigeon (red gram), mature seeds, dry",,"toor dal, red gram, Congo pea, Angola pea, no-eye pea",dry;seeds;mature,TOKEN_MATCH;FORM_MATCH,0.5192,1,REVIEW,Lexical candidate only; human confirmation required.,Dry Red Chilli,0,16101,https://open.canada.ca/data/dataset/1b6139bd-ed7e-4043-bc28-ff00e10f3109,2026-01-28,raw=0;dry=284;cooked=1;boiled=0;unspecified=0
ING00097,red chilli,Red Chilli Flakes,flakes,spice,2322,"Pepper, hot chili, red or green, raw",,,raw;green,TOKEN_MATCH;FORM_CONFLICT,0.5586,1,REVIEW,Lexical candidate only; human confirmation required.,red chilli,0,11670,https://open.canada.ca/data/dataset/1b6139bd-ed7e-4043-bc28-ff00e10f3109,2012-12-11,raw=0;dry=0;cooked=0;boiled=0;unspecified=293
ING00097,red chilli,Red Chilli Flakes,flakes,spice,2160,"Pepper, hot chili, red or green, canned, solids and liquid",,,canned;green,TOKEN_MATCH;FORM_CONFLICT,0.52,2,REVIEW,Lexical candidate only; human confirmation required.,red chilli,0,11329,https://open.canada.ca/data/dataset/1b6139bd-ed7e-4043-bc28-ff00e10f3109,2012-12-11,raw=0;dry=0;cooked=0;boiled=0;unspecified=293
ING00097,red chilli,Red Chilli Flakes,flakes,spice,2355,"Pepper, hot chili, red, sun-dried",,,dried,TOKEN_MATCH;FORM_CONFLICT,0.58,3,REVIEW,Lexical candidate only; human confirmation required.,red chilli,0,11962,https://open.canada.ca/data/dataset/1b6139bd-ed7e-4043-bc28-ff00e10f3109,2012-06-21,raw=0;dry=0;cooked=0;boiled=0;unspecified=293
ING00098,red chilli,Red Chilli Powder,powder,spice,177,"Spices, chili powder",,,powder,TOKEN_MATCH;FORM_MATCH,0.6317,1,REVIEW,Lexical candidate only; human confirmation required.,Red Chilli Powder,0,02009,https://open.canada.ca/data/dataset/1b6139bd-ed7e-4043-bc28-ff00e10f3109,2012-06-29,raw=0;dry=0;cooked=1;boiled=0;unspecified=2029
ING00099,rice,Rice (Basmati),basmati,grain,4471,"Grains, rice, white, long-grain, regular, dry",,long grain,dry;white;regular,TOKEN_MATCH;FORM_CONFLICT,0.505,1,REVIEW,Lexical candidate only; human confirmation required. Ranked ahead as a dry/raw candidate because most recipe entries are unqualified; review required.,rice,0,20444,https://open.canada.ca/data/dataset/1b6139bd-ed7e-4043-bc28-ff00e10f3109,2026-01-28,raw=0;dry=0;cooked=9;boiled=1;unspecified=110
ING00099,rice,Rice (Basmati),basmati,grain,4449,"Grains, rice, wild, dry",,,dry;wild,TOKEN_MATCH;FORM_CONFLICT,0.5425,2,REVIEW,Lexical candidate only; human confirmation required. Ranked ahead as a dry/raw candidate because most recipe entries are unqualified; review required.,rice,0,20088,https://open.canada.ca/data/dataset/1b6139bd-ed7e-4043-bc28-ff00e10f3109,2012-07-31,raw=0;dry=0;cooked=9;boiled=1;unspecified=110
ING00099,rice,Rice (Basmati),basmati,grain,4496,"Grains, rice, brown, long-grain, dry",,,dry;brown,TOKEN_MATCH;FORM_CONFLICT,0.52,3,REVIEW,Lexical candidate only; human confirmation required. Ranked ahead as a dry/raw candidate because most recipe entries are unqualified; review required.,rice,3,20036,https://open.canada.ca/data/dataset/1b6139bd-ed7e-4043-bc28-ff00e10f3109,2012-07-31,raw=0;dry=0;cooked=9;boiled=1;unspecified=110
ING00099,rice,Rice (Basmati),basmati,grain,4422,"Grains, rice, brown, medium-grain, dry",,,dry;brown,TOKEN_MATCH;FORM_CONFLICT,0.52,4,REVIEW,Lexical candidate only; human confirmation required. Ranked ahead as a dry/raw candidate because most recipe entries are unqualified; review required.,rice,0,20040,https://open.canada.ca/data/dataset/1b6139bd-ed7e-4043-bc28-ff00e10f3109,2012-07-31,raw=0;dry=0;cooked=9;boiled=1;unspecified=110
ING00099,rice,Rice (Basmati),basmati,grain,4424,"Grains, rice, white, glutinous, dry",,sticky rice,dry;white;glutinous,TOKEN_MATCH;FORM_CONFLICT,0.52,5,REVIEW,Lexical candidate only; human confirmation required. Ranked ahead as a dry/raw candidate because most recipe entries are unqualified; review required.,rice,0,20054,https://open.canada.ca/data/dataset/1b6139bd-ed7e-4043-bc28-ff00e10f3109,2026-01-28,raw=0;dry=0;cooked=9;boiled=1;unspecified=110
ING00099,rice,Rice (Basmati),basmati,grain,4474,"Grains, rice, white, medium-grain, dry",,medium grain,dry;white,TOKEN_MATCH;FORM_CONFLICT,0.52,6,REVIEW,Lexical candidate only; human confirmation required. Ranked ahead as a dry/raw candidate because most recipe entries are unqualified; review required.,rice,0,20450,https://open.canada.ca/data/dataset/1b6139bd-ed7e-4043-bc28-ff00e10f3109,2026-01-28,raw=0;dry=0;cooked=9;boiled=1;unspecified=110
ING00099,rice,Rice (Basmati),basmati,grain,4476,"Grains, rice, white, short-grain, dry",,short grain,dry;white,TOKEN_MATCH;FORM_CONFLICT,0.52,7,REVIEW,Lexical candidate only; human confirmation required. Ranked ahead as a dry/raw candidate because most recipe entries are unqualified; review required.,rice,0,20452,https://open.canada.ca/data/dataset/1b6139bd-ed7e-4043-bc28-ff00e10f3109,2026-01-28,raw=0;dry=0;cooked=9;boiled=1;unspecified=110
ING00099,rice,Rice (Basmati),basmati,grain,4472,"Grains, rice, white, long-grain, parboiled, dry",,"converted rice, long grain",dry;white;parboiled,TOKEN_MATCH;FORM_CONFLICT,0.505,8,REVIEW,Lexical candidate only; human confirmation required. Ranked ahead as a dry/raw candidate because most recipe entries are unqualified; review required.,rice,0,20446,https://open.canada.ca/data/dataset/1b6139bd-ed7e-4043-bc28-ff00e10f3109,2026-01-28,raw=0;dry=0;cooked=9;boiled=1;unspecified=110
ING00099,rice,Rice (Basmati),basmati,grain,4426,"Grains, rice, white with pasta and seasonings, dry",,,dry;white,TOKEN_MATCH;FORM_CONFLICT,0.4863,9,REVIEW,Lexical candidate only; human confirmation required. Ranked ahead as a dry/raw candidate because most recipe entries are unqualified; review required.,rice,0,20056,https://open.canada.ca/data/dataset/1b6139bd-ed7e-4043-bc28-ff00e10f3109,2012-07-31,raw=0;dry=0;cooked=9;boiled=1;unspecified=110
ING00099,rice,Rice (Basmati),basmati,grain,4481,"Grains, rice, white, long-grain, pre-cooked or instant, enriched, dry",,long grain,cooked;dry;white;instant,TOKEN_MATCH;FORM_CONFLICT,0.475,10,REVIEW,Lexical candidate only; human confirmation required. Ranked ahead as a dry/raw candidate because most recipe entries are unqualified; review required.,rice,1,20048,https://open.canada.ca/data/dataset/1b6139bd-ed7e-4043-bc28-ff00e10f3109,2026-01-28,raw=0;dry=0;cooked=9;boiled=1;unspecified=110
ING00100,rice,Rice,default,grain,4471,"Grains, rice, white, long-grain, regular, dry",,long grain,dry;white;regular,TOKEN_MATCH,0.625,1,REVIEW,Lexical candidate only; human confirmation required. Ranked ahead as a dry/raw candidate because most recipe entries are unqualified; review required.,Rice,0,20444,https://open.canada.ca/data/dataset/1b6139bd-ed7e-4043-bc28-ff00e10f3109,2026-01-28,raw=16;dry=2;cooked=91;boiled=4;unspecified=185
ING00100,rice,Rice,default,grain,4449,"Grains, rice, wild, dry",,,dry;wild,TOKEN_MATCH,0.6625,2,REVIEW,Lexical candidate only; human confirmation required. Ranked ahead as a dry/raw candidate because most recipe entries are unqualified; review required.,Rice,0,20088,https://open.canada.ca/data/dataset/1b6139bd-ed7e-4043-bc28-ff00e10f3109,2012-07-31,raw=16;dry=2;cooked=91;boiled=4;unspecified=185
ING00100,rice,Rice,default,grain,4474,"Grains, rice, white, medium-grain, dry",,medium grain,dry;white,TOKEN_MATCH,0.64,3,REVIEW,Lexical candidate only; human confirmation required. Ranked ahead as a dry/raw candidate because most recipe entries are unqualified; review required.,Rice,0,20450,https://open.canada.ca/data/dataset/1b6139bd-ed7e-4043-bc28-ff00e10f3109,2026-01-28,raw=16;dry=2;cooked=91;boiled=4;unspecified=185
ING00100,rice,Rice,default,grain,4476,"Grains, rice, white, short-grain, dry",,short grain,dry;white,TOKEN_MATCH,0.64,4,REVIEW,Lexical candidate only; human confirmation required. Ranked ahead as a dry/raw candidate because most recipe entries are unqualified; review required.,Rice,0,20452,https://open.canada.ca/data/dataset/1b6139bd-ed7e-4043-bc28-ff00e10f3109,2026-01-28,raw=16;dry=2;cooked=91;boiled=4;unspecified=185
ING00100,rice,Rice,default,grain,4426,"Grains, rice, white with pasta and seasonings, dry",,,dry;white,TOKEN_MATCH,0.6063,5,REVIEW,Lexical candidate only; human confirmation required. Ranked ahead as a dry/raw candidate because most recipe entries are unqualified; review required.,Rice,0,20056,https://open.canada.ca/data/dataset/1b6139bd-ed7e-4043-bc28-ff00e10f3109,2012-07-31,raw=16;dry=2;cooked=91;boiled=4;unspecified=185
ING00100,rice,Rice,default,grain,4496,"Grains, rice, brown, long-grain, dry",,,dry;brown,TOKEN_MATCH,0.64,6,REVIEW,Lexical candidate only; human confirmation required. Ranked ahead as a dry/raw candidate because most recipe entries are unqualified; review required.,Rice,3,20036,https://open.canada.ca/data/dataset/1b6139bd-ed7e-4043-bc28-ff00e10f3109,2012-07-31,raw=16;dry=2;cooked=91;boiled=4;unspecified=185
ING00100,rice,Rice,default,grain,4422,"Grains, rice, brown, medium-grain, dry",,,dry;brown,TOKEN_MATCH,0.64,7,REVIEW,Lexical candidate only; human confirmation required. Ranked ahead as a dry/raw candidate because most recipe entries are unqualified; review required.,Rice,0,20040,https://open.canada.ca/data/dataset/1b6139bd-ed7e-4043-bc28-ff00e10f3109,2012-07-31,raw=16;dry=2;cooked=91;boiled=4;unspecified=185
ING00100,rice,Rice,default,grain,4424,"Grains, rice, white, glutinous, dry",,sticky rice,dry;white;glutinous,TOKEN_MATCH,0.64,8,REVIEW,Lexical candidate only; human confirmation required. Ranked ahead as a dry/raw candidate because most recipe entries are unqualified; review required.,Rice,0,20054,https://open.canada.ca/data/dataset/1b6139bd-ed7e-4043-bc28-ff00e10f3109,2026-01-28,raw=16;dry=2;cooked=91;boiled=4;unspecified=185
ING00100,rice,Rice,default,grain,4481,"Grains, rice, white, long-grain, pre-cooked or instant, enriched, dry",,long grain,cooked;dry;white;instant,TOKEN_MATCH,0.64,9,REVIEW,Lexical candidate only; human confirmation required. Ranked ahead as a dry/raw candidate because most recipe entries are unqualified; review required. Alias evidence came from a VALID prior mapping row.,cooked rice,1,20048,https://open.canada.ca/data/dataset/1b6139bd-ed7e-4043-bc28-ff00e10f3109,2026-01-28,raw=16;dry=2;cooked=91;boiled=4;unspecified=185
ING00100,rice,Rice,default,grain,4472,"Grains, rice, white, long-grain, parboiled, dry",,"converted rice, long grain",dry;white;parboiled,TOKEN_MATCH,0.625,10,REVIEW,Lexical candidate only; human confirmation required. Ranked ahead as a dry/raw candidate because most recipe entries are unqualified; review required.,Rice,0,20446,https://open.canada.ca/data/dataset/1b6139bd-ed7e-4043-bc28-ff00e10f3109,2026-01-28,raw=16;dry=2;cooked=91;boiled=4;unspecified=185
ING00101,rice,Rice Flour,flour,flour,4451,"Grains, rice flour, brown",,,flour;brown,TOKEN_MATCH;FORM_MATCH,0.815,1,REVIEW,Lexical candidate only; human confirmation required.,Rice Flour,0,20090,https://open.canada.ca/data/dataset/1b6139bd-ed7e-4043-bc28-ff00e10f3109,2012-07-30,raw=0;dry=0;cooked=2;boiled=0;unspecified=194
ING00101,rice,Rice Flour,flour,flour,4429,"Grains, rice flour, white",,,flour;white,TOKEN_MATCH;FORM_MATCH,0.815,2,REVIEW,Lexical candidate only; human confirmation required.,Rice Flour,0,20061,https://open.canada.ca/data/dataset/1b6139bd-ed7e-4043-bc28-ff00e10f3109,2012-07-31,raw=0;dry=0;cooked=2;boiled=0;unspecified=194
ING00101,rice,Rice Flour,flour,flour,6192,"Grains, rice, white, glutinous, flour",,sticky rice,flour;white;glutinous,TOKEN_MATCH;FORM_MATCH,0.77,3,REVIEW,Lexical candidate only; human confirmation required.,Rice Flour,0,,https://open.canada.ca/data/dataset/1b6139bd-ed7e-4043-bc28-ff00e10f3109,2026-01-28,raw=0;dry=0;cooked=2;boiled=0;unspecified=194
ING00101,rice,Rice Flour,flour,flour,4428,"Grains, rice bran, crude",,,unspecified_in_description,TOKEN_MATCH,0.6625,4,REVIEW,Lexical candidate only; human confirmation required.,rice,0,20060,https://open.canada.ca/data/dataset/1b6139bd-ed7e-4043-bc28-ff00e10f3109,2012-07-31,raw=0;dry=0;cooked=2;boiled=0;unspecified=194
ING00101,rice,Rice Flour,flour,flour,4450,"Grains, rice, wild, cooked",,,cooked;wild,TOKEN_MATCH;FORM_CONFLICT,0.5425,5,REVIEW,Lexical candidate only; human confirmation required.,rice,0,20089,https://open.canada.ca/data/dataset/1b6139bd-ed7e-4043-bc28-ff00e10f3109,2012-07-30,raw=0;dry=0;cooked=2;boiled=0;unspecified=194
ING00101,rice,Rice Flour,flour,flour,4497,"Grains, rice, brown, long-grain, cooked",,,cooked;brown,TOKEN_MATCH;FORM_CONFLICT,0.52,6,REVIEW,Lexical candidate only; human confirmation required.,rice,3,20037,https://open.canada.ca/data/dataset/1b6139bd-ed7e-4043-bc28-ff00e10f3109,2012-07-30,raw=0;dry=0;cooked=2;boiled=0;unspecified=194
ING00101,rice,Rice Flour,flour,flour,4423,"Grains, rice, brown, medium-grain, cooked",,,cooked;brown,TOKEN_MATCH;FORM_CONFLICT,0.52,7,REVIEW,Lexical candidate only; human confirmation required.,rice,0,20041,https://open.canada.ca/data/dataset/1b6139bd-ed7e-4043-bc28-ff00e10f3109,2012-07-30,raw=0;dry=0;cooked=2;boiled=0;unspecified=194
ING00101,rice,Rice Flour,flour,flour,4425,"Grains, rice, white, glutinous, cooked",,sticky rice,cooked;white;glutinous,TOKEN_MATCH;FORM_CONFLICT,0.52,8,REVIEW,Lexical candidate only; human confirmation required.,rice,0,20055,https://open.canada.ca/data/dataset/1b6139bd-ed7e-4043-bc28-ff00e10f3109,2026-01-28,raw=0;dry=0;cooked=2;boiled=0;unspecified=194
ING00101,rice,Rice Flour,flour,flour,4475,"Grains, rice, white, medium-grain, cooked",,medium grain,cooked;white,TOKEN_MATCH;FORM_CONFLICT,0.52,9,REVIEW,Lexical candidate only; human confirmation required.,rice,0,20451,https://open.canada.ca/data/dataset/1b6139bd-ed7e-4043-bc28-ff00e10f3109,2026-01-28,raw=0;dry=0;cooked=2;boiled=0;unspecified=194
ING00101,rice,Rice Flour,flour,flour,4477,"Grains, rice, white, short-grain, cooked",,short grain,cooked;white,TOKEN_MATCH;FORM_CONFLICT,0.52,10,REVIEW,Lexical candidate only; human confirmation required.,rice,0,20453,https://open.canada.ca/data/dataset/1b6139bd-ed7e-4043-bc28-ff00e10f3109,2026-01-28,raw=0;dry=0;cooked=2;boiled=0;unspecified=194
ING00102,saffron,Saffron Strands,strand,spice,205,"Spices, saffron",,,unspecified_in_description,TOKEN_MATCH,0.775,1,REVIEW,Lexical candidate only; human confirmation required.,saffron,0,02037,https://open.canada.ca/data/dataset/1b6139bd-ed7e-4043-bc28-ff00e10f3109,2012-06-29,raw=0;dry=0;cooked=0;boiled=0;unspecified=192
ING00103,salt,Salt,default,seasoning,214,"Salt, table",,,unspecified_in_description,TOKEN_MATCH,0.775,1,REVIEW,Lexical candidate only; human confirmation required.,Salt,0,02047,https://open.canada.ca/data/dataset/1b6139bd-ed7e-4043-bc28-ff00e10f3109,2012-07-04,raw=0;dry=0;cooked=0;boiled=0;unspecified=6008
ING00104,sambar powder,Sambar Powder,default,spice,,,,,,NO_MATCH,0.0,1,NO_MATCH,No plausible CNF candidate met the deterministic or fuzzy review thresholds.,,,,,,raw=0;dry=0;cooked=0;boiled=0;unspecified=97
ING00105,semolina,Semolina,default,grain,4478,"Grains, semolina",,,unspecified_in_description,TOKEN_MATCH,0.775,1,REVIEW,Lexical candidate only; human confirmation required.,Semolina,0,20466,https://open.canada.ca/data/dataset/1b6139bd-ed7e-4043-bc28-ff00e10f3109,2012-07-31,raw=0;dry=0;cooked=4;boiled=0;unspecified=151
ING00106,sesame,Sesame Oil,oil,oil,424,"Vegetable oil, sesame",,,oil,TOKEN_MATCH;FORM_MATCH,0.89,1,REVIEW,Lexical candidate only; human confirmation required.,Sesame Oil,0,04058,https://open.canada.ca/data/dataset/1b6139bd-ed7e-4043-bc28-ff00e10f3109,2012-06-27,raw=0;dry=0;cooked=0;boiled=0;unspecified=196
ING00106,sesame,Sesame Oil,oil,oil,2522,"Seeds, sesame seed kernels, toasted, shelled",,,toasted;seed;seeds,TOKEN_MATCH;FORM_CONFLICT,0.52,2,REVIEW,Lexical candidate only; human confirmation required.,sesame,0,12029,https://open.canada.ca/data/dataset/1b6139bd-ed7e-4043-bc28-ff00e10f3109,2012-06-19,raw=0;dry=0;cooked=0;boiled=0;unspecified=196
ING00106,sesame,Sesame Oil,oil,oil,2521,"Seeds, sesame seeds, whole, roasted and toasted",,,roasted;toasted;seeds;whole,TOKEN_MATCH;FORM_CONFLICT,0.505,3,REVIEW,Lexical candidate only; human confirmation required.,sesame,0,12024,https://open.canada.ca/data/dataset/1b6139bd-ed7e-4043-bc28-ff00e10f3109,2012-06-19,raw=0;dry=0;cooked=0;boiled=0;unspecified=196
ING00106,sesame,Sesame Oil,oil,oil,6538,"Seeds, sesame seed kernels, toasted, shelled, with salt",,,toasted;seed;seeds,TOKEN_MATCH;FORM_CONFLICT,0.4943,4,REVIEW,Lexical candidate only; human confirmation required.,sesame,0,12529,https://open.canada.ca/data/dataset/1b6139bd-ed7e-4043-bc28-ff00e10f3109,2012-06-19,raw=0;dry=0;cooked=0;boiled=0;unspecified=196
ING00106,sesame,Sesame Oil,oil,oil,2597,"Seeds, sesame flour, high-fat",,,seeds;flour,TOKEN_MATCH;FORM_CONFLICT,0.52,5,REVIEW,Lexical candidate only; human confirmation required.,sesame,0,12170,https://open.canada.ca/data/dataset/1b6139bd-ed7e-4043-bc28-ff00e10f3109,2012-06-19,raw=0;dry=0;cooked=0;boiled=0;unspecified=196
ING00106,sesame,Sesame Oil,oil,oil,2524,"Seeds, sesame flour, low fat",,"low fat, low in fat, little fat, low source of fat",seeds;flour,TOKEN_MATCH;FORM_CONFLICT,0.52,6,REVIEW,Lexical candidate only; human confirmation required.,sesame,0,12033,https://open.canada.ca/data/dataset/1b6139bd-ed7e-4043-bc28-ff00e10f3109,2026-01-28,raw=0;dry=0;cooked=0;boiled=0;unspecified=196
ING00106,sesame,Sesame Oil,oil,oil,2523,"Seeds, sesame flour, partially defatted",,,seeds;flour,TOKEN_MATCH;FORM_CONFLICT,0.52,7,REVIEW,Lexical candidate only; human confirmation required.,sesame,0,12032,https://open.canada.ca/data/dataset/1b6139bd-ed7e-4043-bc28-ff00e10f3109,2012-06-20,raw=0;dry=0;cooked=0;boiled=0;unspecified=196
ING00106,sesame,Sesame Oil,oil,oil,2525,"Seeds, sesame meal, partially defatted",,,seeds,TOKEN_MATCH;FORM_CONFLICT,0.52,8,REVIEW,Lexical candidate only; human confirmation required.,sesame,0,12034,https://open.canada.ca/data/dataset/1b6139bd-ed7e-4043-bc28-ff00e10f3109,2012-06-19,raw=0;dry=0;cooked=0;boiled=0;unspecified=196
ING00106,sesame,Sesame Oil,oil,oil,2611,"Seeds, sesame seed kernels, dried, shelled",,,dried;seed;seeds,TOKEN_MATCH;FORM_CONFLICT,0.52,9,REVIEW,Lexical candidate only; human confirmation required.,sesame,0,12201,https://open.canada.ca/data/dataset/1b6139bd-ed7e-4043-bc28-ff00e10f3109,2012-06-19,raw=0;dry=0;cooked=0;boiled=0;unspecified=196
ING00106,sesame,Sesame Oil,oil,oil,2596,"Seeds, sesame butter, from whole seed, paste",,,seed;seeds;paste;whole,TOKEN_MATCH;FORM_CONFLICT,0.505,10,REVIEW,Lexical candidate only; human confirmation required.,sesame,0,12169,https://open.canada.ca/data/dataset/1b6139bd-ed7e-4043-bc28-ff00e10f3109,2012-06-19,raw=0;dry=0;cooked=0;boiled=0;unspecified=196
ING00107,sesame,Sesame Seeds,seed,seed,2522,"Seeds, sesame seed kernels, toasted, shelled",,,toasted;seed;seeds,TOKEN_MATCH;FORM_MATCH,0.77,1,REVIEW,Lexical candidate only; human confirmation required.,Sesame Seeds,0,12029,https://open.canada.ca/data/dataset/1b6139bd-ed7e-4043-bc28-ff00e10f3109,2012-06-19,raw=0;dry=5;cooked=19;boiled=0;unspecified=218
ING00107,sesame,Sesame Seeds,seed,seed,2521,"Seeds, sesame seeds, whole, roasted and toasted",,,roasted;toasted;seeds;whole,TOKEN_MATCH;FORM_MATCH,0.74,2,REVIEW,Lexical candidate only; human confirmation required.,Sesame Seeds,0,12024,https://open.canada.ca/data/dataset/1b6139bd-ed7e-4043-bc28-ff00e10f3109,2012-06-19,raw=0;dry=5;cooked=19;boiled=0;unspecified=218
ING00107,sesame,Sesame Seeds,seed,seed,6538,"Seeds, sesame seed kernels, toasted, shelled, with salt",,,toasted;seed;seeds,TOKEN_MATCH;FORM_MATCH,0.7186,3,REVIEW,Lexical candidate only; human confirmation required.,Sesame Seeds,0,12529,https://open.canada.ca/data/dataset/1b6139bd-ed7e-4043-bc28-ff00e10f3109,2012-06-19,raw=0;dry=5;cooked=19;boiled=0;unspecified=218
ING00107,sesame,Sesame Seeds,seed,seed,2597,"Seeds, sesame flour, high-fat",,,seeds;flour,TOKEN_MATCH;FORM_MATCH,0.77,4,REVIEW,Lexical candidate only; human confirmation required.,Sesame Seeds,0,12170,https://open.canada.ca/data/dataset/1b6139bd-ed7e-4043-bc28-ff00e10f3109,2012-06-19,raw=0;dry=5;cooked=19;boiled=0;unspecified=218
ING00107,sesame,Sesame Seeds,seed,seed,2524,"Seeds, sesame flour, low fat",,"low fat, low in fat, little fat, low source of fat",seeds;flour,TOKEN_MATCH;FORM_MATCH,0.77,5,REVIEW,Lexical candidate only; human confirmation required.,Sesame Seeds,0,12033,https://open.canada.ca/data/dataset/1b6139bd-ed7e-4043-bc28-ff00e10f3109,2026-01-28,raw=0;dry=5;cooked=19;boiled=0;unspecified=218
ING00107,sesame,Sesame Seeds,seed,seed,2523,"Seeds, sesame flour, partially defatted",,,seeds;flour,TOKEN_MATCH;FORM_MATCH,0.77,6,REVIEW,Lexical candidate only; human confirmation required.,Sesame Seeds,0,12032,https://open.canada.ca/data/dataset/1b6139bd-ed7e-4043-bc28-ff00e10f3109,2012-06-20,raw=0;dry=5;cooked=19;boiled=0;unspecified=218
ING00107,sesame,Sesame Seeds,seed,seed,2525,"Seeds, sesame meal, partially defatted",,,seeds,TOKEN_MATCH;FORM_MATCH,0.77,7,REVIEW,Lexical candidate only; human confirmation required.,Sesame Seeds,0,12034,https://open.canada.ca/data/dataset/1b6139bd-ed7e-4043-bc28-ff00e10f3109,2012-06-19,raw=0;dry=5;cooked=19;boiled=0;unspecified=218
ING00107,sesame,Sesame Seeds,seed,seed,2611,"Seeds, sesame seed kernels, dried, shelled",,,dried;seed;seeds,TOKEN_MATCH;FORM_MATCH,0.77,8,REVIEW,Lexical candidate only; human confirmation required.,Sesame Seeds,0,12201,https://open.canada.ca/data/dataset/1b6139bd-ed7e-4043-bc28-ff00e10f3109,2012-06-19,raw=0;dry=5;cooked=19;boiled=0;unspecified=218
ING00107,sesame,Sesame Seeds,seed,seed,2596,"Seeds, sesame butter, from whole seed, paste",,,seed;seeds;paste;whole,TOKEN_MATCH;FORM_MATCH,0.74,9,REVIEW,Lexical candidate only; human confirmation required.,Sesame Seeds,0,12169,https://open.canada.ca/data/dataset/1b6139bd-ed7e-4043-bc28-ff00e10f3109,2012-06-19,raw=0;dry=5;cooked=19;boiled=0;unspecified=218
ING00107,sesame,Sesame Seeds,seed,seed,2598,"Seeds, sesame butter, tahini, unroasted kernels",,,seeds,TOKEN_MATCH;FORM_MATCH,0.74,10,REVIEW,Lexical candidate only; human confirmation required.,Sesame Seeds,0,12171,https://open.canada.ca/data/dataset/1b6139bd-ed7e-4043-bc28-ff00e10f3109,2012-06-19,raw=0;dry=5;cooked=19;boiled=0;unspecified=218
ING00108,soy sauce,Soy Sauce,default,condiment,3329,"Soy sauce (made from soy), tamari",,,sauce,TOKEN_MATCH,0.73,1,REVIEW,Lexical candidate only; human confirmation required.,Soy Sauce,0,16124,https://open.canada.ca/data/dataset/1b6139bd-ed7e-4043-bc28-ff00e10f3109,2017-10-25,raw=0;dry=0;cooked=0;boiled=0;unspecified=214
ING00108,soy sauce,Soy Sauce,default,condiment,3330,Soy sauce (made with hydrolyzed vegetable protein),,,sauce,TOKEN_MATCH,0.6786,2,REVIEW,Lexical candidate only; human confirmation required.,Soy Sauce,0,16125,https://open.canada.ca/data/dataset/1b6139bd-ed7e-4043-bc28-ff00e10f3109,2017-10-25,raw=0;dry=0;cooked=0;boiled=0;unspecified=214
ING00108,soy sauce,Soy Sauce,default,condiment,3403,"Soy sauce (made with soy and wheat), shoyu, regular",,,regular;sauce,TOKEN_MATCH,0.6625,3,REVIEW,Lexical candidate only; human confirmation required.,Soy Sauce,3,16123,https://open.canada.ca/data/dataset/1b6139bd-ed7e-4043-bc28-ff00e10f3109,2017-10-25,raw=0;dry=0;cooked=0;boiled=0;unspecified=214
ING00108,soy sauce,Soy Sauce,default,condiment,7244,"Soy sauce (made with hydrolyzed vegetable protein), reduced sodium",,,sauce,TOKEN_MATCH,0.65,4,REVIEW,Lexical candidate only; human confirmation required.,Soy Sauce,0,16425,https://open.canada.ca/data/dataset/1b6139bd-ed7e-4043-bc28-ff00e10f3109,2017-10-25,raw=0;dry=0;cooked=0;boiled=0;unspecified=214
ING00108,soy sauce,Soy Sauce,default,condiment,3416,"Soy sauce (made with soy and wheat), shoyu, sodium reduced",,,sauce,TOKEN_MATCH,0.65,5,REVIEW,Lexical candidate only; human confirmation required.,Soy Sauce,3,16424,https://open.canada.ca/data/dataset/1b6139bd-ed7e-4043-bc28-ff00e10f3109,2017-10-25,raw=0;dry=0;cooked=0;boiled=0;unspecified=214
ING00109,spinach,Spinach,default,vegetable,2213,"Spinach, raw",,,raw,TOKEN_MATCH,0.775,1,REVIEW,Lexical candidate only; human confirmation required.,Spinach,0,11457,https://open.canada.ca/data/dataset/1b6139bd-ed7e-4043-bc28-ff00e10f3109,2012-07-11,raw=0;dry=0;cooked=1;boiled=4;unspecified=263
ING00109,spinach,Spinach,default,vegetable,4883,"Malabar spinach, cooked",,,cooked,TOKEN_MATCH,0.7,2,REVIEW,Lexical candidate only; human confirmation required.,Spinach,0,11986,https://open.canada.ca/data/dataset/1b6139bd-ed7e-4043-bc28-ff00e10f3109,2012-07-11,raw=0;dry=0;cooked=1;boiled=4;unspecified=263
ING00109,spinach,Spinach,default,vegetable,2214,"Spinach, boiled, drained",,,boiled;drained,TOKEN_MATCH,0.7,3,REVIEW,Lexical candidate only; human confirmation required.,Spinach,0,11458,https://open.canada.ca/data/dataset/1b6139bd-ed7e-4043-bc28-ff00e10f3109,2012-07-11,raw=0;dry=0;cooked=1;boiled=4;unspecified=263
ING00109,spinach,Spinach,default,vegetable,2216,"Spinach, frozen, unprepared",,,frozen,TOKEN_MATCH,0.7,4,REVIEW,Lexical candidate only; human confirmation required.,Spinach,0,11463,https://open.canada.ca/data/dataset/1b6139bd-ed7e-4043-bc28-ff00e10f3109,2012-07-11,raw=0;dry=0;cooked=1;boiled=4;unspecified=263
ING00109,spinach,Spinach,default,vegetable,2315,"Spinach souffle, homemade",,,unspecified_in_description,TOKEN_MATCH,0.7,5,REVIEW,Lexical candidate only; human confirmation required.,Spinach,0,11658,https://open.canada.ca/data/dataset/1b6139bd-ed7e-4043-bc28-ff00e10f3109,2012-06-29,raw=0;dry=0;cooked=1;boiled=4;unspecified=263
ING00109,spinach,Spinach,default,vegetable,2273,"Vine spinach, raw",,,raw,TOKEN_MATCH,0.7,6,REVIEW,Lexical candidate only; human confirmation required.,Spinach,0,11587,https://open.canada.ca/data/dataset/1b6139bd-ed7e-4043-bc28-ff00e10f3109,2012-07-11,raw=0;dry=0;cooked=1;boiled=4;unspecified=263
ING00109,spinach,Spinach,default,vegetable,2130,"Mustard spinach (tendergreen), raw",,,raw,TOKEN_MATCH,0.6625,7,REVIEW,Lexical candidate only; human confirmation required.,Spinach,0,11274,https://open.canada.ca/data/dataset/1b6139bd-ed7e-4043-bc28-ff00e10f3109,2012-07-11,raw=0;dry=0;cooked=1;boiled=4;unspecified=263
ING00109,spinach,Spinach,default,vegetable,2132,"New Zealand spinach, raw",,,raw,TOKEN_MATCH,0.6625,8,REVIEW,Lexical candidate only; human confirmation required.,Spinach,0,11276,https://open.canada.ca/data/dataset/1b6139bd-ed7e-4043-bc28-ff00e10f3109,2012-07-11,raw=0;dry=0;cooked=1;boiled=4;unspecified=263
ING00109,spinach,Spinach,default,vegetable,2217,"Spinach, frozen, boiled, drained",,,boiled;frozen;drained,TOKEN_MATCH,0.6625,9,REVIEW,Lexical candidate only; human confirmation required.,Spinach,0,11464,https://open.canada.ca/data/dataset/1b6139bd-ed7e-4043-bc28-ff00e10f3109,2012-07-11,raw=0;dry=0;cooked=1;boiled=4;unspecified=263
ING00109,spinach,Spinach,default,vegetable,2131,"Mustard spinach (tendergreen), boiled, drained",,,boiled;drained,TOKEN_MATCH,0.64,10,REVIEW,Lexical candidate only; human confirmation required.,Spinach,0,11275,https://open.canada.ca/data/dataset/1b6139bd-ed7e-4043-bc28-ff00e10f3109,2012-07-11,raw=0;dry=0;cooked=1;boiled=4;unspecified=263
ING00110,star anise,Star Anise,default,spice,,,,,,NO_MATCH,0.0,1,NO_MATCH,No plausible CNF candidate met the deterministic or fuzzy review thresholds.,,,,,,raw=0;dry=0;cooked=0;boiled=0;unspecified=93
ING00111,sugar,Sugar (Caster),caster,sweetener,1688,"Sugar-apple, raw",,"sweet-sop, sweetsop, pinha, custard apple",raw,TOKEN_MATCH;FORM_CONFLICT,0.58,1,REVIEW,Lexical candidate only; human confirmation required.,sugar,0,09321,https://open.canada.ca/data/dataset/1b6139bd-ed7e-4043-bc28-ff00e10f3109,2026-01-28,raw=0;dry=0;cooked=0;boiled=0;unspecified=171
ING00112,sugar,Sugar,default,sweetener,1688,"Sugar-apple, raw",,"sweet-sop, sweetsop, pinha, custard apple",raw,TOKEN_MATCH,0.7,1,REVIEW,Lexical candidate only; human confirmation required.,Sugar,0,09321,https://open.canada.ca/data/dataset/1b6139bd-ed7e-4043-bc28-ff00e10f3109,2026-01-28,raw=1;dry=0;cooked=0;boiled=0;unspecified=1187
ING00113,sunflower oil,Sunflower Oil,default,oil,7191,"Vegetable oil, sunflower, mid-oleic",,,oil,TOKEN_MATCH,0.73,1,REVIEW,Lexical candidate only; human confirmation required.,Sunflower Oil,0,04642,https://open.canada.ca/data/dataset/1b6139bd-ed7e-4043-bc28-ff00e10f3109,2026-01-28,raw=0;dry=0;cooked=1;boiled=0;unspecified=2461
ING00113,sunflower oil,Sunflower Oil,default,oil,453,"Vegetable oil, sunflower, oleic (70% and over)",,,oil,TOKEN_MATCH,0.6786,2,REVIEW,Lexical candidate only; human confirmation required.,Sunflower Oil,0,04584,https://open.canada.ca/data/dataset/1b6139bd-ed7e-4043-bc28-ff00e10f3109,2012-06-27,raw=0;dry=0;cooked=1;boiled=0;unspecified=2461
ING00113,sunflower oil,Sunflower Oil,default,oil,2642,"Seeds, sunflower seed kernels, oil roasted",,,roasted;seed;seeds;oil,TOKEN_MATCH,0.73,3,REVIEW,Lexical candidate only; human confirmation required.,Sunflower Oil,3,12038,https://open.canada.ca/data/dataset/1b6139bd-ed7e-4043-bc28-ff00e10f3109,2012-06-27,raw=0;dry=0;cooked=1;boiled=0;unspecified=2461
ING00113,sunflower oil,Sunflower Oil,default,oil,2621,"Seeds, sunflower seed kernels, oil roasted, salt added",,,roasted;seed;seeds;oil,TOKEN_MATCH,0.6786,4,REVIEW,Lexical candidate only; human confirmation required.,Sunflower Oil,3,12538,https://open.canada.ca/data/dataset/1b6139bd-ed7e-4043-bc28-ff00e10f3109,2026-01-28,raw=0;dry=0;cooked=1;boiled=0;unspecified=2461
ING00114,sweet corn,Sweet Corn,default,other,2393,"Corn, sweet, frozen, kernels on the cob, unprepared",,,frozen,TOKEN_MATCH,0.6625,1,REVIEW,Lexical candidate only; human confirmation required.,Sweet Corn,3,11180,https://open.canada.ca/data/dataset/1b6139bd-ed7e-4043-bc28-ff00e10f3109,2012-07-11,raw=0;dry=0;cooked=39;boiled=24;unspecified=105
ING00114,sweet corn,Sweet Corn,default,other,2071,"Corn, sweet, frozen, kernels on the cob, boiled, drained",,,boiled;frozen;drained,TOKEN_MATCH,0.65,2,REVIEW,Lexical candidate only; human confirmation required.,Sweet Corn,0,11181,https://open.canada.ca/data/dataset/1b6139bd-ed7e-4043-bc28-ff00e10f3109,2012-07-11,raw=0;dry=0;cooked=39;boiled=24;unspecified=105
ING00114,sweet corn,Sweet Corn,default,other,2389,"Corn, sweet, canned, cream style",,sugar added,canned,TOKEN_MATCH,0.775,3,REVIEW,Lexical candidate only; human confirmation required.,Sweet Corn,3,11174,https://open.canada.ca/data/dataset/1b6139bd-ed7e-4043-bc28-ff00e10f3109,2026-01-28,raw=0;dry=0;cooked=39;boiled=24;unspecified=105
ING00114,sweet corn,Sweet Corn,default,other,6408,"Corn, sweet, white, raw",,,raw;white,TOKEN_MATCH,0.775,4,REVIEW,Lexical candidate only; human confirmation required.,Sweet Corn,0,11900,https://open.canada.ca/data/dataset/1b6139bd-ed7e-4043-bc28-ff00e10f3109,2012-07-11,raw=0;dry=0;cooked=39;boiled=24;unspecified=105
ING00114,sweet corn,Sweet Corn,default,other,2388,"Corn, sweet, yellow, raw",,,raw;yellow,TOKEN_MATCH,0.775,5,REVIEW,Lexical candidate only; human confirmation required.,Sweet Corn,3,11167,https://open.canada.ca/data/dataset/1b6139bd-ed7e-4043-bc28-ff00e10f3109,2012-07-11,raw=0;dry=0;cooked=39;boiled=24;unspecified=105
ING00114,sweet corn,Sweet Corn,default,other,6409,"Corn, sweet, canned, cream style, unsalted",,"sugar added, ""sodium-free"", ""free of sodium"", ""no sodium"", ""0 sodium"", ""zero sodium"", ""without sodium"", ""contains no sodium"", ""salt-free"", ""free of salt"", ""no salt"", ""0 salt"", ""zero salt"", ""without salt"" or ""contains no salt""",canned;unsalted,TOKEN_MATCH,0.73,6,REVIEW,Lexical candidate only; human confirmation required.,Sweet Corn,0,11772,https://open.canada.ca/data/dataset/1b6139bd-ed7e-4043-bc28-ff00e10f3109,2026-01-28,raw=0;dry=0;cooked=39;boiled=24;unspecified=105
ING00114,sweet corn,Sweet Corn,default,other,7052,"Corn, sweet, canned, drained solids, rinsed",,,canned;drained,TOKEN_MATCH,0.7,7,REVIEW,Lexical candidate only; human confirmation required.,Sweet Corn,0,11177,https://open.canada.ca/data/dataset/1b6139bd-ed7e-4043-bc28-ff00e10f3109,2026-01-28,raw=0;dry=0;cooked=39;boiled=24;unspecified=105
ING00114,sweet corn,Sweet Corn,default,other,2390,"Corn, sweet, canned, vacuum pack, niblets",,,canned,TOKEN_MATCH,0.7,8,REVIEW,Lexical candidate only; human confirmation required.,Sweet Corn,3,11176,https://open.canada.ca/data/dataset/1b6139bd-ed7e-4043-bc28-ff00e10f3109,2012-07-11,raw=0;dry=0;cooked=39;boiled=24;unspecified=105
ING00114,sweet corn,Sweet Corn,default,other,2070,"Corn, sweet, canned, brine pack, drained solids",,,canned;drained,TOKEN_MATCH,0.6786,9,REVIEW,Lexical candidate only; human confirmation required.,Sweet Corn,0,11172,https://open.canada.ca/data/dataset/1b6139bd-ed7e-4043-bc28-ff00e10f3109,2026-01-28,raw=0;dry=0;cooked=39;boiled=24;unspecified=105
ING00114,sweet corn,Sweet Corn,default,other,6410,"Corn, sweet, canned, solids and liquid, unsalted",,"unsalted, ""without added salt"", ""no salt added"", ""no added salt"", ""without added sodium"", ""no sodium added"" or ""no added sodium""",canned;unsalted,TOKEN_MATCH,0.6786,10,REVIEW,Lexical candidate only; human confirmation required.,Sweet Corn,0,11771,https://open.canada.ca/data/dataset/1b6139bd-ed7e-4043-bc28-ff00e10f3109,2026-01-28,raw=0;dry=0;cooked=39;boiled=24;unspecified=105
ING00115,tamarind,Tamarind,default,condiment,1689,"Tamarind, raw",,,raw,TOKEN_MATCH,0.775,1,REVIEW,Lexical candidate only; human confirmation required.,Tamarind,0,09322,https://open.canada.ca/data/dataset/1b6139bd-ed7e-4043-bc28-ff00e10f3109,2012-07-10,raw=0;dry=0;cooked=0;boiled=0;unspecified=198
ING00116,tamarind,Tamarind (Paste),paste,condiment,1689,"Tamarind, raw",,,raw,TOKEN_MATCH;FORM_CONFLICT,0.655,1,REVIEW,Lexical candidate only; human confirmation required.,tamarind,0,09322,https://open.canada.ca/data/dataset/1b6139bd-ed7e-4043-bc28-ff00e10f3109,2012-07-10,raw=0;dry=0;cooked=0;boiled=0;unspecified=137
ING00117,tofu,Tofu,default,soy,6577,"Tofu, fried",,,fried,TOKEN_MATCH,0.775,1,REVIEW,Lexical candidate only; human confirmation required.,Tofu,0,16129,https://open.canada.ca/data/dataset/1b6139bd-ed7e-4043-bc28-ff00e10f3109,2012-06-19,raw=0;dry=0;cooked=1;boiled=0;unspecified=87
ING00117,tofu,Tofu,default,soy,7772,"Tofu, silken, refrigerated",Nutrient profile created based off CNF #4911 with calcium value calculated from canadien labels,,unspecified_in_description,TOKEN_MATCH,0.7,2,REVIEW,Lexical candidate only; human confirmation required.,Tofu,4,16162,https://open.canada.ca/data/dataset/1b6139bd-ed7e-4043-bc28-ff00e10f3109,2026-01-28,raw=0;dry=0;cooked=1;boiled=0;unspecified=87
ING00117,tofu,Tofu,default,soy,6771,Stir fry with tofu,,,unspecified_in_description,TOKEN_MATCH,0.6625,3,REVIEW,Lexical candidate only; human confirmation required.,Tofu,35,,https://open.canada.ca/data/dataset/1b6139bd-ed7e-4043-bc28-ff00e10f3109,2026-01-28,raw=0;dry=0;cooked=1;boiled=0;unspecified=87
ING00117,tofu,Tofu,default,soy,4913,"Tofu, silken, light, firm",,,unspecified_in_description,TOKEN_MATCH,0.6625,4,REVIEW,Lexical candidate only; human confirmation required.,Tofu,0,16164,https://open.canada.ca/data/dataset/1b6139bd-ed7e-4043-bc28-ff00e10f3109,2012-06-19,raw=0;dry=0;cooked=1;boiled=0;unspecified=87
ING00117,tofu,Tofu,default,soy,4911,"Tofu, silken, firm, shelf stable",,,unspecified_in_description,TOKEN_MATCH,0.64,5,REVIEW,Lexical candidate only; human confirmation required.,Tofu,0,16162,https://open.canada.ca/data/dataset/1b6139bd-ed7e-4043-bc28-ff00e10f3109,2019-10-17,raw=0;dry=0;cooked=1;boiled=0;unspecified=87
ING00117,tofu,Tofu,default,soy,4914,"Tofu, silken, light, extra firm",,,unspecified_in_description,TOKEN_MATCH,0.64,6,REVIEW,Lexical candidate only; human confirmation required.,Tofu,0,16165,https://open.canada.ca/data/dataset/1b6139bd-ed7e-4043-bc28-ff00e10f3109,2012-06-19,raw=0;dry=0;cooked=1;boiled=0;unspecified=87
ING00117,tofu,Tofu,default,soy,4910,"Tofu, silken, soft, shelf stable",,,unspecified_in_description,TOKEN_MATCH,0.64,7,REVIEW,Lexical candidate only; human confirmation required.,Tofu,0,16161,https://open.canada.ca/data/dataset/1b6139bd-ed7e-4043-bc28-ff00e10f3109,2019-10-17,raw=0;dry=0;cooked=1;boiled=0;unspecified=87
ING00117,tofu,Tofu,default,soy,6578,"Tofu, fried (prepared with calcium sulphate)",,,fried;prepared,TOKEN_MATCH,0.625,8,REVIEW,Lexical candidate only; human confirmation required.,Tofu,0,16429,https://open.canada.ca/data/dataset/1b6139bd-ed7e-4043-bc28-ff00e10f3109,2012-12-06,raw=0;dry=0;cooked=1;boiled=0;unspecified=87
ING00117,tofu,Tofu,default,soy,4912,"Tofu, silken, extra firm, shelf stable",,,unspecified_in_description,TOKEN_MATCH,0.625,9,REVIEW,Lexical candidate only; human confirmation required.,Tofu,0,16163,https://open.canada.ca/data/dataset/1b6139bd-ed7e-4043-bc28-ff00e10f3109,2019-10-17,raw=0;dry=0;cooked=1;boiled=0;unspecified=87
ING00117,tofu,Tofu,default,soy,3371,"Tofu, fuyu, salted and fermented (with calcium sulphate)",,"furu, fermented bean curd, fermented tofu, tofu cheese, sufu",salted,TOKEN_MATCH,0.6063,10,REVIEW,Lexical candidate only; human confirmation required.,Tofu,0,16432,https://open.canada.ca/data/dataset/1b6139bd-ed7e-4043-bc28-ff00e10f3109,2026-01-28,raw=0;dry=0;cooked=1;boiled=0;unspecified=87
ING00118,tomato,Tomato,default,vegetable,2461,"Tomato, red, ripe, boiled",,,boiled,TOKEN_MATCH,0.6625,1,REVIEW,Lexical candidate only; human confirmation required.,Tomato,3,11530,https://open.canada.ca/data/dataset/1b6139bd-ed7e-4043-bc28-ff00e10f3109,2012-07-11,raw=3;dry=1;cooked=2;boiled=4;unspecified=1429
ING00118,tomato,Tomato,default,vegetable,2460,"Tomato, red, ripe, raw, year round average",,,raw,TOKEN_MATCH,0.6625,2,REVIEW,Lexical candidate only; human confirmation required.,Tomato,3,11529,https://open.canada.ca/data/dataset/1b6139bd-ed7e-4043-bc28-ff00e10f3109,2012-07-11,raw=3;dry=1;cooked=2;boiled=4;unspecified=1429
ING00118,tomato,Tomato,default,vegetable,2490,"Tomato, red, ripe, boiled, with salt",,,boiled,TOKEN_MATCH,0.625,3,REVIEW,Lexical candidate only; human confirmation required.,Tomato,3,11884,https://open.canada.ca/data/dataset/1b6139bd-ed7e-4043-bc28-ff00e10f3109,2012-07-11,raw=3;dry=1;cooked=2;boiled=4;unspecified=1429
ING00118,tomato,Tomato,default,vegetable,2317,"Tomato, red, ripe, stewed (scalloped with breadcrumbs)",,,unspecified_in_description,TOKEN_MATCH,0.6143,4,REVIEW,Lexical candidate only; human confirmation required.,Tomato,0,11660,https://open.canada.ca/data/dataset/1b6139bd-ed7e-4043-bc28-ff00e10f3109,2012-07-11,raw=3;dry=1;cooked=2;boiled=4;unspecified=1429
ING00118,tomato,Tomato,default,vegetable,2255,"Tomato, green, raw",,,raw;green,TOKEN_MATCH,0.7,5,REVIEW,Lexical candidate only; human confirmation required.,Tomato,0,11527,https://open.canada.ca/data/dataset/1b6139bd-ed7e-4043-bc28-ff00e10f3109,2012-07-11,raw=3;dry=1;cooked=2;boiled=4;unspecified=1429
ING00118,tomato,Tomato,default,vegetable,4880,"Tomato, orange, raw",,,raw;orange,TOKEN_MATCH,0.7,6,REVIEW,Lexical candidate only; human confirmation required.,Tomato,0,11695,https://open.canada.ca/data/dataset/1b6139bd-ed7e-4043-bc28-ff00e10f3109,2012-07-11,raw=3;dry=1;cooked=2;boiled=4;unspecified=1429
ING00118,tomato,Tomato,default,vegetable,4849,"Tomato, yellow, raw",,,raw;yellow,TOKEN_MATCH,0.7,7,REVIEW,Lexical candidate only; human confirmation required.,Tomato,0,11696,https://open.canada.ca/data/dataset/1b6139bd-ed7e-4043-bc28-ff00e10f3109,2014-01-09,raw=3;dry=1;cooked=2;boiled=4;unspecified=1429
ING00118,tomato,Tomato,default,vegetable,4736,"Tomato, red, ripe, canned, crushed",,,canned,TOKEN_MATCH,0.64,8,REVIEW,Lexical candidate only; human confirmation required.,Tomato,0,11693,https://open.canada.ca/data/dataset/1b6139bd-ed7e-4043-bc28-ff00e10f3109,2016-03-22,raw=3;dry=1;cooked=2;boiled=4;unspecified=1429
ING00118,tomato,Tomato,default,vegetable,2463,"Tomato, red, ripe, canned, stewed",,,canned,TOKEN_MATCH,0.64,9,REVIEW,Lexical candidate only; human confirmation required.,Tomato,3,11533,https://open.canada.ca/data/dataset/1b6139bd-ed7e-4043-bc28-ff00e10f3109,2012-07-11,raw=3;dry=1;cooked=2;boiled=4;unspecified=1429
ING00118,tomato,Tomato,default,vegetable,2462,"Tomato, red, ripe, canned, whole",,,canned;whole,TOKEN_MATCH,0.64,10,REVIEW,Lexical candidate only; human confirmation required.,Tomato,3,11531,https://open.canada.ca/data/dataset/1b6139bd-ed7e-4043-bc28-ff00e10f3109,2012-07-11,raw=3;dry=1;cooked=2;boiled=4;unspecified=1429
ING00119,tomato,Tomato Puree,puree,vegetable,6580,"Tomato products, canned, puree",,,canned;puree,TOKEN_MATCH;FORM_MATCH,0.815,1,REVIEW,Lexical candidate only; human confirmation required.,Tomato Puree,0,11888,https://open.canada.ca/data/dataset/1b6139bd-ed7e-4043-bc28-ff00e10f3109,2016-03-22,raw=0;dry=0;cooked=0;boiled=0;unspecified=222
ING00119,tomato,Tomato Puree,puree,vegetable,2259,"Tomato products, canned, puree, unsalted",,"""unsalted"", ""without added salt"", ""no salt added"", ""no added salt"", ""without added sodium"", ""no sodium added"" or ""no added sodium""",canned;unsalted;puree,TOKEN_MATCH;FORM_MATCH,0.77,2,REVIEW,Lexical candidate only; human confirmation required.,Tomato Puree,0,11547,https://open.canada.ca/data/dataset/1b6139bd-ed7e-4043-bc28-ff00e10f3109,2026-01-28,raw=0;dry=0;cooked=0;boiled=0;unspecified=222
ING00119,tomato,Tomato Puree,puree,vegetable,2317,"Tomato, red, ripe, stewed (scalloped with breadcrumbs)",,,unspecified_in_description,TOKEN_MATCH,0.6143,3,REVIEW,Lexical candidate only; human confirmation required.,tomato,0,11660,https://open.canada.ca/data/dataset/1b6139bd-ed7e-4043-bc28-ff00e10f3109,2012-07-11,raw=0;dry=0;cooked=0;boiled=0;unspecified=222
ING00119,tomato,Tomato Puree,puree,vegetable,2255,"Tomato, green, raw",,,raw;green,TOKEN_MATCH;FORM_CONFLICT,0.58,4,REVIEW,Lexical candidate only; human confirmation required.,tomato,0,11527,https://open.canada.ca/data/dataset/1b6139bd-ed7e-4043-bc28-ff00e10f3109,2012-07-11,raw=0;dry=0;cooked=0;boiled=0;unspecified=222
ING00119,tomato,Tomato Puree,puree,vegetable,4880,"Tomato, orange, raw",,,raw;orange,TOKEN_MATCH;FORM_CONFLICT,0.58,5,REVIEW,Lexical candidate only; human confirmation required.,tomato,0,11695,https://open.canada.ca/data/dataset/1b6139bd-ed7e-4043-bc28-ff00e10f3109,2012-07-11,raw=0;dry=0;cooked=0;boiled=0;unspecified=222
ING00119,tomato,Tomato Puree,puree,vegetable,4849,"Tomato, yellow, raw",,,raw;yellow,TOKEN_MATCH;FORM_CONFLICT,0.58,6,REVIEW,Lexical candidate only; human confirmation required.,tomato,0,11696,https://open.canada.ca/data/dataset/1b6139bd-ed7e-4043-bc28-ff00e10f3109,2014-01-09,raw=0;dry=0;cooked=0;boiled=0;unspecified=222
ING00119,tomato,Tomato Puree,puree,vegetable,2461,"Tomato, red, ripe, boiled",,,boiled,TOKEN_MATCH;FORM_CONFLICT,0.5425,7,REVIEW,Lexical candidate only; human confirmation required.,tomato,3,11530,https://open.canada.ca/data/dataset/1b6139bd-ed7e-4043-bc28-ff00e10f3109,2012-07-11,raw=0;dry=0;cooked=0;boiled=0;unspecified=222
ING00119,tomato,Tomato Puree,puree,vegetable,2460,"Tomato, red, ripe, raw, year round average",,,raw,TOKEN_MATCH;FORM_CONFLICT,0.5425,8,REVIEW,Lexical candidate only; human confirmation required.,tomato,3,11529,https://open.canada.ca/data/dataset/1b6139bd-ed7e-4043-bc28-ff00e10f3109,2012-07-11,raw=0;dry=0;cooked=0;boiled=0;unspecified=222
ING00119,tomato,Tomato Puree,puree,vegetable,4736,"Tomato, red, ripe, canned, crushed",,,canned,TOKEN_MATCH;FORM_CONFLICT,0.52,9,REVIEW,Lexical candidate only; human confirmation required.,tomato,0,11693,https://open.canada.ca/data/dataset/1b6139bd-ed7e-4043-bc28-ff00e10f3109,2016-03-22,raw=0;dry=0;cooked=0;boiled=0;unspecified=222
ING00119,tomato,Tomato Puree,puree,vegetable,2463,"Tomato, red, ripe, canned, stewed",,,canned,TOKEN_MATCH;FORM_CONFLICT,0.52,10,REVIEW,Lexical candidate only; human confirmation required.,tomato,3,11533,https://open.canada.ca/data/dataset/1b6139bd-ed7e-4043-bc28-ff00e10f3109,2012-07-11,raw=0;dry=0;cooked=0;boiled=0;unspecified=222
ING00120,toor dal,Toor Dal,default,pulse,3312,"Peas, pigeon (red gram), mature seeds, dry",,"toor dal, red gram, Congo pea, Angola pea, no-eye pea",dry;seeds;mature,ALIAS_MATCH,0.96,1,REVIEW,Recipe form is not explicit and CNF has multiple raw/dry/cooked alternatives. Ranked ahead as a dry/raw candidate because most recipe entries are unqualified; review required.,Toor Dal,0,16101,https://open.canada.ca/data/dataset/1b6139bd-ed7e-4043-bc28-ff00e10f3109,2026-01-28,raw=0;dry=0;cooked=15;boiled=5;unspecified=167
ING00120,toor dal,Toor Dal,default,pulse,3313,"Peas, pigeon (red gram), mature seeds, boiled",,"toor dal, red gram, Congo pea, Angola pea, no-eye pea",boiled;seeds;mature,ALIAS_MATCH,0.96,2,REVIEW,Recipe form is not explicit and CNF has multiple raw/dry/cooked alternatives.,Toor Dal,0,16102,https://open.canada.ca/data/dataset/1b6139bd-ed7e-4043-bc28-ff00e10f3109,2026-01-28,raw=0;dry=0;cooked=15;boiled=5;unspecified=167
ING00120,toor dal,Toor Dal,default,pulse,3367,"Peas, pigeon (red gram), mature seeds, boiled, salt added",,"toor dal, red gram, Congo pea, Angola pea, no-eye pea",boiled;seeds;mature,ALIAS_MATCH,0.96,3,REVIEW,Recipe form is not explicit and CNF has multiple raw/dry/cooked alternatives.,Toor Dal,0,16402,https://open.canada.ca/data/dataset/1b6139bd-ed7e-4043-bc28-ff00e10f3109,2026-01-28,raw=0;dry=0;cooked=15;boiled=5;unspecified=167
ING00121,turmeric,Turmeric Powder,powder,spice,211,"Spices, turmeric, ground",,,ground,TOKEN_MATCH;FORM_MATCH,0.89,1,REVIEW,Lexical candidate only; human confirmation required.,turmeric ground,0,02043,https://open.canada.ca/data/dataset/1b6139bd-ed7e-4043-bc28-ff00e10f3109,2012-06-29,raw=0;dry=0;cooked=0;boiled=0;unspecified=2561
ING00122,urad dal,White Urad Dal,white,pulse,,,,,,NO_MATCH,0.0,1,NO_MATCH,No plausible CNF candidate met the deterministic or fuzzy review thresholds.,,,,,,raw=0;dry=0;cooked=0;boiled=0;unspecified=521
ING00123,vanilla,Vanilla,default,flavoring,216,Vanilla extract,,,unspecified_in_description,ALIAS_MATCH,0.97,1,AUTO_CANDIDATE,Strong name/alias candidate only; not an approved mapping. Alias evidence came from a VALID prior mapping row.,vanilla extract,0,02050,https://open.canada.ca/data/dataset/1b6139bd-ed7e-4043-bc28-ff00e10f3109,2012-06-29,raw=0;dry=0;cooked=0;boiled=0;unspecified=299
ING00123,vanilla,Vanilla,default,flavoring,217,"Vanilla extract, imitation, with alcohol",,,unspecified_in_description,TOKEN_MATCH,0.73,2,REVIEW,Lexical candidate only; human confirmation required. Alias evidence came from a VALID prior mapping row.,vanilla extract,0,02051,https://open.canada.ca/data/dataset/1b6139bd-ed7e-4043-bc28-ff00e10f3109,2012-06-29,raw=0;dry=0;cooked=0;boiled=0;unspecified=299
ING00123,vanilla,Vanilla,default,flavoring,218,"Vanilla extract, imitation, without alcohol",,,unspecified_in_description,TOKEN_MATCH,0.73,3,REVIEW,Lexical candidate only; human confirmation required. Alias evidence came from a VALID prior mapping row.,vanilla extract,0,02052,https://open.canada.ca/data/dataset/1b6139bd-ed7e-4043-bc28-ff00e10f3109,2012-06-29,raw=0;dry=0;cooked=0;boiled=0;unspecified=299
ING00124,vinegar,Vinegar,default,condiment,6196,"Vinegar, balsamic",,,unspecified_in_description,TOKEN_MATCH,0.775,1,REVIEW,Lexical candidate only; human confirmation required.,Vinegar,0,02069,https://open.canada.ca/data/dataset/1b6139bd-ed7e-4043-bc28-ff00e10f3109,2012-06-29,raw=0;dry=0;cooked=0;boiled=0;unspecified=96
ING00124,vinegar,Vinegar,default,condiment,13,"Vinegar, cider",,,unspecified_in_description,TOKEN_MATCH,0.775,2,REVIEW,Lexical candidate only; human confirmation required.,Vinegar,20,02048,https://open.canada.ca/data/dataset/1b6139bd-ed7e-4043-bc28-ff00e10f3109,2026-01-28,raw=0;dry=0;cooked=0;boiled=0;unspecified=96
ING00124,vinegar,Vinegar,default,condiment,14,"Vinegar, distilled (white)",,,unspecified_in_description,TOKEN_MATCH,0.7,3,REVIEW,Lexical candidate only; human confirmation required.,Vinegar,0,02053,https://open.canada.ca/data/dataset/1b6139bd-ed7e-4043-bc28-ff00e10f3109,2012-06-29,raw=0;dry=0;cooked=0;boiled=0;unspecified=96
ING00124,vinegar,Vinegar,default,condiment,6195,"Vinegar, red wine",,,unspecified_in_description,TOKEN_MATCH,0.7,4,REVIEW,Lexical candidate only; human confirmation required.,Vinegar,0,02068,https://open.canada.ca/data/dataset/1b6139bd-ed7e-4043-bc28-ff00e10f3109,2012-06-29,raw=0;dry=0;cooked=0;boiled=0;unspecified=96
ING00125,walnut,Walnut,default,nut,7221,"Nuts, walnuts, glazed",,"sweetened, with sugar, sugar added, added sugar",unspecified_in_description,TOKEN_MATCH,0.7,1,REVIEW,Lexical candidate only; human confirmation required. Alias evidence came from a VALID prior mapping row.,walnuts,0,12156,https://open.canada.ca/data/dataset/1b6139bd-ed7e-4043-bc28-ff00e10f3109,2026-01-28,raw=0;dry=1;cooked=6;boiled=0;unspecified=115
ING00125,walnut,Walnut,default,nut,2589,"Nuts, walnuts, black, dried",,,dried,TOKEN_MATCH,0.6625,2,REVIEW,Lexical candidate only; human confirmation required. Alias evidence came from a VALID prior mapping row.,walnuts,0,12154,https://open.canada.ca/data/dataset/1b6139bd-ed7e-4043-bc28-ff00e10f3109,2012-06-19,raw=0;dry=1;cooked=6;boiled=0;unspecified=115
ING00125,walnut,Walnut,default,nut,2545,"Nuts, butternuts (long walnuts), dried",,,dried,TOKEN_MATCH,0.64,3,REVIEW,Lexical candidate only; human confirmation required. Alias evidence came from a VALID prior mapping row.,walnuts,0,12084,https://open.canada.ca/data/dataset/1b6139bd-ed7e-4043-bc28-ff00e10f3109,2012-06-19,raw=0;dry=1;cooked=6;boiled=0;unspecified=115
ING00125,walnut,Walnut,default,nut,2590,"Nuts, walnuts, English or Persian",,,unspecified_in_description,TOKEN_MATCH,0.64,4,REVIEW,Lexical candidate only; human confirmation required. Alias evidence came from a VALID prior mapping row.,walnuts,0,12155,https://open.canada.ca/data/dataset/1b6139bd-ed7e-4043-bc28-ff00e10f3109,2017-03-20,raw=0;dry=1;cooked=6;boiled=0;unspecified=115
ING00125,walnut,Walnut,default,nut,7602,"Nuts, walnuts, shelled, dry roasted, with salt added",,,dry;roasted,TOKEN_MATCH,0.6063,5,REVIEW,Lexical candidate only; human confirmation required. Alias evidence came from a VALID prior mapping row.,walnuts,0,12157,https://open.canada.ca/data/dataset/1b6139bd-ed7e-4043-bc28-ff00e10f3109,2026-01-28,raw=0;dry=1;cooked=6;boiled=0;unspecified=115
ING00126,water,Water,default,liquid,2933,"Water, municipal",,,unspecified_in_description,TOKEN_MATCH,0.775,1,REVIEW,Lexical candidate only; human confirmation required.,Water,0,14429,https://open.canada.ca/data/dataset/1b6139bd-ed7e-4043-bc28-ff00e10f3109,2012-07-03,raw=0;dry=0;cooked=1;boiled=1;unspecified=1202
ING00126,water,Water,default,liquid,2566,Coconut water (liquid from coconut),,,unspecified_in_description,TOKEN_MATCH,0.6625,2,REVIEW,Lexical candidate only; human confirmation required.,Water,0,12119,https://open.canada.ca/data/dataset/1b6139bd-ed7e-4043-bc28-ff00e10f3109,2026-01-28,raw=0;dry=0;cooked=1;boiled=1;unspecified=1202
ING00126,water,Water,default,liquid,2918,"Water, mineral, carbonated, bottled",Mineral content varies between brands,,unspecified_in_description,TOKEN_MATCH,0.6625,3,REVIEW,Lexical candidate only; human confirmation required.,Water,0,14075,https://open.canada.ca/data/dataset/1b6139bd-ed7e-4043-bc28-ff00e10f3109,2026-01-28,raw=0;dry=0;cooked=1;boiled=1;unspecified=1202
ING00126,water,Water,default,liquid,2919,"Water, mineral, POLAND SPRINGS, bottled",,,unspecified_in_description,TOKEN_MATCH,0.64,4,REVIEW,Lexical candidate only; human confirmation required.,Water,0,14385,https://open.canada.ca/data/dataset/1b6139bd-ed7e-4043-bc28-ff00e10f3109,2012-07-03,raw=0;dry=0;cooked=1;boiled=1;unspecified=1202
ING00126,water,Water,default,liquid,7186,"Vitamin water, all flavours, low calorie",,"low in calories, low energy, little energy, low source of calories, low source of energy",unspecified_in_description,TOKEN_MATCH,0.625,5,REVIEW,Lexical candidate only; human confirmation required.,Water,37,,https://open.canada.ca/data/dataset/1b6139bd-ed7e-4043-bc28-ff00e10f3109,2026-01-28,raw=0;dry=0;cooked=1;boiled=1;unspecified=1202
ING00126,water,Water,default,liquid,3368,Soy protein concentrate (prepared with acid and water wash),,,prepared,TOKEN_MATCH,0.6,6,REVIEW,Lexical candidate only; human confirmation required.,Water,0,16420,https://open.canada.ca/data/dataset/1b6139bd-ed7e-4043-bc28-ff00e10f3109,2026-01-28,raw=0;dry=0;cooked=1;boiled=1;unspecified=1202
ING00126,water,Water,default,liquid,7185,"Vitamin water, all flavours, sweetened",,"sweetened, with sugar, sugar added, added sugar",sweetened,TOKEN_MATCH,0.64,7,REVIEW,Lexical candidate only; human confirmation required.,Water,37,,https://open.canada.ca/data/dataset/1b6139bd-ed7e-4043-bc28-ff00e10f3109,2026-01-28,raw=0;dry=0;cooked=1;boiled=1;unspecified=1202
ING00126,water,Water,default,liquid,7187,"Vitamin water, lemon/orange flavours, sweetened",,"sweetened, with sugar, sugar added, added sugar",orange;sweetened,TOKEN_MATCH,0.625,8,REVIEW,Lexical candidate only; human confirmation required.,Water,37,,https://open.canada.ca/data/dataset/1b6139bd-ed7e-4043-bc28-ff00e10f3109,2026-01-28,raw=0;dry=0;cooked=1;boiled=1;unspecified=1202
ING00126,water,Water,default,liquid,7237,"Vitamin water, flavours not lemon/orange, sweetened",,"sweetened, with sugar, sugar added, added sugar",orange;sweetened,TOKEN_MATCH,0.6143,9,REVIEW,Lexical candidate only; human confirmation required.,Water,37,,https://open.canada.ca/data/dataset/1b6139bd-ed7e-4043-bc28-ff00e10f3109,2026-01-28,raw=0;dry=0;cooked=1;boiled=1;unspecified=1202
ING00126,water,Water,default,liquid,7188,"Vitamin water, lemon/orange flavours, low calorie",,"low in calories, low energy, little energy, low source of calories, low source of energy",orange,TOKEN_MATCH,0.6143,10,REVIEW,Lexical candidate only; human confirmation required.,Water,37,,https://open.canada.ca/data/dataset/1b6139bd-ed7e-4043-bc28-ff00e10f3109,2026-01-28,raw=0;dry=0;cooked=1;boiled=1;unspecified=1202
ING00127,yeast,Yeast (Active Dry),active dry,baking,5605,Yeast extract spread,,,unspecified_in_description,TOKEN_MATCH,0.7,1,REVIEW,Lexical candidate only; human confirmation required.,yeast,12,43406,https://open.canada.ca/data/dataset/1b6139bd-ed7e-4043-bc28-ff00e10f3109,2012-07-03,raw=0;dry=99;cooked=0;boiled=0;unspecified=0
ING00128,yellow bell pepper,Yellow Bell Pepper,default,vegetable,2344,"Pepper, sweet, yellow, raw",,,raw;yellow,TOKEN_MATCH,0.5467,1,REVIEW,Lexical candidate only; human confirmation required.,Yellow Bell Pepper,0,11951,https://open.canada.ca/data/dataset/1b6139bd-ed7e-4043-bc28-ff00e10f3109,2012-07-11,raw=0;dry=0;cooked=0;boiled=0;unspecified=82
