candidate_ingredient,frequency,canonical_ingredient,ingredient_form,category,mapping_status,cleaned_candidate,cleanup_status
salt,5369,salt,default,,AUTO,salt,UNCHANGED
sunflower oil,2462,sunflower oil,default,,AUTO,sunflower oil,UNCHANGED
turmeric powder,2231,turmeric,powder,,AUTO,turmeric powder,UNCHANGED
garlic,2045,garlic,default,,AUTO,garlic,UNCHANGED
onion,1972,onion,default,,AUTO,onion,UNCHANGED
red chilli powder,1735,red chilli,powder,,AUTO,red chilli powder,UNCHANGED
ginger,1624,ginger,default,,AUTO,ginger,UNCHANGED
cumin seeds,1560,cumin,seed,,AUTO,cumin seeds,UNCHANGED
coriander leaves,1546,coriander,leaf,,AUTO,coriander leaves,UNCHANGED
green chillies,1373,green chilli,default,,AUTO,green chillies,UNCHANGED
curry leaves,1202,curry leaf,default,,AUTO,curry leaves,UNCHANGED
sugar,1121,sugar,default,,AUTO,sugar,UNCHANGED
water,1105,water,default,,AUTO,water,UNCHANGED
mustard seeds,1094,mustard,seed,,AUTO,mustard seeds,UNCHANGED
ghee,1048,ghee,default,,AUTO,ghee,UNCHANGED
coriander powder,910,coriander,powder,,AUTO,coriander powder,UNCHANGED
garam masala powder,859,garam masala,powder,,AUTO,garam masala powder,UNCHANGED
black pepper powder,853,black pepper,powder,,AUTO,black pepper powder,UNCHANGED
lemon juice,827,lemon juice,default,,AUTO,lemon juice,UNCHANGED
butter,766,butter,default,,AUTO,butter,UNCHANGED
cumin powder,756,cumin,powder,,AUTO,cumin powder,UNCHANGED
extra virgin olive oil,751,olive oil,default,,AUTO,extra virgin olive oil,UNCHANGED
asafoetida,739,asafoetida,default,,AUTO,asafoetida,UNCHANGED
fresh coconut,692,coconut,fresh,,AUTO,fresh coconut,UNCHANGED
dry red chillies,688,dry red chilli,default,,AUTO,dry red chillies,UNCHANGED
milk,685,milk,default,,AUTO,milk,UNCHANGED
tomato,651,tomato,default,,AUTO,tomato,UNCHANGED
green chilli,640,green chilli,default,,AUTO,green chilli,UNCHANGED
tomatoes,631,tomato,default,,AUTO,tomatoes,UNCHANGED
curd,613,curd,default,,AUTO,curd,UNCHANGED
cinnamon stick,532,cinnamon,stick,,AUTO,cinnamon stick,UNCHANGED
all purpose flour,526,all purpose flour,flour,,AUTO,all purpose flour,UNCHANGED
नमक,515,salt,default,,AUTO,नमक,UNCHANGED
onions,513,onion,default,,AUTO,onions,UNCHANGED
white urad dal,481,urad dal,white,,AUTO,white urad dal,UNCHANGED
whole wheat flour,467,whole wheat flour,flour,,AUTO,whole wheat flour,UNCHANGED
whole black peppercorns,465,black pepper,whole,,AUTO,whole black peppercorns,UNCHANGED
jaggery,451,jaggery,default,,AUTO,jaggery,UNCHANGED
cardamom pods/seeds,436,cardamom,pod,,AUTO,cardamom pods/seeds,UNCHANGED
carrot,375,carrot,default,,AUTO,carrot,UNCHANGED
mint leaves,373,mint leaf,default,,AUTO,mint leaves,UNCHANGED
potatoes,371,potato,default,,AUTO,potatoes,UNCHANGED
oil,367,cooking oil,default,,AUTO,oil,UNCHANGED
bay leaf,363,bay leaf,default,,AUTO,bay leaf,UNCHANGED
gram flour,357,chickpea flour,flour,,AUTO,gram flour,UNCHANGED
fennel seeds,350,fennel,seed,,AUTO,fennel seeds,UNCHANGED
coriander seeds,350,coriander,seed,,AUTO,coriander seeds,UNCHANGED
whole eggs,336,egg,default,,AUTO,whole eggs,UNCHANGED
cashew nuts,332,cashew,default,,AUTO,cashew nuts,UNCHANGED
ginger garlic paste,328,ginger garlic,paste,,AUTO,ginger garlic paste,UNCHANGED
chana dal,319,chana dal,default,,AUTO,chana dal,UNCHANGED
cardamom powder,315,cardamom,powder,,AUTO,cardamom powder,UNCHANGED
green bell pepper,314,green bell pepper,default,,AUTO,green bell pepper,UNCHANGED
honey,313,honey,default,,AUTO,honey,UNCHANGED
vanilla extract,299,vanilla,default,,AUTO,vanilla extract,UNCHANGED
red chilli flakes,292,red chilli,flakes,,AUTO,red chilli flakes,UNCHANGED
methi seeds,287,fenugreek,seed,,AUTO,methi seeds,UNCHANGED
dry red chilli,284,red chilli,dried,,AUTO,dry red chilli,UNCHANGED
green peas,280,green peas,fresh,,AUTO,green peas,UNCHANGED
mustard oil,272,mustard,oil,,AUTO,mustard oil,UNCHANGED
baking powder,267,baking powder,default,,AUTO,baking powder,UNCHANGED
fresh cream,250,cream,fresh,,AUTO,fresh cream,UNCHANGED
paneer,250,paneer,default,,AUTO,paneer,UNCHANGED
ajwain,243,ajwain,default,,AUTO,ajwain,UNCHANGED
हरी मिर्च,243,green chilli,default,,AUTO,हरी मिर्च,UNCHANGED
badam,238,almond,default,,AUTO,badam,UNCHANGED
sesame seeds,237,sesame,seed,,AUTO,sesame seeds,UNCHANGED
carrots,233,carrot,default,,AUTO,carrots,UNCHANGED
प्याज,232,onion,default,,AUTO,प्याज,UNCHANGED
dried oregano,229,oregano,default,,AUTO,dried oregano,UNCHANGED
chaat masala powder,229,chaat masala,default,,AUTO,chaat masala powder,UNCHANGED
pinch asafoetida,227,,,,REVIEW,asafoetida,CLEANED
rice,227,rice,default,,AUTO,rice,UNCHANGED
salt and pepper,224,,,,REVIEW,salt and pepper,UNCHANGED
red bell pepper,222,red bell pepper,default,,AUTO,red bell pepper,UNCHANGED
coconut milk,216,coconut,milk,,AUTO,coconut milk,UNCHANGED
soy sauce,214,soy sauce,default,,AUTO,soy sauce,UNCHANGED
amchur,211,amchur,default,,AUTO,amchur,UNCHANGED
corn flour,210,corn,flour,,AUTO,corn flour,UNCHANGED
potato,202,potato,default,,AUTO,potato,UNCHANGED
tamarind,198,tamarind,default,,AUTO,tamarind,UNCHANGED
sesame oil,196,sesame,oil,,AUTO,sesame oil,UNCHANGED
rice flour,196,rice,flour,,AUTO,rice flour,UNCHANGED
button mushrooms,195,button mushroom,default,,AUTO,button mushrooms,UNCHANGED
cinnamon powder,193,cinnamon,powder,,AUTO,cinnamon powder,UNCHANGED
छोटा चमच्च हल्दी पाउडर,192,,,,REVIEW,हल्दी पाउडर,CLEANED
green beans,191,green beans,default,,AUTO,green beans,UNCHANGED
homemade tomato puree,191,,,,REVIEW,tomato puree,CLEANED
coconut oil,188,coconut oil,default,,AUTO,coconut oil,UNCHANGED
arhar dal,187,toor dal,default,,AUTO,arhar dal,UNCHANGED
lemon,174,lemon,default,,AUTO,lemon,UNCHANGED
caster sugar,171,,,,REVIEW,caster sugar,UNCHANGED
kashmiri red chilli powder,171,kashmiri red chilli,powder,,AUTO,kashmiri red chilli powder,UNCHANGED
basil leaves,168,basil,default,,AUTO,basil leaves,UNCHANGED
sweet corn,167,sweet corn,default,,AUTO,sweet corn,UNCHANGED
raisins,166,raisin,default,,AUTO,raisins,UNCHANGED
hung curd,163,curd,hung,,AUTO,hung curd,UNCHANGED
छोटा चमच्च जीरा,160,,,,REVIEW,जीरा,CLEANED
टमाटर,157,tomato,default,,AUTO,टमाटर,UNCHANGED
saffron strands,157,saffron,strand,,AUTO,saffron strands,UNCHANGED
mango,155,mango,default,,AUTO,mango,UNCHANGED
cabbage,153,cabbage,default,,AUTO,cabbage,UNCHANGED
baking soda,152,baking soda,default,,AUTO,baking soda,UNCHANGED
poppy seeds,150,poppy,seed,,AUTO,poppy seeds,UNCHANGED
pistachios,149,pistachio,default,,AUTO,pistachios,UNCHANGED
kasuri methi,149,fenugreek leaves,default,,AUTO,kasuri methi,UNCHANGED
whole egg,146,egg,default,,AUTO,whole egg,UNCHANGED
sooji,146,semolina,default,,AUTO,sooji,UNCHANGED
yellow moong dal,145,moong dal,default,,AUTO,yellow moong dal,UNCHANGED
brown sugar,143,,,,REVIEW,brown sugar,UNCHANGED
chicken,140,chicken,default,,AUTO,chicken,UNCHANGED
इंच अदरक,139,,,,REVIEW,अदरक,CLEANED
छोटा चमच्च लाल मिर्च पाउडर,139,,,,REVIEW,लाल मिर्च पाउडर,CLEANED
तेल,138,cooking oil,default,,AUTO,तेल,UNCHANGED
spinach,138,spinach,default,,AUTO,spinach,UNCHANGED
tamarind paste,137,tamarind,paste,,AUTO,tamarind paste,UNCHANGED
parsley leaves,136,parsley,default,,AUTO,parsley leaves,UNCHANGED
instant oats,134,oats,default,,AUTO,instant oats,UNCHANGED
broccoli,133,broccoli,default,,AUTO,broccoli,UNCHANGED
mozzarella cheese,132,mozzarella,default,,AUTO,mozzarella cheese,UNCHANGED
bay leaves,130,bay leaf,default,,AUTO,bay leaves,UNCHANGED
सुखी लाल मिर्च,130,,,,REVIEW,सुखी लाल मिर्च,UNCHANGED
spinach leaves,130,spinach,default,,AUTO,spinach leaves,UNCHANGED
tamarind water,129,tamarind,water,,AUTO,tamarind water,UNCHANGED
cauliflower,128,cauliflower,default,,AUTO,cauliflower,UNCHANGED
cucumber,126,cucumber,default,,AUTO,cucumber,UNCHANGED
chicken breasts,125,chicken,default,,AUTO,chicken breasts,UNCHANGED
कली लहसुन,125,,,,REVIEW,लहसुन,CLEANED
roasted peanuts,124,peanut,default,,AUTO,peanuts,CLEANED
pinch salt,124,,,,REVIEW,salt,CLEANED
mustard,123,mustard,default,,AUTO,mustard,UNCHANGED
red chilli sauce,122,red chilli,sauce,,AUTO,red chilli sauce,UNCHANGED
walnuts,122,walnut,default,,AUTO,walnuts,UNCHANGED
raw peanuts,121,,,,REVIEW,peanuts,CLEANED
whole wheat brown bread,121,,,,REVIEW,whole wheat brown bread,UNCHANGED
basmati rice,120,,,,REVIEW,basmati rice,UNCHANGED
spring onion greens,113,,,,REVIEW,spring onion greens,UNCHANGED
छोटा चमच्च राइ,112,,,,REVIEW,राइ,CLEANED
ripe bananas,109,,,,REVIEW,bananas,CLEANED
whole wheat bread crumbs,106,,,,REVIEW,whole wheat bread crumbs,UNCHANGED
brinjal,103,,,,REVIEW,brinjal,UNCHANGED
methi leaves,103,,,,REVIEW,methi leaves,UNCHANGED
black cardamom,102,,,,REVIEW,black cardamom,UNCHANGED
paprika powder,102,,,,REVIEW,paprika powder,UNCHANGED
cocoa powder,101,,,,REVIEW,cocoa powder,UNCHANGED
lukewarm water,99,,,,REVIEW,water,CLEANED
active dry yeast,99,,,,REVIEW,active dry yeast,UNCHANGED
parmesan cheese,98,,,,REVIEW,parmesan cheese,UNCHANGED
sambar powder,97,,,,REVIEW,sambar powder,UNCHANGED
vinegar,96,,,,REVIEW,vinegar,UNCHANGED
cheese,95,,,,REVIEW,cheese,UNCHANGED
spring onion,95,,,,REVIEW,spring onion,UNCHANGED
star anise,93,,,,REVIEW,star anise,UNCHANGED
green coriander,92,,,,REVIEW,green coriander,UNCHANGED
coriander,89,,,,REVIEW,coriander,UNCHANGED
छोटा चम्मच हल्दी पाउडर,88,,,,REVIEW,हल्दी पाउडर,CLEANED
हरा धनिया,88,,,,REVIEW,हरा धनिया,UNCHANGED
tofu,88,,,,REVIEW,tofu,UNCHANGED
pearl onions,87,,,,REVIEW,pearl onions,UNCHANGED
vegetable stock,86,,,,REVIEW,vegetable stock,UNCHANGED
kabuli chana,85,,,,REVIEW,kabuli chana,UNCHANGED
dry ginger powder,83,,,,REVIEW,dry ginger powder,UNCHANGED
kaddu,83,,,,REVIEW,kaddu,UNCHANGED
yellow bell pepper,82,,,,REVIEW,yellow bell pepper,UNCHANGED
coconut,81,,,,REVIEW,coconut,UNCHANGED
टहनी कढ़ी पत्ता,81,,,,REVIEW,कढ़ी पत्ता,CLEANED
red chili powder,80,,,,REVIEW,red chili powder,UNCHANGED
dessicated coconut,79,,,,REVIEW,dessicated coconut,UNCHANGED
छोटा चमच्च हींग,79,,,,REVIEW,हींग,CLEANED
dates,79,,,,REVIEW,dates,UNCHANGED
mutton,78,,,,REVIEW,mutton,UNCHANGED
green moong dal,78,,,,REVIEW,green moong dal,UNCHANGED
beetroot,77,,,,REVIEW,beetroot,UNCHANGED
cheddar cheese,75,,,,REVIEW,cheddar cheese,UNCHANGED
tomato ketchup,75,,,,REVIEW,tomato ketchup,UNCHANGED
छोटा चमच्च गरम मसाला पाउडर,74,,,,REVIEW,गरम मसाला पाउडर,CLEANED
green zucchini,74,,,,REVIEW,green zucchini,UNCHANGED
छोटा चमच्च धनिया पाउडर,74,,,,REVIEW,धनिया पाउडर,CLEANED
black urad dal,74,,,,REVIEW,black urad dal,UNCHANGED
छोटा चम्मच जीरा,73,,,,REVIEW,जीरा,CLEANED
nutmeg powder,72,,,,REVIEW,nutmeg powder,UNCHANGED
mixed herbs,72,,,,REVIEW,mixed herbs,UNCHANGED
kalonji,72,,,,REVIEW,kalonji,UNCHANGED
हींग,71,,,,REVIEW,हींग,UNCHANGED
cooked rice,70,,,,REVIEW,rice,CLEANED
black salt,70,,,,REVIEW,black salt,UNCHANGED
rye,69,,,,REVIEW,rye,UNCHANGED
कढ़ी पत्ता,66,,,,REVIEW,कढ़ी पत्ता,UNCHANGED
green chili,66,,,,REVIEW,green chili,UNCHANGED
condensed milk,65,,,,REVIEW,condensed milk,UNCHANGED
long,65,,,,REVIEW,long,UNCHANGED
टहनी हरा धनिया,64,,,,REVIEW,हरा धनिया,CLEANED
masoor dal,64,,,,REVIEW,masoor dal,UNCHANGED
strawberries,64,,,,REVIEW,strawberries,UNCHANGED
rajma,63,,,,REVIEW,rajma,UNCHANGED
dark chocolate,62,,,,REVIEW,dark chocolate,UNCHANGED
rosemary,62,,,,REVIEW,rosemary,UNCHANGED
dried thyme leaves,61,,,,REVIEW,dried thyme leaves,UNCHANGED
chilled water,61,,,,REVIEW,chilled water,UNCHANGED
pineapple,60,,,,REVIEW,pineapple,UNCHANGED
dry coconut,60,,,,REVIEW,dry coconut,UNCHANGED
bottle gourd,60,,,,REVIEW,bottle gourd,UNCHANGED
heavy whipping cream,60,,,,REVIEW,heavy whipping cream,UNCHANGED
shallots,58,,,,REVIEW,shallots,UNCHANGED
green chutney,58,,,,REVIEW,green chutney,UNCHANGED
आलू,58,,,,REVIEW,आलू,UNCHANGED
छोटा चम्मच लाल मिर्च पाउडर,58,,,,REVIEW,लाल मिर्च पाउडर,CLEANED
poha,57,,,,REVIEW,poha,UNCHANGED
bhindi,57,,,,REVIEW,bhindi,UNCHANGED
तेज पत्ता,56,,,,REVIEW,तेज पत्ता,UNCHANGED
apple,56,,,,REVIEW,apple,UNCHANGED
kala chana,56,,,,REVIEW,kala chana,UNCHANGED
पानी,54,,,,REVIEW,पानी,UNCHANGED
lemon zest,54,,,,REVIEW,lemon zest,UNCHANGED
mooli/ mullangi,54,,,,REVIEW,mooli/ mullangi,UNCHANGED
लॉन्ग,53,,,,REVIEW,लॉन्ग,UNCHANGED
icing sugar,53,,,,REVIEW,icing sugar,UNCHANGED
capsicum,53,,,,REVIEW,capsicum,UNCHANGED
vivatta maida,53,,,,REVIEW,vivatta maida,UNCHANGED
cinnamon,52,,,,REVIEW,cinnamon,UNCHANGED
raw banana,51,,,,REVIEW,banana,CLEANED
black olives,51,,,,REVIEW,black olives,UNCHANGED
mixed nuts,51,,,,REVIEW,mixed nuts,UNCHANGED
green moong sprouts,51,,,,REVIEW,green moong sprouts,UNCHANGED
ragi flour,50,,,,REVIEW,ragi flour,UNCHANGED
fresh orange juice,50,,,,REVIEW,fresh orange juice,UNCHANGED
dill leaves,50,,,,REVIEW,dill leaves,UNCHANGED
prawns,49,,,,REVIEW,prawns,UNCHANGED
cherry tomatoes,49,,,,REVIEW,cherry tomatoes,UNCHANGED
rose water,49,,,,REVIEW,rose water,UNCHANGED
mace,49,,,,REVIEW,mace,UNCHANGED
britannia cream cheese,49,,,,REVIEW,britannia cream cheese,UNCHANGED
enos fruit salt,49,,,,REVIEW,enos fruit salt,UNCHANGED
celery,48,,,,REVIEW,celery,UNCHANGED
baby corn,48,,,,REVIEW,baby corn,UNCHANGED
pickled jalapenos,47,,,,REVIEW,pickled jalapenos,UNCHANGED
fennel powder,46,,,,REVIEW,fennel powder,UNCHANGED
cardamom,46,,,,REVIEW,cardamom,UNCHANGED
बड़ा चमच्च तेल,46,,,,REVIEW,बड़ा चमच्च तेल,UNCHANGED
कप दही,46,,,,REVIEW,कप दही,UNCHANGED
boneless chicken,46,,,,REVIEW,boneless chicken,UNCHANGED
feta cheese,45,,,,REVIEW,feta cheese,UNCHANGED
कप चावल,45,,,,REVIEW,कप चावल,UNCHANGED
iceberg lettuce,45,,,,REVIEW,iceberg lettuce,UNCHANGED
peanuts,44,,,,REVIEW,peanuts,UNCHANGED
panch phoran masala,44,,,,REVIEW,panch phoran masala,UNCHANGED
कप नारियल,44,,,,REVIEW,कप नारियल,UNCHANGED
baby potatoes,43,,,,REVIEW,baby potatoes,UNCHANGED
buttermilk,43,,,,REVIEW,buttermilk,UNCHANGED
कप पानी,43,,,,REVIEW,कप पानी,UNCHANGED
fresh thyme leaves,42,,,,REVIEW,fresh thyme leaves,UNCHANGED
peanut butter,42,,,,REVIEW,peanut butter,UNCHANGED
mixed vegetables,42,,,,REVIEW,mixed vegetables,UNCHANGED
drumstick,42,,,,REVIEW,drumstick,UNCHANGED
chocolate chips,42,,,,REVIEW,chocolate chips,UNCHANGED
avocado,41,,,,REVIEW,avocado,UNCHANGED
anardana powder,41,,,,REVIEW,anardana powder,UNCHANGED
छोटा चमच्च तेल,41,,,,REVIEW,तेल,CLEANED
ice cubes,40,,,,REVIEW,ice cubes,UNCHANGED
fenugreek seeds,40,,,,REVIEW,fenugreek seeds,UNCHANGED
kokum,40,,,,REVIEW,kokum,UNCHANGED
sweet potatoes,40,,,,REVIEW,sweet potatoes,UNCHANGED
छोटा चमच्च जीरा पाउडर,40,,,,REVIEW,जीरा पाउडर,CLEANED
छोटा चम्मच राइ,40,,,,REVIEW,राइ,CLEANED
sweet chutney,39,,,,REVIEW,sweet chutney,UNCHANGED
khoya,39,,,,REVIEW,khoya,UNCHANGED
italian seasoning,39,,,,REVIEW,italian seasoning,UNCHANGED
छोटा चम्मच गरम मसाला पाउडर,38,,,,REVIEW,गरम मसाला पाउडर,CLEANED
chia seeds,38,,,,REVIEW,chia seeds,UNCHANGED
fresh red chillies,38,,,,REVIEW,fresh red chillies,UNCHANGED
fresh pomegranate fruit kernels,38,,,,REVIEW,fresh pomegranate fruit kernels,UNCHANGED
orange zest,38,,,,REVIEW,orange zest,UNCHANGED
elephant yam,38,,,,REVIEW,elephant yam,UNCHANGED
tabasco original,38,,,,REVIEW,tabasco original,UNCHANGED
karela,38,,,,REVIEW,karela,UNCHANGED
sweet potato,37,,,,REVIEW,sweet potato,UNCHANGED
tortillas,37,,,,REVIEW,tortillas,UNCHANGED
sev,37,,,,REVIEW,sev,UNCHANGED
cumin,36,,,,REVIEW,cumin,UNCHANGED
roasted gram dal,36,,,,REVIEW,gram dal,CLEANED
cloves,36,,,,REVIEW,cloves,UNCHANGED
quinoa,36,,,,REVIEW,quinoa,UNCHANGED
इलाइची,36,,,,REVIEW,इलाइची,UNCHANGED
garlic powder,36,,,,REVIEW,garlic powder,UNCHANGED
hot water,35,,,,REVIEW,hot water,UNCHANGED
cranberries,35,,,,REVIEW,cranberries,UNCHANGED
शिमला मिर्च,34,,,,REVIEW,शिमला मिर्च,UNCHANGED
छोटा चम्मच जीरा पाउडर,34,,,,REVIEW,जीरा पाउडर,CLEANED
asafetida,34,,,,REVIEW,asafetida,UNCHANGED
black eyed beans,33,,,,REVIEW,black eyed beans,UNCHANGED
milk powder,33,,,,REVIEW,milk powder,UNCHANGED
idli rice,33,,,,REVIEW,idli rice,UNCHANGED
गाजर,32,,,,REVIEW,गाजर,UNCHANGED
instant coffee powder,32,,,,REVIEW,instant coffee powder,UNCHANGED
bajra flour,32,,,,REVIEW,bajra flour,UNCHANGED
बड़े चमच्च तेल,32,,,,REVIEW,बड़े चमच्च तेल,UNCHANGED
nutmeg,32,,,,REVIEW,nutmeg,UNCHANGED
red onion,31,,,,REVIEW,red onion,UNCHANGED
tomato puree,31,,,,REVIEW,tomato puree,UNCHANGED
jowar flour,31,,,,REVIEW,jowar flour,UNCHANGED
slivered almonds,31,,,,REVIEW,slivered almonds,UNCHANGED
छोटा चमच्च शक्कर,30,,,,REVIEW,शक्कर,CLEANED
almond meal,30,,,,REVIEW,almond meal,UNCHANGED
छोटा चम्मच हींग,30,,,,REVIEW,हींग,CLEANED
sriracha sauce,30,,,,REVIEW,sriracha sauce,UNCHANGED
pinch turmeric powder,30,,,,REVIEW,turmeric powder,CLEANED
lemon wedges,30,,,,REVIEW,lemon wedges,UNCHANGED
whole black pepper corns,30,,,,REVIEW,whole black pepper corns,UNCHANGED
spaghetti pasta,30,,,,REVIEW,spaghetti pasta,UNCHANGED
orange,29,,,,REVIEW,orange,UNCHANGED
soy chunks,29,,,,REVIEW,soy chunks,UNCHANGED
brown rice,29,,,,REVIEW,brown rice,UNCHANGED
flax seed powder,29,,,,REVIEW,flax seed powder,UNCHANGED
कप हरे मटर,29,,,,REVIEW,कप हरे मटर,UNCHANGED
ssp asafoetida,29,,,,REVIEW,ssp asafoetida,UNCHANGED
apples,29,,,,REVIEW,apples,UNCHANGED
foxtail millet,28,,,,REVIEW,foxtail millet,UNCHANGED
कप हरा धनिया,28,,,,REVIEW,कप हरा धनिया,UNCHANGED
homemade pizza and pasta sauce,28,,,,REVIEW,pizza and pasta sauce,CLEANED
whole pepper,27,,,,REVIEW,whole pepper,UNCHANGED
classic mayonnaise,27,,,,REVIEW,classic mayonnaise,UNCHANGED
lentil sugar,27,,,,REVIEW,lentil sugar,UNCHANGED
छोटा चमच्च अदरक,27,,,,REVIEW,अदरक,CLEANED
छोटा चमच्च सौंफ,27,,,,REVIEW,सौंफ,CLEANED
byadagi dried chillies,27,,,,REVIEW,byadagi dried chillies,UNCHANGED
pinch saffron strands,26,,,,REVIEW,saffron strands,CLEANED
pinch sugar,26,,,,REVIEW,sugar,CLEANED
penne pasta,26,,,,REVIEW,penne pasta,UNCHANGED
gingelly oil,26,,,,REVIEW,gingelly oil,UNCHANGED
chilli vinegar,26,,,,REVIEW,chilli vinegar,UNCHANGED
horse gram dal,26,,,,REVIEW,horse gram dal,UNCHANGED
fennel,26,,,,REVIEW,fennel,UNCHANGED
broken wheat,26,,,,REVIEW,broken wheat,UNCHANGED
yogurt,25,,,,REVIEW,yogurt,UNCHANGED
ridge gourd,25,,,,REVIEW,ridge gourd,UNCHANGED
green chilli sauce,25,,,,REVIEW,green chilli sauce,UNCHANGED
white pepper powder,25,,,,REVIEW,white pepper powder,UNCHANGED
sour cream,25,,,,REVIEW,sour cream,UNCHANGED
colocasia root,25,,,,REVIEW,colocasia root,UNCHANGED
small brinjal,25,,,,REVIEW,small brinjal,UNCHANGED
sweet and spicy red chilli sauce,25,,,,REVIEW,sweet and spicy red chilli sauce,UNCHANGED
tindora,24,,,,REVIEW,tindora,UNCHANGED
roasted tomato pasta sauce,24,,,,REVIEW,tomato pasta sauce,CLEANED
black pepper corns,24,,,,REVIEW,black pepper corns,UNCHANGED
dark soy sauce,24,,,,REVIEW,dark soy sauce,UNCHANGED
इंच दाल चीनी,24,,,,REVIEW,दाल चीनी,CLEANED
पूरी काली मिर्च,24,,,,REVIEW,पूरी काली मिर्च,UNCHANGED
छोटा चम्मच धनिया पाउडर,24,,,,REVIEW,धनिया पाउडर,CLEANED
idli dosa batter,24,,,,REVIEW,idli dosa batter,UNCHANGED
red yellow and green bell peppers,24,,,,REVIEW,red yellow and green bell peppers,UNCHANGED
cream,23,,,,REVIEW,cream,UNCHANGED
muesli,23,,,,REVIEW,muesli,UNCHANGED
watermelon,23,,,,REVIEW,watermelon,UNCHANGED
kiwi,23,,,,REVIEW,kiwi,UNCHANGED
makki ka atta,23,,,,REVIEW,makki ka atta,UNCHANGED
olive oil,23,,,,REVIEW,olive oil,UNCHANGED
कप पिली मूंग दाल,23,,,,REVIEW,कप पिली मूंग दाल,UNCHANGED
dijon mustard,23,,,,REVIEW,dijon mustard,UNCHANGED
इंच दालचीनी,23,,,,REVIEW,दालचीनी,CLEANED
बड़े चमच्च घी,23,,,,REVIEW,बड़े चमच्च घी,UNCHANGED
britannia cheese spread,23,,,,REVIEW,britannia cheese spread,UNCHANGED
pav bhaji masala,22,,,,REVIEW,pav bhaji masala,UNCHANGED
white vinegar,22,,,,REVIEW,white vinegar,UNCHANGED
अंडे,22,,,,REVIEW,अंडे,UNCHANGED
wheat flour,22,,,,REVIEW,wheat flour,UNCHANGED
palm sugar,22,,,,REVIEW,palm sugar,UNCHANGED
as per taste,22,,,,REVIEW,as per taste,UNCHANGED
rasam powder,22,,,,REVIEW,rasam powder,UNCHANGED
figaro pure olive oil,22,,,,REVIEW,figaro pure olive oil,UNCHANGED
maple syrup,22,,,,REVIEW,maple syrup,UNCHANGED
red wine vinaigrette,22,,,,REVIEW,red wine vinaigrette,UNCHANGED
sea salt,22,,,,REVIEW,sea salt,UNCHANGED
whole cashews,22,,,,REVIEW,whole cashews,UNCHANGED
raw papaya,22,,,,REVIEW,papaya,CLEANED
कप चना दाल,21,,,,REVIEW,कप चना दाल,UNCHANGED
cashews,21,,,,REVIEW,cashews,UNCHANGED
कप बेसन,21,,,,REVIEW,कप बेसन,UNCHANGED
maharashtrian goda masala,21,,,,REVIEW,maharashtrian goda masala,UNCHANGED
oats flour,21,,,,REVIEW,oats flour,UNCHANGED
sabudana,21,,,,REVIEW,sabudana,UNCHANGED
छोटा चमच्च पूरी काली मिर्च,21,,,,REVIEW,पूरी काली मिर्च,CLEANED
rock salt,21,,,,REVIEW,rock salt,UNCHANGED
green chilli paste,21,,,,REVIEW,green chilli paste,UNCHANGED
बड़ा चमच्च घी,20,,,,REVIEW,बड़ा चमच्च घी,UNCHANGED
boondi,20,,,,REVIEW,boondi,UNCHANGED
छोटा चम्मच तेल,20,,,,REVIEW,तेल,CLEANED
बड़ा चम्मच घी,20,,,,REVIEW,बड़ा चम्मच घी,UNCHANGED
mustard sauce,20,,,,REVIEW,mustard sauce,UNCHANGED
green bell peppers,20,,,,REVIEW,green bell peppers,UNCHANGED
कप दूध,20,,,,REVIEW,कप दूध,UNCHANGED
cooking soda,20,,,,REVIEW,cooking soda,UNCHANGED
shrimps,20,,,,REVIEW,shrimps,UNCHANGED
rolled oats or instant oats,20,,,,REVIEW,rolled oats or instant oats,UNCHANGED
mint,19,,,,REVIEW,mint,UNCHANGED
black sesame seeds,19,,,,REVIEW,black sesame seeds,UNCHANGED
drumstick leaves,19,,,,REVIEW,drumstick leaves,UNCHANGED
छोटा चमच्च काली मिर्च पाउडर,19,,,,REVIEW,काली मिर्च पाउडर,CLEANED
छोटा चम्मच काली मिर्च पाउडर,19,,,,REVIEW,काली मिर्च पाउडर,CLEANED
apple cider vinegar,19,,,,REVIEW,apple cider vinegar,UNCHANGED
red yellow or green bell pepper,19,,,,REVIEW,red yellow or green bell pepper,UNCHANGED
small onions,19,,,,REVIEW,small onions,UNCHANGED
rice vinegar,19,,,,REVIEW,rice vinegar,UNCHANGED
काजू,19,,,,REVIEW,काजू,UNCHANGED
egg yolks,19,,,,REVIEW,egg yolks,UNCHANGED
tahini,19,,,,REVIEW,tahini,UNCHANGED
phool makhana,18,,,,REVIEW,phool makhana,UNCHANGED
puffed rice,18,,,,REVIEW,puffed rice,UNCHANGED
semiya,18,,,,REVIEW,semiya,UNCHANGED
balsamic vinegar,18,,,,REVIEW,balsamic vinegar,UNCHANGED
ग्राम पनीर,18,,,,REVIEW,ग्राम पनीर,UNCHANGED
लहसुन,18,,,,REVIEW,लहसुन,UNCHANGED
mango pulp,18,,,,REVIEW,mango pulp,UNCHANGED
of green coriander,18,,,,REVIEW,of green coriander,UNCHANGED
कप गाजर,18,,,,REVIEW,कप गाजर,UNCHANGED
कप टमाटर प्यूरी,18,,,,REVIEW,कप टमाटर प्यूरी,UNCHANGED
कप नारियल का दूध,18,,,,REVIEW,कप नारियल का दूध,UNCHANGED
gelatin,18,,,,REVIEW,gelatin,UNCHANGED
fresh red chilli,18,,,,REVIEW,fresh red chilli,UNCHANGED
kashmiri dry red chillies,18,,,,REVIEW,kashmiri dry red chillies,UNCHANGED
घी,17,,,,REVIEW,घी,UNCHANGED
stalks spring onion,17,,,,REVIEW,stalks spring onion,UNCHANGED
बड़ी इलाइची,17,,,,REVIEW,बड़ी इलाइची,UNCHANGED
whole black pepper,17,,,,REVIEW,whole black pepper,UNCHANGED
nutralite classic spread,17,,,,REVIEW,nutralite classic spread,UNCHANGED
custard powder,17,,,,REVIEW,custard powder,UNCHANGED
hakka noodles,17,,,,REVIEW,hakka noodles,UNCHANGED
छोटा चमच्च निम्बू का रस,17,,,,REVIEW,निम्बू का रस,CLEANED
amla,17,,,,REVIEW,amla,UNCHANGED
curry powder,17,,,,REVIEW,curry powder,UNCHANGED
egg whites,16,,,,REVIEW,egg whites,UNCHANGED
बड़ा चमच्च अदरक लहसुन का पेस्ट,16,,,,REVIEW,बड़ा चमच्च अदरक लहसुन का पेस्ट,UNCHANGED
बड़ा चमच्च धनिया पाउडर,16,,,,REVIEW,बड़ा चमच्च धनिया पाउडर,UNCHANGED
jackfruit raw,16,,,,REVIEW,jackfruit raw,UNCHANGED
pepper powder,16,,,,REVIEW,pepper powder,UNCHANGED
avarekalu / lilva beans,16,,,,REVIEW,avarekalu / lilva beans,UNCHANGED
almonds,16,,,,REVIEW,almonds,UNCHANGED
green chilies,16,,,,REVIEW,green chilies,UNCHANGED
barnyard millet,16,,,,REVIEW,barnyard millet,UNCHANGED
ricotta cheese,16,,,,REVIEW,ricotta cheese,UNCHANGED
tomato salsa,16,,,,REVIEW,tomato salsa,UNCHANGED
bud garlic,16,,,,REVIEW,bud garlic,UNCHANGED
melon seeds,16,,,,REVIEW,melon seeds,UNCHANGED
बड़ा चम्मच तेल,16,,,,REVIEW,बड़ा चम्मच तेल,UNCHANGED
blueberries,16,,,,REVIEW,blueberries,UNCHANGED
sunflower seeds,16,,,,REVIEW,sunflower seeds,UNCHANGED
gawar phali,15,,,,REVIEW,gawar phali,UNCHANGED
छोटे चमच्च तेल,15,,,,REVIEW,छोटे चमच्च तेल,UNCHANGED
कप अरहर दाल,15,,,,REVIEW,कप अरहर दाल,UNCHANGED
nutralite garlic & oregano spread,15,,,,REVIEW,nutralite garlic & oregano spread,UNCHANGED
buckwheat flour,15,,,,REVIEW,buckwheat flour,UNCHANGED
छोटा चमच्च सफ़ेद उरद दाल,15,,,,REVIEW,सफ़ेद उरद दाल,CLEANED
stone flower,15,,,,REVIEW,stone flower,UNCHANGED
fenugreek,15,,,,REVIEW,fenugreek,UNCHANGED
eggs,15,,,,REVIEW,eggs,UNCHANGED
छोटा चमच्च मेथी के दाने,15,,,,REVIEW,मेथी के दाने,CLEANED
eggplant,15,,,,REVIEW,eggplant,UNCHANGED
छोटा चमच्च अदरक लहसुन का पेस्ट,15,,,,REVIEW,अदरक लहसुन का पेस्ट,CLEANED
छोटा चमच्च घी,15,,,,REVIEW,घी,CLEANED
britannia cheese block,15,,,,REVIEW,britannia cheese block,UNCHANGED
green amaranth leaves,15,,,,REVIEW,green amaranth leaves,UNCHANGED
lemons,15,,,,REVIEW,lemons,UNCHANGED
लाल मिर्च पाउडर,15,,,,REVIEW,लाल मिर्च पाउडर,UNCHANGED
flax seeds,15,,,,REVIEW,flax seeds,UNCHANGED
fish sauce,15,,,,REVIEW,fish sauce,UNCHANGED
salted butter,15,,,,REVIEW,salted butter,UNCHANGED
egg white,15,,,,REVIEW,egg white,UNCHANGED
long garlic,14,,,,REVIEW,long garlic,UNCHANGED
chicken stock,14,,,,REVIEW,chicken stock,UNCHANGED
rose petals,14,,,,REVIEW,rose petals,UNCHANGED
tandoori masala,14,,,,REVIEW,tandoori masala,UNCHANGED
लॉन्ग लहसुन,14,,,,REVIEW,लॉन्ग लहसुन,UNCHANGED
burger buns,14,,,,REVIEW,burger buns,UNCHANGED
dry fruits,14,,,,REVIEW,dry fruits,UNCHANGED
apricots,14,,,,REVIEW,apricots,UNCHANGED
dried rose petals,14,,,,REVIEW,dried rose petals,UNCHANGED
english cucumber,14,,,,REVIEW,english cucumber,UNCHANGED
कप पुदीना,14,,,,REVIEW,कप पुदीना,UNCHANGED
fish,14,,,,REVIEW,fish,UNCHANGED
छोटा चम्मच सफ़ेद उरद दाल,14,,,,REVIEW,सफ़ेद उरद दाल,CLEANED
sun dried tomatoes,14,,,,REVIEW,sun dried tomatoes,UNCHANGED
dried figs,14,,,,REVIEW,dried figs,UNCHANGED
बादाम,14,,,,REVIEW,बादाम,UNCHANGED
dried basil leaves,14,,,,REVIEW,dried basil leaves,UNCHANGED
बैंगन,14,,,,REVIEW,बैंगन,UNCHANGED
कप गेहूं का आटा,14,,,,REVIEW,कप गेहूं का आटा,UNCHANGED
mangalorean cucumber,14,,,,REVIEW,mangalorean cucumber,UNCHANGED
beetroots,14,,,,REVIEW,beetroots,UNCHANGED
बड़े चम्मच घी,14,,,,REVIEW,बड़े चम्मच घी,UNCHANGED
of coriander,13,,,,REVIEW,of coriander,UNCHANGED
बड़े चमच्च नारियल,13,,,,REVIEW,बड़े चमच्च नारियल,UNCHANGED
purple cabbage,13,,,,REVIEW,purple cabbage,UNCHANGED
mixed dry fruits,13,,,,REVIEW,mixed dry fruits,UNCHANGED
fresh cherries,13,,,,REVIEW,fresh cherries,UNCHANGED
बड़ा चमच्च नारियल,13,,,,REVIEW,बड़ा चमच्च नारियल,UNCHANGED
ग्राम भिंडी,13,,,,REVIEW,ग्राम भिंडी,UNCHANGED
dry red chili,13,,,,REVIEW,dry red chili,UNCHANGED
nutella spread,13,,,,REVIEW,nutella spread,UNCHANGED
lemongrass,13,,,,REVIEW,lemongrass,UNCHANGED
yellow zucchini,13,,,,REVIEW,yellow zucchini,UNCHANGED
kaffir lime leaves,13,,,,REVIEW,kaffir lime leaves,UNCHANGED
छोटा चम्मच सौंफ,13,,,,REVIEW,सौंफ,CLEANED
leek,13,,,,REVIEW,leek,UNCHANGED
pav buns,13,,,,REVIEW,pav buns,UNCHANGED
कप शक्कर,13,,,,REVIEW,कप शक्कर,UNCHANGED
red matta rice,12,,,,REVIEW,red matta rice,UNCHANGED
pasta,12,,,,REVIEW,pasta,UNCHANGED
कप हरी मूंग दाल,12,,,,REVIEW,कप हरी मूंग दाल,UNCHANGED
light soy sauce,12,,,,REVIEW,light soy sauce,UNCHANGED
jowar seeds,12,,,,REVIEW,jowar seeds,UNCHANGED
papaya,12,,,,REVIEW,papaya,UNCHANGED
black rice,12,,,,REVIEW,black rice,UNCHANGED
to 4 green chillies,12,,,,REVIEW,to 4 green chillies,UNCHANGED
छोटा चमच्च अमचूर,12,,,,REVIEW,अमचूर,CLEANED
white chocolate,12,,,,REVIEW,white chocolate,UNCHANGED
mango powder,12,,,,REVIEW,mango powder,UNCHANGED
cucumbers,12,,,,REVIEW,cucumbers,UNCHANGED
छोटा चमच्च अमचूर पाउडर,12,,,,REVIEW,अमचूर पाउडर,CLEANED
rice wine vinegar,12,,,,REVIEW,rice wine vinegar,UNCHANGED
ragi seeds,12,,,,REVIEW,ragi seeds,UNCHANGED
black beans,12,,,,REVIEW,black beans,UNCHANGED
rajgira flour,12,,,,REVIEW,rajgira flour,UNCHANGED
banana stem,12,,,,REVIEW,banana stem,UNCHANGED
vellai poosanikai,12,,,,REVIEW,vellai poosanikai,UNCHANGED
कप मसूर दाल,12,,,,REVIEW,कप मसूर दाल,UNCHANGED
pumpkin seeds,12,,,,REVIEW,pumpkin seeds,UNCHANGED
almond milk,12,,,,REVIEW,almond milk,UNCHANGED
कप काबुली चना या छोला,12,,,,REVIEW,कप काबुली चना या छोला,UNCHANGED
छोटा चम्मच अदरक,12,,,,REVIEW,अदरक,CLEANED
badi,12,,,,REVIEW,badi,UNCHANGED
छोटे प्याज,12,,,,REVIEW,छोटे प्याज,UNCHANGED
baguette,12,,,,REVIEW,baguette,UNCHANGED
हल्दी पाउडर,12,,,,REVIEW,हल्दी पाउडर,UNCHANGED
कप पालक,12,,,,REVIEW,कप पालक,UNCHANGED
fresh herbs,12,,,,REVIEW,fresh herbs,UNCHANGED
aerated water,12,,,,REVIEW,aerated water,UNCHANGED
बड़ा चमच्च निम्बू का रस,12,,,,REVIEW,बड़ा चमच्च निम्बू का रस,UNCHANGED
thai red chilli,12,,,,REVIEW,thai red chilli,UNCHANGED
rice noodles,12,,,,REVIEW,rice noodles,UNCHANGED
काली मिर्च पाउडर,12,,,,REVIEW,काली मिर्च पाउडर,UNCHANGED
red chili,11,,,,REVIEW,red chili,UNCHANGED
fresh fruits,11,,,,REVIEW,fresh fruits,UNCHANGED
gulkand,11,,,,REVIEW,gulkand,UNCHANGED
fresh figs,11,,,,REVIEW,fresh figs,UNCHANGED
chow chow,11,,,,REVIEW,chow chow,UNCHANGED
-3 green chillies,11,,,,REVIEW,-3 green chillies,UNCHANGED
mixed fruits,11,,,,REVIEW,mixed fruits,UNCHANGED
achari mayo,11,,,,REVIEW,achari mayo,UNCHANGED
छोटा चमच्च कसूरी मेथी,11,,,,REVIEW,कसूरी मेथी,CLEANED
date syrup,11,,,,REVIEW,date syrup,UNCHANGED
छोटा चमच्च इलाइची पाउडर,11,,,,REVIEW,इलाइची पाउडर,CLEANED
nutralite cheesy garlic mayo,11,,,,REVIEW,nutralite cheesy garlic mayo,UNCHANGED
okra,11,,,,REVIEW,okra,UNCHANGED
onion powder,11,,,,REVIEW,onion powder,UNCHANGED
गोभी,11,,,,REVIEW,गोभी,UNCHANGED
gourd,11,,,,REVIEW,gourd,UNCHANGED
lettuce leaves,11,,,,REVIEW,lettuce leaves,UNCHANGED
pinch cardamom powder,11,,,,REVIEW,cardamom powder,CLEANED
raw mango,11,,,,REVIEW,mango,CLEANED
निम्बू का रस,11,,,,REVIEW,निम्बू का रस,UNCHANGED
कप प्याज,11,,,,REVIEW,कप प्याज,UNCHANGED
bok choy,11,,,,REVIEW,bok choy,UNCHANGED
dosa rice,11,,,,REVIEW,dosa rice,UNCHANGED
pinch baking soda,11,,,,REVIEW,baking soda,CLEANED
kala jeera,11,,,,REVIEW,kala jeera,UNCHANGED
कप मूंगफली,11,,,,REVIEW,कप मूंगफली,UNCHANGED
tulsi,11,,,,REVIEW,tulsi,UNCHANGED
छोटा चमच्च नमक,11,,,,REVIEW,नमक,CLEANED
del monte whole corn kernels,11,,,,REVIEW,del monte whole corn kernels,UNCHANGED
oreo biscuits,11,,,,REVIEW,oreo biscuits,UNCHANGED
thai red curry paste,11,,,,REVIEW,thai red curry paste,UNCHANGED
छोटा चम्मच निम्बू का रस,11,,,,REVIEW,निम्बू का रस,CLEANED
macaroni pasta,11,,,,REVIEW,macaroni pasta,UNCHANGED
chocolate bar,11,,,,REVIEW,chocolate bar,UNCHANGED
black salt or rock salt,11,,,,REVIEW,black salt or rock salt,UNCHANGED
banana leaf,11,,,,REVIEW,banana leaf,UNCHANGED
palm jaggery,10,,,,REVIEW,palm jaggery,UNCHANGED
barley,10,,,,REVIEW,barley,UNCHANGED
कप स्वीट कॉर्न,10,,,,REVIEW,कप स्वीट कॉर्न,UNCHANGED
soybeans,10,,,,REVIEW,soybeans,UNCHANGED
tender coconut water,10,,,,REVIEW,tender coconut water,UNCHANGED
केसर,10,,,,REVIEW,केसर,UNCHANGED
stalks lemongrass,10,,,,REVIEW,stalks lemongrass,UNCHANGED
बड़ा चमच्च मक्खन,10,,,,REVIEW,बड़ा चमच्च मक्खन,UNCHANGED
बड़ा चम्मच निम्बू का रस,10,,,,REVIEW,बड़ा चम्मच निम्बू का रस,UNCHANGED
peppermint,10,,,,REVIEW,peppermint,UNCHANGED
red cabbage,10,,,,REVIEW,red cabbage,UNCHANGED
chinese 5 spice powder,10,,,,REVIEW,chinese 5 spice powder,UNCHANGED
stalks celery,10,,,,REVIEW,stalks celery,UNCHANGED
prunes,10,,,,REVIEW,prunes,UNCHANGED
schezwan sauce,10,,,,REVIEW,schezwan sauce,UNCHANGED
avarekai,10,,,,REVIEW,avarekai,UNCHANGED
pomegranate,10,,,,REVIEW,pomegranate,UNCHANGED
guava,10,,,,REVIEW,guava,UNCHANGED
छोटा चम्मच पूरी काली मिर्च,10,,,,REVIEW,पूरी काली मिर्च,CLEANED
del monte cheesy garlic mayo,10,,,,REVIEW,del monte cheesy garlic mayo,UNCHANGED
rice vermicelli noodles,10,,,,REVIEW,rice vermicelli noodles,UNCHANGED
large cardamom,10,,,,REVIEW,large cardamom,UNCHANGED
कप इमली का पानी,10,,,,REVIEW,कप इमली का पानी,UNCHANGED
बड़ा चमच्च हरा धनिया,10,,,,REVIEW,बड़ा चमच्च हरा धनिया,UNCHANGED
कप मेथी,10,,,,REVIEW,कप मेथी,UNCHANGED
mace powder,10,,,,REVIEW,mace powder,UNCHANGED
basa fish,10,,,,REVIEW,basa fish,UNCHANGED
कप काजू,10,,,,REVIEW,कप काजू,UNCHANGED
bean sprouts,10,,,,REVIEW,bean sprouts,UNCHANGED
दालचीनी,10,,,,REVIEW,दालचीनी,UNCHANGED
tomato basil pasta sauce,10,,,,REVIEW,tomato basil pasta sauce,UNCHANGED
बड़ा चमच्च गरम मसाला पाउडर,10,,,,REVIEW,बड़ा चमच्च गरम मसाला पाउडर,UNCHANGED
1/2 cups water,10,,,,REVIEW,1/2 cups water,UNCHANGED
बड़े चम्मच हरा धनिया,10,,,,REVIEW,बड़े चम्मच हरा धनिया,UNCHANGED
rolled oats,10,,,,REVIEW,rolled oats,UNCHANGED
wheat bran,10,,,,REVIEW,wheat bran,UNCHANGED
green seedless grapes,10,,,,REVIEW,green seedless grapes,UNCHANGED
बड़ा चमच्च लाल मिर्च पाउडर,10,,,,REVIEW,बड़ा चमच्च लाल मिर्च पाउडर,UNCHANGED
छोटा चम्मच मेथी के दाने,10,,,,REVIEW,मेथी के दाने,CLEANED
all spice powder,10,,,,REVIEW,all spice powder,UNCHANGED
बड़ा चमच्च धनिये के बीज,10,,,,REVIEW,बड़ा चमच्च धनिये के बीज,UNCHANGED
puff pastry sheet,10,,,,REVIEW,puff pastry sheet,UNCHANGED
fish fillet,10,,,,REVIEW,fish fillet,UNCHANGED
pinch nutmeg powder,10,,,,REVIEW,nutmeg powder,CLEANED
cayenne pepper,10,,,,REVIEW,cayenne pepper,UNCHANGED
yellow mustard seeds,9,,,,REVIEW,yellow mustard seeds,UNCHANGED
methi powder,9,,,,REVIEW,methi powder,UNCHANGED
coconut sugar,9,,,,REVIEW,coconut sugar,UNCHANGED
peaches,9,,,,REVIEW,peaches,UNCHANGED
kasoori methi,9,,,,REVIEW,kasoori methi,UNCHANGED
छोटा चमच्च कश्मीरी लाल मिर्च पाउडर,9,,,,REVIEW,कश्मीरी लाल मिर्च पाउडर,CLEANED
बड़ा चमच्च गुड़,9,,,,REVIEW,बड़ा चमच्च गुड़,UNCHANGED
pink masoor dal,9,,,,REVIEW,pink masoor dal,UNCHANGED
edible silver foil/leaf,9,,,,REVIEW,edible silver foil/leaf,UNCHANGED
bajra,9,,,,REVIEW,bajra,UNCHANGED
baby spinach,9,,,,REVIEW,baby spinach,UNCHANGED
marie biscuit,9,,,,REVIEW,marie biscuit,UNCHANGED
छोटा चम्मच अजवाइन,9,,,,REVIEW,अजवाइन,CLEANED
कप पनीर,9,,,,REVIEW,कप पनीर,UNCHANGED
बड़े चमच्च हरा धनिया,9,,,,REVIEW,बड़े चमच्च हरा धनिया,UNCHANGED
dry red chilies,9,,,,REVIEW,dry red chilies,UNCHANGED
galangal,9,,,,REVIEW,galangal,UNCHANGED
double cream,9,,,,REVIEW,double cream,UNCHANGED
pinch cooking soda,9,,,,REVIEW,cooking soda,CLEANED
पुदीना,9,,,,REVIEW,पुदीना,UNCHANGED
बड़े चम्मच तेल,9,,,,REVIEW,बड़े चम्मच तेल,UNCHANGED
snake gourd,9,,,,REVIEW,snake gourd,UNCHANGED
chicken thighs,9,,,,REVIEW,chicken thighs,UNCHANGED
banana flower,9,,,,REVIEW,banana flower,UNCHANGED
इलाईची,9,,,,REVIEW,इलाईची,UNCHANGED
बड़ा चमच्च हल्दी पाउडर,9,,,,REVIEW,बड़ा चमच्च हल्दी पाउडर,UNCHANGED
pointed gourd,9,,,,REVIEW,pointed gourd,UNCHANGED
whole wheat flour tortilla,9,,,,REVIEW,whole wheat flour tortilla,UNCHANGED
small potatoes,9,,,,REVIEW,small potatoes,UNCHANGED
parwal,9,,,,REVIEW,parwal,UNCHANGED
बड़ा चमच्च जीरा,9,,,,REVIEW,बड़ा चमच्च जीरा,UNCHANGED
del monte mint mayo,9,,,,REVIEW,del monte mint mayo,UNCHANGED
few curry leaves,9,,,,REVIEW,few curry leaves,UNCHANGED
groundnut powder,9,,,,REVIEW,groundnut powder,UNCHANGED
कप सफ़ेद उरद दाल,9,,,,REVIEW,कप सफ़ेद उरद दाल,UNCHANGED
decorative sugar,9,,,,REVIEW,decorative sugar,UNCHANGED
coal,9,,,,REVIEW,coal,UNCHANGED
urad dal flour,9,,,,REVIEW,urad dal flour,UNCHANGED
kashmiri dry red chilli,9,,,,REVIEW,kashmiri dry red chilli,UNCHANGED
chenna,9,,,,REVIEW,chenna,UNCHANGED
कप गोभी,9,,,,REVIEW,कप गोभी,UNCHANGED
-4 curry leaves,9,,,,REVIEW,-4 curry leaves,UNCHANGED
cheese spread,9,,,,REVIEW,cheese spread,UNCHANGED
homemade basil pesto,9,,,,REVIEW,basil pesto,CLEANED
semolina,9,,,,REVIEW,semolina,UNCHANGED
1/2 cup water,9,,,,REVIEW,1/2 cup water,UNCHANGED
saffron,9,,,,REVIEW,saffron,UNCHANGED
कप काला चना,9,,,,REVIEW,कप काला चना,UNCHANGED
ककड़ी,9,,,,REVIEW,ककड़ी,UNCHANGED
कप क्रीम,9,,,,REVIEW,कप क्रीम,UNCHANGED
pinch cinnamon powder,9,,,,REVIEW,cinnamon powder,CLEANED
del monte tandoori mayo,9,,,,REVIEW,del monte tandoori mayo,UNCHANGED
guacamole,8,,,,REVIEW,guacamole,UNCHANGED
biryani masala,8,,,,REVIEW,biryani masala,UNCHANGED
कप हरा मटर,8,,,,REVIEW,कप हरा मटर,UNCHANGED
rum,8,,,,REVIEW,rum,UNCHANGED
jam,8,,,,REVIEW,jam,UNCHANGED
chironji,8,,,,REVIEW,chironji,UNCHANGED
few sprig coriander leaves,8,,,,REVIEW,few sprig coriander leaves,UNCHANGED
caramelized onions,8,,,,REVIEW,caramelized onions,UNCHANGED
बड़े चम्मच बेसन,8,,,,REVIEW,बड़े चम्मच बेसन,UNCHANGED
soy milk,8,,,,REVIEW,soy milk,UNCHANGED
dark chocolate chips,8,,,,REVIEW,dark chocolate chips,UNCHANGED
strawberry compote,8,,,,REVIEW,strawberry compote,UNCHANGED
कप टमाटर,8,,,,REVIEW,कप टमाटर,UNCHANGED
tur dal,8,,,,REVIEW,tur dal,UNCHANGED
egg noodles,8,,,,REVIEW,egg noodles,UNCHANGED
छोटा चम्मच घी,8,,,,REVIEW,घी,CLEANED
छोटा चम्मच चाट मसाला पाउडर,8,,,,REVIEW,चाट मसाला पाउडर,CLEANED
कप सूजी,8,,,,REVIEW,कप सूजी,UNCHANGED
confectioners sugar,8,,,,REVIEW,confectioners sugar,UNCHANGED
idli,8,,,,REVIEW,idli,UNCHANGED
corn flour tortilla,8,,,,REVIEW,corn flour tortilla,UNCHANGED
कप हरा बीन्स,8,,,,REVIEW,कप हरा बीन्स,UNCHANGED
del monte black olives,8,,,,REVIEW,del monte black olives,UNCHANGED
कप कद्दू,8,,,,REVIEW,कप कद्दू,UNCHANGED
स्टार अनीस,8,,,,REVIEW,स्टार अनीस,UNCHANGED
chakundar,8,,,,REVIEW,chakundar,UNCHANGED
papad,8,,,,REVIEW,papad,UNCHANGED
बड़ा चमच्च अदरक,8,,,,REVIEW,बड़ा चमच्च अदरक,UNCHANGED
soy granules,8,,,,REVIEW,soy granules,UNCHANGED
tutti frutti,8,,,,REVIEW,tutti frutti,UNCHANGED
kasundi mustard sauce,8,,,,REVIEW,kasundi mustard sauce,UNCHANGED
बड़ा चमच्च लहसुन,8,,,,REVIEW,बड़ा चमच्च लहसुन,UNCHANGED
jackfruit seeds,8,,,,REVIEW,jackfruit seeds,UNCHANGED
lotus stem,8,,,,REVIEW,lotus stem,UNCHANGED
stalks spring onion greens,8,,,,REVIEW,stalks spring onion greens,UNCHANGED
लीटर दूध,8,,,,REVIEW,लीटर दूध,UNCHANGED
curry leaf,8,,,,REVIEW,curry leaf,UNCHANGED
all purpose pie crust,8,,,,REVIEW,all purpose pie crust,UNCHANGED
सुखी कश्मीरी मिर्च,8,,,,REVIEW,सुखी कश्मीरी मिर्च,UNCHANGED
charcoal,8,,,,REVIEW,charcoal,UNCHANGED
stalk lemon grass,8,,,,REVIEW,stalk lemon grass,UNCHANGED
कप पत्ता गोभी,8,,,,REVIEW,कप पत्ता गोभी,UNCHANGED
mascarpone cheese,8,,,,REVIEW,mascarpone cheese,UNCHANGED
canola oil,8,,,,REVIEW,canola oil,UNCHANGED
chocolate sauce,8,,,,REVIEW,chocolate sauce,UNCHANGED
brown cardamom,8,,,,REVIEW,brown cardamom,UNCHANGED
black gram,8,,,,REVIEW,black gram,UNCHANGED
kalonji seeds,8,,,,REVIEW,kalonji seeds,UNCHANGED
avocados,8,,,,REVIEW,avocados,UNCHANGED
mooli ke patte,8,,,,REVIEW,mooli ke patte,UNCHANGED
pecans,8,,,,REVIEW,pecans,UNCHANGED
broken raw rice,8,,,,REVIEW,broken raw rice,UNCHANGED
peanut oil,8,,,,REVIEW,peanut oil,UNCHANGED
moth dal,7,,,,REVIEW,moth dal,UNCHANGED
red chillies,7,,,,REVIEW,red chillies,UNCHANGED
कप बादाम,7,,,,REVIEW,कप बादाम,UNCHANGED
sichuan peppercorns,7,,,,REVIEW,sichuan peppercorns,UNCHANGED
singhade,7,,,,REVIEW,singhade,UNCHANGED
black grapes,7,,,,REVIEW,black grapes,UNCHANGED
ice,7,,,,REVIEW,ice,UNCHANGED
few saffron strands,7,,,,REVIEW,few saffron strands,UNCHANGED
छोटा चमच्च काली उरद दाल,7,,,,REVIEW,काली उरद दाल,CLEANED
trumpet,7,,,,REVIEW,trumpet,UNCHANGED
mini pita breads,7,,,,REVIEW,mini pita breads,UNCHANGED
दाल चीनी,7,,,,REVIEW,दाल चीनी,UNCHANGED
homemade hoisin sauce,7,,,,REVIEW,hoisin sauce,CLEANED
refried beans,7,,,,REVIEW,refried beans,UNCHANGED
chives,7,,,,REVIEW,chives,UNCHANGED
turmeric,7,,,,REVIEW,turmeric,UNCHANGED
ग्राम इमली,7,,,,REVIEW,ग्राम इमली,UNCHANGED
छोटा चमच्च चना दाल,7,,,,REVIEW,चना दाल,CLEANED
tzatziki,7,,,,REVIEW,tzatziki,UNCHANGED
कप गुड़,7,,,,REVIEW,कप गुड़,UNCHANGED
-2 green chillies,7,,,,REVIEW,-2 green chillies,UNCHANGED
-3 cloves garlic,7,,,,REVIEW,-3 cloves garlic,UNCHANGED
छोटा चमच्च कलोंजी के बीज,7,,,,REVIEW,कलोंजी के बीज,CLEANED
canned cherries,7,,,,REVIEW,canned cherries,UNCHANGED
निम्बू,7,,,,REVIEW,निम्बू,UNCHANGED
dried green peas,7,,,,REVIEW,dried green peas,UNCHANGED
-6 curry leaves,7,,,,REVIEW,-6 curry leaves,UNCHANGED
wheat noodles,7,,,,REVIEW,wheat noodles,UNCHANGED
bitter gourd,7,,,,REVIEW,bitter gourd,UNCHANGED
arborio rice,7,,,,REVIEW,arborio rice,UNCHANGED
pizza seasoning,7,,,,REVIEW,pizza seasoning,UNCHANGED
chiroti rava,7,,,,REVIEW,chiroti rava,UNCHANGED
इमली,7,,,,REVIEW,इमली,UNCHANGED
green olives,7,,,,REVIEW,green olives,UNCHANGED
idli dosa mixture,7,,,,REVIEW,idli dosa mixture,UNCHANGED
tinda,7,,,,REVIEW,tinda,UNCHANGED
idli dosa podi,7,,,,REVIEW,idli dosa podi,UNCHANGED
thandai masala,7,,,,REVIEW,thandai masala,UNCHANGED
pineapple juice,7,,,,REVIEW,pineapple juice,UNCHANGED
pomfret fish,7,,,,REVIEW,pomfret fish,UNCHANGED
mustard powder,7,,,,REVIEW,mustard powder,UNCHANGED
dhansak masala,7,,,,REVIEW,dhansak masala,UNCHANGED
छोटा चमच्च गुड़,7,,,,REVIEW,गुड़,CLEANED
बड़े चम्मच नारियल,7,,,,REVIEW,बड़े चम्मच नारियल,UNCHANGED
अदरक,7,,,,REVIEW,अदरक,UNCHANGED
govind bhog rice,7,,,,REVIEW,govind bhog rice,UNCHANGED
-10 curry leaves,7,,,,REVIEW,-10 curry leaves,UNCHANGED
worcestershire sauce,7,,,,REVIEW,worcestershire sauce,UNCHANGED
eggless mayonnaise,7,,,,REVIEW,eggless mayonnaise,UNCHANGED
green onions,7,,,,REVIEW,green onions,UNCHANGED
couscous,7,,,,REVIEW,couscous,UNCHANGED
britannia cheezza,7,,,,REVIEW,britannia cheezza,UNCHANGED
बड़ा चमच्च चना दाल,7,,,,REVIEW,बड़ा चमच्च चना दाल,UNCHANGED
jackfruit ripe,7,,,,REVIEW,jackfruit ripe,UNCHANGED
pasta fusilli,7,,,,REVIEW,pasta fusilli,UNCHANGED
del monte spaghetti pasta,7,,,,REVIEW,del monte spaghetti pasta,UNCHANGED
thai basil leaves,7,,,,REVIEW,thai basil leaves,UNCHANGED
arugula leaves,7,,,,REVIEW,arugula leaves,UNCHANGED
कप चावल का आटा,7,,,,REVIEW,कप चावल का आटा,UNCHANGED
छोटे चम्मच तेल,7,,,,REVIEW,छोटे चम्मच तेल,UNCHANGED
छोटे चम्मच धनिया पाउडर,7,,,,REVIEW,छोटे चम्मच धनिया पाउडर,UNCHANGED
छोटा चमच्च सफेद उरद दाल,7,,,,REVIEW,सफेद उरद दाल,CLEANED
छोटा चमच्च अदरक पाउडर,7,,,,REVIEW,अदरक पाउडर,CLEANED
stalk celery,7,,,,REVIEW,stalk celery,UNCHANGED
chocolate ganache,7,,,,REVIEW,chocolate ganache,UNCHANGED
बड़ा चमच्च शक्कर,7,,,,REVIEW,बड़ा चमच्च शक्कर,UNCHANGED
बड़ा चमच्च राइ,7,,,,REVIEW,बड़ा चमच्च राइ,UNCHANGED
छोटा चम्मच कलोंजी के बीज,7,,,,REVIEW,कलोंजी के बीज,CLEANED
बड़ा चमच्च बेसन,7,,,,REVIEW,बड़ा चमच्च बेसन,UNCHANGED
chilled butter,7,,,,REVIEW,chilled butter,UNCHANGED
achari masala,7,,,,REVIEW,achari masala,UNCHANGED
turnips,7,,,,REVIEW,turnips,UNCHANGED
लौकी,7,,,,REVIEW,लौकी,UNCHANGED
कप हंग दही,7,,,,REVIEW,कप हंग दही,UNCHANGED
to 5 cloves garlic,7,,,,REVIEW,to 5 cloves garlic,UNCHANGED
लाल मिर्च,6,,,,REVIEW,लाल मिर्च,UNCHANGED
chickpea lentils,6,,,,REVIEW,chickpea lentils,UNCHANGED
hard taco shells,6,,,,REVIEW,hard taco shells,UNCHANGED
kewra essence,6,,,,REVIEW,kewra essence,UNCHANGED
छोटा चम्मच काला नमक या सेंधा नमक,6,,,,REVIEW,काला नमक या सेंधा नमक,CLEANED
badi hari mirch,6,,,,REVIEW,badi hari mirch,UNCHANGED
pickled onions,6,,,,REVIEW,pickled onions,UNCHANGED
बड़ा चमच्च इमली का पेस्ट,6,,,,REVIEW,बड़ा चमच्च इमली का पेस्ट,UNCHANGED
छोटे चमच्च जीरा,6,,,,REVIEW,छोटे चमच्च जीरा,UNCHANGED
छोटा चमच्च लहसुन,6,,,,REVIEW,लहसुन,CLEANED
छोटा चमच्च धनिये के बीज,6,,,,REVIEW,धनिये के बीज,CLEANED
ग्राम पालक,6,,,,REVIEW,ग्राम पालक,UNCHANGED
roasted gram flour,6,,,,REVIEW,gram flour,CLEANED
mustard greens,6,,,,REVIEW,mustard greens,UNCHANGED
pine nuts,6,,,,REVIEW,pine nuts,UNCHANGED
veg hakka noodles,6,,,,REVIEW,veg hakka noodles,UNCHANGED
fresh turmeric root,6,,,,REVIEW,fresh turmeric root,UNCHANGED
agar agar,6,,,,REVIEW,agar agar,UNCHANGED
small green brinjal,6,,,,REVIEW,small green brinjal,UNCHANGED
wheat berries/ whole wheat,6,,,,REVIEW,wheat berries/ whole wheat,UNCHANGED
rice paper rolls,6,,,,REVIEW,rice paper rolls,UNCHANGED
oats,6,,,,REVIEW,oats,UNCHANGED
herb butter,6,,,,REVIEW,herb butter,UNCHANGED
canned black beans,6,,,,REVIEW,canned black beans,UNCHANGED
कप लौकी,6,,,,REVIEW,कप लौकी,UNCHANGED
कप काली उरद दाल,6,,,,REVIEW,कप काली उरद दाल,UNCHANGED
kale,6,,,,REVIEW,kale,UNCHANGED
red wine,6,,,,REVIEW,red wine,UNCHANGED
french loaf,6,,,,REVIEW,french loaf,UNCHANGED
शक्कर,6,,,,REVIEW,शक्कर,UNCHANGED
nendra pazham banana,6,,,,REVIEW,nendra pazham banana,UNCHANGED
chicken legs,6,,,,REVIEW,chicken legs,UNCHANGED
za'atar,6,,,,REVIEW,za'atar,UNCHANGED
cottage cheese,6,,,,REVIEW,cottage cheese,UNCHANGED
जीरा,6,,,,REVIEW,जीरा,UNCHANGED
bacon strips,6,,,,REVIEW,bacon strips,UNCHANGED
dry mix herbs,6,,,,REVIEW,dry mix herbs,UNCHANGED
चाट मसाला पाउडर,6,,,,REVIEW,चाट मसाला पाउडर,UNCHANGED
harissa paste,6,,,,REVIEW,harissa paste,UNCHANGED
छोटा चमच्च अजवाइन,6,,,,REVIEW,अजवाइन,CLEANED
कप आलू,6,,,,REVIEW,कप आलू,UNCHANGED
kewra water,6,,,,REVIEW,kewra water,UNCHANGED
button mushroom,6,,,,REVIEW,button mushroom,UNCHANGED
hilsa fish,6,,,,REVIEW,hilsa fish,UNCHANGED
pani puris,6,,,,REVIEW,pani puris,UNCHANGED
seer fish,6,,,,REVIEW,seer fish,UNCHANGED
rice rava,6,,,,REVIEW,rice rava,UNCHANGED
कप राजमा,6,,,,REVIEW,कप राजमा,UNCHANGED
white broad beans,6,,,,REVIEW,white broad beans,UNCHANGED
baked beans,6,,,,REVIEW,baked beans,UNCHANGED
chana masala powder,6,,,,REVIEW,chana masala powder,UNCHANGED
छोटा चमच्च चाट मसाला पाउडर,6,,,,REVIEW,चाट मसाला पाउडर,CLEANED
conchiglie pasta,6,,,,REVIEW,conchiglie pasta,UNCHANGED
oranges,6,,,,REVIEW,oranges,UNCHANGED
chilli oil,6,,,,REVIEW,chilli oil,UNCHANGED
spirulina,6,,,,REVIEW,spirulina,UNCHANGED
कप पोहा,6,,,,REVIEW,कप पोहा,UNCHANGED
chicken wings,6,,,,REVIEW,chicken wings,UNCHANGED
कप वेजिटेबल स्टॉक,6,,,,REVIEW,कप वेजिटेबल स्टॉक,UNCHANGED
vanilla ice cream,6,,,,REVIEW,vanilla ice cream,UNCHANGED
suran,6,,,,REVIEW,suran,UNCHANGED
rose essence,6,,,,REVIEW,rose essence,UNCHANGED
छोटा चम्मच शहद,6,,,,REVIEW,शहद,CLEANED
बड़ा चम्मच अदरक लहसुन का पेस्ट,6,,,,REVIEW,बड़ा चम्मच अदरक लहसुन का पेस्ट,UNCHANGED
barbeque sauce,6,,,,REVIEW,barbeque sauce,UNCHANGED
gond,6,,,,REVIEW,gond,UNCHANGED
-3 dry red chillies,6,,,,REVIEW,-3 dry red chillies,UNCHANGED
big cardamom,6,,,,REVIEW,big cardamom,UNCHANGED
बड़े चम्मच मक्खन,5,,,,REVIEW,बड़े चम्मच मक्खन,UNCHANGED
polenta,5,,,,REVIEW,polenta,UNCHANGED
goat cheese,5,,,,REVIEW,goat cheese,UNCHANGED
khus khus,5,,,,REVIEW,khus khus,UNCHANGED
orange marmalade jam,5,,,,REVIEW,orange marmalade jam,UNCHANGED
guntur dried chillies,5,,,,REVIEW,guntur dried chillies,UNCHANGED
छोटा चमच्च पंच फोरन मसाला,5,,,,REVIEW,पंच फोरन मसाला,CLEANED
tea bags,5,,,,REVIEW,tea bags,UNCHANGED
coffee decoction,5,,,,REVIEW,coffee decoction,UNCHANGED
homemade hummus,5,,,,REVIEW,hummus,CLEANED
small spoon garam masala powder,5,,,,REVIEW,small spoon garam masala powder,UNCHANGED
hazelnut,5,,,,REVIEW,hazelnut,UNCHANGED
मूली,5,,,,REVIEW,मूली,UNCHANGED
fried bread cubes,5,,,,REVIEW,fried bread cubes,UNCHANGED
ग्राम चिकन,5,,,,REVIEW,ग्राम चिकन,UNCHANGED
of chickpea chickpea or chickpeas,5,,,,REVIEW,of chickpea chickpea or chickpeas,UNCHANGED
radish,5,,,,REVIEW,radish,UNCHANGED
corn flakes,5,,,,REVIEW,corn flakes,UNCHANGED
छोटा चम्मच कश्मीरी लाल मिर्च पाउडर,5,,,,REVIEW,कश्मीरी लाल मिर्च पाउडर,CLEANED
sardine fish,5,,,,REVIEW,sardine fish,UNCHANGED
बड़ा चमच्च नारियल का तेल,5,,,,REVIEW,बड़ा चमच्च नारियल का तेल,UNCHANGED
rohu fish,5,,,,REVIEW,rohu fish,UNCHANGED
बड़ा चम्मच धनिये के बीज,5,,,,REVIEW,बड़ा चम्मच धनिये के बीज,UNCHANGED
nolen gur,5,,,,REVIEW,nolen gur,UNCHANGED
pumpkin,5,,,,REVIEW,pumpkin,UNCHANGED
khuskhus,5,,,,REVIEW,khuskhus,UNCHANGED
cane sugar,5,,,,REVIEW,cane sugar,UNCHANGED
काला नमक या सेंधा नमक,5,,,,REVIEW,काला नमक या सेंधा नमक,UNCHANGED
kalmatta olives,5,,,,REVIEW,kalmatta olives,UNCHANGED
clove powder,5,,,,REVIEW,clove powder,UNCHANGED
rocket leaves,5,,,,REVIEW,rocket leaves,UNCHANGED
छोटा चम्मच नमक,5,,,,REVIEW,नमक,CLEANED
arrowroot flour,5,,,,REVIEW,arrowroot flour,UNCHANGED
to 3 green chillies,5,,,,REVIEW,to 3 green chillies,UNCHANGED
multigrain digestive oat biscuits,5,,,,REVIEW,multigrain digestive oat biscuits,UNCHANGED
छोटा चम्मच अमचूर,5,,,,REVIEW,अमचूर,CLEANED
whole black peppers,5,,,,REVIEW,whole black peppers,UNCHANGED
dry kashmiri chillies,5,,,,REVIEW,dry kashmiri chillies,UNCHANGED
to 6 curry leaves,5,,,,REVIEW,to 6 curry leaves,UNCHANGED
milk chocolate,5,,,,REVIEW,milk chocolate,UNCHANGED
ओलिव का तेल,5,,,,REVIEW,ओलिव का तेल,UNCHANGED
garlic butter,5,,,,REVIEW,garlic butter,UNCHANGED
-4 green chillies,5,,,,REVIEW,-4 green chillies,UNCHANGED
corn meal,5,,,,REVIEW,corn meal,UNCHANGED
sage,5,,,,REVIEW,sage,UNCHANGED
करेला,5,,,,REVIEW,करेला,UNCHANGED
mixed sprouts,5,,,,REVIEW,mixed sprouts,UNCHANGED
corn kernels,5,,,,REVIEW,corn kernels,UNCHANGED
तुरई,5,,,,REVIEW,तुरई,UNCHANGED
green grapes,5,,,,REVIEW,green grapes,UNCHANGED
टहनी पुदीना,5,,,,REVIEW,पुदीना,CLEANED
tea leaves,5,,,,REVIEW,tea leaves,UNCHANGED
salt to taste,5,,,,REVIEW,salt to taste,UNCHANGED
plantain stem,5,,,,REVIEW,plantain stem,UNCHANGED
बड़ा चम्मच लाल मिर्च पाउडर,5,,,,REVIEW,बड़ा चम्मच लाल मिर्च पाउडर,UNCHANGED
बड़े चमच्च क्रीम,5,,,,REVIEW,बड़े चमच्च क्रीम,UNCHANGED
ग्राम अरबी,5,,,,REVIEW,ग्राम अरबी,UNCHANGED
amchur powder,5,,,,REVIEW,amchur powder,UNCHANGED
gm arabic,5,,,,REVIEW,gm arabic,UNCHANGED
-4 cloves garlic,5,,,,REVIEW,-4 cloves garlic,UNCHANGED
according to taste,5,,,,REVIEW,according to taste,UNCHANGED
कच्चा केला,5,,,,REVIEW,कच्चा केला,UNCHANGED
बड़ा चम्मच पूरी काली मिर्च,5,,,,REVIEW,बड़ा चम्मच पूरी काली मिर्च,UNCHANGED
छोटा चमच्च हरी मिर्च,5,,,,REVIEW,हरी मिर्च,CLEANED
almond essence,5,,,,REVIEW,almond essence,UNCHANGED
thai green curry paste,5,,,,REVIEW,thai green curry paste,UNCHANGED
spirali pasta,5,,,,REVIEW,spirali pasta,UNCHANGED
chayote,5,,,,REVIEW,chayote,UNCHANGED
बड़ा चमच्च पूरी काली मिर्च,5,,,,REVIEW,बड़ा चमच्च पूरी काली मिर्च,UNCHANGED
कप ओट्स,5,,,,REVIEW,कप ओट्स,UNCHANGED
pumpkin puree,5,,,,REVIEW,pumpkin puree,UNCHANGED
pomegranate juice,5,,,,REVIEW,pomegranate juice,UNCHANGED
hot dog bread,5,,,,REVIEW,hot dog bread,UNCHANGED
fresh green chickpeas,5,,,,REVIEW,fresh green chickpeas,UNCHANGED
pears,5,,,,REVIEW,pears,UNCHANGED
छोटा चम्मच शक्कर,5,,,,REVIEW,शक्कर,CLEANED
बड़े चमच्च धनिये के बीज,5,,,,REVIEW,बड़े चमच्च धनिये के बीज,UNCHANGED
blanched tomatoes,5,,,,REVIEW,blanched tomatoes,UNCHANGED
lahsun ki chutney,5,,,,REVIEW,lahsun ki chutney,UNCHANGED
sesame,5,,,,REVIEW,sesame,UNCHANGED
ग्राम बटन मशरुम,5,,,,REVIEW,ग्राम बटन मशरुम,UNCHANGED
granola,5,,,,REVIEW,granola,UNCHANGED
sesame powder,5,,,,REVIEW,sesame powder,UNCHANGED
neem leaves,5,,,,REVIEW,neem leaves,UNCHANGED
छोटा चम्मच इलाइची पाउडर,5,,,,REVIEW,इलाइची पाउडर,CLEANED
colocasia leaves,5,,,,REVIEW,colocasia leaves,UNCHANGED
betel leaves,5,,,,REVIEW,betel leaves,UNCHANGED
बड़ा चम्मच मक्खन,5,,,,REVIEW,बड़ा चम्मच मक्खन,UNCHANGED
कप कच्चा आम,5,,,,REVIEW,कप कच्चा आम,UNCHANGED
बटन मशरुम,5,,,,REVIEW,बटन मशरुम,UNCHANGED
red amaranth leaves,5,,,,REVIEW,red amaranth leaves,UNCHANGED
छोटा चमच्च सौंफ पाउडर,5,,,,REVIEW,सौंफ पाउडर,CLEANED
हरे प्याज,4,,,,REVIEW,हरे प्याज,UNCHANGED
small spoon turmeric powder,4,,,,REVIEW,small spoon turmeric powder,UNCHANGED
del monte sandwich spread,4,,,,REVIEW,del monte sandwich spread,UNCHANGED
malwani masala,4,,,,REVIEW,malwani masala,UNCHANGED
black tea,4,,,,REVIEW,black tea,UNCHANGED
chicken drumstick,4,,,,REVIEW,chicken drumstick,UNCHANGED
छोटा चमच्च इमली का पेस्ट,4,,,,REVIEW,इमली का पेस्ट,CLEANED
बड़े चम्मच दही,4,,,,REVIEW,बड़े चम्मच दही,UNCHANGED
flaxmeal egg replacer,4,,,,REVIEW,flaxmeal egg replacer,UNCHANGED
बड़ा चम्मच बेसन,4,,,,REVIEW,बड़ा चम्मच बेसन,UNCHANGED
कप बैंगन,4,,,,REVIEW,कप बैंगन,UNCHANGED
mutton kheema,4,,,,REVIEW,mutton kheema,UNCHANGED
tarragon,4,,,,REVIEW,tarragon,UNCHANGED
to 2 green chillies,4,,,,REVIEW,to 2 green chillies,UNCHANGED
chocolate shavings,4,,,,REVIEW,chocolate shavings,UNCHANGED
shallot,4,,,,REVIEW,shallot,UNCHANGED
of cottage cheese,4,,,,REVIEW,of cottage cheese,UNCHANGED
chicken breast,4,,,,REVIEW,chicken breast,UNCHANGED
कप ब्राउन राइस,4,,,,REVIEW,कप ब्राउन राइस,UNCHANGED
phulka,4,,,,REVIEW,phulka,UNCHANGED
बड़े चम्मच धनिये के बीज,4,,,,REVIEW,बड़े चम्मच धनिये के बीज,UNCHANGED
goda masala,4,,,,REVIEW,goda masala,UNCHANGED
to 4 tablespoons chilled water,4,,,,REVIEW,to 4 tablespoons chilled water,UNCHANGED
stalks lemon grass,4,,,,REVIEW,stalks lemon grass,UNCHANGED
assam tea leaves,4,,,,REVIEW,assam tea leaves,UNCHANGED
छोटा चमच्च रेड चिल्ली फलैक्स,4,,,,REVIEW,रेड चिल्ली फलैक्स,CLEANED
caramel sauce,4,,,,REVIEW,caramel sauce,UNCHANGED
glazed cherries,4,,,,REVIEW,glazed cherries,UNCHANGED
red baby radish,4,,,,REVIEW,red baby radish,UNCHANGED
tapioca root,4,,,,REVIEW,tapioca root,UNCHANGED
graham cracker crumbs,4,,,,REVIEW,graham cracker crumbs,UNCHANGED
roasted chana dal,4,,,,REVIEW,chana dal,CLEANED
बड़े चम्मच सरसों का तेल,4,,,,REVIEW,बड़े चम्मच सरसों का तेल,UNCHANGED
sugar syrup,4,,,,REVIEW,sugar syrup,UNCHANGED
plums,4,,,,REVIEW,plums,UNCHANGED
green gram,4,,,,REVIEW,green gram,UNCHANGED
sprouted moong,4,,,,REVIEW,sprouted moong,UNCHANGED
pinch black pepper powder,4,,,,REVIEW,black pepper powder,CLEANED
कप छोटे प्याज,4,,,,REVIEW,कप छोटे प्याज,UNCHANGED
बड़ा चमच्च कॉर्न फ्लौर,4,,,,REVIEW,बड़ा चमच्च कॉर्न फ्लौर,UNCHANGED
amchoor powder,4,,,,REVIEW,amchoor powder,UNCHANGED
toothpicks,4,,,,REVIEW,toothpicks,UNCHANGED
small spoon cumin seeds,4,,,,REVIEW,small spoon cumin seeds,UNCHANGED
g suran,4,,,,REVIEW,g suran,UNCHANGED
बड़े चमच्च मूंगफली,4,,,,REVIEW,बड़े चमच्च मूंगफली,UNCHANGED
cowpea,4,,,,REVIEW,cowpea,UNCHANGED
कप लोबिया,4,,,,REVIEW,कप लोबिया,UNCHANGED
छोटे चमच्च लाल मिर्च पाउडर,4,,,,REVIEW,छोटे चमच्च लाल मिर्च पाउडर,UNCHANGED
बड़ा चम्मच सरसों का तेल,4,,,,REVIEW,बड़ा चम्मच सरसों का तेल,UNCHANGED
hot masala powder,4,,,,REVIEW,hot masala powder,UNCHANGED
छोटा चमच्च सोया सॉस,4,,,,REVIEW,सोया सॉस,CLEANED
meat masala,4,,,,REVIEW,meat masala,UNCHANGED
1/2 cup basmati rice,4,,,,REVIEW,1/2 cup basmati rice,UNCHANGED
del monte cheesy dip,4,,,,REVIEW,del monte cheesy dip,UNCHANGED
sumac,4,,,,REVIEW,sumac,UNCHANGED
कप कुलीथ दाल,4,,,,REVIEW,कप कुलीथ दाल,UNCHANGED
बड़े चम्मच चना दाल,4,,,,REVIEW,बड़े चम्मच चना दाल,UNCHANGED
बड़े चमच्च दही,4,,,,REVIEW,बड़े चमच्च दही,UNCHANGED
red poha,4,,,,REVIEW,red poha,UNCHANGED
छोटा चमच्च तिल का तेल,4,,,,REVIEW,तिल का तेल,CLEANED
sprig extract of natural bourbon vanilla,4,,,,REVIEW,sprig extract of natural bourbon vanilla,UNCHANGED
छोटे चम्मच लाल मिर्च पाउडर,4,,,,REVIEW,छोटे चम्मच लाल मिर्च पाउडर,UNCHANGED
buds garlic,4,,,,REVIEW,buds garlic,UNCHANGED
बड़ा चमच्च जीरा पाउडर,4,,,,REVIEW,बड़ा चमच्च जीरा पाउडर,UNCHANGED
urad dal,4,,,,REVIEW,urad dal,UNCHANGED
-5 cloves garlic,4,,,,REVIEW,-5 cloves garlic,UNCHANGED
1/2 cups whole wheat flour,4,,,,REVIEW,1/2 cups whole wheat flour,UNCHANGED
dry white wine,4,,,,REVIEW,dry white wine,UNCHANGED
ino fruit salt,4,,,,REVIEW,ino fruit salt,UNCHANGED
कप अनारदाना,4,,,,REVIEW,कप अनारदाना,UNCHANGED
1/2 cup all purpose flour,4,,,,REVIEW,1/2 cup all purpose flour,UNCHANGED
kosher salt,4,,,,REVIEW,kosher salt,UNCHANGED
pizza base,4,,,,REVIEW,pizza base,UNCHANGED
मूंगफली,4,,,,REVIEW,मूंगफली,UNCHANGED
capers,4,,,,REVIEW,capers,UNCHANGED
lamb,4,,,,REVIEW,lamb,UNCHANGED
-5 curry leaves,4,,,,REVIEW,-5 curry leaves,UNCHANGED
बड़ा चमच्च कसूरी मेथी,4,,,,REVIEW,बड़ा चमच्च कसूरी मेथी,UNCHANGED
pinch baking powder,4,,,,REVIEW,baking powder,CLEANED
star anis,4,,,,REVIEW,star anis,UNCHANGED
बड़े चमच्च गुड़,4,,,,REVIEW,बड़े चमच्च गुड़,UNCHANGED
बड़े चमच्च बेसन,4,,,,REVIEW,बड़े चमच्च बेसन,UNCHANGED
del monte farfalle pasta,4,,,,REVIEW,del monte farfalle pasta,UNCHANGED
pomegranate powder,4,,,,REVIEW,pomegranate powder,UNCHANGED
ginger powder,4,,,,REVIEW,ginger powder,UNCHANGED
छोटा चम्मच अदरक लहसुन का पेस्ट,4,,,,REVIEW,अदरक लहसुन का पेस्ट,CLEANED
छोटा चम्मच अदरक पाउडर,4,,,,REVIEW,अदरक पाउडर,CLEANED
papads,4,,,,REVIEW,papads,UNCHANGED
ग्राम मटन,4,,,,REVIEW,ग्राम मटन,UNCHANGED
jasmine rice,4,,,,REVIEW,jasmine rice,UNCHANGED
hara chana,4,,,,REVIEW,hara chana,UNCHANGED
pinch ssp asafoetida,4,,,,REVIEW,ssp asafoetida,CLEANED
radish leaves,4,,,,REVIEW,radish leaves,UNCHANGED
1/2 teaspoon coriander powder,4,,,,REVIEW,1/2 teaspoon coriander powder,UNCHANGED
green onion,4,,,,REVIEW,green onion,UNCHANGED
dagad phool,4,,,,REVIEW,dagad phool,UNCHANGED
to 3 dry red chilli,4,,,,REVIEW,to 3 dry red chilli,UNCHANGED
1/2 cups all purpose flour,4,,,,REVIEW,1/2 cups all purpose flour,UNCHANGED
boiled egg,4,,,,REVIEW,egg,CLEANED
छोटा चम्मच धनिये के बीज,4,,,,REVIEW,धनिये के बीज,CLEANED
छोटा चमच्च शाही जीरा,4,,,,REVIEW,शाही जीरा,CLEANED
cheese slices,4,,,,REVIEW,cheese slices,UNCHANGED
stalk spring onion greens,4,,,,REVIEW,stalk spring onion greens,UNCHANGED
soya chunks,4,,,,REVIEW,soya chunks,UNCHANGED
red chilli paste,4,,,,REVIEW,red chilli paste,UNCHANGED
save,4,,,,REVIEW,save,UNCHANGED
छोटा चमच्च दाल चीनी पाउडर,4,,,,REVIEW,दाल चीनी पाउडर,CLEANED
stalk coriander leaves,4,,,,REVIEW,stalk coriander leaves,UNCHANGED
digestive biscuit,4,,,,REVIEW,digestive biscuit,UNCHANGED
ciabatta bread,4,,,,REVIEW,ciabatta bread,UNCHANGED
amaranth seeds,4,,,,REVIEW,amaranth seeds,UNCHANGED
thai yellow curry paste,4,,,,REVIEW,thai yellow curry paste,UNCHANGED
radishes,4,,,,REVIEW,radishes,UNCHANGED
tawa paratha,4,,,,REVIEW,tawa paratha,UNCHANGED
spring roll wrappers,4,,,,REVIEW,spring roll wrappers,UNCHANGED
white wine vinegar,4,,,,REVIEW,white wine vinegar,UNCHANGED
छोटे चमच्च धनिया पाउडर,4,,,,REVIEW,छोटे चमच्च धनिया पाउडर,UNCHANGED
portobello mushrooms,4,,,,REVIEW,portobello mushrooms,UNCHANGED
lemon grass,4,,,,REVIEW,lemon grass,UNCHANGED
ब्रेड,4,,,,REVIEW,ब्रेड,UNCHANGED
कच्चा आम,4,,,,REVIEW,कच्चा आम,UNCHANGED
sundakkai,4,,,,REVIEW,sundakkai,UNCHANGED
बड़े चमच्च काजू,4,,,,REVIEW,बड़े चमच्च काजू,UNCHANGED
green chawli beans,4,,,,REVIEW,green chawli beans,UNCHANGED
veeba sweet chilli sauce,4,,,,REVIEW,veeba sweet chilli sauce,UNCHANGED
green onion leaves,4,,,,REVIEW,green onion leaves,UNCHANGED
fresh raspberries,4,,,,REVIEW,fresh raspberries,UNCHANGED
split mustard seeds,4,,,,REVIEW,split mustard seeds,UNCHANGED
bathua leaves,4,,,,REVIEW,bathua leaves,UNCHANGED
ग्राम टोफू,4,,,,REVIEW,ग्राम टोफू,UNCHANGED
बड़े चमच्च शक्कर,4,,,,REVIEW,बड़े चमच्च शक्कर,UNCHANGED
छोटा चम्मच अमचूर पाउडर,4,,,,REVIEW,अमचूर पाउडर,CLEANED
fresh oregano,4,,,,REVIEW,fresh oregano,UNCHANGED
बड़ा चम्मच तिल का तेल,4,,,,REVIEW,बड़ा चम्मच तिल का तेल,UNCHANGED
mint powder,4,,,,REVIEW,mint powder,UNCHANGED
छोटा चम्मच हरी मिर्च,4,,,,REVIEW,हरी मिर्च,CLEANED
lasagna sheets,4,,,,REVIEW,lasagna sheets,UNCHANGED
red radish,4,,,,REVIEW,red radish,UNCHANGED
शकरकंदी,4,,,,REVIEW,शकरकंदी,UNCHANGED
g paneer,4,,,,REVIEW,g paneer,UNCHANGED
watermelon seeds,4,,,,REVIEW,watermelon seeds,UNCHANGED
to 3 cloves,4,,,,REVIEW,to 3 cloves,UNCHANGED
mango pickle,4,,,,REVIEW,mango pickle,UNCHANGED
plum,4,,,,REVIEW,plum,UNCHANGED
singoda flour,4,,,,REVIEW,singoda flour,UNCHANGED
कप ब्रेड क्रम्ब्स,4,,,,REVIEW,कप ब्रेड क्रम्ब्स,UNCHANGED
कप बटन मशरुम,4,,,,REVIEW,कप बटन मशरुम,UNCHANGED
कप हरे प्याज,4,,,,REVIEW,कप हरे प्याज,UNCHANGED
छोटा चमच्च राई,3,,,,REVIEW,राई,CLEANED
छोटा चम्मच कसूरी मेथी,3,,,,REVIEW,कसूरी मेथी,CLEANED
कप चकुंदर,3,,,,REVIEW,कप चकुंदर,UNCHANGED
mackerel fish,3,,,,REVIEW,mackerel fish,UNCHANGED
drumsticks,3,,,,REVIEW,drumsticks,UNCHANGED
chipotle peppers,3,,,,REVIEW,chipotle peppers,UNCHANGED
बड़ा चम्मच कसूरी मेथी,3,,,,REVIEW,बड़ा चम्मच कसूरी मेथी,UNCHANGED
to 5 green chillies,3,,,,REVIEW,to 5 green chillies,UNCHANGED
whole wheat tawa paratha,3,,,,REVIEW,whole wheat tawa paratha,UNCHANGED
multigrain digestive biscuits,3,,,,REVIEW,multigrain digestive biscuits,UNCHANGED
green,3,,,,REVIEW,green,UNCHANGED
gouda cheese,3,,,,REVIEW,gouda cheese,UNCHANGED
छोटा चमच्च इलाईची पाउडर,3,,,,REVIEW,इलाईची पाउडर,CLEANED
knol khol,3,,,,REVIEW,knol khol,UNCHANGED
छोटे चम्मच घी,3,,,,REVIEW,छोटे चम्मच घी,UNCHANGED
छोटा चम्मच सांबर पाउडर,3,,,,REVIEW,सांबर पाउडर,CLEANED
बड़ा चम्मच धनिया पाउडर,3,,,,REVIEW,बड़ा चम्मच धनिया पाउडर,UNCHANGED
कप फॉक्सटेल मिलेट,3,,,,REVIEW,कप फॉक्सटेल मिलेट,UNCHANGED
few coriander leaves,3,,,,REVIEW,few coriander leaves,UNCHANGED
बड़े चमच्च कसूरी मेथी,3,,,,REVIEW,बड़े चमच्च कसूरी मेथी,UNCHANGED
figs,3,,,,REVIEW,figs,UNCHANGED
गरम मसाला पाउडर,3,,,,REVIEW,गरम मसाला पाउडर,UNCHANGED
ginger juice,3,,,,REVIEW,ginger juice,UNCHANGED
indian borage,3,,,,REVIEW,indian borage,UNCHANGED
to 4 cardamom pods/seeds,3,,,,REVIEW,to 4 cardamom pods/seeds,UNCHANGED
orange pulp,3,,,,REVIEW,orange pulp,UNCHANGED
breads,3,,,,REVIEW,breads,UNCHANGED
tapioca flour,3,,,,REVIEW,tapioca flour,UNCHANGED
kodo millet,3,,,,REVIEW,kodo millet,UNCHANGED
1/2 cups vegetable stock,3,,,,REVIEW,1/2 cups vegetable stock,UNCHANGED
ग्राम गाजर,3,,,,REVIEW,ग्राम गाजर,UNCHANGED
ग्राम हरा बीन्स,3,,,,REVIEW,ग्राम हरा बीन्स,UNCHANGED
pickle,3,,,,REVIEW,pickle,UNCHANGED
बड़े चमच्च मक्खन,3,,,,REVIEW,बड़े चमच्च मक्खन,UNCHANGED
पत्ता गोभी,3,,,,REVIEW,पत्ता गोभी,UNCHANGED
wheat flakes,3,,,,REVIEW,wheat flakes,UNCHANGED
ridge gourd skin,3,,,,REVIEW,ridge gourd skin,UNCHANGED
oregano,3,,,,REVIEW,oregano,UNCHANGED
chicken thigh,3,,,,REVIEW,chicken thigh,UNCHANGED
brinjals,3,,,,REVIEW,brinjals,UNCHANGED
छोटा चम्मच गुड़,3,,,,REVIEW,गुड़,CLEANED
ग्राम मेथी,3,,,,REVIEW,ग्राम मेथी,UNCHANGED
ब्यादगी लाल मिर्च,3,,,,REVIEW,ब्यादगी लाल मिर्च,UNCHANGED
seeraga samba rice,3,,,,REVIEW,seeraga samba rice,UNCHANGED
sambal paste,3,,,,REVIEW,sambal paste,UNCHANGED
split methi seeds,3,,,,REVIEW,split methi seeds,UNCHANGED
to 3 dry red chillies,3,,,,REVIEW,to 3 dry red chillies,UNCHANGED
छोटी चमच्च हल्दि,3,,,,REVIEW,छोटी चमच्च हल्दि,UNCHANGED
कप खजूर,3,,,,REVIEW,कप खजूर,UNCHANGED
कप सफेद उरद दाल,3,,,,REVIEW,कप सफेद उरद दाल,UNCHANGED
to 4 dry red chillies,3,,,,REVIEW,to 4 dry red chillies,UNCHANGED
long green brinjal,3,,,,REVIEW,long green brinjal,UNCHANGED
dry beans,3,,,,REVIEW,dry beans,UNCHANGED
spoon curry leaves,3,,,,REVIEW,spoon curry leaves,UNCHANGED
बड़े चमच्च चावल का आटा,3,,,,REVIEW,बड़े चमच्च चावल का आटा,UNCHANGED
dried yellow/white peas,3,,,,REVIEW,dried yellow/white peas,UNCHANGED
coconut cream,3,,,,REVIEW,coconut cream,UNCHANGED
चाउ चाउ,3,,,,REVIEW,चाउ चाउ,UNCHANGED
छोटे चमच्च राइ,3,,,,REVIEW,छोटे चमच्च राइ,UNCHANGED
bagel,3,,,,REVIEW,bagel,UNCHANGED
flour,3,,,,REVIEW,flour,UNCHANGED
potato masala,3,,,,REVIEW,potato masala,UNCHANGED
-3 tablespoons sugar,3,,,,REVIEW,-3 tablespoons sugar,UNCHANGED
amchoor,3,,,,REVIEW,amchoor,UNCHANGED
yellow fenugreek seeds,3,,,,REVIEW,yellow fenugreek seeds,UNCHANGED
filter coffee powder,3,,,,REVIEW,filter coffee powder,UNCHANGED
vanilla custard,3,,,,REVIEW,vanilla custard,UNCHANGED
कप बूंदी,3,,,,REVIEW,कप बूंदी,UNCHANGED
punjabi style mango pickle,3,,,,REVIEW,punjabi style mango pickle,UNCHANGED
gwar pods,3,,,,REVIEW,gwar pods,UNCHANGED
to 4 curry leaves,3,,,,REVIEW,to 4 curry leaves,UNCHANGED
बीटरूट,3,,,,REVIEW,बीटरूट,UNCHANGED
multigrain flour,3,,,,REVIEW,multigrain flour,UNCHANGED
of chicken,3,,,,REVIEW,of chicken,UNCHANGED
छोटा चमच्च नारियल का तेल,3,,,,REVIEW,नारियल का तेल,CLEANED
moth sprouts,3,,,,REVIEW,moth sprouts,UNCHANGED
aloo bhujia,3,,,,REVIEW,aloo bhujia,UNCHANGED
stalk spring onion,3,,,,REVIEW,stalk spring onion,UNCHANGED
corn cob,3,,,,REVIEW,corn cob,UNCHANGED
छोटे चमच्च घी,3,,,,REVIEW,छोटे चमच्च घी,UNCHANGED
pinch edible camphor,3,,,,REVIEW,edible camphor,CLEANED
french bread,3,,,,REVIEW,french bread,UNCHANGED
chipotle sauce,3,,,,REVIEW,chipotle sauce,UNCHANGED
कप तुअर दाल,3,,,,REVIEW,कप तुअर दाल,UNCHANGED
बड़ा चमच्च काजू,3,,,,REVIEW,बड़ा चमच्च काजू,UNCHANGED
कप खुस खुस,3,,,,REVIEW,कप खुस खुस,UNCHANGED
chikoo,3,,,,REVIEW,chikoo,UNCHANGED
कप मुरमुरा,3,,,,REVIEW,कप मुरमुरा,UNCHANGED
kesar milk masala,3,,,,REVIEW,kesar milk masala,UNCHANGED
rabodi,3,,,,REVIEW,rabodi,UNCHANGED
अजवाइन,3,,,,REVIEW,अजवाइन,UNCHANGED
dried red chillies,3,,,,REVIEW,dried red chillies,UNCHANGED
tamarind chutney,3,,,,REVIEW,tamarind chutney,UNCHANGED
basil powder,3,,,,REVIEW,basil powder,UNCHANGED
बड़ा चमच्च मूंगफली,3,,,,REVIEW,बड़ा चमच्च मूंगफली,UNCHANGED
कप मखाना,3,,,,REVIEW,कप मखाना,UNCHANGED
salmon fillet,3,,,,REVIEW,salmon fillet,UNCHANGED
fennel bulb,3,,,,REVIEW,fennel bulb,UNCHANGED
ब्रोकली,3,,,,REVIEW,ब्रोकली,UNCHANGED
1/2 cups milk,3,,,,REVIEW,1/2 cups milk,UNCHANGED
britannia cheese cubes,3,,,,REVIEW,britannia cheese cubes,UNCHANGED
gram lentils,3,,,,REVIEW,gram lentils,UNCHANGED
pinch garam masala powder,3,,,,REVIEW,garam masala powder,CLEANED
raw banana peel,3,,,,REVIEW,banana peel,CLEANED
kashmiri masala powder,3,,,,REVIEW,kashmiri masala powder,UNCHANGED
cut 1 inch ginger,3,,,,REVIEW,cut 1 inch ginger,UNCHANGED
lime wedges,3,,,,REVIEW,lime wedges,UNCHANGED
whole wheat pita bread,3,,,,REVIEW,whole wheat pita bread,UNCHANGED
to 6 cloves garlic,3,,,,REVIEW,to 6 cloves garlic,UNCHANGED
bulgur wheat,3,,,,REVIEW,bulgur wheat,UNCHANGED
homemade marinara sauce,3,,,,REVIEW,marinara sauce,CLEANED
बड़ा चमच्च सौंफ,3,,,,REVIEW,बड़ा चमच्च सौंफ,UNCHANGED
1/2 cup whole wheat flour,3,,,,REVIEW,1/2 cup whole wheat flour,UNCHANGED
of water,3,,,,REVIEW,of water,UNCHANGED
pinch food color,3,,,,REVIEW,food color,CLEANED
छोटा चम्मच दालचीनी पाउडर,3,,,,REVIEW,दालचीनी पाउडर,CLEANED
curry leaves -,3,,,,REVIEW,curry leaves -,UNCHANGED
millet flour,3,,,,REVIEW,millet flour,UNCHANGED
1/2 teaspoon active dry yeast,3,,,,REVIEW,1/2 teaspoon active dry yeast,UNCHANGED
pitted cherries,3,,,,REVIEW,pitted cherries,UNCHANGED
बड़ा चम्मच सौंफ,3,,,,REVIEW,बड़ा चम्मच सौंफ,UNCHANGED
mango powder powder,3,,,,REVIEW,mango powder powder,UNCHANGED
फिश,3,,,,REVIEW,फिश,UNCHANGED
bread crumbs,3,,,,REVIEW,bread crumbs,UNCHANGED
almond butter,3,,,,REVIEW,almond butter,UNCHANGED
-3 tablespoons sunflower oil,3,,,,REVIEW,-3 tablespoons sunflower oil,UNCHANGED
orange liquor,3,,,,REVIEW,orange liquor,UNCHANGED
crabs,3,,,,REVIEW,crabs,UNCHANGED
crusty bread log,3,,,,REVIEW,crusty bread log,UNCHANGED
पापड़,3,,,,REVIEW,पापड़,UNCHANGED
mor milagai,3,,,,REVIEW,mor milagai,UNCHANGED
छोटा चमच्च गोडा मसाला,3,,,,REVIEW,गोडा मसाला,CLEANED
red grapes,3,,,,REVIEW,red grapes,UNCHANGED
or 5 curry leaves,3,,,,REVIEW,or 5 curry leaves,UNCHANGED
papdi puris,3,,,,REVIEW,papdi puris,UNCHANGED
kidney beans,3,,,,REVIEW,kidney beans,UNCHANGED
बड़ा चम्मच ओलिव का तेल,3,,,,REVIEW,बड़ा चम्मच ओलिव का तेल,UNCHANGED
छोटा चम्मच ओलिव का तेल,3,,,,REVIEW,ओलिव का तेल,CLEANED
del monte tartare dip,3,,,,REVIEW,del monte tartare dip,UNCHANGED
fresh green toor dal,3,,,,REVIEW,fresh green toor dal,UNCHANGED
panini bread,3,,,,REVIEW,panini bread,UNCHANGED
to 8 whole black peppercorns,3,,,,REVIEW,to 8 whole black peppercorns,UNCHANGED
green apple,3,,,,REVIEW,green apple,UNCHANGED
छोटे चमच्च धनिये के बीज,3,,,,REVIEW,छोटे चमच्च धनिये के बीज,UNCHANGED
-8 curry leaves,3,,,,REVIEW,-8 curry leaves,UNCHANGED
rasgulla,3,,,,REVIEW,rasgulla,UNCHANGED
bhetki fish,3,,,,REVIEW,bhetki fish,UNCHANGED
salad leaves,3,,,,REVIEW,salad leaves,UNCHANGED
-3 sprig coriander leaves,3,,,,REVIEW,-3 sprig coriander leaves,UNCHANGED
parmigiano reggiano cheese,3,,,,REVIEW,parmigiano reggiano cheese,UNCHANGED
कसूरी मेथी,3,,,,REVIEW,कसूरी मेथी,UNCHANGED
mixed greens,3,,,,REVIEW,mixed greens,UNCHANGED
बड़ा चमच्च सफ़ेद उरद दाल,3,,,,REVIEW,बड़ा चमच्च सफ़ेद उरद दाल,UNCHANGED
कप गवार फली,3,,,,REVIEW,कप गवार फली,UNCHANGED
ratan jot,3,,,,REVIEW,ratan jot,UNCHANGED
sprig ginger teriyaki sauce,3,,,,REVIEW,sprig ginger teriyaki sauce,UNCHANGED
kashmiri red chilli,3,,,,REVIEW,kashmiri red chilli,UNCHANGED
wild rice,3,,,,REVIEW,wild rice,UNCHANGED
eggplants,3,,,,REVIEW,eggplants,UNCHANGED
-4 cardamom pods/seeds,3,,,,REVIEW,-4 cardamom pods/seeds,UNCHANGED
kolhapuri masala,3,,,,REVIEW,kolhapuri masala,UNCHANGED
gobi,3,,,,REVIEW,gobi,UNCHANGED
pinch chaat masala powder,3,,,,REVIEW,chaat masala powder,CLEANED
छोटा चमच्च सांबर पाउडर,3,,,,REVIEW,सांबर पाउडर,CLEANED
maida,3,,,,REVIEW,maida,UNCHANGED
of mint,3,,,,REVIEW,of mint,UNCHANGED
summer salad,3,,,,REVIEW,summer salad,UNCHANGED
green romaine lettuce,3,,,,REVIEW,green romaine lettuce,UNCHANGED
आम,3,,,,REVIEW,आम,UNCHANGED
बड़ा चमच्च शिमला मिर्च,3,,,,REVIEW,बड़ा चमच्च शिमला मिर्च,UNCHANGED
pinch enos fruit salt,3,,,,REVIEW,enos fruit salt,CLEANED
red romaine lettuce,3,,,,REVIEW,red romaine lettuce,UNCHANGED
wheat germ,3,,,,REVIEW,wheat germ,UNCHANGED
rabri,3,,,,REVIEW,rabri,UNCHANGED
छोटे चम्मच निम्बू का रस,3,,,,REVIEW,छोटे चम्मच निम्बू का रस,UNCHANGED
boiled peanuts,3,,,,REVIEW,peanuts,CLEANED
chipotle chillies / peppers,3,,,,REVIEW,chipotle chillies / peppers,UNCHANGED
banana,3,,,,REVIEW,banana,UNCHANGED
-3 green chilli,3,,,,REVIEW,-3 green chilli,UNCHANGED
-3 sprig mint leaves,3,,,,REVIEW,-3 sprig mint leaves,UNCHANGED
panch four masala,3,,,,REVIEW,panch four masala,UNCHANGED
red seedless grapes,3,,,,REVIEW,red seedless grapes,UNCHANGED
pinch red chilli powder,3,,,,REVIEW,red chilli powder,CLEANED
राइ,3,,,,REVIEW,राइ,UNCHANGED
चकुंदर,3,,,,REVIEW,चकुंदर,UNCHANGED
small spoon coriander powder,3,,,,REVIEW,small spoon coriander powder,UNCHANGED
white onion,3,,,,REVIEW,white onion,UNCHANGED
छोटा चम्मच चना दाल,3,,,,REVIEW,चना दाल,CLEANED
red chilli flax,3,,,,REVIEW,red chilli flax,UNCHANGED
हरा बीन्स,3,,,,REVIEW,हरा बीन्स,UNCHANGED
-3 cloves,3,,,,REVIEW,-3 cloves,UNCHANGED
lentils,3,,,,REVIEW,lentils,UNCHANGED
brussel sprouts,3,,,,REVIEW,brussel sprouts,UNCHANGED
sultanas,3,,,,REVIEW,sultanas,UNCHANGED
कप ब्रोकली,3,,,,REVIEW,कप ब्रोकली,UNCHANGED
छोटा चमच्च तिल,3,,,,REVIEW,तिल,CLEANED
किशमिश,3,,,,REVIEW,किशमिश,UNCHANGED
छोटे चम्मच जीरा पाउडर,3,,,,REVIEW,छोटे चम्मच जीरा पाउडर,UNCHANGED
नारियल का तेल,3,,,,REVIEW,नारियल का तेल,UNCHANGED
lemon pound cake,2,,,,REVIEW,lemon pound cake,UNCHANGED
crushed ice,2,,,,REVIEW,crushed ice,UNCHANGED
almond,2,,,,REVIEW,almond,UNCHANGED
to 6 cashew nuts,2,,,,REVIEW,to 6 cashew nuts,UNCHANGED
rabdi,2,,,,REVIEW,rabdi,UNCHANGED
-10 dry red chillies,2,,,,REVIEW,-10 dry red chillies,UNCHANGED
छोटे चम्मच नारियल,2,,,,REVIEW,छोटे चम्मच नारियल,UNCHANGED
छोटा चमच्च रसम पाउडर,2,,,,REVIEW,रसम पाउडर,CLEANED
छोटा चम्मच खस खस,2,,,,REVIEW,खस खस,CLEANED
cashew,2,,,,REVIEW,cashew,UNCHANGED
छोटे चम्मच गरम मसाला पाउडर,2,,,,REVIEW,छोटे चम्मच गरम मसाला पाउडर,UNCHANGED
कप अनार,2,,,,REVIEW,कप अनार,UNCHANGED
बड़े चमच्च गुलाब का पानी,2,,,,REVIEW,बड़े चमच्च गुलाब का पानी,UNCHANGED
सेब,2,,,,REVIEW,सेब,UNCHANGED
goan recheado masala,2,,,,REVIEW,goan recheado masala,UNCHANGED
1/2 cup red matta rice,2,,,,REVIEW,1/2 cup red matta rice,UNCHANGED
jamun,2,,,,REVIEW,jamun,UNCHANGED
pumpkin pie spice,2,,,,REVIEW,pumpkin pie spice,UNCHANGED
sorrel leaves,2,,,,REVIEW,sorrel leaves,UNCHANGED
ice cream,2,,,,REVIEW,ice cream,UNCHANGED
dry mango powder,2,,,,REVIEW,dry mango powder,UNCHANGED
-8 cashew nuts,2,,,,REVIEW,-8 cashew nuts,UNCHANGED
बड़ा चम्मच सूखा नारियल,2,,,,REVIEW,बड़ा चम्मच सूखा नारियल,UNCHANGED
aniseed,2,,,,REVIEW,aniseed,UNCHANGED
kolhapuri khanda lasun masala,2,,,,REVIEW,kolhapuri khanda lasun masala,UNCHANGED
white urad lentils,2,,,,REVIEW,white urad lentils,UNCHANGED
to 2 bay leaves,2,,,,REVIEW,to 2 bay leaves,UNCHANGED
dal sugar,2,,,,REVIEW,dal sugar,UNCHANGED
-12 curry leaves,2,,,,REVIEW,-12 curry leaves,UNCHANGED
1/2 teaspoon kashmiri red chilli powder,2,,,,REVIEW,1/2 teaspoon kashmiri red chilli powder,UNCHANGED
coconut yogurt,2,,,,REVIEW,coconut yogurt,UNCHANGED
कप तिल,2,,,,REVIEW,कप तिल,UNCHANGED
homemade whole wheat khakras,2,,,,REVIEW,whole wheat khakras,CLEANED
जीरा पाउडर,2,,,,REVIEW,जीरा पाउडर,UNCHANGED
sprite,2,,,,REVIEW,sprite,UNCHANGED
1/2 tablespoons sesame seeds,2,,,,REVIEW,1/2 tablespoons sesame seeds,UNCHANGED
1/2 cups digestive biscuit,2,,,,REVIEW,1/2 cups digestive biscuit,UNCHANGED
to 6 sprig coriander leaves,2,,,,REVIEW,to 6 sprig coriander leaves,UNCHANGED
-5 cardamom pods/seeds,2,,,,REVIEW,-5 cardamom pods/seeds,UNCHANGED
make 1 cup green gram,2,,,,REVIEW,make 1 cup green gram,UNCHANGED
veeba harissa sauce,2,,,,REVIEW,veeba harissa sauce,UNCHANGED
peanut,2,,,,REVIEW,peanut,UNCHANGED
oat bran,2,,,,REVIEW,oat bran,UNCHANGED
1/2,2,,,,REVIEW,1/2,UNCHANGED
ग्राम छोटे आलू,2,,,,REVIEW,ग्राम छोटे आलू,UNCHANGED
greens,2,,,,REVIEW,greens,UNCHANGED
1/2 cups sugar,2,,,,REVIEW,1/2 cups sugar,UNCHANGED
linguine pasta,2,,,,REVIEW,linguine pasta,UNCHANGED
1 tsp turmeric powder,2,,,,REVIEW,1 tsp turmeric powder,UNCHANGED
छोटे चमच्च सांबर पाउडर,2,,,,REVIEW,छोटे चमच्च सांबर पाउडर,UNCHANGED
blackberries,2,,,,REVIEW,blackberries,UNCHANGED
mixed lentils,2,,,,REVIEW,mixed lentils,UNCHANGED
thonnai,2,,,,REVIEW,thonnai,UNCHANGED
-5 cashew nuts,2,,,,REVIEW,-5 cashew nuts,UNCHANGED
thandai powder,2,,,,REVIEW,thandai powder,UNCHANGED
basil,2,,,,REVIEW,basil,UNCHANGED
of cardamom powder,2,,,,REVIEW,of cardamom powder,UNCHANGED
बड़े चम्मच तिल का तेल,2,,,,REVIEW,बड़े चम्मच तिल का तेल,UNCHANGED
बड़ा चम्मच लहसुन,2,,,,REVIEW,बड़ा चम्मच लहसुन,UNCHANGED
coriander powder -,2,,,,REVIEW,coriander powder -,UNCHANGED
छोटे चम्मच लहसुन,2,,,,REVIEW,छोटे चम्मच लहसुन,UNCHANGED
बड़ा चम्मच हरा धनिया,2,,,,REVIEW,बड़ा चम्मच हरा धनिया,UNCHANGED
बड़ा चम्मच मेथी के दाने,2,,,,REVIEW,बड़ा चम्मच मेथी के दाने,UNCHANGED
छोटा चमच्च काला नमक या सेंधा नमक,2,,,,REVIEW,काला नमक या सेंधा नमक,CLEANED
बड़े चमच्च दूध,2,,,,REVIEW,बड़े चमच्च दूध,UNCHANGED
बड़ा चमच्च सफेद उरद दाल,2,,,,REVIEW,बड़ा चमच्च सफेद उरद दाल,UNCHANGED
बड़ा चमच्च हरी मिर्च,2,,,,REVIEW,बड़ा चमच्च हरी मिर्च,UNCHANGED
good,2,,,,REVIEW,good,UNCHANGED
green food colour,2,,,,REVIEW,green food colour,UNCHANGED
pinch lemon zest,2,,,,REVIEW,lemon zest,CLEANED
केला,2,,,,REVIEW,केला,UNCHANGED
छोटे चम्मच सांबर पाउडर,2,,,,REVIEW,छोटे चम्मच सांबर पाउडर,UNCHANGED
molasses,2,,,,REVIEW,molasses,UNCHANGED
bread,2,,,,REVIEW,bread,UNCHANGED
बड़े चमच्च सिरका,2,,,,REVIEW,बड़े चमच्च सिरका,UNCHANGED
बड़े चमच्च अचार,2,,,,REVIEW,बड़े चमच्च अचार,UNCHANGED
neem flowers,2,,,,REVIEW,neem flowers,UNCHANGED
1/2 tablespoon butter,2,,,,REVIEW,1/2 tablespoon butter,UNCHANGED
samosas,2,,,,REVIEW,samosas,UNCHANGED
कप अंकुरित मूंग,2,,,,REVIEW,कप अंकुरित मूंग,UNCHANGED
veeba carrot cucumber sandwich spread,2,,,,REVIEW,veeba carrot cucumber sandwich spread,UNCHANGED
white beans,2,,,,REVIEW,white beans,UNCHANGED
sugarcane juice,2,,,,REVIEW,sugarcane juice,UNCHANGED
aar maach,2,,,,REVIEW,aar maach,UNCHANGED
white garbanzo,2,,,,REVIEW,white garbanzo,UNCHANGED
ग्राम छोटे प्याज,2,,,,REVIEW,ग्राम छोटे प्याज,UNCHANGED
गुंटूर लाल मिर्च,2,,,,REVIEW,गुंटूर लाल मिर्च,UNCHANGED
छोटे चम्मच धनिये के बीज,2,,,,REVIEW,छोटे चम्मच धनिये के बीज,UNCHANGED
of fenugreek seeds,2,,,,REVIEW,of fenugreek seeds,UNCHANGED
thai sweet chilli sauce,2,,,,REVIEW,thai sweet chilli sauce,UNCHANGED
छोटा चमच्च कॉर्न फ्लौर,2,,,,REVIEW,कॉर्न फ्लौर,CLEANED
कप मूली,2,,,,REVIEW,कप मूली,UNCHANGED
बड़ा चमच्च खुस खुस,2,,,,REVIEW,बड़ा चमच्च खुस खुस,UNCHANGED
छोटे प्याज़,2,,,,REVIEW,छोटे प्याज़,UNCHANGED
dry corn kernals,2,,,,REVIEW,dry corn kernals,UNCHANGED
honey dew melon,2,,,,REVIEW,honey dew melon,UNCHANGED
बड़ा चमच्च तिल का तेल,2,,,,REVIEW,बड़ा चमच्च तिल का तेल,UNCHANGED
gulab jamun,2,,,,REVIEW,gulab jamun,UNCHANGED
sugar -,2,,,,REVIEW,sugar -,UNCHANGED
royal cumin,2,,,,REVIEW,royal cumin,UNCHANGED
canned tuna,2,,,,REVIEW,canned tuna,UNCHANGED
to 2 bay leaf,2,,,,REVIEW,to 2 bay leaf,UNCHANGED
to 4 tablespoons fresh cream,2,,,,REVIEW,to 4 tablespoons fresh cream,UNCHANGED
कप छास,2,,,,REVIEW,कप छास,UNCHANGED
बड़ा चम्मच राइ,2,,,,REVIEW,बड़ा चम्मच राइ,UNCHANGED
बड़ा चम्मच इमली,2,,,,REVIEW,बड़ा चम्मच इमली,UNCHANGED
-6 pickled jalapenos,2,,,,REVIEW,-6 pickled jalapenos,UNCHANGED
red black eyed beans,2,,,,REVIEW,red black eyed beans,UNCHANGED
इडली,2,,,,REVIEW,इडली,UNCHANGED
asparagus,2,,,,REVIEW,asparagus,UNCHANGED
बड़ा चम्मच अदरक,2,,,,REVIEW,बड़ा चम्मच अदरक,UNCHANGED
परवल,2,,,,REVIEW,परवल,UNCHANGED
कप ककड़ी,2,,,,REVIEW,कप ककड़ी,UNCHANGED
dry dates powder,2,,,,REVIEW,dry dates powder,UNCHANGED
छोटे चम्मच शक्कर,2,,,,REVIEW,छोटे चम्मच शक्कर,UNCHANGED
kalpasi leaves,2,,,,REVIEW,kalpasi leaves,UNCHANGED
बड़ा चम्मच चना दाल,2,,,,REVIEW,बड़ा चम्मच चना दाल,UNCHANGED
ड्राई फ्रूट्स,2,,,,REVIEW,ड्राई फ्रूट्स,UNCHANGED
कप राइ,2,,,,REVIEW,कप राइ,UNCHANGED
बड़ा चमच्च ओलिव का तेल,2,,,,REVIEW,बड़ा चमच्च ओलिव का तेल,UNCHANGED
छोटा चम्मच चना मसाला पाउडर,2,,,,REVIEW,चना मसाला पाउडर,CLEANED
sponge cake slice,2,,,,REVIEW,sponge cake slice,UNCHANGED
कप काबुली चन्ना,2,,,,REVIEW,कप काबुली चन्ना,UNCHANGED
udon noodles,2,,,,REVIEW,udon noodles,UNCHANGED
छोटा चमच्च अनारदाना,2,,,,REVIEW,अनारदाना,CLEANED
कोकम,2,,,,REVIEW,कोकम,UNCHANGED
बड़े चमच्च जीरा पाउडर,2,,,,REVIEW,बड़े चमच्च जीरा पाउडर,UNCHANGED
कप शिमला मिर्च,2,,,,REVIEW,कप शिमला मिर्च,UNCHANGED
छोटे चम्मच गुड़,2,,,,REVIEW,छोटे चम्मच गुड़,UNCHANGED
बड़ा चम्मच इमली का पेस्ट,2,,,,REVIEW,बड़ा चम्मच इमली का पेस्ट,UNCHANGED
बड़ा चम्मच कॉर्न स्टार्च,2,,,,REVIEW,बड़ा चम्मच कॉर्न स्टार्च,UNCHANGED
लवंग,2,,,,REVIEW,लवंग,UNCHANGED
nachos,2,,,,REVIEW,nachos,UNCHANGED
yellow squash,2,,,,REVIEW,yellow squash,UNCHANGED
बड़ा चम्मच कॉर्न फ्लौर,2,,,,REVIEW,बड़ा चम्मच कॉर्न फ्लौर,UNCHANGED
छोटे चमच्च हल्दी पाउडर,2,,,,REVIEW,छोटे चमच्च हल्दी पाउडर,UNCHANGED
कप मेथी के दाने,2,,,,REVIEW,कप मेथी के दाने,UNCHANGED
mixed millets,2,,,,REVIEW,mixed millets,UNCHANGED
छोटे चमच्च कसूरी मेथी,2,,,,REVIEW,छोटे चमच्च कसूरी मेथी,UNCHANGED
कप कढ़ी पत्ता,2,,,,REVIEW,कप कढ़ी पत्ता,UNCHANGED
mutton legs,2,,,,REVIEW,mutton legs,UNCHANGED
pretzels,2,,,,REVIEW,pretzels,UNCHANGED
कप सूखा नारियल,2,,,,REVIEW,कप सूखा नारियल,UNCHANGED
बड़ा चमच्च क्रीम,2,,,,REVIEW,बड़ा चमच्च क्रीम,UNCHANGED
बड़ी इलाईची,2,,,,REVIEW,बड़ी इलाईची,UNCHANGED
छोटा चमच्च उरद दाल,2,,,,REVIEW,उरद दाल,CLEANED
छोटा चमच्च सिरका,2,,,,REVIEW,सिरका,CLEANED
छोटा चम्मच इमली का पेस्ट,2,,,,REVIEW,इमली का पेस्ट,CLEANED
गुड़,2,,,,REVIEW,गुड़,UNCHANGED
कप रोस्टेड चना दाल,2,,,,REVIEW,कप रोस्टेड चना दाल,UNCHANGED
pinch nutmeg,2,,,,REVIEW,nutmeg,CLEANED
parsnip,2,,,,REVIEW,parsnip,UNCHANGED
छोटा चम्मच उरद दाल,2,,,,REVIEW,उरद दाल,CLEANED
छोटे चमच्च सफ़ेद उरद दाल,2,,,,REVIEW,छोटे चमच्च सफ़ेद उरद दाल,UNCHANGED
छोटे चमच्च इमली का पेस्ट,2,,,,REVIEW,छोटे चमच्च इमली का पेस्ट,UNCHANGED
कप ओलिव का तेल,2,,,,REVIEW,कप ओलिव का तेल,UNCHANGED
कप चना का पानी,2,,,,REVIEW,कप चना का पानी,UNCHANGED
-10 badam,2,,,,REVIEW,-10 badam,UNCHANGED
मक्खन,2,,,,REVIEW,मक्खन,UNCHANGED
pomegranate molasses,2,,,,REVIEW,pomegranate molasses,UNCHANGED
hog plum,2,,,,REVIEW,hog plum,UNCHANGED
कप्स गोभी,2,,,,REVIEW,कप्स गोभी,UNCHANGED
बड़ा चमच्च गुड,2,,,,REVIEW,बड़ा चमच्च गुड,UNCHANGED
छोटे चम्मच तिल,2,,,,REVIEW,छोटे चम्मच तिल,UNCHANGED
कप तेल,2,,,,REVIEW,कप तेल,UNCHANGED
britannia cheese slice,2,,,,REVIEW,britannia cheese slice,UNCHANGED
custard apple,2,,,,REVIEW,custard apple,UNCHANGED
छोटा चम्मच बेकिंग सोडा,2,,,,REVIEW,बेकिंग सोडा,CLEANED
lotus seeds,2,,,,REVIEW,lotus seeds,UNCHANGED
बड़े चम्मच दूध,2,,,,REVIEW,बड़े चम्मच दूध,UNCHANGED
छोटा चमच्च क्रीम,2,,,,REVIEW,क्रीम,CLEANED
-7 cashew nuts,2,,,,REVIEW,-7 cashew nuts,UNCHANGED
food color,2,,,,REVIEW,food color,UNCHANGED
बड़ा चमच्च गेहूं का आटा,2,,,,REVIEW,बड़ा चमच्च गेहूं का आटा,UNCHANGED
king fish,2,,,,REVIEW,king fish,UNCHANGED
biryani masala powder,2,,,,REVIEW,biryani masala powder,UNCHANGED
बड़े चम्मच पुदीना,2,,,,REVIEW,बड़े चम्मच पुदीना,UNCHANGED
टहनी बेसिल के पत्ते,2,,,,REVIEW,बेसिल के पत्ते,CLEANED
स्टॉक लेमन ग्रास,2,,,,REVIEW,स्टॉक लेमन ग्रास,UNCHANGED
बड़ा चमच्च प्याज,2,,,,REVIEW,बड़ा चमच्च प्याज,UNCHANGED
बड़ा चमच्च कश्मीरी लाल मिर्च पाउडर,2,,,,REVIEW,बड़ा चमच्च कश्मीरी लाल मिर्च पाउडर,UNCHANGED
ग्राम सुरन,2,,,,REVIEW,ग्राम सुरन,UNCHANGED
कप्स पानी,2,,,,REVIEW,कप्स पानी,UNCHANGED
kali urad dal,2,,,,REVIEW,kali urad dal,UNCHANGED
ग्राम शक्कर,2,,,,REVIEW,ग्राम शक्कर,UNCHANGED
ग्राम कच्चा आम,2,,,,REVIEW,ग्राम कच्चा आम,UNCHANGED
vangi bath powder,2,,,,REVIEW,vangi bath powder,UNCHANGED
छोटा चमच्च मेथी,2,,,,REVIEW,मेथी,CLEANED
बड़ा चम्मच सोया सॉस,2,,,,REVIEW,बड़ा चम्मच सोया सॉस,UNCHANGED
कप हरे प्याज के पत्ते,2,,,,REVIEW,कप हरे प्याज के पत्ते,UNCHANGED
1/2 liter milk,2,,,,REVIEW,1/2 liter milk,UNCHANGED
groundnut oil,2,,,,REVIEW,groundnut oil,UNCHANGED
छोटा चमच्च गुलाब का पानी,2,,,,REVIEW,गुलाब का पानी,CLEANED
whole wheat bread crumbs -,2,,,,REVIEW,whole wheat bread crumbs -,UNCHANGED
gherkins,2,,,,REVIEW,gherkins,UNCHANGED
tetley long leaf green tea,2,,,,REVIEW,tetley long leaf green tea,UNCHANGED
pineapple essence,2,,,,REVIEW,pineapple essence,UNCHANGED
बड़े चम्मच निम्बू का रस,2,,,,REVIEW,बड़े चम्मच निम्बू का रस,UNCHANGED
छोटा चम्मच ऑरेगानो,2,,,,REVIEW,ऑरेगानो,CLEANED
सेलरी,2,,,,REVIEW,सेलरी,UNCHANGED
बड़े चमच्च सरसों का तेल,2,,,,REVIEW,बड़े चमच्च सरसों का तेल,UNCHANGED
pinch cocoa powder,2,,,,REVIEW,cocoa powder,CLEANED
-3 dry red chilli,2,,,,REVIEW,-3 dry red chilli,UNCHANGED
-6 whole black peppercorns,2,,,,REVIEW,-6 whole black peppercorns,UNCHANGED
-5 shallots,2,,,,REVIEW,-5 shallots,UNCHANGED
whole turmeric,2,,,,REVIEW,whole turmeric,UNCHANGED
बड़े चमच्च जीरा,2,,,,REVIEW,बड़े चमच्च जीरा,UNCHANGED
1/2 cup curd,2,,,,REVIEW,1/2 cup curd,UNCHANGED
कप मैदा,2,,,,REVIEW,कप मैदा,UNCHANGED
alu bukhara,2,,,,REVIEW,alu bukhara,UNCHANGED
बड़े चम्मच मैदा,2,,,,REVIEW,बड़े चम्मच मैदा,UNCHANGED
बड़ा चम्मच चावल का आटा,2,,,,REVIEW,बड़ा चम्मच चावल का आटा,UNCHANGED
thyme leaves,2,,,,REVIEW,thyme leaves,UNCHANGED
बड़ा चम्मच शक्कर,2,,,,REVIEW,बड़ा चम्मच शक्कर,UNCHANGED
coca cola,2,,,,REVIEW,coca cola,UNCHANGED
नारियल,2,,,,REVIEW,नारियल,UNCHANGED
तिल का तेल,2,,,,REVIEW,तिल का तेल,UNCHANGED
to 3 cloves garlic,2,,,,REVIEW,to 3 cloves garlic,UNCHANGED
make 3 tomatoes,2,,,,REVIEW,make 3 tomatoes,UNCHANGED
alfalfa sprouts,2,,,,REVIEW,alfalfa sprouts,UNCHANGED
-5 लॉन्ग,2,,,,REVIEW,-5 लॉन्ग,UNCHANGED
कप घी,2,,,,REVIEW,कप घी,UNCHANGED
कप बड़ी,2,,,,REVIEW,कप बड़ी,UNCHANGED
wheat grass powder,2,,,,REVIEW,wheat grass powder,UNCHANGED
to 4 spring onion greens,2,,,,REVIEW,to 4 spring onion greens,UNCHANGED
lavang,2,,,,REVIEW,lavang,UNCHANGED
ब्रेड क्रम्ब्स,2,,,,REVIEW,ब्रेड क्रम्ब्स,UNCHANGED
heart leaves,2,,,,REVIEW,heart leaves,UNCHANGED
to 10 cashew nuts,2,,,,REVIEW,to 10 cashew nuts,UNCHANGED
बड़ा चमच्च सरसों का तेल,2,,,,REVIEW,बड़ा चमच्च सरसों का तेल,UNCHANGED
green cardamom,2,,,,REVIEW,green cardamom,UNCHANGED
बड़ा चम्मच अजवाइन,2,,,,REVIEW,बड़ा चम्मच अजवाइन,UNCHANGED
arabic,2,,,,REVIEW,arabic,UNCHANGED
del monte green olives,2,,,,REVIEW,del monte green olives,UNCHANGED
-10 button mushrooms,2,,,,REVIEW,-10 button mushrooms,UNCHANGED
macaroni,2,,,,REVIEW,macaroni,UNCHANGED
छोटा चमच्च चावल का आटा,2,,,,REVIEW,चावल का आटा,CLEANED
ग्राम्स पनीर,2,,,,REVIEW,ग्राम्स पनीर,UNCHANGED
धनिया पाउडर,2,,,,REVIEW,धनिया पाउडर,UNCHANGED
बड़े चम्मच कॉर्न फ्लौर,2,,,,REVIEW,बड़े चम्मच कॉर्न फ्लौर,UNCHANGED
कप इडली चावल,2,,,,REVIEW,कप इडली चावल,UNCHANGED
passion fruit,2,,,,REVIEW,passion fruit,UNCHANGED
भिंडी,2,,,,REVIEW,भिंडी,UNCHANGED
-6 cashew nuts,2,,,,REVIEW,-6 cashew nuts,UNCHANGED
कुलीथ दाल,2,,,,REVIEW,कुलीथ दाल,UNCHANGED
parsley,2,,,,REVIEW,parsley,UNCHANGED
ginger paste,2,,,,REVIEW,ginger paste,UNCHANGED
phyllo sheets,2,,,,REVIEW,phyllo sheets,UNCHANGED
pinch black salt,2,,,,REVIEW,black salt,CLEANED
as per use,2,,,,REVIEW,as per use,UNCHANGED
leftover roti,2,,,,REVIEW,leftover roti,UNCHANGED
baileys irish cream,2,,,,REVIEW,baileys irish cream,UNCHANGED
lentil,2,,,,REVIEW,lentil,UNCHANGED
yam,2,,,,REVIEW,yam,UNCHANGED
kabuli channa,2,,,,REVIEW,kabuli channa,UNCHANGED
बड़ा चमच्च रोस्टेड चना दाल,2,,,,REVIEW,बड़ा चमच्च रोस्टेड चना दाल,UNCHANGED
red food color,2,,,,REVIEW,red food color,UNCHANGED
1/2 tablespoons whole wheat flour,2,,,,REVIEW,1/2 tablespoons whole wheat flour,UNCHANGED
छोटा चमच्च धनिया के बीज,2,,,,REVIEW,धनिया के बीज,CLEANED
-4 green chilli,2,,,,REVIEW,-4 green chilli,UNCHANGED
1/2 cups poha,2,,,,REVIEW,1/2 cups poha,UNCHANGED
tagliatelle pasta,2,,,,REVIEW,tagliatelle pasta,UNCHANGED
बड़े चम्मच हरे मटर,2,,,,REVIEW,बड़े चम्मच हरे मटर,UNCHANGED
1/2 teaspoon turmeric powder,2,,,,REVIEW,1/2 teaspoon turmeric powder,UNCHANGED
rice ada,2,,,,REVIEW,rice ada,UNCHANGED
dabur homemade tamarind paste,2,,,,REVIEW,dabur homemade tamarind paste,UNCHANGED
बड़े चम्मच सफ़ेद उरद दाल,2,,,,REVIEW,बड़े चम्मच सफ़ेद उरद दाल,UNCHANGED
oatmeal,2,,,,REVIEW,oatmeal,UNCHANGED
water -,2,,,,REVIEW,water -,UNCHANGED
कप जोवार के दाने,2,,,,REVIEW,कप जोवार के दाने,UNCHANGED
बड़ा चम्मच जीरा पाउडर,2,,,,REVIEW,बड़ा चम्मच जीरा पाउडर,UNCHANGED
ड्रमस्टिक,2,,,,REVIEW,ड्रमस्टिक,UNCHANGED
बड़े चमच्च निम्बू का रस,2,,,,REVIEW,बड़े चमच्च निम्बू का रस,UNCHANGED
थाई बेसिल के पत्ते,2,,,,REVIEW,थाई बेसिल के पत्ते,UNCHANGED
tea monk oolong tea,2,,,,REVIEW,tea monk oolong tea,UNCHANGED
crackers,2,,,,REVIEW,crackers,UNCHANGED
brie cheese,2,,,,REVIEW,brie cheese,UNCHANGED
1/2 teaspoon paprika powder,2,,,,REVIEW,1/2 teaspoon paprika powder,UNCHANGED
chicken sausage,2,,,,REVIEW,chicken sausage,UNCHANGED
छोटे चमच्च तिल का तेल,2,,,,REVIEW,छोटे चमच्च तिल का तेल,UNCHANGED
to 12 curry leaves,2,,,,REVIEW,to 12 curry leaves,UNCHANGED
bananas,2,,,,REVIEW,bananas,UNCHANGED
bhaja masala,2,,,,REVIEW,bhaja masala,UNCHANGED
-5 basil leaves,2,,,,REVIEW,-5 basil leaves,UNCHANGED
-5 green chillies,2,,,,REVIEW,-5 green chillies,UNCHANGED
ग्राम्स पालक,2,,,,REVIEW,ग्राम्स पालक,UNCHANGED
1/2 tablespoons corn flour,2,,,,REVIEW,1/2 tablespoons corn flour,UNCHANGED
to 4 cloves garlic,2,,,,REVIEW,to 4 cloves garlic,UNCHANGED
dried raspberries,2,,,,REVIEW,dried raspberries,UNCHANGED
kashmiri rajma,2,,,,REVIEW,kashmiri rajma,UNCHANGED
dabur homemade coconut milk,2,,,,REVIEW,dabur homemade coconut milk,UNCHANGED
बड़ा चमच्च सरसो का तेल,2,,,,REVIEW,बड़ा चमच्च सरसो का तेल,UNCHANGED
brahmi leaves,2,,,,REVIEW,brahmi leaves,UNCHANGED
garam masala powder -,2,,,,REVIEW,garam masala powder -,UNCHANGED
coconut powder,2,,,,REVIEW,coconut powder,UNCHANGED
ग्राम प्याज,2,,,,REVIEW,ग्राम प्याज,UNCHANGED
छोटा चम्मच मिक्स्ड हर्ब्स,2,,,,REVIEW,मिक्स्ड हर्ब्स,CLEANED
बड़ा चमच्च नमक,2,,,,REVIEW,बड़ा चमच्च नमक,UNCHANGED
as per the experiment,2,,,,REVIEW,as per the experiment,UNCHANGED
छोटा चमच्च मेथी के बीज,2,,,,REVIEW,मेथी के बीज,CLEANED
to 4 tablespoon sunflower oil,2,,,,REVIEW,to 4 tablespoon sunflower oil,UNCHANGED
nagkesar/cassia buds,2,,,,REVIEW,nagkesar/cassia buds,UNCHANGED
-3 curry leaves,2,,,,REVIEW,-3 curry leaves,UNCHANGED
green capsicum,2,,,,REVIEW,green capsicum,UNCHANGED
oyster sauce,2,,,,REVIEW,oyster sauce,UNCHANGED
shiitake mushrooms,2,,,,REVIEW,shiitake mushrooms,UNCHANGED
napa cabbage,2,,,,REVIEW,napa cabbage,UNCHANGED
beer,2,,,,REVIEW,beer,UNCHANGED
butterscotch chips,2,,,,REVIEW,butterscotch chips,UNCHANGED
chocolate cake,2,,,,REVIEW,chocolate cake,UNCHANGED
shark fish,2,,,,REVIEW,shark fish,UNCHANGED
nuggets curry leaves,2,,,,REVIEW,nuggets curry leaves,UNCHANGED
rye bread,2,,,,REVIEW,rye bread,UNCHANGED
कप सोया चंक्स,2,,,,REVIEW,कप सोया चंक्स,UNCHANGED
maltesers,2,,,,REVIEW,maltesers,UNCHANGED
gruyere cheese,2,,,,REVIEW,gruyere cheese,UNCHANGED
japanese eggplant,2,,,,REVIEW,japanese eggplant,UNCHANGED
छोटे चमच्च सौंफ,2,,,,REVIEW,छोटे चमच्च सौंफ,UNCHANGED
-2 cloves garlic,2,,,,REVIEW,-2 cloves garlic,UNCHANGED
musk melon,2,,,,REVIEW,musk melon,UNCHANGED
-4 whole black peppercorns,2,,,,REVIEW,-4 whole black peppercorns,UNCHANGED
छोटा चमच्च जायफल,2,,,,REVIEW,जायफल,CLEANED
kachri,2,,,,REVIEW,kachri,UNCHANGED
arisithipli,2,,,,REVIEW,arisithipli,UNCHANGED
kandathipli,2,,,,REVIEW,kandathipli,UNCHANGED
fettuccine pasta,2,,,,REVIEW,fettuccine pasta,UNCHANGED
del monte penne rigate pasta,2,,,,REVIEW,del monte penne rigate pasta,UNCHANGED
of chickpea chana or chickpeas,2,,,,REVIEW,of chickpea chana or chickpeas,UNCHANGED
swiss cheese,2,,,,REVIEW,swiss cheese,UNCHANGED
soy flour,2,,,,REVIEW,soy flour,UNCHANGED
गुलाब के पत्ते,2,,,,REVIEW,गुलाब के पत्ते,UNCHANGED
bengal gram lentils,2,,,,REVIEW,bengal gram lentils,UNCHANGED
double beans,2,,,,REVIEW,double beans,UNCHANGED
sesame seeds oil,2,,,,REVIEW,sesame seeds oil,UNCHANGED
poppy poppy,2,,,,REVIEW,poppy poppy,UNCHANGED
gunde,2,,,,REVIEW,gunde,UNCHANGED
-5 dry red chillies,2,,,,REVIEW,-5 dry red chillies,UNCHANGED
-2 tablespoon ghee,2,,,,REVIEW,-2 tablespoon ghee,UNCHANGED
star fruit,2,,,,REVIEW,star fruit,UNCHANGED
manathakkali kai vathal,2,,,,REVIEW,manathakkali kai vathal,UNCHANGED
del monte chifferi rigati pasta,2,,,,REVIEW,del monte chifferi rigati pasta,UNCHANGED
orange color,2,,,,REVIEW,orange color,UNCHANGED
quinoa flour,2,,,,REVIEW,quinoa flour,UNCHANGED
orange peel,2,,,,REVIEW,orange peel,UNCHANGED
-6 cloves garlic,2,,,,REVIEW,-6 cloves garlic,UNCHANGED
lamb ribs,2,,,,REVIEW,lamb ribs,UNCHANGED
dried neem flowers,2,,,,REVIEW,dried neem flowers,UNCHANGED
banana leaves,2,,,,REVIEW,banana leaves,UNCHANGED
gilka,2,,,,REVIEW,gilka,UNCHANGED
1/2 teaspoon garam masala powder,2,,,,REVIEW,1/2 teaspoon garam masala powder,UNCHANGED
dal sugar powder,2,,,,REVIEW,dal sugar powder,UNCHANGED
thai jasmine rice,2,,,,REVIEW,thai jasmine rice,UNCHANGED
बड़ा चम्मच हल्दी पाउडर,2,,,,REVIEW,बड़ा चम्मच हल्दी पाउडर,UNCHANGED
citric acid crystals,2,,,,REVIEW,citric acid crystals,UNCHANGED
mixed berries,2,,,,REVIEW,mixed berries,UNCHANGED
chicken masala,2,,,,REVIEW,chicken masala,UNCHANGED
thin semiya,2,,,,REVIEW,thin semiya,UNCHANGED
taco seasoning,2,,,,REVIEW,taco seasoning,UNCHANGED
fl oz britannia cream cheese,2,,,,REVIEW,fl oz britannia cream cheese,UNCHANGED
1/2 cup makki ka atta,2,,,,REVIEW,1/2 cup makki ka atta,UNCHANGED
1/2 teaspoons baking powder,2,,,,REVIEW,1/2 teaspoons baking powder,UNCHANGED
or 2 green chillies,2,,,,REVIEW,or 2 green chillies,UNCHANGED
pomegranate sauce,2,,,,REVIEW,pomegranate sauce,UNCHANGED
-3 spring onion greens,2,,,,REVIEW,-3 spring onion greens,UNCHANGED
-7 dry red chillies,2,,,,REVIEW,-7 dry red chillies,UNCHANGED
- 8 cherry tomatoes,2,,,,REVIEW,- 8 cherry tomatoes,UNCHANGED
to 4 potatoes,2,,,,REVIEW,to 4 potatoes,UNCHANGED
aam papad,2,,,,REVIEW,aam papad,UNCHANGED
1/2 cup sooji,2,,,,REVIEW,1/2 cup sooji,UNCHANGED
छोटे चम्मच जीरा,2,,,,REVIEW,छोटे चम्मच जीरा,UNCHANGED
कप गोबी,2,,,,REVIEW,कप गोबी,UNCHANGED
बड़े चमच्च पानी,2,,,,REVIEW,बड़े चमच्च पानी,UNCHANGED
इलाइची पाउडर,2,,,,REVIEW,इलाइची पाउडर,UNCHANGED
cajun spice mix,2,,,,REVIEW,cajun spice mix,UNCHANGED
spoon coconut,2,,,,REVIEW,spoon coconut,UNCHANGED
-10 cashew nuts,2,,,,REVIEW,-10 cashew nuts,UNCHANGED
to 5 shallots,2,,,,REVIEW,to 5 shallots,UNCHANGED
amaranth leaves,2,,,,REVIEW,amaranth leaves,UNCHANGED
बड़ा चमच्च दही,2,,,,REVIEW,बड़ा चमच्च दही,UNCHANGED
-10 whole black peppercorns,2,,,,REVIEW,-10 whole black peppercorns,UNCHANGED
छोटा चम्मच सोया सॉस,2,,,,REVIEW,सोया सॉस,CLEANED
छोटा चम्मच सिरका,2,,,,REVIEW,सिरका,CLEANED
कप साबूदाना,2,,,,REVIEW,कप साबूदाना,UNCHANGED
pickle masala,2,,,,REVIEW,pickle masala,UNCHANGED
कप चिकन ब्रैस्ट,2,,,,REVIEW,कप चिकन ब्रैस्ट,UNCHANGED
cumin powder -,2,,,,REVIEW,cumin powder -,UNCHANGED
sprouted ragi,2,,,,REVIEW,sprouted ragi,UNCHANGED
कप मक्का,2,,,,REVIEW,कप मक्का,UNCHANGED
बड़ा चम्मच कश्मीरी लाल मिर्च पाउडर,2,,,,REVIEW,बड़ा चम्मच कश्मीरी लाल मिर्च पाउडर,UNCHANGED
बड़े चम्मच मसूर दाल,2,,,,REVIEW,बड़े चम्मच मसूर दाल,UNCHANGED
-3 cardamom pods/seeds,2,,,,REVIEW,-3 cardamom pods/seeds,UNCHANGED
to 7 curry leaves,2,,,,REVIEW,to 7 curry leaves,UNCHANGED
bamboo shoots,2,,,,REVIEW,bamboo shoots,UNCHANGED
cotton threads,2,,,,REVIEW,cotton threads,UNCHANGED
parcels,2,,,,REVIEW,parcels,UNCHANGED
lettuce,2,,,,REVIEW,lettuce,UNCHANGED
triple sec,2,,,,REVIEW,triple sec,UNCHANGED
tequila,2,,,,REVIEW,tequila,UNCHANGED
to 12 ice cubes,2,,,,REVIEW,to 12 ice cubes,UNCHANGED
लौंग,2,,,,REVIEW,लौंग,UNCHANGED
किलो चिकन,2,,,,REVIEW,किलो चिकन,UNCHANGED
stalks parsley leaves,2,,,,REVIEW,stalks parsley leaves,UNCHANGED
flat green beans,2,,,,REVIEW,flat green beans,UNCHANGED
छोटे चमच्च शक्कर,2,,,,REVIEW,छोटे चमच्च शक्कर,UNCHANGED
pigeonpea,2,,,,REVIEW,pigeonpea,UNCHANGED
pink flesh dragon fruit/pitaya,2,,,,REVIEW,pink flesh dragon fruit/pitaya,UNCHANGED
oysters,2,,,,REVIEW,oysters,UNCHANGED
कप मिक्स्ड दाल,2,,,,REVIEW,कप मिक्स्ड दाल,UNCHANGED
stalks spinach leaves,2,,,,REVIEW,stalks spinach leaves,UNCHANGED
bisi bele bhat spice powder,2,,,,REVIEW,bisi bele bhat spice powder,UNCHANGED
pinch orange color,2,,,,REVIEW,orange color,CLEANED
pinch yellow food colour,2,,,,REVIEW,yellow food colour,CLEANED
nylon sabakki,2,,,,REVIEW,nylon sabakki,UNCHANGED
black raisins,2,,,,REVIEW,black raisins,UNCHANGED
kababchini,2,,,,REVIEW,kababchini,UNCHANGED
बड़े चम्मच इमली का पेस्ट,1,,,,REVIEW,बड़े चम्मच इमली का पेस्ट,UNCHANGED
बड़ा चम्मच सांबर पाउडर,1,,,,REVIEW,बड़ा चम्मच सांबर पाउडर,UNCHANGED
बड़े चमच्च कंडेन्स दूध,1,,,,REVIEW,बड़े चमच्च कंडेन्स दूध,UNCHANGED
pinch kashmiri red chilli powder,1,,,,REVIEW,kashmiri red chilli powder,CLEANED
pinch coriander powder,1,,,,REVIEW,coriander powder,CLEANED
pinch cumin powder,1,,,,REVIEW,cumin powder,CLEANED
-2 teaspoons extra virgin olive oil,1,,,,REVIEW,-2 teaspoons extra virgin olive oil,UNCHANGED
1/2 tablespoon mustard oil,1,,,,REVIEW,1/2 tablespoon mustard oil,UNCHANGED
-4 cloves,1,,,,REVIEW,-4 cloves,UNCHANGED
ग्राम घी,1,,,,REVIEW,ग्राम घी,UNCHANGED
ग्राम सौंफ,1,,,,REVIEW,ग्राम सौंफ,UNCHANGED
ग्राम पूरी काली मिर्च,1,,,,REVIEW,ग्राम पूरी काली मिर्च,UNCHANGED
ग्राम धनिये के बीज,1,,,,REVIEW,ग्राम धनिये के बीज,UNCHANGED
ग्राम अजवाइन,1,,,,REVIEW,ग्राम अजवाइन,UNCHANGED
ग्राम जीरा,1,,,,REVIEW,ग्राम जीरा,UNCHANGED
ग्राम सोंठ,1,,,,REVIEW,ग्राम सोंठ,UNCHANGED
garlic salt,1,,,,REVIEW,garlic salt,UNCHANGED
whole wheat flour -,1,,,,REVIEW,whole wheat flour -,UNCHANGED
-2 cherry tomatoes,1,,,,REVIEW,-2 cherry tomatoes,UNCHANGED
छोटे चम्मच बेसन,1,,,,REVIEW,छोटे चम्मच बेसन,UNCHANGED
कली हरा धनिया,1,,,,REVIEW,हरा धनिया,CLEANED
कली कढ़ी पत्ता,1,,,,REVIEW,कढ़ी पत्ता,CLEANED
ग्राम्स स्वीट कॉर्न,1,,,,REVIEW,ग्राम्स स्वीट कॉर्न,UNCHANGED
mughlai meetha attar,1,,,,REVIEW,mughlai meetha attar,UNCHANGED
naan,1,,,,REVIEW,naan,UNCHANGED
कप अनारदाना पाउडर,1,,,,REVIEW,कप अनारदाना पाउडर,UNCHANGED
अखरोट,1,,,,REVIEW,अखरोट,UNCHANGED
कप खोया,1,,,,REVIEW,कप खोया,UNCHANGED
stalks leek,1,,,,REVIEW,stalks leek,UNCHANGED
mango ginger,1,,,,REVIEW,mango ginger,UNCHANGED
1/2 cups rajma,1,,,,REVIEW,1/2 cups rajma,UNCHANGED
बड़े चमच्च अनार,1,,,,REVIEW,बड़े चमच्च अनार,UNCHANGED
बड़ा चमच्च खस खस,1,,,,REVIEW,बड़ा चमच्च खस खस,UNCHANGED
बड़ा चमच्च खरबूजे के बीज,1,,,,REVIEW,बड़ा चमच्च खरबूजे के बीज,UNCHANGED
-3 cups almond milk,1,,,,REVIEW,-3 cups almond milk,UNCHANGED
adobo sauce,1,,,,REVIEW,adobo sauce,UNCHANGED
pinto beans,1,,,,REVIEW,pinto beans,UNCHANGED
1/2 कप पानी,1,,,,REVIEW,1/2 कप पानी,UNCHANGED
छोटे चम्मच तंदूरी चिकन मसाला,1,,,,REVIEW,छोटे चम्मच तंदूरी चिकन मसाला,UNCHANGED
छोटे चम्मच कसूरी मेथी,1,,,,REVIEW,छोटे चम्मच कसूरी मेथी,UNCHANGED
¼ कप टमाटर प्यूरी,1,,,,REVIEW,¼ कप टमाटर प्यूरी,UNCHANGED
¼ कप दही,1,,,,REVIEW,¼ कप दही,UNCHANGED
कली लॉन्ग,1,,,,REVIEW,लॉन्ग,CLEANED
-6 roasted peanuts,1,,,,REVIEW,-6 roasted peanuts,UNCHANGED
to 6 strawberries,1,,,,REVIEW,to 6 strawberries,UNCHANGED
छोटा चम्मच बेकिंग पाउडर,1,,,,REVIEW,बेकिंग पाउडर,CLEANED
लौंग लहसुन,1,,,,REVIEW,लौंग लहसुन,UNCHANGED
कप कटहल के बीज,1,,,,REVIEW,कप कटहल के बीज,UNCHANGED
maize dalia,1,,,,REVIEW,maize dalia,UNCHANGED
बड़े चमच्च करी पाउडर,1,,,,REVIEW,बड़े चमच्च करी पाउडर,UNCHANGED
1/2 cup vegetable stock,1,,,,REVIEW,1/2 cup vegetable stock,UNCHANGED
बड़े चम्मच जेलेपिनो,1,,,,REVIEW,बड़े चम्मच जेलेपिनो,UNCHANGED
कप बेसिल,1,,,,REVIEW,कप बेसिल,UNCHANGED
कप तरबूज,1,,,,REVIEW,कप तरबूज,UNCHANGED
-8 cloves garlic,1,,,,REVIEW,-8 cloves garlic,UNCHANGED
to 2 tablespoons sour cream,1,,,,REVIEW,to 2 tablespoons sour cream,UNCHANGED
छोटा चम्मच कॉर्न फ्लौर,1,,,,REVIEW,कॉर्न फ्लौर,CLEANED
बड़े चम्मच हरी चटनी,1,,,,REVIEW,बड़े चम्मच हरी चटनी,UNCHANGED
-2 teaspoons red chilli powder,1,,,,REVIEW,-2 teaspoons red chilli powder,UNCHANGED
-5 whole eggs,1,,,,REVIEW,-5 whole eggs,UNCHANGED
almond oil,1,,,,REVIEW,almond oil,UNCHANGED
जायफल पाउडर,1,,,,REVIEW,जायफल पाउडर,UNCHANGED
कप दूध पाउडर,1,,,,REVIEW,कप दूध पाउडर,UNCHANGED
बडे चमच्च घी,1,,,,REVIEW,बडे चमच्च घी,UNCHANGED
or 2 dry red chilli,1,,,,REVIEW,or 2 dry red chilli,UNCHANGED
to 8 pearl onions,1,,,,REVIEW,to 8 pearl onions,UNCHANGED
कप छोटे आलू,1,,,,REVIEW,कप छोटे आलू,UNCHANGED
to 5 green chilli,1,,,,REVIEW,to 5 green chilli,UNCHANGED
-12 कढ़ी पत्ता,1,,,,REVIEW,-12 कढ़ी पत्ता,UNCHANGED
बड़े चम्मच चावल का आटा,1,,,,REVIEW,बड़े चम्मच चावल का आटा,UNCHANGED
pickle spice,1,,,,REVIEW,pickle spice,UNCHANGED
raisins -,1,,,,REVIEW,raisins -,UNCHANGED
बड़े चम्मच पाइन नट्स,1,,,,REVIEW,बड़े चम्मच पाइन नट्स,UNCHANGED
बड़ा चम्मच बालसामिक सिरका,1,,,,REVIEW,बड़ा चम्मच बालसामिक सिरका,UNCHANGED
छोटा चम्मच पैपरिका पाउडर,1,,,,REVIEW,पैपरिका पाउडर,CLEANED
-4 iceberg lettuce,1,,,,REVIEW,-4 iceberg lettuce,UNCHANGED
केले का स्टेम,1,,,,REVIEW,केले का स्टेम,UNCHANGED
1/2 cups buttermilk,1,,,,REVIEW,1/2 cups buttermilk,UNCHANGED
khaman dhokla,1,,,,REVIEW,khaman dhokla,UNCHANGED
- 5 spring onion,1,,,,REVIEW,- 5 spring onion,UNCHANGED
कप चिकन,1,,,,REVIEW,कप चिकन,UNCHANGED
लेटस,1,,,,REVIEW,लेटस,UNCHANGED
-2 teaspoons sugar,1,,,,REVIEW,-2 teaspoons sugar,UNCHANGED
bocconcini cheese,1,,,,REVIEW,bocconcini cheese,UNCHANGED
stalk parsley leaves,1,,,,REVIEW,stalk parsley leaves,UNCHANGED
fl oz evaporated milk,1,,,,REVIEW,fl oz evaporated milk,UNCHANGED
fl oz condensed milk,1,,,,REVIEW,fl oz condensed milk,UNCHANGED
कप सेब,1,,,,REVIEW,कप सेब,UNCHANGED
कप केला,1,,,,REVIEW,कप केला,UNCHANGED
garam masala,1,,,,REVIEW,garam masala,UNCHANGED
lemon glaze,1,,,,REVIEW,lemon glaze,UNCHANGED
seven up,1,,,,REVIEW,seven up,UNCHANGED
lb butter,1,,,,REVIEW,lb butter,UNCHANGED
-4 tablespoon sour cream,1,,,,REVIEW,-4 tablespoon sour cream,UNCHANGED
-4 corn flour tortilla,1,,,,REVIEW,-4 corn flour tortilla,UNCHANGED
to 10 curry leaves,1,,,,REVIEW,to 10 curry leaves,UNCHANGED
prune spread,1,,,,REVIEW,prune spread,UNCHANGED
cup cheese,1,,,,REVIEW,cup cheese,UNCHANGED
-3 tablespoons hot water,1,,,,REVIEW,-3 tablespoons hot water,UNCHANGED
strawberry,1,,,,REVIEW,strawberry,UNCHANGED
of strawberries,1,,,,REVIEW,of strawberries,UNCHANGED
-3 tablespoons ghee,1,,,,REVIEW,-3 tablespoons ghee,UNCHANGED
pohala fish,1,,,,REVIEW,pohala fish,UNCHANGED
bourbon biscuits,1,,,,REVIEW,bourbon biscuits,UNCHANGED
dry kashmiri peppers,1,,,,REVIEW,dry kashmiri peppers,UNCHANGED
turkey berries,1,,,,REVIEW,turkey berries,UNCHANGED
to 15 mint leaves,1,,,,REVIEW,to 15 mint leaves,UNCHANGED
-2 dry red chillies,1,,,,REVIEW,-2 dry red chillies,UNCHANGED
horse gram flour,1,,,,REVIEW,horse gram flour,UNCHANGED
दालचीनी पाउडर,1,,,,REVIEW,दालचीनी पाउडर,UNCHANGED
छोटा चमच्च पिस्ता,1,,,,REVIEW,पिस्ता,CLEANED
छोटे चमच्च सोया सॉस,1,,,,REVIEW,छोटे चमच्च सोया सॉस,UNCHANGED
chandi's work,1,,,,REVIEW,chandi's work,UNCHANGED
take out 1 teaspoon cumin seeds,1,,,,REVIEW,take out 1 teaspoon cumin seeds,UNCHANGED
lemon-juice,1,,,,REVIEW,lemon-juice,UNCHANGED
green onion leaves of,1,,,,REVIEW,green onion leaves of,UNCHANGED
-8 green chillies,1,,,,REVIEW,-8 green chillies,UNCHANGED
ghost chilli peppers,1,,,,REVIEW,ghost chilli peppers,UNCHANGED
-4 tablespoons ghee,1,,,,REVIEW,-4 tablespoons ghee,UNCHANGED
-6 saffron strands,1,,,,REVIEW,-6 saffron strands,UNCHANGED
mixed spices,1,,,,REVIEW,mixed spices,UNCHANGED
fenugreek powder,1,,,,REVIEW,fenugreek powder,UNCHANGED
-3 tablespoons coconut milk,1,,,,REVIEW,-3 tablespoons coconut milk,UNCHANGED
brown bread,1,,,,REVIEW,brown bread,UNCHANGED
of garlic,1,,,,REVIEW,of garlic,UNCHANGED
to 3 tablespoons curd,1,,,,REVIEW,to 3 tablespoons curd,UNCHANGED
to 6 green chillies,1,,,,REVIEW,to 6 green chillies,UNCHANGED
-9 tomatoes,1,,,,REVIEW,-9 tomatoes,UNCHANGED
1/2 teaspoons red chilli powder,1,,,,REVIEW,1/2 teaspoons red chilli powder,UNCHANGED
-8 ice cubes,1,,,,REVIEW,-8 ice cubes,UNCHANGED
whole wheat pizza dough,1,,,,REVIEW,whole wheat pizza dough,UNCHANGED
spoon garam masala powder,1,,,,REVIEW,spoon garam masala powder,UNCHANGED
3/4 cup coconut milk,1,,,,REVIEW,3/4 cup coconut milk,UNCHANGED
clams,1,,,,REVIEW,clams,UNCHANGED
sauerkraut,1,,,,REVIEW,sauerkraut,UNCHANGED
hash browns,1,,,,REVIEW,hash browns,UNCHANGED
honey mustard dressing,1,,,,REVIEW,honey mustard dressing,UNCHANGED
cashmere red chilli powder,1,,,,REVIEW,cashmere red chilli powder,UNCHANGED
ragi cookies,1,,,,REVIEW,ragi cookies,UNCHANGED
jawla fish,1,,,,REVIEW,jawla fish,UNCHANGED
-15 betel leaves,1,,,,REVIEW,-15 betel leaves,UNCHANGED
of mutton,1,,,,REVIEW,of mutton,UNCHANGED
pita saga,1,,,,REVIEW,pita saga,UNCHANGED
छोटे चमच्च खस खस,1,,,,REVIEW,छोटे चमच्च खस खस,UNCHANGED
tutti frutti ice cream,1,,,,REVIEW,tutti frutti ice cream,UNCHANGED
black currant ice cream,1,,,,REVIEW,black currant ice cream,UNCHANGED
1/2 cup hung curd,1,,,,REVIEW,1/2 cup hung curd,UNCHANGED
salt -,1,,,,REVIEW,salt -,UNCHANGED
gondhoraj lebu juice,1,,,,REVIEW,gondhoraj lebu juice,UNCHANGED
gondhoraj lebu lemon,1,,,,REVIEW,gondhoraj lebu lemon,UNCHANGED
dried red chilli,1,,,,REVIEW,dried red chilli,UNCHANGED
dry poppy,1,,,,REVIEW,dry poppy,UNCHANGED
cayenne,1,,,,REVIEW,cayenne,UNCHANGED
of red chili powder,1,,,,REVIEW,of red chili powder,UNCHANGED
1/2 cups rice,1,,,,REVIEW,1/2 cups rice,UNCHANGED
long long,1,,,,REVIEW,long long,UNCHANGED
to 4 tablespoons classic mayonnaise,1,,,,REVIEW,to 4 tablespoons classic mayonnaise,UNCHANGED
ber,1,,,,REVIEW,ber,UNCHANGED
- 3 sprig parsley leaves,1,,,,REVIEW,- 3 sprig parsley leaves,UNCHANGED
- 8 button mushrooms,1,,,,REVIEW,- 8 button mushrooms,UNCHANGED
ragi dosa batter,1,,,,REVIEW,ragi dosa batter,UNCHANGED
kisameys,1,,,,REVIEW,kisameys,UNCHANGED
silver work,1,,,,REVIEW,silver work,UNCHANGED
coconut curd,1,,,,REVIEW,coconut curd,UNCHANGED
cowpea pods,1,,,,REVIEW,cowpea pods,UNCHANGED
rose leaves,1,,,,REVIEW,rose leaves,UNCHANGED
बड़े चमच्च रोस्टेड चना दाल,1,,,,REVIEW,बड़े चमच्च रोस्टेड चना दाल,UNCHANGED
-6 सुखी लाल मिर्च,1,,,,REVIEW,-6 सुखी लाल मिर्च,UNCHANGED
1/2 इंच अदरक,1,,,,REVIEW,1/2 इंच अदरक,UNCHANGED
-3 कली लहसुन,1,,,,REVIEW,-3 कली लहसुन,UNCHANGED
pinch red chilli flakes,1,,,,REVIEW,red chilli flakes,CLEANED
alfalfa powder,1,,,,REVIEW,alfalfa powder,UNCHANGED
1/2 cup chicken stock,1,,,,REVIEW,1/2 cup chicken stock,UNCHANGED
small tablespoon raw mango,1,,,,REVIEW,small tablespoon raw mango,UNCHANGED
gm curd,1,,,,REVIEW,gm curd,UNCHANGED
garlic -,1,,,,REVIEW,garlic -,UNCHANGED
few whole black peppercorns,1,,,,REVIEW,few whole black peppercorns,UNCHANGED
4 teaspoons black salt or rock salt,1,,,,REVIEW,4 teaspoons black salt or rock salt,UNCHANGED
little 1/2 teaspoon cumin powder,1,,,,REVIEW,little 1/2 teaspoon cumin powder,UNCHANGED
coals,1,,,,REVIEW,coals,UNCHANGED
kunafa pastry,1,,,,REVIEW,kunafa pastry,UNCHANGED
ash gourd chips,1,,,,REVIEW,ash gourd chips,UNCHANGED
khichdi,1,,,,REVIEW,khichdi,UNCHANGED
to 2 tsp almond milk,1,,,,REVIEW,to 2 tsp almond milk,UNCHANGED
red chili flakes,1,,,,REVIEW,red chili flakes,UNCHANGED
quail eggs,1,,,,REVIEW,quail eggs,UNCHANGED
to 3 teaspoons red chilli flakes,1,,,,REVIEW,to 3 teaspoons red chilli flakes,UNCHANGED
to 6 spring onion,1,,,,REVIEW,to 6 spring onion,UNCHANGED
to 500 grams button mushrooms,1,,,,REVIEW,to 500 grams button mushrooms,UNCHANGED
mishti doi,1,,,,REVIEW,mishti doi,UNCHANGED
drops vanilla extract,1,,,,REVIEW,drops vanilla extract,UNCHANGED
-3 teaspoons green chilli paste,1,,,,REVIEW,-3 teaspoons green chilli paste,UNCHANGED
rasgulla syrup,1,,,,REVIEW,rasgulla syrup,UNCHANGED
pinch rock salt,1,,,,REVIEW,rock salt,CLEANED
summac,1,,,,REVIEW,summac,UNCHANGED
sweet piquanté pepper,1,,,,REVIEW,sweet piquanté pepper,UNCHANGED
whole black pepper corn,1,,,,REVIEW,whole black pepper corn,UNCHANGED
provolone cheese,1,,,,REVIEW,provolone cheese,UNCHANGED
handful walnuts,1,,,,REVIEW,handful walnuts,UNCHANGED
1/2 teaspoon mustard seeds,1,,,,REVIEW,1/2 teaspoon mustard seeds,UNCHANGED
pinch garlic powder,1,,,,REVIEW,garlic powder,CLEANED
halloumi cheese,1,,,,REVIEW,halloumi cheese,UNCHANGED
बड़े चमच्च नमक,1,,,,REVIEW,बड़े चमच्च नमक,UNCHANGED
बड़े चमच्च ग्रीन चिल्ली सॉस,1,,,,REVIEW,बड़े चमच्च ग्रीन चिल्ली सॉस,UNCHANGED
बड़े चमच्च हरे प्याज,1,,,,REVIEW,बड़े चमच्च हरे प्याज,UNCHANGED
1/2 teaspoons vanilla extract,1,,,,REVIEW,1/2 teaspoons vanilla extract,UNCHANGED
to 3 saffron strands,1,,,,REVIEW,to 3 saffron strands,UNCHANGED
-4 fresh red chilli -,1,,,,REVIEW,-4 fresh red chilli -,UNCHANGED
gm pumpkin,1,,,,REVIEW,gm pumpkin,UNCHANGED
candied orange peel,1,,,,REVIEW,candied orange peel,UNCHANGED
to 2 teaspoon almond milk,1,,,,REVIEW,to 2 teaspoon almond milk,UNCHANGED
pinch kasuri methi,1,,,,REVIEW,kasuri methi,CLEANED
-4 tablespoons hung curd,1,,,,REVIEW,-4 tablespoons hung curd,UNCHANGED
kasoori fenugreek,1,,,,REVIEW,kasoori fenugreek,UNCHANGED
chyawanprash,1,,,,REVIEW,chyawanprash,UNCHANGED
recipe pastry dough,1,,,,REVIEW,recipe pastry dough,UNCHANGED
-3 teaspoon coriander leaves,1,,,,REVIEW,-3 teaspoon coriander leaves,UNCHANGED
soya sauce,1,,,,REVIEW,soya sauce,UNCHANGED
cauliflower leaves,1,,,,REVIEW,cauliflower leaves,UNCHANGED
to 3 garlic,1,,,,REVIEW,to 3 garlic,UNCHANGED
peel and chop,1,,,,REVIEW,peel and chop,UNCHANGED
बड़े चमच्च रेड चिल्ली सॉस,1,,,,REVIEW,बड़े चमच्च रेड चिल्ली सॉस,UNCHANGED
small tablespoon oil,1,,,,REVIEW,small tablespoon oil,UNCHANGED
बड़ा चमच्च हींग,1,,,,REVIEW,बड़ा चमच्च हींग,UNCHANGED
गोबी,1,,,,REVIEW,गोबी,UNCHANGED
strawberry wafers,1,,,,REVIEW,strawberry wafers,UNCHANGED
chocolate wafers,1,,,,REVIEW,chocolate wafers,UNCHANGED
बड़े चम्मच केनोला का तेल,1,,,,REVIEW,बड़े चम्मच केनोला का तेल,UNCHANGED
कप चिकन स्टॉक,1,,,,REVIEW,कप चिकन स्टॉक,UNCHANGED
बड़ा चम्मच स्वीट कॉर्न,1,,,,REVIEW,बड़ा चम्मच स्वीट कॉर्न,UNCHANGED
छोटा चमच्च अचारी मसाला,1,,,,REVIEW,अचारी मसाला,CLEANED
sweet boondi,1,,,,REVIEW,sweet boondi,UNCHANGED
curd -,1,,,,REVIEW,curd -,UNCHANGED
-6 aloo tikki,1,,,,REVIEW,-6 aloo tikki,UNCHANGED
champagne,1,,,,REVIEW,champagne,UNCHANGED
papaya juice,1,,,,REVIEW,papaya juice,UNCHANGED
guava juice,1,,,,REVIEW,guava juice,UNCHANGED
बड़े चम्मच कश्मीरी लाल मिर्च पाउडर,1,,,,REVIEW,बड़े चम्मच कश्मीरी लाल मिर्च पाउडर,UNCHANGED
pinch kalonji,1,,,,REVIEW,kalonji,CLEANED
good-powder done,1,,,,REVIEW,good-powder done,UNCHANGED
peepramul powder,1,,,,REVIEW,peepramul powder,UNCHANGED
dali curry leaves,1,,,,REVIEW,dali curry leaves,UNCHANGED
lb oranges,1,,,,REVIEW,lb oranges,UNCHANGED
lebanese cucumber,1,,,,REVIEW,lebanese cucumber,UNCHANGED
can bamboo shots,1,,,,REVIEW,can bamboo shots,UNCHANGED
½ teaspoon lemon juice,1,,,,REVIEW,½ teaspoon lemon juice,UNCHANGED
1/2 cup sour cream,1,,,,REVIEW,1/2 cup sour cream,UNCHANGED
बड़े चम्मच गुड़,1,,,,REVIEW,बड़े चम्मच गुड़,UNCHANGED
कप मोठ बीन्स,1,,,,REVIEW,कप मोठ बीन्स,UNCHANGED
बीन्स,1,,,,REVIEW,बीन्स,UNCHANGED
ग्राम ओट्स,1,,,,REVIEW,ग्राम ओट्स,UNCHANGED
to 5 curry leaves,1,,,,REVIEW,to 5 curry leaves,UNCHANGED
छोटा चमच्च रेड चिल्ली सॉस,1,,,,REVIEW,रेड चिल्ली सॉस,CLEANED
कप छेडार चीज़,1,,,,REVIEW,कप छेडार चीज़,UNCHANGED
कप मक्खन,1,,,,REVIEW,कप मक्खन,UNCHANGED
कप सेलरी,1,,,,REVIEW,कप सेलरी,UNCHANGED
ग्राम स्ट्रॉबेरी,1,,,,REVIEW,ग्राम स्ट्रॉबेरी,UNCHANGED
puliodarai powder,1,,,,REVIEW,puliodarai powder,UNCHANGED
-3 teaspoons chocolate chips,1,,,,REVIEW,-3 teaspoons chocolate chips,UNCHANGED
बड़े चमच्च काले तिल,1,,,,REVIEW,बड़े चमच्च काले तिल,UNCHANGED
मेथी के दाने,1,,,,REVIEW,मेथी के दाने,UNCHANGED
mexican seasoning,1,,,,REVIEW,mexican seasoning,UNCHANGED
to 7 pistachios,1,,,,REVIEW,to 7 pistachios,UNCHANGED
carrot cake,1,,,,REVIEW,carrot cake,UNCHANGED
छोटा चम्मच कश्मीरी लाल मिर्च,1,,,,REVIEW,कश्मीरी लाल मिर्च,CLEANED
बड़ा चम्मच राजमा,1,,,,REVIEW,बड़ा चम्मच राजमा,UNCHANGED
italian bread,1,,,,REVIEW,italian bread,UNCHANGED
pabda fish,1,,,,REVIEW,pabda fish,UNCHANGED
1/2 cup digestive biscuit,1,,,,REVIEW,1/2 cup digestive biscuit,UNCHANGED
to 10 shallots,1,,,,REVIEW,to 10 shallots,UNCHANGED
sourdough bread,1,,,,REVIEW,sourdough bread,UNCHANGED
habenaro sauce,1,,,,REVIEW,habenaro sauce,UNCHANGED
छोटे चम्मच अदरक,1,,,,REVIEW,छोटे चम्मच अदरक,UNCHANGED
कप संतरे का रस,1,,,,REVIEW,कप संतरे का रस,UNCHANGED
बड़ा चमच्च धंसक मसाला,1,,,,REVIEW,बड़ा चमच्च धंसक मसाला,UNCHANGED
कप नारीयल,1,,,,REVIEW,कप नारीयल,UNCHANGED
कप नारीयल का दूध,1,,,,REVIEW,कप नारीयल का दूध,UNCHANGED
-2 dry red chilli,1,,,,REVIEW,-2 dry red chilli,UNCHANGED
छोटा चमच्च इनो फ्रूट साल्ट,1,,,,REVIEW,इनो फ्रूट साल्ट,CLEANED
-6 capers,1,,,,REVIEW,-6 capers,UNCHANGED
green chutney -,1,,,,REVIEW,green chutney -,UNCHANGED
1/2 cup kabuli chana,1,,,,REVIEW,1/2 cup kabuli chana,UNCHANGED
छोटा चम्मच कश्मीरी ग्रीन टी,1,,,,REVIEW,कश्मीरी ग्रीन टी,CLEANED
slices britannia cheese block,1,,,,REVIEW,slices britannia cheese block,UNCHANGED
कप सनफ्लॉवर के बीज,1,,,,REVIEW,कप सनफ्लॉवर के बीज,UNCHANGED
छोटा चम्मच केसर,1,,,,REVIEW,केसर,CLEANED
टहनी हरे प्याज,1,,,,REVIEW,हरे प्याज,CLEANED
चिकन,1,,,,REVIEW,चिकन,UNCHANGED
-3 tablespoons sour cream,1,,,,REVIEW,-3 tablespoons sour cream,UNCHANGED
-6 cups vegetable stock,1,,,,REVIEW,-6 cups vegetable stock,UNCHANGED
fresno pepper,1,,,,REVIEW,fresno pepper,UNCHANGED
pinch garlic salt,1,,,,REVIEW,garlic salt,CLEANED
कोयला,1,,,,REVIEW,कोयला,UNCHANGED
कुकिंग सोडा,1,,,,REVIEW,कुकिंग सोडा,UNCHANGED
बड़े चमच्च कॉर्न फ्लौर,1,,,,REVIEW,बड़े चमच्च कॉर्न फ्लौर,UNCHANGED
रतन जोट,1,,,,REVIEW,रतन जोट,UNCHANGED
कप सरसो का तेल,1,,,,REVIEW,कप सरसो का तेल,UNCHANGED
छोटा चमच्च लॉन्ग,1,,,,REVIEW,लॉन्ग,CLEANED
छोटा चमच्च बड़ी इलाइची,1,,,,REVIEW,बड़ी इलाइची,CLEANED
छोटा चमच्च इलाईची,1,,,,REVIEW,इलाईची,CLEANED
कप दही का चक्का,1,,,,REVIEW,कप दही का चक्का,UNCHANGED
बड़ा चम्मच दूध पाउडर,1,,,,REVIEW,बड़ा चम्मच दूध पाउडर,UNCHANGED
कप ठंडा पानी,1,,,,REVIEW,कप ठंडा पानी,UNCHANGED
बड़े चम्मच पेपरमिंट ग्रीन टी,1,,,,REVIEW,बड़े चम्मच पेपरमिंट ग्रीन टी,UNCHANGED
कप तरबूज के बीज,1,,,,REVIEW,कप तरबूज के बीज,UNCHANGED
बड़ा चम्मच दही,1,,,,REVIEW,बड़ा चम्मच दही,UNCHANGED
छोटा चम्मच चावल का आटा,1,,,,REVIEW,चावल का आटा,CLEANED
नारीयल पानी,1,,,,REVIEW,नारीयल पानी,UNCHANGED
कप अखरोट,1,,,,REVIEW,कप अखरोट,UNCHANGED
बड़े चम्मच क्रीम,1,,,,REVIEW,बड़े चम्मच क्रीम,UNCHANGED
taro root,1,,,,REVIEW,taro root,UNCHANGED
छोटा चम्मच तेज पत्ता,1,,,,REVIEW,तेज पत्ता,CLEANED
बड़े चम्मच सौंफ,1,,,,REVIEW,बड़े चम्मच सौंफ,UNCHANGED
छोटे चम्मच सुखी कश्मीरी मिर्च,1,,,,REVIEW,छोटे चम्मच सुखी कश्मीरी मिर्च,UNCHANGED
-5 cherry tomatoes,1,,,,REVIEW,-5 cherry tomatoes,UNCHANGED
टहनी धनिया पाउडर,1,,,,REVIEW,धनिया पाउडर,CLEANED
कप्स पालक,1,,,,REVIEW,कप्स पालक,UNCHANGED
छोटे चम्मच अदरक लहसुन का पेस्ट,1,,,,REVIEW,छोटे चम्मच अदरक लहसुन का पेस्ट,UNCHANGED
ग्राम्स नारियल का दूध,1,,,,REVIEW,ग्राम्स नारियल का दूध,UNCHANGED
छोटा चम्मच गुलाब का पानी,1,,,,REVIEW,गुलाब का पानी,CLEANED
मोरिंगा या सहजन की फली,1,,,,REVIEW,मोरिंगा या सहजन की फली,UNCHANGED
ग्राम्स गुंदे,1,,,,REVIEW,ग्राम्स गुंदे,UNCHANGED
long pepper,1,,,,REVIEW,long pepper,UNCHANGED
few basil leaves,1,,,,REVIEW,few basil leaves,UNCHANGED
छोटा चमच्च लाल मिर्च,1,,,,REVIEW,लाल मिर्च,CLEANED
बड़ा चम्मच क्रीम,1,,,,REVIEW,बड़ा चम्मच क्रीम,UNCHANGED
कद्दु के पत्ते,1,,,,REVIEW,कद्दु के पत्ते,UNCHANGED
अदरक लहसुन का पेस्ट,1,,,,REVIEW,अदरक लहसुन का पेस्ट,UNCHANGED
-4 basil leaves,1,,,,REVIEW,-4 basil leaves,UNCHANGED
बड़ा चम्मच उरद दाल,1,,,,REVIEW,बड़ा चम्मच उरद दाल,UNCHANGED
कप चॉकलेट बार,1,,,,REVIEW,कप चॉकलेट बार,UNCHANGED
छोटा चम्मच वनीला एक्सट्रेक्ट,1,,,,REVIEW,वनीला एक्सट्रेक्ट,CLEANED
कप फ्लैक्स सीड्स पाउडर,1,,,,REVIEW,कप फ्लैक्स सीड्स पाउडर,UNCHANGED
कप मूंगफली बटर,1,,,,REVIEW,कप मूंगफली बटर,UNCHANGED
छोटा चमच्च खस खस,1,,,,REVIEW,खस खस,CLEANED
कप कद्दू के बीज,1,,,,REVIEW,कप कद्दू के बीज,UNCHANGED
dry red chillies 1 sprig curry leaves,1,,,,REVIEW,dry red chillies 1 sprig curry leaves,UNCHANGED
g brinjal,1,,,,REVIEW,g brinjal,UNCHANGED
pinch sichuan peppercorns,1,,,,REVIEW,sichuan peppercorns,CLEANED
naga kesar,1,,,,REVIEW,naga kesar,UNCHANGED
/2 teaspoon fennel,1,,,,REVIEW,/2 teaspoon fennel,UNCHANGED
ladyfinger,1,,,,REVIEW,ladyfinger,UNCHANGED
-3 tablespoons butter,1,,,,REVIEW,-3 tablespoons butter,UNCHANGED
to 20 cashew nuts,1,,,,REVIEW,to 20 cashew nuts,UNCHANGED
बड़ा चम्मच सिरका,1,,,,REVIEW,बड़ा चम्मच सिरका,UNCHANGED
to 7 walnuts,1,,,,REVIEW,to 7 walnuts,UNCHANGED
to 20 shallots,1,,,,REVIEW,to 20 shallots,UNCHANGED
bisleri fonzo,1,,,,REVIEW,bisleri fonzo,UNCHANGED
ग्राम क्रीम,1,,,,REVIEW,ग्राम क्रीम,UNCHANGED
ग्राम अरहर दाल,1,,,,REVIEW,ग्राम अरहर दाल,UNCHANGED
कप काले बीन्स,1,,,,REVIEW,कप काले बीन्स,UNCHANGED
pudina dahi chutney,1,,,,REVIEW,pudina dahi chutney,UNCHANGED
to 4 tablespoon nutralite garlic & oregano spread,1,,,,REVIEW,to 4 tablespoon nutralite garlic & oregano spread,UNCHANGED
-2 whole wheat flour,1,,,,REVIEW,-2 whole wheat flour,UNCHANGED
छोटे चम्मच सरसों का तेल,1,,,,REVIEW,छोटे चम्मच सरसों का तेल,UNCHANGED
pinch sea salt,1,,,,REVIEW,sea salt,CLEANED
kunafa dough,1,,,,REVIEW,kunafa dough,UNCHANGED
reserved water,1,,,,REVIEW,reserved water,UNCHANGED
-5 cup water,1,,,,REVIEW,-5 cup water,UNCHANGED
टर्निप्स,1,,,,REVIEW,टर्निप्स,UNCHANGED
to 3 spring onion,1,,,,REVIEW,to 3 spring onion,UNCHANGED
-10 momos,1,,,,REVIEW,-10 momos,UNCHANGED
puris used for pani puri,1,,,,REVIEW,puris used for pani puri,UNCHANGED
raw mangoes,1,,,,REVIEW,mangoes,CLEANED
-4 tablespoons condensed milk,1,,,,REVIEW,-4 tablespoons condensed milk,UNCHANGED
1 tablespoon lemon juice,1,,,,REVIEW,1 tablespoon lemon juice,UNCHANGED
बड़े चमच्च रागी का आटा,1,,,,REVIEW,बड़े चमच्च रागी का आटा,UNCHANGED
beans,1,,,,REVIEW,beans,UNCHANGED
बड़े चमच्च इमली का पेस्ट,1,,,,REVIEW,बड़े चमच्च इमली का पेस्ट,UNCHANGED
-5 saffron strands,1,,,,REVIEW,-5 saffron strands,UNCHANGED
-3 drops rose water,1,,,,REVIEW,-3 drops rose water,UNCHANGED
-2 tablespoon butter,1,,,,REVIEW,-2 tablespoon butter,UNCHANGED
छोटा चमच्च नारियल,1,,,,REVIEW,नारियल,CLEANED
ग्राम्स अमरंथ के पत्ते,1,,,,REVIEW,ग्राम्स अमरंथ के पत्ते,UNCHANGED
veeba pizza & pasta sauce,1,,,,REVIEW,veeba pizza & pasta sauce,UNCHANGED
great northern beans,1,,,,REVIEW,great northern beans,UNCHANGED
-4 saffron,1,,,,REVIEW,-4 saffron,UNCHANGED
drain the water,1,,,,REVIEW,drain the water,UNCHANGED
green mung,1,,,,REVIEW,green mung,UNCHANGED
lemon-juiced,1,,,,REVIEW,lemon-juiced,UNCHANGED
or 2 potatoes,1,,,,REVIEW,or 2 potatoes,UNCHANGED
congee powder,1,,,,REVIEW,congee powder,UNCHANGED
espresso powder,1,,,,REVIEW,espresso powder,UNCHANGED
-3 tablespoon coriander leaves,1,,,,REVIEW,-3 tablespoon coriander leaves,UNCHANGED
-6 tablespoons gram flour,1,,,,REVIEW,-6 tablespoons gram flour,UNCHANGED
ice wine,1,,,,REVIEW,ice wine,UNCHANGED
cumin seeds powder,1,,,,REVIEW,cumin seeds powder,UNCHANGED
watermelon rind,1,,,,REVIEW,watermelon rind,UNCHANGED
white,1,,,,REVIEW,white,UNCHANGED
grind 2-1 / 2 tablespoons whole pepper,1,,,,REVIEW,grind 2-1 / 2 tablespoons whole pepper,UNCHANGED
- 4 cloves garlic,1,,,,REVIEW,- 4 cloves garlic,UNCHANGED
rooh afza sharbat,1,,,,REVIEW,rooh afza sharbat,UNCHANGED
jello,1,,,,REVIEW,jello,UNCHANGED
बड़े चमच्च चना दाल,1,,,,REVIEW,बड़े चमच्च चना दाल,UNCHANGED
-3 teaspoons ghee,1,,,,REVIEW,-3 teaspoons ghee,UNCHANGED
-6 mixed dry fruits,1,,,,REVIEW,-6 mixed dry fruits,UNCHANGED
candy sugar,1,,,,REVIEW,candy sugar,UNCHANGED
cardamom pods/seeds -,1,,,,REVIEW,cardamom pods/seeds -,UNCHANGED
नीम्बू का रस,1,,,,REVIEW,नीम्बू का रस,UNCHANGED
छोटा चमच्च बेकिंग सोडा,1,,,,REVIEW,बेकिंग सोडा,CLEANED
aubergine,1,,,,REVIEW,aubergine,UNCHANGED
dried anardana seeds,1,,,,REVIEW,dried anardana seeds,UNCHANGED
fried onions,1,,,,REVIEW,fried onions,UNCHANGED
poblano chillies,1,,,,REVIEW,poblano chillies,UNCHANGED
-5 brinjal,1,,,,REVIEW,-5 brinjal,UNCHANGED
sundried tomatoes,1,,,,REVIEW,sundried tomatoes,UNCHANGED
sorghum,1,,,,REVIEW,sorghum,UNCHANGED
hulled wheat,1,,,,REVIEW,hulled wheat,UNCHANGED
coriander leaves -,1,,,,REVIEW,coriander leaves -,UNCHANGED
sugar snap peas,1,,,,REVIEW,sugar snap peas,UNCHANGED
guava puree,1,,,,REVIEW,guava puree,UNCHANGED
to 5 dry red chillies,1,,,,REVIEW,to 5 dry red chillies,UNCHANGED
to 5 hog plum,1,,,,REVIEW,to 5 hog plum,UNCHANGED
tighten 3 cloves garlic,1,,,,REVIEW,tighten 3 cloves garlic,UNCHANGED
-3 tsp chana dal,1,,,,REVIEW,-3 tsp chana dal,UNCHANGED
egg,1,,,,REVIEW,egg,UNCHANGED
मंगलोरीयन ककड़ी,1,,,,REVIEW,मंगलोरीयन ककड़ी,UNCHANGED
chickpeas spices,1,,,,REVIEW,chickpeas spices,UNCHANGED
1/4 cup sugar,1,,,,REVIEW,1/4 cup sugar,UNCHANGED
can condensed milk,1,,,,REVIEW,can condensed milk,UNCHANGED
barbeque masala,1,,,,REVIEW,barbeque masala,UNCHANGED
to 9 green chillies,1,,,,REVIEW,to 9 green chillies,UNCHANGED
1 sprig of curry leaves,1,,,,REVIEW,1 sprig of curry leaves,UNCHANGED
of raw mango,1,,,,REVIEW,of raw mango,UNCHANGED
small teaspoon asafoetida,1,,,,REVIEW,asafoetida,CLEANED
to 3 tablespoons milk,1,,,,REVIEW,to 3 tablespoons milk,UNCHANGED
-2 tablespoons milk,1,,,,REVIEW,-2 tablespoons milk,UNCHANGED
-12 tablespoons instant oats,1,,,,REVIEW,-12 tablespoons instant oats,UNCHANGED
-4 tablespoons cocoa powder,1,,,,REVIEW,-4 tablespoons cocoa powder,UNCHANGED
-4 tablespoons honey,1,,,,REVIEW,-4 tablespoons honey,UNCHANGED
to 1/2 tbsp mint,1,,,,REVIEW,to 1/2 tbsp mint,UNCHANGED
dry mint,1,,,,REVIEW,dry mint,UNCHANGED
hung yogurt,1,,,,REVIEW,hung yogurt,UNCHANGED
1 teaspoon coriander powder,1,,,,REVIEW,1 teaspoon coriander powder,UNCHANGED
1/2 cup tender coconut water,1,,,,REVIEW,1/2 cup tender coconut water,UNCHANGED
green tur dal,1,,,,REVIEW,green tur dal,UNCHANGED
dried chamomile,1,,,,REVIEW,dried chamomile,UNCHANGED
kadhi leaves,1,,,,REVIEW,kadhi leaves,UNCHANGED
to 2 tablespoons maple syrup,1,,,,REVIEW,to 2 tablespoons maple syrup,UNCHANGED
to 3 teaspoons cocoa powder,1,,,,REVIEW,to 3 teaspoons cocoa powder,UNCHANGED
mustard oil -,1,,,,REVIEW,mustard oil -,UNCHANGED
elaichi,1,,,,REVIEW,elaichi,UNCHANGED
star anees,1,,,,REVIEW,star anees,UNCHANGED
cassia,1,,,,REVIEW,cassia,UNCHANGED
कप पपिता,1,,,,REVIEW,कप पपिता,UNCHANGED
or 5 कढ़ी पत्ता,1,,,,REVIEW,or 5 कढ़ी पत्ता,UNCHANGED
spoon gram flour,1,,,,REVIEW,spoon gram flour,UNCHANGED
mint-finely chopped,1,,,,REVIEW,mint-finely chopped,UNCHANGED
herring fish steaks,1,,,,REVIEW,herring fish steaks,UNCHANGED
few branch green coriander,1,,,,REVIEW,few branch green coriander,UNCHANGED
-2 tablespoon pistachios,1,,,,REVIEW,-2 tablespoon pistachios,UNCHANGED
khichdi/pongal,1,,,,REVIEW,khichdi/pongal,UNCHANGED
-4 tablespoons whole wheat bread crumbs,1,,,,REVIEW,-4 tablespoons whole wheat bread crumbs,UNCHANGED
-2 teaspoon whole black peppercorns,1,,,,REVIEW,-2 teaspoon whole black peppercorns,UNCHANGED
बड़ा चम्मच सौंफ पाउडर,1,,,,REVIEW,बड़ा चम्मच सौंफ पाउडर,UNCHANGED
- 4 basil leaves,1,,,,REVIEW,- 4 basil leaves,UNCHANGED
to 16 bhindi,1,,,,REVIEW,to 16 bhindi,UNCHANGED
pumpkin leaves,1,,,,REVIEW,pumpkin leaves,UNCHANGED
whiskey,1,,,,REVIEW,whiskey,UNCHANGED
tea,1,,,,REVIEW,tea,UNCHANGED
teaspoon turmeric powder,1,,,,REVIEW,teaspoon turmeric powder,UNCHANGED
large spoon peanut powder,1,,,,REVIEW,large spoon peanut powder,UNCHANGED
avrekalu,1,,,,REVIEW,avrekalu,UNCHANGED
to 4 tablespoons thai red curry paste,1,,,,REVIEW,to 4 tablespoons thai red curry paste,UNCHANGED
-5 tablespoon extra virgin olive oil,1,,,,REVIEW,-5 tablespoon extra virgin olive oil,UNCHANGED
route pasta,1,,,,REVIEW,route pasta,UNCHANGED
small onion,1,,,,REVIEW,small onion,UNCHANGED
1/2 tablespoon peepramul powder,1,,,,REVIEW,1/2 tablespoon peepramul powder,UNCHANGED
to 4 tablespoons mustard oil,1,,,,REVIEW,to 4 tablespoons mustard oil,UNCHANGED
strawberry essense,1,,,,REVIEW,strawberry essense,UNCHANGED
strawberry cake,1,,,,REVIEW,strawberry cake,UNCHANGED
1/2 liter vanilla ice cream,1,,,,REVIEW,1/2 liter vanilla ice cream,UNCHANGED
बर्गर बन,1,,,,REVIEW,बर्गर बन,UNCHANGED
-3 बड़े चम्मच हरा धनिया,1,,,,REVIEW,-3 बड़े चम्मच हरा धनिया,UNCHANGED
बड़े चम्मच मक्की का आटा,1,,,,REVIEW,बड़े चम्मच मक्की का आटा,UNCHANGED
artichokes,1,,,,REVIEW,artichokes,UNCHANGED
mutton liver,1,,,,REVIEW,mutton liver,UNCHANGED
1/2 tablespoon curry powder,1,,,,REVIEW,1/2 tablespoon curry powder,UNCHANGED
tomatillo,1,,,,REVIEW,tomatillo,UNCHANGED
radhuni,1,,,,REVIEW,radhuni,UNCHANGED
green olive pesto,1,,,,REVIEW,green olive pesto,UNCHANGED
of kalonji seeds,1,,,,REVIEW,of kalonji seeds,UNCHANGED
1/2 liter chocolate ice cream,1,,,,REVIEW,1/2 liter chocolate ice cream,UNCHANGED
classic alfredo pasta sauce,1,,,,REVIEW,classic alfredo pasta sauce,UNCHANGED
to 3 lettuce leaves,1,,,,REVIEW,to 3 lettuce leaves,UNCHANGED
large whole eggs,1,,,,REVIEW,large whole eggs,UNCHANGED
packet britannia cream cheese,1,,,,REVIEW,packet britannia cream cheese,UNCHANGED
बड़ा चमच्च पंच फोरन मसाला,1,,,,REVIEW,बड़ा चमच्च पंच फोरन मसाला,UNCHANGED
ग्राम खजूर,1,,,,REVIEW,ग्राम खजूर,UNCHANGED
टहनी रोसमैरी,1,,,,REVIEW,रोसमैरी,CLEANED
बड़े चमच्च ओलिव का तेल,1,,,,REVIEW,बड़े चमच्च ओलिव का तेल,UNCHANGED
ग्राम चेरी टमाटर,1,,,,REVIEW,ग्राम चेरी टमाटर,UNCHANGED
बड़े चमच्च कश्मीरी लाल मिर्च पाउडर,1,,,,REVIEW,बड़े चमच्च कश्मीरी लाल मिर्च पाउडर,UNCHANGED
ग्राम गुड़,1,,,,REVIEW,ग्राम गुड़,UNCHANGED
कटोरी अंकुरित दाल,1,,,,REVIEW,कटोरी अंकुरित दाल,UNCHANGED
-8 del monte black olives,1,,,,REVIEW,-8 del monte black olives,UNCHANGED
powder,1,,,,REVIEW,powder,UNCHANGED
cheetos,1,,,,REVIEW,cheetos,UNCHANGED
few mint leaves,1,,,,REVIEW,few mint leaves,UNCHANGED
dry green mango,1,,,,REVIEW,dry green mango,UNCHANGED
few sprig mint leaves,1,,,,REVIEW,few sprig mint leaves,UNCHANGED
to 3 सुखी लाल मिर्च,1,,,,REVIEW,to 3 सुखी लाल मिर्च,UNCHANGED
to 6 किसमिस,1,,,,REVIEW,to 6 किसमिस,UNCHANGED
-2 सुखी लाल मिर्च,1,,,,REVIEW,-2 सुखी लाल मिर्च,UNCHANGED
सूखा नारियल,1,,,,REVIEW,सूखा नारियल,UNCHANGED
agathi keerai,1,,,,REVIEW,agathi keerai,UNCHANGED
mint rice,1,,,,REVIEW,mint rice,UNCHANGED
aloo tikki,1,,,,REVIEW,aloo tikki,UNCHANGED
छोटे चमच्च जीरा पाउडर,1,,,,REVIEW,छोटे चमच्च जीरा पाउडर,UNCHANGED
-4 cherry tomatoes,1,,,,REVIEW,-4 cherry tomatoes,UNCHANGED
to 12 button mushrooms,1,,,,REVIEW,to 12 button mushrooms,UNCHANGED
+1/2 cup maple syrup,1,,,,REVIEW,+1/2 cup maple syrup,UNCHANGED
to 4 tablespoons cheese,1,,,,REVIEW,to 4 tablespoons cheese,UNCHANGED
-3 tablespoon cumin seeds,1,,,,REVIEW,-3 tablespoon cumin seeds,UNCHANGED
rusk,1,,,,REVIEW,rusk,UNCHANGED
छोटा चम्मच रोसमेरी,1,,,,REVIEW,रोसमेरी,CLEANED
कप किनुआ,1,,,,REVIEW,कप किनुआ,UNCHANGED
onion 6 cloves garlic,1,,,,REVIEW,onion 6 cloves garlic,UNCHANGED
red chilli,1,,,,REVIEW,red chilli,UNCHANGED
celery -,1,,,,REVIEW,celery -,UNCHANGED
dried peas,1,,,,REVIEW,dried peas,UNCHANGED
dried mushrooms,1,,,,REVIEW,dried mushrooms,UNCHANGED
lima beans,1,,,,REVIEW,lima beans,UNCHANGED
बड़ा चम्मच पुदीना,1,,,,REVIEW,बड़ा चम्मच पुदीना,UNCHANGED
mandi,1,,,,REVIEW,mandi,UNCHANGED
few spring onion,1,,,,REVIEW,few spring onion,UNCHANGED
बड़े चम्मच अरहर दाल,1,,,,REVIEW,बड़े चम्मच अरहर दाल,UNCHANGED
namak para,1,,,,REVIEW,namak para,UNCHANGED
-4 tablespoon condensed milk,1,,,,REVIEW,-4 tablespoon condensed milk,UNCHANGED
as much as water,1,,,,REVIEW,as much as water,UNCHANGED
-10 strawberries,1,,,,REVIEW,-10 strawberries,UNCHANGED
cherry preserve /jam,1,,,,REVIEW,cherry preserve /jam,UNCHANGED
papdi puri,1,,,,REVIEW,papdi puri,UNCHANGED
कमल ककड़ी,1,,,,REVIEW,कमल ककड़ी,UNCHANGED
1/4 teaspoon baking powder,1,,,,REVIEW,1/4 teaspoon baking powder,UNCHANGED
-14 whole black peppercorns,1,,,,REVIEW,-14 whole black peppercorns,UNCHANGED
red chilli sauce -,1,,,,REVIEW,red chilli sauce -,UNCHANGED
-2 tablespoons chana dal,1,,,,REVIEW,-2 tablespoons chana dal,UNCHANGED
mixed grains,1,,,,REVIEW,mixed grains,UNCHANGED
1/2 tablespoon dessicated coconut,1,,,,REVIEW,1/2 tablespoon dessicated coconut,UNCHANGED
serrano pepper,1,,,,REVIEW,serrano pepper,UNCHANGED
grind 1 whole pepper,1,,,,REVIEW,grind 1 whole pepper,UNCHANGED
white peas,1,,,,REVIEW,white peas,UNCHANGED
stock lemongrass,1,,,,REVIEW,stock lemongrass,UNCHANGED
to 4 बड़े चमच्च घी,1,,,,REVIEW,to 4 बड़े चमच्च घी,UNCHANGED
कप कमल ककड़ी,1,,,,REVIEW,कप कमल ककड़ी,UNCHANGED
कप मूली के पत्ते,1,,,,REVIEW,कप मूली के पत्ते,UNCHANGED
reacheado masala,1,,,,REVIEW,reacheado masala,UNCHANGED
khurchan,1,,,,REVIEW,khurchan,UNCHANGED
छोटा चमच्च अनारदाना पाउडर,1,,,,REVIEW,अनारदाना पाउडर,CLEANED
बड़ा चमच्च अमचूर,1,,,,REVIEW,बड़ा चमच्च अमचूर,UNCHANGED
to 12 snow peas,1,,,,REVIEW,to 12 snow peas,UNCHANGED
-5 teaspoons extra virgin olive oil,1,,,,REVIEW,-5 teaspoons extra virgin olive oil,UNCHANGED
-2 teaspoons dried basil leaves,1,,,,REVIEW,-2 teaspoons dried basil leaves,UNCHANGED
-5 cups idli dosa batter,1,,,,REVIEW,-5 cups idli dosa batter,UNCHANGED
bhang paste,1,,,,REVIEW,bhang paste,UNCHANGED
बड़े चमच्च टमाटर प्यूरी,1,,,,REVIEW,बड़े चमच्च टमाटर प्यूरी,UNCHANGED
बड़े चमच्च टमाटर केचप,1,,,,REVIEW,बड़े चमच्च टमाटर केचप,UNCHANGED
-8 लहसुन,1,,,,REVIEW,-8 लहसुन,UNCHANGED
बड़े चमच्च सत्तू का आटा,1,,,,REVIEW,बड़े चमच्च सत्तू का आटा,UNCHANGED
-15 basil leaves,1,,,,REVIEW,-15 basil leaves,UNCHANGED
-5 baby corn,1,,,,REVIEW,-5 baby corn,UNCHANGED
-10 cherry tomatoes,1,,,,REVIEW,-10 cherry tomatoes,UNCHANGED
छोटे चमच्च नारियल,1,,,,REVIEW,छोटे चमच्च नारियल,UNCHANGED
pinch kala jeera,1,,,,REVIEW,kala jeera,CLEANED
wangi bhat powder,1,,,,REVIEW,wangi bhat powder,UNCHANGED
to 15 cashews,1,,,,REVIEW,to 15 cashews,UNCHANGED
to 8 brinjals,1,,,,REVIEW,to 8 brinjals,UNCHANGED
kenua,1,,,,REVIEW,kenua,UNCHANGED
1/2 whole wheat flour,1,,,,REVIEW,1/2 whole wheat flour,UNCHANGED
peruvian beans,1,,,,REVIEW,peruvian beans,UNCHANGED
papad khar,1,,,,REVIEW,papad khar,UNCHANGED
बड़े चम्मच मूंगफली,1,,,,REVIEW,बड़े चम्मच मूंगफली,UNCHANGED
छोटा चम्मच काली उरद दाल,1,,,,REVIEW,काली उरद दाल,CLEANED
nilla cookies,1,,,,REVIEW,nilla cookies,UNCHANGED
बड़ा चम्मच गुड़,1,,,,REVIEW,बड़ा चम्मच गुड़,UNCHANGED
छोटा चमच्च दालचीनी पाउडर,1,,,,REVIEW,दालचीनी पाउडर,CLEANED
orzo pasta,1,,,,REVIEW,orzo pasta,UNCHANGED
बड़ा चमच्च सूखा नारियल,1,,,,REVIEW,बड़ा चमच्च सूखा नारियल,UNCHANGED
ग्राम्स हरा बीन्स,1,,,,REVIEW,ग्राम्स हरा बीन्स,UNCHANGED
-5 cloves,1,,,,REVIEW,-5 cloves,UNCHANGED
botis,1,,,,REVIEW,botis,UNCHANGED
horlicks,1,,,,REVIEW,horlicks,UNCHANGED
spoon lemon juice,1,,,,REVIEW,spoon lemon juice,UNCHANGED
-1/2 teaspoon salt,1,,,,REVIEW,-1/2 teaspoon salt,UNCHANGED
1/4 cups rolled oats,1,,,,REVIEW,1/4 cups rolled oats,UNCHANGED
- 3 sprig dill leaves,1,,,,REVIEW,- 3 sprig dill leaves,UNCHANGED
- 5 parsley leaves,1,,,,REVIEW,- 5 parsley leaves,UNCHANGED
- 4 parsley leaves,1,,,,REVIEW,- 4 parsley leaves,UNCHANGED
matzo meal,1,,,,REVIEW,matzo meal,UNCHANGED
lamb trotters,1,,,,REVIEW,lamb trotters,UNCHANGED
1/2 cups hot water,1,,,,REVIEW,1/2 cups hot water,UNCHANGED
makhana,1,,,,REVIEW,makhana,UNCHANGED
1/2 cups sunflower oil,1,,,,REVIEW,1/2 cups sunflower oil,UNCHANGED
1/2 cup baby potatoes,1,,,,REVIEW,1/2 cup baby potatoes,UNCHANGED
round flower,1,,,,REVIEW,round flower,UNCHANGED
small spoon oil,1,,,,REVIEW,small spoon oil,UNCHANGED
-4 tablespoons extra virgin olive oil,1,,,,REVIEW,-4 tablespoons extra virgin olive oil,UNCHANGED
loaf french bread,1,,,,REVIEW,loaf french bread,UNCHANGED
to 12 strawberries,1,,,,REVIEW,to 12 strawberries,UNCHANGED
1/2 teaspoons coriander powder,1,,,,REVIEW,1/2 teaspoons coriander powder,UNCHANGED
-5 dry red chilies,1,,,,REVIEW,-5 dry red chilies,UNCHANGED
mixed masala,1,,,,REVIEW,mixed masala,UNCHANGED
del monte tricolour spirali pasta,1,,,,REVIEW,del monte tricolour spirali pasta,UNCHANGED
छोटे चमच्च गरम मसाला पाउडर,1,,,,REVIEW,छोटे चमच्च गरम मसाला पाउडर,UNCHANGED
-6 mint leaves,1,,,,REVIEW,-6 mint leaves,UNCHANGED
1/2 cups foxtail millet,1,,,,REVIEW,1/2 cups foxtail millet,UNCHANGED
-3 tablespoons groundnut powder,1,,,,REVIEW,-3 tablespoons groundnut powder,UNCHANGED
bajra dosa batter,1,,,,REVIEW,bajra dosa batter,UNCHANGED
this galangal,1,,,,REVIEW,this galangal,UNCHANGED
stock lemon grass,1,,,,REVIEW,stock lemon grass,UNCHANGED
cast curry leaves,1,,,,REVIEW,cast curry leaves,UNCHANGED
mozzarella cheese -,1,,,,REVIEW,mozzarella cheese -,UNCHANGED
to 10 cloves garlic,1,,,,REVIEW,to 10 cloves garlic,UNCHANGED
tender mango,1,,,,REVIEW,tender mango,UNCHANGED
chaat masala powder -,1,,,,REVIEW,chaat masala powder -,UNCHANGED
छोटा चमच्च इमली,1,,,,REVIEW,इमली,CLEANED
veeba burger mayonnaise,1,,,,REVIEW,veeba burger mayonnaise,UNCHANGED
gm amaranth leaves,1,,,,REVIEW,gm amaranth leaves,UNCHANGED
kadhi masala,1,,,,REVIEW,kadhi masala,UNCHANGED
preserved pineapple,1,,,,REVIEW,preserved pineapple,UNCHANGED
कप्स कद्दू,1,,,,REVIEW,कप्स कद्दू,UNCHANGED
to 7 pointed gourd,1,,,,REVIEW,to 7 pointed gourd,UNCHANGED
spoon coriander leaves,1,,,,REVIEW,spoon coriander leaves,UNCHANGED
white wine,1,,,,REVIEW,white wine,UNCHANGED
अमचूर,1,,,,REVIEW,अमचूर,UNCHANGED
1/2 cup rice rava,1,,,,REVIEW,1/2 cup rice rava,UNCHANGED
-4 tablespoon rice flour,1,,,,REVIEW,-4 tablespoon rice flour,UNCHANGED
छोटा चमच्च मूंगफली पाउडर,1,,,,REVIEW,मूंगफली पाउडर,CLEANED
tछोटा चमच्च गोडा मसाला,1,,,,REVIEW,tछोटा चमच्च गोडा मसाला,UNCHANGED
काली चाय,1,,,,REVIEW,काली चाय,UNCHANGED
बड़े चमच्च लाल मिर्च पाउडर,1,,,,REVIEW,बड़े चमच्च लाल मिर्च पाउडर,UNCHANGED
बड़े चमच्च अनारदाना,1,,,,REVIEW,बड़े चमच्च अनारदाना,UNCHANGED
instant dosa mix powder,1,,,,REVIEW,instant dosa mix powder,UNCHANGED
1/2 cups chocolate wafers,1,,,,REVIEW,1/2 cups chocolate wafers,UNCHANGED
3/4 cups condensed milk,1,,,,REVIEW,3/4 cups condensed milk,UNCHANGED
1/2 cups chocolate chips,1,,,,REVIEW,1/2 cups chocolate chips,UNCHANGED
english mustard sauce,1,,,,REVIEW,english mustard sauce,UNCHANGED
- 3 sprig coriander leaves,1,,,,REVIEW,- 3 sprig coriander leaves,UNCHANGED
few pistachios,1,,,,REVIEW,few pistachios,UNCHANGED
कप अदरक,1,,,,REVIEW,कप अदरक,UNCHANGED
कंटोल,1,,,,REVIEW,कंटोल,UNCHANGED
लाइम फली,1,,,,REVIEW,लाइम फली,UNCHANGED
कप ऐश लौकी,1,,,,REVIEW,कप ऐश लौकी,UNCHANGED
कप रतालू,1,,,,REVIEW,कप रतालू,UNCHANGED
अरबी,1,,,,REVIEW,अरबी,UNCHANGED
फलिया,1,,,,REVIEW,फलिया,UNCHANGED
pinch whole black peppercorns,1,,,,REVIEW,whole black peppercorns,CLEANED
gram chana masala powder,1,,,,REVIEW,gram chana masala powder,UNCHANGED
-8 pistachios,1,,,,REVIEW,-8 pistachios,UNCHANGED
छोटा चमच्च पैपरिका पाउडर,1,,,,REVIEW,पैपरिका पाउडर,CLEANED
recipe chocolate ganache,1,,,,REVIEW,recipe chocolate ganache,UNCHANGED
1/2 tablespoons sunflower oil,1,,,,REVIEW,1/2 tablespoons sunflower oil,UNCHANGED
टहनी हरा चना,1,,,,REVIEW,हरा चना,CLEANED
to 3 tablespoon saoji masala,1,,,,REVIEW,to 3 tablespoon saoji masala,UNCHANGED
risotto rice,1,,,,REVIEW,risotto rice,UNCHANGED
बड़े चमच्च धनिया पाउडर,1,,,,REVIEW,बड़े चमच्च धनिया पाउडर,UNCHANGED
pinch lemon juice,1,,,,REVIEW,lemon juice,CLEANED
बड़े चमच्च किसमिस,1,,,,REVIEW,बड़े चमच्च किसमिस,UNCHANGED
दगडफूल,1,,,,REVIEW,दगडफूल,UNCHANGED
कप खस खस,1,,,,REVIEW,कप खस खस,UNCHANGED
1/2 cups gram flour,1,,,,REVIEW,1/2 cups gram flour,UNCHANGED
gochujang,1,,,,REVIEW,gochujang,UNCHANGED
kimchi,1,,,,REVIEW,kimchi,UNCHANGED
बड़े चमच्च हरी मूंग दाल,1,,,,REVIEW,बड़े चमच्च हरी मूंग दाल,UNCHANGED
दही,1,,,,REVIEW,दही,UNCHANGED
लहसुन चटनी,1,,,,REVIEW,लहसुन चटनी,UNCHANGED
इमली की चटनी,1,,,,REVIEW,इमली की चटनी,UNCHANGED
हरी चटनी,1,,,,REVIEW,हरी चटनी,UNCHANGED
कप सेव,1,,,,REVIEW,कप सेव,UNCHANGED
ग्राम सिंघाड़े का आटा,1,,,,REVIEW,ग्राम सिंघाड़े का आटा,UNCHANGED
make 1/2 cup onion,1,,,,REVIEW,make 1/2 cup onion,UNCHANGED
cumene seeds,1,,,,REVIEW,cumene seeds,UNCHANGED
kohl rabi,1,,,,REVIEW,kohl rabi,UNCHANGED
pork sausage,1,,,,REVIEW,pork sausage,UNCHANGED
अचार का मसाला,1,,,,REVIEW,अचार का मसाला,UNCHANGED
छोटे चमच्च तिल,1,,,,REVIEW,छोटे चमच्च तिल,UNCHANGED
छोटे चमच्च कास्टर शक्कर,1,,,,REVIEW,छोटे चमच्च कास्टर शक्कर,UNCHANGED
orange bell pepper,1,,,,REVIEW,orange bell pepper,UNCHANGED
+1/3 cups sugar,1,,,,REVIEW,+1/3 cups sugar,UNCHANGED
lb phyllo dough,1,,,,REVIEW,lb phyllo dough,UNCHANGED
soy sauce -,1,,,,REVIEW,soy sauce -,UNCHANGED
to 6 कढ़ी पत्ता,1,,,,REVIEW,to 6 कढ़ी पत्ता,UNCHANGED
छोटे चमच्च हींग,1,,,,REVIEW,छोटे चमच्च हींग,UNCHANGED
पार्सले,1,,,,REVIEW,पार्सले,UNCHANGED
बड़े चम्मच टहीनी,1,,,,REVIEW,बड़े चम्मच टहीनी,UNCHANGED
मोज़रेला चीज़,1,,,,REVIEW,मोज़रेला चीज़,UNCHANGED
कप रेड चिल्ली फलैक्स,1,,,,REVIEW,कप रेड चिल्ली फलैक्स,UNCHANGED
beetroot puree,1,,,,REVIEW,beetroot puree,UNCHANGED
बड़ा चमच्च मिर्ची पाउडर,1,,,,REVIEW,बड़ा चमच्च मिर्ची पाउडर,UNCHANGED
तेजपत्ता,1,,,,REVIEW,तेजपत्ता,UNCHANGED
गोल सुखी लाल मिर्च,1,,,,REVIEW,गोल सुखी लाल मिर्च,UNCHANGED
purple yam,1,,,,REVIEW,purple yam,UNCHANGED
cape gooseberries,1,,,,REVIEW,cape gooseberries,UNCHANGED
बड़ा चमच्च मूंगफली बटर,1,,,,REVIEW,बड़ा चमच्च मूंगफली बटर,UNCHANGED
roomali roti,1,,,,REVIEW,roomali roti,UNCHANGED
walking catfish,1,,,,REVIEW,walking catfish,UNCHANGED
बड़े चमच्च किशमिश,1,,,,REVIEW,बड़े चमच्च किशमिश,UNCHANGED
-5 spring onion greens,1,,,,REVIEW,-5 spring onion greens,UNCHANGED
-6 tablespoon icing sugar,1,,,,REVIEW,-6 tablespoon icing sugar,UNCHANGED
-3 tablespoon brown sugar,1,,,,REVIEW,-3 tablespoon brown sugar,UNCHANGED
-4 tablespoon caster sugar,1,,,,REVIEW,-4 tablespoon caster sugar,UNCHANGED
-6 tablespoon butter,1,,,,REVIEW,-6 tablespoon butter,UNCHANGED
pinch jaggery,1,,,,REVIEW,jaggery,CLEANED
बड़ा चमच्च इमली की चटनी,1,,,,REVIEW,बड़ा चमच्च इमली की चटनी,UNCHANGED
बड़ा चमच्च चावल का आटा,1,,,,REVIEW,बड़ा चमच्च चावल का आटा,UNCHANGED
बड़ा चमच्च मैदा,1,,,,REVIEW,बड़ा चमच्च मैदा,UNCHANGED
ग्राम आमला,1,,,,REVIEW,ग्राम आमला,UNCHANGED
बड़ा चम्मच रेड चिल्ली सॉस,1,,,,REVIEW,बड़ा चम्मच रेड चिल्ली सॉस,UNCHANGED
बड़ा चम्मच टमाटर केचप,1,,,,REVIEW,बड़ा चम्मच टमाटर केचप,UNCHANGED
palm fruit,1,,,,REVIEW,palm fruit,UNCHANGED
छोटा चमच्च टमाटर,1,,,,REVIEW,टमाटर,CLEANED
छोटा चमच्च कलौंजी के बीज,1,,,,REVIEW,कलौंजी के बीज,CLEANED
बड़े चमच्च सरसो का तेल,1,,,,REVIEW,बड़े चमच्च सरसो का तेल,UNCHANGED
फूल गोबी,1,,,,REVIEW,फूल गोबी,UNCHANGED
1/2 teaspoon ginger garlic paste,1,,,,REVIEW,1/2 teaspoon ginger garlic paste,UNCHANGED
bimbla,1,,,,REVIEW,bimbla,UNCHANGED
brown rice flakes,1,,,,REVIEW,brown rice flakes,UNCHANGED
cinnamon sugar,1,,,,REVIEW,cinnamon sugar,UNCHANGED
-2 tablespoons pickled jalapenos,1,,,,REVIEW,-2 tablespoons pickled jalapenos,UNCHANGED
-6 fish fillet,1,,,,REVIEW,-6 fish fillet,UNCHANGED
मेथी,1,,,,REVIEW,मेथी,UNCHANGED
- 6 artichokes,1,,,,REVIEW,- 6 artichokes,UNCHANGED
बड़े चमच्च चावल,1,,,,REVIEW,बड़े चमच्च चावल,UNCHANGED
-3 tablespoon mustard oil,1,,,,REVIEW,-3 tablespoon mustard oil,UNCHANGED
lb fish fillet,1,,,,REVIEW,lb fish fillet,UNCHANGED
कप हंग,1,,,,REVIEW,कप हंग,UNCHANGED
बड़े चम्मच लाल मिर्च पाउडर,1,,,,REVIEW,बड़े चम्मच लाल मिर्च पाउडर,UNCHANGED
बड़े चम्मच गरम मसाला पाउडर,1,,,,REVIEW,बड़े चम्मच गरम मसाला पाउडर,UNCHANGED
-5 tablespoon butter,1,,,,REVIEW,-5 tablespoon butter,UNCHANGED
-8 chocolate wafers,1,,,,REVIEW,-8 chocolate wafers,UNCHANGED
-8 bourbon biscuits,1,,,,REVIEW,-8 bourbon biscuits,UNCHANGED
mustard flowers,1,,,,REVIEW,mustard flowers,UNCHANGED
छोटा चमच्च नारियल तेल,1,,,,REVIEW,नारियल तेल,CLEANED
-8 whole black peppercorns,1,,,,REVIEW,-8 whole black peppercorns,UNCHANGED
बड़ा चमच्च हरी चटनी,1,,,,REVIEW,बड़ा चमच्च हरी चटनी,UNCHANGED
कप सुरन,1,,,,REVIEW,कप सुरन,UNCHANGED
ग्राम्स छोटे आलू,1,,,,REVIEW,ग्राम्स छोटे आलू,UNCHANGED
to 4 dry red chilli,1,,,,REVIEW,to 4 dry red chilli,UNCHANGED
to 6 whole black peppercorns,1,,,,REVIEW,to 6 whole black peppercorns,UNCHANGED
कप अंकुरित दाल,1,,,,REVIEW,कप अंकुरित दाल,UNCHANGED
ranch sauce,1,,,,REVIEW,ranch sauce,UNCHANGED
udupi sambar powder,1,,,,REVIEW,udupi sambar powder,UNCHANGED
red mustard seeds,1,,,,REVIEW,red mustard seeds,UNCHANGED
1/2 teaspoons gram flour,1,,,,REVIEW,1/2 teaspoons gram flour,UNCHANGED
बड़ा चम्मच ब्राउन शक्कर,1,,,,REVIEW,बड़ा चम्मच ब्राउन शक्कर,UNCHANGED
ज़ुकिनी,1,,,,REVIEW,ज़ुकिनी,UNCHANGED
बड़े चम्मच थाई ग्रीन करी पेस्ट,1,,,,REVIEW,बड़े चम्मच थाई ग्रीन करी पेस्ट,UNCHANGED
1/2 tablespoon sweet chutney,1,,,,REVIEW,1/2 tablespoon sweet chutney,UNCHANGED
1/2 tablespoon lahsun ki chutney,1,,,,REVIEW,1/2 tablespoon lahsun ki chutney,UNCHANGED
stalks knol khol leaves,1,,,,REVIEW,stalks knol khol leaves,UNCHANGED
to 3 tablespoons sesame seeds,1,,,,REVIEW,to 3 tablespoons sesame seeds,UNCHANGED
+ 2 बड़ा चमच्च तेल,1,,,,REVIEW,+ 2 बड़ा चमच्च तेल,UNCHANGED
अमरुद,1,,,,REVIEW,अमरुद,UNCHANGED
किसमिस,1,,,,REVIEW,किसमिस,UNCHANGED
बड़े चमच्च चॉकलेट चिप्स,1,,,,REVIEW,बड़े चमच्च चॉकलेट चिप्स,UNCHANGED
ग्राम हरे मटर,1,,,,REVIEW,ग्राम हरे मटर,UNCHANGED
hard taco shells -,1,,,,REVIEW,hard taco shells -,UNCHANGED
mango shrikhand,1,,,,REVIEW,mango shrikhand,UNCHANGED
to 2 tablespoons extra virgin olive oil,1,,,,REVIEW,to 2 tablespoons extra virgin olive oil,UNCHANGED
बड़ा चमच्च ग्रीन चिल्ली सॉस,1,,,,REVIEW,बड़ा चमच्च ग्रीन चिल्ली सॉस,UNCHANGED
बड़े चमच्च हरे प्याज के पत्ते,1,,,,REVIEW,बड़े चमच्च हरे प्याज के पत्ते,UNCHANGED
chivda,1,,,,REVIEW,chivda,UNCHANGED
to 5 button mushrooms,1,,,,REVIEW,to 5 button mushrooms,UNCHANGED
to 2 whole black peppercorns,1,,,,REVIEW,to 2 whole black peppercorns,UNCHANGED
dal stock,1,,,,REVIEW,dal stock,UNCHANGED
to 5 cardamom pods/seeds,1,,,,REVIEW,to 5 cardamom pods/seeds,UNCHANGED
कप कच्चा केला,1,,,,REVIEW,कप कच्चा केला,UNCHANGED
चना दाल,1,,,,REVIEW,चना दाल,UNCHANGED
छोटा चम्मच नारियल,1,,,,REVIEW,नारियल,CLEANED
छोटा चम्मच धनिया के बीज,1,,,,REVIEW,धनिया के बीज,CLEANED
चिचिंदा,1,,,,REVIEW,चिचिंदा,UNCHANGED
pinch cumin seeds,1,,,,REVIEW,cumin seeds,CLEANED
stalks asparagus,1,,,,REVIEW,stalks asparagus,UNCHANGED
chana stock,1,,,,REVIEW,chana stock,UNCHANGED
prune,1,,,,REVIEW,prune,UNCHANGED
chickpea lentil,1,,,,REVIEW,chickpea lentil,UNCHANGED
dry red chilli -,1,,,,REVIEW,dry red chilli -,UNCHANGED
1/2 teaspoon salt,1,,,,REVIEW,1/2 teaspoon salt,UNCHANGED
1/2 cup all purpose flour -,1,,,,REVIEW,1/2 cup all purpose flour -,UNCHANGED
bhakarwdis,1,,,,REVIEW,bhakarwdis,UNCHANGED
kinua,1,,,,REVIEW,kinua,UNCHANGED
black beans sauce,1,,,,REVIEW,black beans sauce,UNCHANGED
of olive oil,1,,,,REVIEW,of olive oil,UNCHANGED
tablespoon badam,1,,,,REVIEW,tablespoon badam,UNCHANGED
tablespoon dates,1,,,,REVIEW,tablespoon dates,UNCHANGED
yakisoba noodles,1,,,,REVIEW,yakisoba noodles,UNCHANGED
cut into 1 निकल4 cup water,1,,,,REVIEW,cut into 1 निकल4 cup water,UNCHANGED
1/4 cups cashew nuts,1,,,,REVIEW,1/4 cups cashew nuts,UNCHANGED
of trumpet,1,,,,REVIEW,of trumpet,UNCHANGED
-5 red chillies,1,,,,REVIEW,-5 red chillies,UNCHANGED
-10 brinjals,1,,,,REVIEW,-10 brinjals,UNCHANGED
granulated sugar,1,,,,REVIEW,granulated sugar,UNCHANGED
to 8 saffron strands,1,,,,REVIEW,to 8 saffron strands,UNCHANGED
to 3 tablespoons ghee,1,,,,REVIEW,to 3 tablespoons ghee,UNCHANGED
- 6 mint leaves,1,,,,REVIEW,- 6 mint leaves,UNCHANGED
english cucumbers,1,,,,REVIEW,english cucumbers,UNCHANGED
orange juice,1,,,,REVIEW,orange juice,UNCHANGED
pinch हींग,1,,,,REVIEW,हींग,CLEANED
काली उरद दाल,1,,,,REVIEW,काली उरद दाल,UNCHANGED
-4 apples,1,,,,REVIEW,-4 apples,UNCHANGED
tablespoon cumin powder,1,,,,REVIEW,tablespoon cumin powder,UNCHANGED
manathakkali keerai,1,,,,REVIEW,manathakkali keerai,UNCHANGED
gm arhar dal,1,,,,REVIEW,gm arhar dal,UNCHANGED
- 3 sprig chives,1,,,,REVIEW,- 3 sprig chives,UNCHANGED
- 3 sprig sage,1,,,,REVIEW,- 3 sprig sage,UNCHANGED
-8 green beans,1,,,,REVIEW,-8 green beans,UNCHANGED
to 25 badam,1,,,,REVIEW,to 25 badam,UNCHANGED
-20 raisins,1,,,,REVIEW,-20 raisins,UNCHANGED
-20 cashew nuts,1,,,,REVIEW,-20 cashew nuts,UNCHANGED
dark rum,1,,,,REVIEW,dark rum,UNCHANGED
pita chips,1,,,,REVIEW,pita chips,UNCHANGED
to 7 cloves garlic,1,,,,REVIEW,to 7 cloves garlic,UNCHANGED
mint pesto,1,,,,REVIEW,mint pesto,UNCHANGED
teaspoon raisins,1,,,,REVIEW,teaspoon raisins,UNCHANGED
teaspoon cashew nuts,1,,,,REVIEW,teaspoon cashew nuts,UNCHANGED
to 8 cashew nuts,1,,,,REVIEW,to 8 cashew nuts,UNCHANGED
छोटा चम्मच रेड चिल्ली सॉस,1,,,,REVIEW,रेड चिल्ली सॉस,CLEANED
बड़ा चमच्च चावल का सिरका,1,,,,REVIEW,बड़ा चमच्च चावल का सिरका,UNCHANGED
बड़ा चमच्च सोया सॉस,1,,,,REVIEW,बड़ा चमच्च सोया सॉस,UNCHANGED
स्टॉक सेलरी,1,,,,REVIEW,स्टॉक सेलरी,UNCHANGED
थाई रेड चिल्ली,1,,,,REVIEW,थाई रेड चिल्ली,UNCHANGED
+1/4 hung curd,1,,,,REVIEW,+1/4 hung curd,UNCHANGED
बड़ा चमच्च मलाई,1,,,,REVIEW,बड़ा चमच्च मलाई,UNCHANGED
छोटे चमच्च निम्बू का रस,1,,,,REVIEW,छोटे चमच्च निम्बू का रस,UNCHANGED
to 2 tablespoon milk,1,,,,REVIEW,to 2 tablespoon milk,UNCHANGED
cardamom powder -,1,,,,REVIEW,cardamom powder -,UNCHANGED
parshe,1,,,,REVIEW,parshe,UNCHANGED
-4 tablespoons red chilli sauce,1,,,,REVIEW,-4 tablespoons red chilli sauce,UNCHANGED
-3 fresh red chilli,1,,,,REVIEW,-3 fresh red chilli,UNCHANGED
cheese cubes,1,,,,REVIEW,cheese cubes,UNCHANGED
- 8 fresh figs,1,,,,REVIEW,- 8 fresh figs,UNCHANGED
¼ cup mint leaves,1,,,,REVIEW,¼ cup mint leaves,UNCHANGED
ग्राम हक्का नूडल्स,1,,,,REVIEW,ग्राम हक्का नूडल्स,UNCHANGED
emami rice bran oil,1,,,,REVIEW,emami rice bran oil,UNCHANGED
sun dried tomato pesto,1,,,,REVIEW,sun dried tomato pesto,UNCHANGED
-2 teaspoons malt vinegar,1,,,,REVIEW,-2 teaspoons malt vinegar,UNCHANGED
¼ cup gram flour,1,,,,REVIEW,¼ cup gram flour,UNCHANGED
few sprig fresh thyme leaves,1,,,,REVIEW,few sprig fresh thyme leaves,UNCHANGED
-4 sun dried tomatoes,1,,,,REVIEW,-4 sun dried tomatoes,UNCHANGED
veeba sriracha sauce,1,,,,REVIEW,veeba sriracha sauce,UNCHANGED
chai masala,1,,,,REVIEW,chai masala,UNCHANGED
raw rice,1,,,,REVIEW,rice,CLEANED
mangoes,1,,,,REVIEW,mangoes,UNCHANGED
pinch kosher salt,1,,,,REVIEW,kosher salt,CLEANED
gm chicken,1,,,,REVIEW,gm chicken,UNCHANGED
few टहनी हरा धनिया,1,,,,REVIEW,few टहनी हरा धनिया,UNCHANGED
to 8 curry leaves,1,,,,REVIEW,to 8 curry leaves,UNCHANGED
-3 cups spinach,1,,,,REVIEW,-3 cups spinach,UNCHANGED
बड़े चमच्च सूखा नारियल,1,,,,REVIEW,बड़े चमच्च सूखा नारियल,UNCHANGED
बड़ा चमच्च काली उरद दाल,1,,,,REVIEW,बड़ा चमच्च काली उरद दाल,UNCHANGED
1/2 tablespoons gram flour,1,,,,REVIEW,1/2 tablespoons gram flour,UNCHANGED
gms cottage cheese,1,,,,REVIEW,gms cottage cheese,UNCHANGED
soda,1,,,,REVIEW,soda,UNCHANGED
lime juice,1,,,,REVIEW,lime juice,UNCHANGED
-1 1/2 cups water,1,,,,REVIEW,-1 1/2 cups water,UNCHANGED
big teaspoon kashmiri red chilli,1,,,,REVIEW,big teaspoon kashmiri red chilli,UNCHANGED
jackfruit,1,,,,REVIEW,jackfruit,UNCHANGED
grind 1 tablespoon jaggery,1,,,,REVIEW,grind 1 tablespoon jaggery,UNCHANGED
-6 lima beans,1,,,,REVIEW,-6 lima beans,UNCHANGED
petha pumpkin,1,,,,REVIEW,petha pumpkin,UNCHANGED
chawla pods,1,,,,REVIEW,chawla pods,UNCHANGED
raw bananas,1,,,,REVIEW,bananas,CLEANED
-3 tablespoons fresh coconut,1,,,,REVIEW,-3 tablespoons fresh coconut,UNCHANGED
बड़े चम्मच हल्दी पाउडर,1,,,,REVIEW,बड़े चम्मच हल्दी पाउडर,UNCHANGED
बड़े चम्मच हींग,1,,,,REVIEW,बड़े चम्मच हींग,UNCHANGED
apple puree,1,,,,REVIEW,apple puree,UNCHANGED
flaxseed powder,1,,,,REVIEW,flaxseed powder,UNCHANGED
बड़ा चम्मच चाट मसाला पाउडर,1,,,,REVIEW,बड़ा चम्मच चाट मसाला पाउडर,UNCHANGED
बड़ा चम्मच अमचूर,1,,,,REVIEW,बड़ा चम्मच अमचूर,UNCHANGED
whole black peppercorns -,1,,,,REVIEW,whole black peppercorns -,UNCHANGED
1/2 cups avarekalu / lilva beans,1,,,,REVIEW,1/2 cups avarekalu / lilva beans,UNCHANGED
1/4 cups sooji,1,,,,REVIEW,1/4 cups sooji,UNCHANGED
बड़ा चमच्च दूध,1,,,,REVIEW,बड़ा चमच्च दूध,UNCHANGED
-2 tablespoon chocolate chips,1,,,,REVIEW,-2 tablespoon chocolate chips,UNCHANGED
ziti pasta,1,,,,REVIEW,ziti pasta,UNCHANGED
- 1 cup jaggery,1,,,,REVIEW,- 1 cup jaggery,UNCHANGED
green coriander-cut,1,,,,REVIEW,green coriander-cut,UNCHANGED
mint-cut,1,,,,REVIEW,mint-cut,UNCHANGED
ग्राम मूंगफली,1,,,,REVIEW,ग्राम मूंगफली,UNCHANGED
बड़ा चमच्च सोयाा सॉस,1,,,,REVIEW,बड़ा चमच्च सोयाा सॉस,UNCHANGED
ग्राम्स टोफू,1,,,,REVIEW,ग्राम्स टोफू,UNCHANGED
बड़े चम्मच शिमला मिर्च,1,,,,REVIEW,बड़े चम्मच शिमला मिर्च,UNCHANGED
1/2 tablespoons garlic,1,,,,REVIEW,1/2 tablespoons garlic,UNCHANGED
1/2 tablespoons ginger,1,,,,REVIEW,1/2 tablespoons ginger,UNCHANGED
1/2 cups seeraga samba rice,1,,,,REVIEW,1/2 cups seeraga samba rice,UNCHANGED
बड़े चम्मच प्याज,1,,,,REVIEW,बड़े चम्मच प्याज,UNCHANGED
to 8 काजू,1,,,,REVIEW,to 8 काजू,UNCHANGED
+1/4 हंग दही,1,,,,REVIEW,+1/4 हंग दही,UNCHANGED
or 2 coal,1,,,,REVIEW,or 2 coal,UNCHANGED
bacon,1,,,,REVIEW,bacon,UNCHANGED
beef,1,,,,REVIEW,beef,UNCHANGED
to 15 pearl onions,1,,,,REVIEW,to 15 pearl onions,UNCHANGED
ग्राम लौकी,1,,,,REVIEW,ग्राम लौकी,UNCHANGED
few dill leaves,1,,,,REVIEW,few dill leaves,UNCHANGED
phyllo tartlet cups,1,,,,REVIEW,phyllo tartlet cups,UNCHANGED
-3 tablespoon rice flour,1,,,,REVIEW,-3 tablespoon rice flour,UNCHANGED
-4 tablespoon tofu,1,,,,REVIEW,-4 tablespoon tofu,UNCHANGED
soft taco shells,1,,,,REVIEW,soft taco shells,UNCHANGED
aamras,1,,,,REVIEW,aamras,UNCHANGED
to 6 raisins,1,,,,REVIEW,to 6 raisins,UNCHANGED
tea monk bodh second flush black tea,1,,,,REVIEW,tea monk bodh second flush black tea,UNCHANGED
yellow food colour,1,,,,REVIEW,yellow food colour,UNCHANGED
छोटा चम्मच राई,1,,,,REVIEW,राई,CLEANED
छोटा चम्मच लहसुन,1,,,,REVIEW,लहसुन,CLEANED
कप अवरेकालू,1,,,,REVIEW,कप अवरेकालू,UNCHANGED
elbow pasta,1,,,,REVIEW,elbow pasta,UNCHANGED
orange blossom water,1,,,,REVIEW,orange blossom water,UNCHANGED
काफिर लाइम के पत्ते,1,,,,REVIEW,काफिर लाइम के पत्ते,UNCHANGED
इंच गलंगल,1,,,,REVIEW,गलंगल,CLEANED
टहनी लेमन ग्रास,1,,,,REVIEW,लेमन ग्रास,CLEANED
वेजिटेबल स्टॉक,1,,,,REVIEW,वेजिटेबल स्टॉक,UNCHANGED
to 6 marie biscuit,1,,,,REVIEW,to 6 marie biscuit,UNCHANGED
margarine,1,,,,REVIEW,margarine,UNCHANGED
-2 teaspoons spring onion greens,1,,,,REVIEW,-2 teaspoons spring onion greens,UNCHANGED
-2 tablespoons dried oregano,1,,,,REVIEW,-2 tablespoons dried oregano,UNCHANGED
recipe all purpose pie crust,1,,,,REVIEW,recipe all purpose pie crust,UNCHANGED
large carrot,1,,,,REVIEW,large carrot,UNCHANGED
शहद,1,,,,REVIEW,शहद,UNCHANGED
cherry compote,1,,,,REVIEW,cherry compote,UNCHANGED
to 6 idli,1,,,,REVIEW,to 6 idli,UNCHANGED
-4 tablespoons milk,1,,,,REVIEW,-4 tablespoons milk,UNCHANGED
बड़ा चमच्च इमली,1,,,,REVIEW,बड़ा चमच्च इमली,UNCHANGED
ग्राम भिन्डी,1,,,,REVIEW,ग्राम भिन्डी,UNCHANGED
-6 tablespoons sunflower oil,1,,,,REVIEW,-6 tablespoons sunflower oil,UNCHANGED
-4 tablespoons salt,1,,,,REVIEW,-4 tablespoons salt,UNCHANGED
dried turmeric,1,,,,REVIEW,dried turmeric,UNCHANGED
-7 burger buns,1,,,,REVIEW,-7 burger buns,UNCHANGED
छोटी चमच्च धनिया पाउडर,1,,,,REVIEW,छोटी चमच्च धनिया पाउडर,UNCHANGED
छोटी चमच्च जीरा पाउडर,1,,,,REVIEW,छोटी चमच्च जीरा पाउडर,UNCHANGED
छोटी चमच्च अदरक लहसुन का पेस्ट,1,,,,REVIEW,छोटी चमच्च अदरक लहसुन का पेस्ट,UNCHANGED
छोटी चमच्च शाही जीरा,1,,,,REVIEW,छोटी चमच्च शाही जीरा,UNCHANGED
-12 बटन मशरुम,1,,,,REVIEW,-12 बटन मशरुम,UNCHANGED
to 3 teaspoons green chilli,1,,,,REVIEW,to 3 teaspoons green chilli,UNCHANGED
-12 cups water,1,,,,REVIEW,-12 cups water,UNCHANGED
1/2 teaspoon red chilli powder,1,,,,REVIEW,1/2 teaspoon red chilli powder,UNCHANGED
purple carrots,1,,,,REVIEW,purple carrots,UNCHANGED
to 5 tablespoons buttermilk,1,,,,REVIEW,to 5 tablespoons buttermilk,UNCHANGED
-2 छोटे चमच्च लाल मिर्च पाउडर,1,,,,REVIEW,-2 छोटे चमच्च लाल मिर्च पाउडर,UNCHANGED
-5 अंडे,1,,,,REVIEW,-5 अंडे,UNCHANGED
बड़े चम्मच नारियल पाउडर,1,,,,REVIEW,बड़े चम्मच नारियल पाउडर,UNCHANGED
बड़ा चम्मच जीरा,1,,,,REVIEW,बड़ा चम्मच जीरा,UNCHANGED
to 3 tablespoon coriander leaves,1,,,,REVIEW,to 3 tablespoon coriander leaves,UNCHANGED
छोटा चमच्च ओलिव का तेल,1,,,,REVIEW,ओलिव का तेल,CLEANED
dragon fruit,1,,,,REVIEW,dragon fruit,UNCHANGED
बड़े चमच्च अदरक लहसुन का पेस्ट,1,,,,REVIEW,बड़े चमच्च अदरक लहसुन का पेस्ट,UNCHANGED
बड़े चमच्च हरा मटर,1,,,,REVIEW,बड़े चमच्च हरा मटर,UNCHANGED
बेकिंग सोडा,1,,,,REVIEW,बेकिंग सोडा,UNCHANGED
कप ड्रमस्टिक के पत्ते,1,,,,REVIEW,कप ड्रमस्टिक के पत्ते,UNCHANGED
ग्राम स्वीट कॉर्न,1,,,,REVIEW,ग्राम स्वीट कॉर्न,UNCHANGED
बड़ा चमच्च बेकिंग सोडा,1,,,,REVIEW,बड़ा चमच्च बेकिंग सोडा,UNCHANGED
बड़ा चमच्च वनीला एक्सट्रेक्ट,1,,,,REVIEW,बड़ा चमच्च वनीला एक्सट्रेक्ट,UNCHANGED
कप कॉर्न सिरप,1,,,,REVIEW,कप कॉर्न सिरप,UNCHANGED
छोटा चमच्च ऑरेगानो,1,,,,REVIEW,ऑरेगानो,CLEANED
छोटा चमच्च रोसमैरी,1,,,,REVIEW,रोसमैरी,CLEANED
बड़े चमच्च टबास्को सॉस,1,,,,REVIEW,बड़े चमच्च टबास्को सॉस,UNCHANGED
चुटकी शक्कर,1,,,,REVIEW,चुटकी शक्कर,UNCHANGED
बड़ा चमचच काजू,1,,,,REVIEW,बड़ा चमचच काजू,UNCHANGED
छोटी चमच्च लाल मिर्च,1,,,,REVIEW,छोटी चमच्च लाल मिर्च,UNCHANGED
छोटी चमच्च गरम मसाला पाउडर,1,,,,REVIEW,छोटी चमच्च गरम मसाला पाउडर,UNCHANGED
-4 teaspoons fresh coconut,1,,,,REVIEW,-4 teaspoons fresh coconut,UNCHANGED
kisamis,1,,,,REVIEW,kisamis,UNCHANGED
बड़े चमच्च हींग,1,,,,REVIEW,बड़े चमच्च हींग,UNCHANGED
इंच हल्दी,1,,,,REVIEW,हल्दी,CLEANED
-15 whole black peppercorns,1,,,,REVIEW,-15 whole black peppercorns,UNCHANGED
चुटकी भर शक्कर,1,,,,REVIEW,चुटकी भर शक्कर,UNCHANGED
बड़े चमच्च कोल्हापुरी खन्दा लहसुन मसाला,1,,,,REVIEW,बड़े चमच्च कोल्हापुरी खन्दा लहसुन मसाला,UNCHANGED
-7 green chillies,1,,,,REVIEW,-7 green chillies,UNCHANGED
mango juice,1,,,,REVIEW,mango juice,UNCHANGED
cake mix,1,,,,REVIEW,cake mix,UNCHANGED
छोटा चम्मच रेड चिल्ली फलैक्स,1,,,,REVIEW,रेड चिल्ली फलैक्स,CLEANED
-6 dried figs,1,,,,REVIEW,-6 dried figs,UNCHANGED
chikki,1,,,,REVIEW,chikki,UNCHANGED
strawberry jam,1,,,,REVIEW,strawberry jam,UNCHANGED
kalamata olives,1,,,,REVIEW,kalamata olives,UNCHANGED
to 2 tablespoons fresh coconut,1,,,,REVIEW,to 2 tablespoons fresh coconut,UNCHANGED
to 3 tablespoons green peas,1,,,,REVIEW,to 3 tablespoons green peas,UNCHANGED
ginger cookies,1,,,,REVIEW,ginger cookies,UNCHANGED
-10 teaspoon sugar,1,,,,REVIEW,-10 teaspoon sugar,UNCHANGED
peel,1,,,,REVIEW,peel,UNCHANGED
-3 kashmiri dry red chillies,1,,,,REVIEW,-3 kashmiri dry red chillies,UNCHANGED
tikka masala,1,,,,REVIEW,tikka masala,UNCHANGED
black chili powder,1,,,,REVIEW,black chili powder,UNCHANGED
gm small potatoes,1,,,,REVIEW,gm small potatoes,UNCHANGED
sama flour,1,,,,REVIEW,sama flour,UNCHANGED
sweet corn -,1,,,,REVIEW,sweet corn -,UNCHANGED
peanut powder,1,,,,REVIEW,peanut powder,UNCHANGED
hung-fat,1,,,,REVIEW,hung-fat,UNCHANGED
cream of tartar,1,,,,REVIEW,cream of tartar,UNCHANGED
1/2 tablespoon corn flour,1,,,,REVIEW,1/2 tablespoon corn flour,UNCHANGED
green peppers,1,,,,REVIEW,green peppers,UNCHANGED
1/2 teaspoon vanilla extract,1,,,,REVIEW,1/2 teaspoon vanilla extract,UNCHANGED
-5 teaspoon broken wheat,1,,,,REVIEW,-5 teaspoon broken wheat,UNCHANGED
-3 teaspoons horse gram dal,1,,,,REVIEW,-3 teaspoons horse gram dal,UNCHANGED
loose leaf tea,1,,,,REVIEW,loose leaf tea,UNCHANGED
red khara sev,1,,,,REVIEW,red khara sev,UNCHANGED
soba noodles,1,,,,REVIEW,soba noodles,UNCHANGED
stalk lemongrass,1,,,,REVIEW,stalk lemongrass,UNCHANGED
multigrain digestive ragi biscuits,1,,,,REVIEW,multigrain digestive ragi biscuits,UNCHANGED
kashmiri red chili powder,1,,,,REVIEW,kashmiri red chili powder,UNCHANGED
make 2 tablespoons ginger,1,,,,REVIEW,make 2 tablespoons ginger,UNCHANGED
gm mutton,1,,,,REVIEW,gm mutton,UNCHANGED
-4 drops orange essence,1,,,,REVIEW,-4 drops orange essence,UNCHANGED
इनो फ्रूट साल्ट,1,,,,REVIEW,इनो फ्रूट साल्ट,UNCHANGED
silver balls,1,,,,REVIEW,silver balls,UNCHANGED
-3 tablespoons nolen gur,1,,,,REVIEW,-3 tablespoons nolen gur,UNCHANGED
1/2 + 1/2 cups milk,1,,,,REVIEW,1/2 + 1/2 cups milk,UNCHANGED
to 5 cashew nuts,1,,,,REVIEW,to 5 cashew nuts,UNCHANGED
ginger ale,1,,,,REVIEW,ginger ale,UNCHANGED
apple juice,1,,,,REVIEW,apple juice,UNCHANGED
+ 1 onion,1,,,,REVIEW,+ 1 onion,UNCHANGED
-4 garlic,1,,,,REVIEW,-4 garlic,UNCHANGED
- 1 1/4 cups water,1,,,,REVIEW,- 1 1/4 cups water,UNCHANGED
strawberry vodka,1,,,,REVIEW,strawberry vodka,UNCHANGED
pimiento-stuffed green olives,1,,,,REVIEW,pimiento-stuffed green olives,UNCHANGED
of arhar dal,1,,,,REVIEW,of arhar dal,UNCHANGED
gongura,1,,,,REVIEW,gongura,UNCHANGED
small tablespoon cinnamon powder,1,,,,REVIEW,small tablespoon cinnamon powder,UNCHANGED
1/4 cups whole wheat flour,1,,,,REVIEW,1/4 cups whole wheat flour,UNCHANGED
spoon chaat masala powder,1,,,,REVIEW,spoon chaat masala powder,UNCHANGED
castor sugar,1,,,,REVIEW,castor sugar,UNCHANGED
of casmis,1,,,,REVIEW,of casmis,UNCHANGED
uncooked bananas,1,,,,REVIEW,uncooked bananas,UNCHANGED
-3 teaspoons coriander seeds,1,,,,REVIEW,-3 teaspoons coriander seeds,UNCHANGED
groundnut,1,,,,REVIEW,groundnut,UNCHANGED
1/2 tablespoons coriander seeds,1,,,,REVIEW,1/2 tablespoons coriander seeds,UNCHANGED
-5 fresh red chilli,1,,,,REVIEW,-5 fresh red chilli,UNCHANGED
-10 brinjal,1,,,,REVIEW,-10 brinjal,UNCHANGED
to 2 tablespoons rice flour,1,,,,REVIEW,to 2 tablespoons rice flour,UNCHANGED
+1 teaspoon red chilli powder,1,,,,REVIEW,+1 teaspoon red chilli powder,UNCHANGED
+2 tablespoons sesame seeds,1,,,,REVIEW,+2 tablespoons sesame seeds,UNCHANGED
1 teaspoon asafoetida,1,,,,REVIEW,1 teaspoon asafoetida,UNCHANGED
teaspoon celery,1,,,,REVIEW,teaspoon celery,UNCHANGED
blueberry jam,1,,,,REVIEW,blueberry jam,UNCHANGED
- 6 cherry tomatoes,1,,,,REVIEW,- 6 cherry tomatoes,UNCHANGED
gm chhedar cheese,1,,,,REVIEW,gm chhedar cheese,UNCHANGED
chickpea lentils -,1,,,,REVIEW,chickpea lentils -,UNCHANGED
tava paratha,1,,,,REVIEW,tava paratha,UNCHANGED
salt 200 g paneer as per taste,1,,,,REVIEW,salt 200 g paneer as per taste,UNCHANGED
bud long,1,,,,REVIEW,bud long,UNCHANGED
lady fish,1,,,,REVIEW,lady fish,UNCHANGED
to 3 tablespoons homemade pizza and pasta sauce,1,,,,REVIEW,to 3 tablespoons homemade pizza and pasta sauce,UNCHANGED
-8 tablespoons water,1,,,,REVIEW,-8 tablespoons water,UNCHANGED
kapok bud,1,,,,REVIEW,kapok bud,UNCHANGED
crepes,1,,,,REVIEW,crepes,UNCHANGED
-3 cups sunflower oil,1,,,,REVIEW,-3 cups sunflower oil,UNCHANGED
-10 whole wheat brown bread,1,,,,REVIEW,-10 whole wheat brown bread,UNCHANGED
1/2 cups basmati rice,1,,,,REVIEW,1/2 cups basmati rice,UNCHANGED
tortilla,1,,,,REVIEW,tortilla,UNCHANGED
jalepino,1,,,,REVIEW,jalepino,UNCHANGED
zucchini,1,,,,REVIEW,zucchini,UNCHANGED
gleppino,1,,,,REVIEW,gleppino,UNCHANGED
to 1/2 tablespoons mint leaves,1,,,,REVIEW,to 1/2 tablespoons mint leaves,UNCHANGED
-15 whole black pepper,1,,,,REVIEW,-15 whole black pepper,UNCHANGED
spoon coriander seeds,1,,,,REVIEW,spoon coriander seeds,UNCHANGED
कप पाइनएप्पल,1,,,,REVIEW,कप पाइनएप्पल,UNCHANGED
chicken ham,1,,,,REVIEW,chicken ham,UNCHANGED
golden harvest sona masuri rice,1,,,,REVIEW,golden harvest sona masuri rice,UNCHANGED
to 4 whole black peppercorns,1,,,,REVIEW,to 4 whole black peppercorns,UNCHANGED
to 3 tablespoons mustard oil,1,,,,REVIEW,to 3 tablespoons mustard oil,UNCHANGED
small onion sambar ones,1,,,,REVIEW,small onion sambar ones,UNCHANGED
small onion sambar,1,,,,REVIEW,small onion sambar,UNCHANGED
to 4 spring onion,1,,,,REVIEW,to 4 spring onion,UNCHANGED
to 10 rice paper rolls,1,,,,REVIEW,to 10 rice paper rolls,UNCHANGED
बड़े चमच्च हरी मिर्च,1,,,,REVIEW,बड़े चमच्च हरी मिर्च,UNCHANGED
बड़े चमच्च मेथी के दाने,1,,,,REVIEW,बड़े चमच्च मेथी के दाने,UNCHANGED
-2 tablespoon honey,1,,,,REVIEW,-2 tablespoon honey,UNCHANGED
-4 dry red chilli,1,,,,REVIEW,-4 dry red chilli,UNCHANGED
बड़े चम्मच अनार के दाने,1,,,,REVIEW,बड़े चम्मच अनार के दाने,UNCHANGED
बड़े चम्मच गुलाब का पानी,1,,,,REVIEW,बड़े चम्मच गुलाब का पानी,UNCHANGED
नोंगु,1,,,,REVIEW,नोंगु,UNCHANGED
corn chips,1,,,,REVIEW,corn chips,UNCHANGED
lemon juice -,1,,,,REVIEW,lemon juice -,UNCHANGED
grand marnier,1,,,,REVIEW,grand marnier,UNCHANGED
sherry,1,,,,REVIEW,sherry,UNCHANGED
spinach basil sauce,1,,,,REVIEW,spinach basil sauce,UNCHANGED
- 3 saffron strands,1,,,,REVIEW,- 3 saffron strands,UNCHANGED
-3 tablespoons anardana powder,1,,,,REVIEW,-3 tablespoons anardana powder,UNCHANGED
to 6 dry red chillies,1,,,,REVIEW,to 6 dry red chillies,UNCHANGED
1/2 tablespoon coriander seeds,1,,,,REVIEW,1/2 tablespoon coriander seeds,UNCHANGED
to 4 cardamom powder,1,,,,REVIEW,to 4 cardamom powder,UNCHANGED
-1 1/2 cups rice,1,,,,REVIEW,-1 1/2 cups rice,UNCHANGED
-1 1/2 cups mango,1,,,,REVIEW,-1 1/2 cups mango,UNCHANGED
– 3/4 cup lukewarm water,1,,,,REVIEW,– 3/4 cup lukewarm water,UNCHANGED
1/2 teaspoon brown sugar,1,,,,REVIEW,1/2 teaspoon brown sugar,UNCHANGED
-8 strawberries,1,,,,REVIEW,-8 strawberries,UNCHANGED
-3 tablespoon water,1,,,,REVIEW,-3 tablespoon water,UNCHANGED
lemon salt,1,,,,REVIEW,lemon salt,UNCHANGED
brandy,1,,,,REVIEW,brandy,UNCHANGED
1/2 cup sweet potatoes,1,,,,REVIEW,1/2 cup sweet potatoes,UNCHANGED
carp fish,1,,,,REVIEW,carp fish,UNCHANGED
-6 raw peanuts,1,,,,REVIEW,-6 raw peanuts,UNCHANGED
few roasted peanuts,1,,,,REVIEW,few roasted peanuts,UNCHANGED
-2 cups hot water,1,,,,REVIEW,-2 cups hot water,UNCHANGED
foxtail millet flour,1,,,,REVIEW,foxtail millet flour,UNCHANGED
स्नेक गॉर्ड,1,,,,REVIEW,स्नेक गॉर्ड,UNCHANGED
1/2 cup milk,1,,,,REVIEW,1/2 cup milk,UNCHANGED
बड़े चमच्च केन शक्कर,1,,,,REVIEW,बड़े चमच्च केन शक्कर,UNCHANGED
कप नारियल पाउडर,1,,,,REVIEW,कप नारियल पाउडर,UNCHANGED
khus syrup,1,,,,REVIEW,khus syrup,UNCHANGED
छोटे चम्मच पुदीना,1,,,,REVIEW,छोटे चम्मच पुदीना,UNCHANGED
बड़ा चमच्च रसम पाउडर,1,,,,REVIEW,बड़ा चमच्च रसम पाउडर,UNCHANGED
हरा सेब,1,,,,REVIEW,हरा सेब,UNCHANGED
1/2 tablespoon ginger,1,,,,REVIEW,1/2 tablespoon ginger,UNCHANGED
wood,1,,,,REVIEW,wood,UNCHANGED
1/2 cups vellai poosanikai,1,,,,REVIEW,1/2 cups vellai poosanikai,UNCHANGED
garlic chutney,1,,,,REVIEW,garlic chutney,UNCHANGED
shrikhand,1,,,,REVIEW,shrikhand,UNCHANGED
small spoon roasted tomato sauce,1,,,,REVIEW,small spoon roasted tomato sauce,UNCHANGED
medu vada,1,,,,REVIEW,medu vada,UNCHANGED
बड़े चम्मच तंदूरी मसाला,1,,,,REVIEW,बड़े चम्मच तंदूरी मसाला,UNCHANGED
ग्राम गोभी,1,,,,REVIEW,ग्राम गोभी,UNCHANGED
-2 green chilli,1,,,,REVIEW,-2 green chilli,UNCHANGED
1/2 cups mixed vegetables,1,,,,REVIEW,1/2 cups mixed vegetables,UNCHANGED
1/2 cup hakka noodles,1,,,,REVIEW,1/2 cup hakka noodles,UNCHANGED
ragi rava,1,,,,REVIEW,ragi rava,UNCHANGED
-7 choco thins,1,,,,REVIEW,-7 choco thins,UNCHANGED
-7 blueberries,1,,,,REVIEW,-7 blueberries,UNCHANGED
किलो गोभी,1,,,,REVIEW,किलो गोभी,UNCHANGED
-1 tablespoon lemon juice,1,,,,REVIEW,-1 tablespoon lemon juice,UNCHANGED
- 5 spring onion greens,1,,,,REVIEW,- 5 spring onion greens,UNCHANGED
to 15 sun dried tomatoes,1,,,,REVIEW,to 15 sun dried tomatoes,UNCHANGED
sambal oelek,1,,,,REVIEW,sambal oelek,UNCHANGED
-3 sprig curry leaves,1,,,,REVIEW,-3 sprig curry leaves,UNCHANGED
- 3 cloves garlic,1,,,,REVIEW,- 3 cloves garlic,UNCHANGED
छोटा चमच्च मसूर दाल,1,,,,REVIEW,मसूर दाल,CLEANED
पिली ककड़ी,1,,,,REVIEW,पिली ककड़ी,UNCHANGED
छोटे चमच्च नारियल का तेल,1,,,,REVIEW,छोटे चमच्च नारियल का तेल,UNCHANGED
mustard seeds -,1,,,,REVIEW,mustard seeds -,UNCHANGED
छोटा चमच्च अरहर दाल,1,,,,REVIEW,अरहर दाल,CLEANED
1/2 tablespoon lemongrass,1,,,,REVIEW,1/2 tablespoon lemongrass,UNCHANGED
to 7 green chillies,1,,,,REVIEW,to 7 green chillies,UNCHANGED
छोटा चमच्च पुरे काली मिर्च मकई,1,,,,REVIEW,पुरे काली मिर्च मकई,CLEANED
rice water,1,,,,REVIEW,rice water,UNCHANGED
1/2 cups drumstick leaves,1,,,,REVIEW,1/2 cups drumstick leaves,UNCHANGED
छोटे चम्मच शिमला मिर्च,1,,,,REVIEW,छोटे चम्मच शिमला मिर्च,UNCHANGED
spoon turmeric powder,1,,,,REVIEW,spoon turmeric powder,UNCHANGED
large spoon lemon juice,1,,,,REVIEW,large spoon lemon juice,UNCHANGED
beetroot greens,1,,,,REVIEW,beetroot greens,UNCHANGED
कप पास्ता,1,,,,REVIEW,कप पास्ता,UNCHANGED
बड़े चम्मच अचारी मेयो,1,,,,REVIEW,बड़े चम्मच अचारी मेयो,UNCHANGED
चिकन ब्रैस्ट,1,,,,REVIEW,चिकन ब्रैस्ट,UNCHANGED
छोटा चम्मच गार्लिक और ओरेगानो स्प्रेड,1,,,,REVIEW,गार्लिक और ओरेगानो स्प्रेड,CLEANED
slider bun,1,,,,REVIEW,slider bun,UNCHANGED
to 6 हरी मिर्च,1,,,,REVIEW,to 6 हरी मिर्च,UNCHANGED
-2 tablespoons sunflower seeds,1,,,,REVIEW,-2 tablespoons sunflower seeds,UNCHANGED
puffed grains,1,,,,REVIEW,puffed grains,UNCHANGED
-2 red radish,1,,,,REVIEW,-2 red radish,UNCHANGED
-2 tablespoons sunflower oil,1,,,,REVIEW,-2 tablespoons sunflower oil,UNCHANGED
बड़ा चमच्च अजवाइन,1,,,,REVIEW,बड़ा चमच्च अजवाइन,UNCHANGED
ग्राम्स अरबी,1,,,,REVIEW,ग्राम्स अरबी,UNCHANGED
1/2 teaspoon butter,1,,,,REVIEW,1/2 teaspoon butter,UNCHANGED
¼ cup homemade tomato puree,1,,,,REVIEW,¼ cup homemade tomato puree,UNCHANGED
chamomile tea,1,,,,REVIEW,chamomile tea,UNCHANGED
matcha powder,1,,,,REVIEW,matcha powder,UNCHANGED
dried shrimps,1,,,,REVIEW,dried shrimps,UNCHANGED
1/2 inch ginger,1,,,,REVIEW,1/2 inch ginger,UNCHANGED
aachi fish masala,1,,,,REVIEW,aachi fish masala,UNCHANGED
raspberry compote,1,,,,REVIEW,raspberry compote,UNCHANGED
कप्स काला चना,1,,,,REVIEW,कप्स काला चना,UNCHANGED
pumpkin flowers,1,,,,REVIEW,pumpkin flowers,UNCHANGED
or 2 fresh red chillies,1,,,,REVIEW,or 2 fresh red chillies,UNCHANGED
small tablespoon coriander powder,1,,,,REVIEW,small tablespoon coriander powder,UNCHANGED
apple vodka,1,,,,REVIEW,apple vodka,UNCHANGED
wheat grass,1,,,,REVIEW,wheat grass,UNCHANGED
horse,1,,,,REVIEW,horse,UNCHANGED
-5 dates,1,,,,REVIEW,-5 dates,UNCHANGED
of suran,1,,,,REVIEW,of suran,UNCHANGED
tea monk seiki peppermint green tea,1,,,,REVIEW,tea monk seiki peppermint green tea,UNCHANGED
sweetened coconut flakes,1,,,,REVIEW,sweetened coconut flakes,UNCHANGED
-3 tablespoon extra virgin olive oil,1,,,,REVIEW,-3 tablespoon extra virgin olive oil,UNCHANGED
1/2 cups kabuli chana,1,,,,REVIEW,1/2 cups kabuli chana,UNCHANGED
of lemon juice,1,,,,REVIEW,of lemon juice,UNCHANGED
g potato,1,,,,REVIEW,g potato,UNCHANGED
bourbon,1,,,,REVIEW,bourbon,UNCHANGED
spoon oil,1,,,,REVIEW,spoon oil,UNCHANGED
knoll knoll leaves,1,,,,REVIEW,knoll knoll leaves,UNCHANGED
knoll knoll,1,,,,REVIEW,knoll knoll,UNCHANGED
क्रीम,1,,,,REVIEW,क्रीम,UNCHANGED
to 12 dry red chillies,1,,,,REVIEW,to 12 dry red chillies,UNCHANGED
पत्ते हरा धनिया,1,,,,REVIEW,पत्ते हरा धनिया,UNCHANGED
कप चीज़,1,,,,REVIEW,कप चीज़,UNCHANGED
tandoori chicken masala,1,,,,REVIEW,tandoori chicken masala,UNCHANGED
¼ cup curd,1,,,,REVIEW,¼ cup curd,UNCHANGED
a pinch kashmiri red chilli powder,1,,,,REVIEW,a pinch kashmiri red chilli powder,UNCHANGED
grapefruit,1,,,,REVIEW,grapefruit,UNCHANGED
hazelnut meal,1,,,,REVIEW,hazelnut meal,UNCHANGED
of batua,1,,,,REVIEW,of batua,UNCHANGED
cardamom crush,1,,,,REVIEW,cardamom crush,UNCHANGED
small spoon black pepper powder,1,,,,REVIEW,small spoon black pepper powder,UNCHANGED
of thyme leaves,1,,,,REVIEW,of thyme leaves,UNCHANGED
-5 badam,1,,,,REVIEW,-5 badam,UNCHANGED
-5 raisins,1,,,,REVIEW,-5 raisins,UNCHANGED
apple juice -,1,,,,REVIEW,apple juice -,UNCHANGED
to 5 whole black peppercorns,1,,,,REVIEW,to 5 whole black peppercorns,UNCHANGED
बड़े चमच्च तिल,1,,,,REVIEW,बड़े चमच्च तिल,UNCHANGED
तिल,1,,,,REVIEW,तिल,UNCHANGED
छोटे चमच्च कश्मीरी लाल मिर्च पाउडर,1,,,,REVIEW,छोटे चमच्च कश्मीरी लाल मिर्च पाउडर,UNCHANGED
बड़े चमच्च सांबर पाउडर,1,,,,REVIEW,बड़े चमच्च सांबर पाउडर,UNCHANGED
curry garlic,1,,,,REVIEW,curry garlic,UNCHANGED
olive,1,,,,REVIEW,olive,UNCHANGED
gm amla,1,,,,REVIEW,gm amla,UNCHANGED
green coffee beans,1,,,,REVIEW,green coffee beans,UNCHANGED
fresh jasmine buds,1,,,,REVIEW,fresh jasmine buds,UNCHANGED
parseley,1,,,,REVIEW,parseley,UNCHANGED
nando's peri peri chicken sauce,1,,,,REVIEW,nando's peri peri chicken sauce,UNCHANGED
small tablespoon red chili powder,1,,,,REVIEW,small tablespoon red chili powder,UNCHANGED
-3 basil leaves,1,,,,REVIEW,-3 basil leaves,UNCHANGED
dal curry leaves,1,,,,REVIEW,dal curry leaves,UNCHANGED
-7 whole black pepper,1,,,,REVIEW,-7 whole black pepper,UNCHANGED
-3 dry red chilies,1,,,,REVIEW,-3 dry red chilies,UNCHANGED
black cumin,1,,,,REVIEW,black cumin,UNCHANGED
to 3 teaspoons coriander leaves,1,,,,REVIEW,to 3 teaspoons coriander leaves,UNCHANGED
crab,1,,,,REVIEW,crab,UNCHANGED
goji berries,1,,,,REVIEW,goji berries,UNCHANGED
fox nuts,1,,,,REVIEW,fox nuts,UNCHANGED
1/2 teaspoon dried oregano,1,,,,REVIEW,1/2 teaspoon dried oregano,UNCHANGED
coconut flour,1,,,,REVIEW,coconut flour,UNCHANGED
barley flour,1,,,,REVIEW,barley flour,UNCHANGED
-4 sprig chives,1,,,,REVIEW,-4 sprig chives,UNCHANGED
-6 potato,1,,,,REVIEW,-6 potato,UNCHANGED
ash gourd,1,,,,REVIEW,ash gourd,UNCHANGED
tea leaf,1,,,,REVIEW,tea leaf,UNCHANGED
½ inch cinnamon stick,1,,,,REVIEW,½ inch cinnamon stick,UNCHANGED
छोटा चमच्च अदरक लहसुन पेस्ट,1,,,,REVIEW,अदरक लहसुन पेस्ट,CLEANED
-2 teaspoons red wine,1,,,,REVIEW,-2 teaspoons red wine,UNCHANGED
bhindi/okra/vendaikkai,1,,,,REVIEW,bhindi/okra/vendaikkai,UNCHANGED
हल्दी,1,,,,REVIEW,हल्दी,UNCHANGED
-6 black olives,1,,,,REVIEW,-6 black olives,UNCHANGED
1/4 cup white urad dal,1,,,,REVIEW,1/4 cup white urad dal,UNCHANGED
stalks rasna,1,,,,REVIEW,stalks rasna,UNCHANGED
of feta cheese,1,,,,REVIEW,of feta cheese,UNCHANGED
or 2 yellow food colour,1,,,,REVIEW,or 2 yellow food colour,UNCHANGED
ice cream cone,1,,,,REVIEW,ice cream cone,UNCHANGED
tender coconut meat,1,,,,REVIEW,tender coconut meat,UNCHANGED
small teaspoon cumin,1,,,,REVIEW,cumin,CLEANED
1 tsp oil,1,,,,REVIEW,1 tsp oil,UNCHANGED
sweet paan mix,1,,,,REVIEW,sweet paan mix,UNCHANGED
beetroot juice,1,,,,REVIEW,beetroot juice,UNCHANGED
to 8 walnuts,1,,,,REVIEW,to 8 walnuts,UNCHANGED
to 3 teaspoons extra virgin olive oil,1,,,,REVIEW,to 3 teaspoons extra virgin olive oil,UNCHANGED
few sprig parsley leaves,1,,,,REVIEW,few sprig parsley leaves,UNCHANGED
few sprig purple basil,1,,,,REVIEW,few sprig purple basil,UNCHANGED
few sprig basil leaves,1,,,,REVIEW,few sprig basil leaves,UNCHANGED
1/2 cup spinach leaves,1,,,,REVIEW,1/2 cup spinach leaves,UNCHANGED
turmeric leaves,1,,,,REVIEW,turmeric leaves,UNCHANGED
- 5 cloves garlic,1,,,,REVIEW,- 5 cloves garlic,UNCHANGED
fennel leaves,1,,,,REVIEW,fennel leaves,UNCHANGED
to 12 green beans,1,,,,REVIEW,to 12 green beans,UNCHANGED
basella,1,,,,REVIEW,basella,UNCHANGED
-8 saffron strands,1,,,,REVIEW,-8 saffron strands,UNCHANGED
runner beans,1,,,,REVIEW,runner beans,UNCHANGED
कप नारियल का पानी,1,,,,REVIEW,कप नारियल का पानी,UNCHANGED
-4 mango,1,,,,REVIEW,-4 mango,UNCHANGED
processed cheese,1,,,,REVIEW,processed cheese,UNCHANGED
बड़े चमच्च मक्की का आटा,1,,,,REVIEW,बड़े चमच्च मक्की का आटा,UNCHANGED
ग्राम सरसों,1,,,,REVIEW,ग्राम सरसों,UNCHANGED
lychee,1,,,,REVIEW,lychee,UNCHANGED
mango coulis,1,,,,REVIEW,mango coulis,UNCHANGED
butterscotch ice cream,1,,,,REVIEW,butterscotch ice cream,UNCHANGED
whole wheat oatmeal cookies,1,,,,REVIEW,whole wheat oatmeal cookies,UNCHANGED
-4 cups malabar spinach leaves,1,,,,REVIEW,-4 cups malabar spinach leaves,UNCHANGED
-8 tablespoons cocoa powder,1,,,,REVIEW,-8 tablespoons cocoa powder,UNCHANGED
pinch raita masala,1,,,,REVIEW,raita masala,CLEANED
pork belly,1,,,,REVIEW,pork belly,UNCHANGED
बेकिंग पाउडर,1,,,,REVIEW,बेकिंग पाउडर,UNCHANGED
छोटा चमच्च मैदा,1,,,,REVIEW,मैदा,CLEANED
onion rings,1,,,,REVIEW,onion rings,UNCHANGED
टहनी थाई बेसिल के पत्ते,1,,,,REVIEW,थाई बेसिल के पत्ते,CLEANED
छोटा चम्मच करी पाउडर,1,,,,REVIEW,करी पाउडर,CLEANED
बड़ा चम्मच लेमन ग्रास,1,,,,REVIEW,बड़ा चम्मच लेमन ग्रास,UNCHANGED
बड़े चम्मच ओलिव का तेल,1,,,,REVIEW,बड़े चम्मच ओलिव का तेल,UNCHANGED
to 4 tablespoon ghee,1,,,,REVIEW,to 4 tablespoon ghee,UNCHANGED
turkey berry,1,,,,REVIEW,turkey berry,UNCHANGED
-4 shallots,1,,,,REVIEW,-4 shallots,UNCHANGED
-5 thai basil leaves,1,,,,REVIEW,-5 thai basil leaves,UNCHANGED
to 10 hard taco shells,1,,,,REVIEW,to 10 hard taco shells,UNCHANGED
बड़ा चमच्च इमली का पानी,1,,,,REVIEW,बड़ा चमच्च इमली का पानी,UNCHANGED
-6 bimbla,1,,,,REVIEW,-6 bimbla,UNCHANGED
spring onion bulbs,1,,,,REVIEW,spring onion bulbs,UNCHANGED
1/2 teaspoons mustard seeds,1,,,,REVIEW,1/2 teaspoons mustard seeds,UNCHANGED
छोटे चमच्च मेथी के दाने,1,,,,REVIEW,छोटे चमच्च मेथी के दाने,UNCHANGED
ग्राम्स कच्चा टमाटर,1,,,,REVIEW,ग्राम्स कच्चा टमाटर,UNCHANGED
-12 mint leaves,1,,,,REVIEW,-12 mint leaves,UNCHANGED
-20 parsley leaves,1,,,,REVIEW,-20 parsley leaves,UNCHANGED
-6 sichuan peppercorns,1,,,,REVIEW,-6 sichuan peppercorns,UNCHANGED
-7 cherry tomatoes,1,,,,REVIEW,-7 cherry tomatoes,UNCHANGED
-20 red amaranth leaves,1,,,,REVIEW,-20 red amaranth leaves,UNCHANGED
बड़ा चमच्च मल्टीग्रेन आटा,1,,,,REVIEW,बड़ा चमच्च मल्टीग्रेन आटा,UNCHANGED
कप टोफू,1,,,,REVIEW,कप टोफू,UNCHANGED
कप ज़ुकिनी,1,,,,REVIEW,कप ज़ुकिनी,UNCHANGED
बड़ा चम्मच काजू,1,,,,REVIEW,बड़ा चम्मच काजू,UNCHANGED
कप किशमिश,1,,,,REVIEW,कप किशमिश,UNCHANGED
-,1,,,,REVIEW,-,UNCHANGED
छोटे चम्मच सौंफ,1,,,,REVIEW,छोटे चम्मच सौंफ,UNCHANGED
chinese rice wine,1,,,,REVIEW,chinese rice wine,UNCHANGED
kataifi dough,1,,,,REVIEW,kataifi dough,UNCHANGED
wood apple,1,,,,REVIEW,wood apple,UNCHANGED
1//4 cups sugar,1,,,,REVIEW,1//4 cups sugar,UNCHANGED
-4 tablespoons butter,1,,,,REVIEW,-4 tablespoons butter,UNCHANGED
cut 3 sprigs of mint,1,,,,REVIEW,cut 3 sprigs of mint,UNCHANGED
make 1 cup tomato-puree,1,,,,REVIEW,make 1 cup tomato-puree,UNCHANGED
-4 plum rose fruit,1,,,,REVIEW,-4 plum rose fruit,UNCHANGED
बड़ा चमच्च तेल -,1,,,,REVIEW,बड़ा चमच्च तेल -,UNCHANGED
बड़ा चमच्च किशमिश,1,,,,REVIEW,बड़ा चमच्च किशमिश,UNCHANGED
कप गुड़ -,1,,,,REVIEW,कप गुड़ -,UNCHANGED
to 3 tablespoons gram flour,1,,,,REVIEW,to 3 tablespoons gram flour,UNCHANGED
to 1 1/4 cabbage,1,,,,REVIEW,to 1 1/4 cabbage,UNCHANGED
pandan leaf,1,,,,REVIEW,pandan leaf,UNCHANGED
छोटे टमाटर,1,,,,REVIEW,छोटे टमाटर,UNCHANGED
ग्राम वीट ग्रास,1,,,,REVIEW,ग्राम वीट ग्रास,UNCHANGED
pumpkin pasta sauce,1,,,,REVIEW,pumpkin pasta sauce,UNCHANGED
fruit,1,,,,REVIEW,fruit,UNCHANGED
salt and pepper -,1,,,,REVIEW,salt and pepper -,UNCHANGED
small spoon nutmeg powder,1,,,,REVIEW,small spoon nutmeg powder,UNCHANGED
stone flowers,1,,,,REVIEW,stone flowers,UNCHANGED
kitkat bars,1,,,,REVIEW,kitkat bars,UNCHANGED
बड़े चम्मच मेथी के दाने,1,,,,REVIEW,बड़े चम्मच मेथी के दाने,UNCHANGED
long string bean,1,,,,REVIEW,long string bean,UNCHANGED
- 4 कली लहसुन,1,,,,REVIEW,- 4 कली लहसुन,UNCHANGED
- 2 हरी मिर्च,1,,,,REVIEW,- 2 हरी मिर्च,UNCHANGED
- 6 कढ़ी पत्ता,1,,,,REVIEW,- 6 कढ़ी पत्ता,UNCHANGED
plum sauce,1,,,,REVIEW,plum sauce,UNCHANGED
green tea leaves,1,,,,REVIEW,green tea leaves,UNCHANGED
1/2 teaspoon extra virgin olive oil,1,,,,REVIEW,1/2 teaspoon extra virgin olive oil,UNCHANGED
छोटे आलू,1,,,,REVIEW,छोटे आलू,UNCHANGED
to 4 drumstick,1,,,,REVIEW,to 4 drumstick,UNCHANGED
ice apple,1,,,,REVIEW,ice apple,UNCHANGED
1/2 tablespoons instant oats,1,,,,REVIEW,1/2 tablespoons instant oats,UNCHANGED
slices whole wheat brown bread,1,,,,REVIEW,slices whole wheat brown bread,UNCHANGED
to 3 cups water,1,,,,REVIEW,to 3 cups water,UNCHANGED
बड़े चमच्च चाट मसाला पाउडर,1,,,,REVIEW,बड़े चमच्च चाट मसाला पाउडर,UNCHANGED
बड़ा चमच्च फ्लैक्स सीड्स पाउडर,1,,,,REVIEW,बड़ा चमच्च फ्लैक्स सीड्स पाउडर,UNCHANGED
homemade pizza dough,1,,,,REVIEW,pizza dough,CLEANED
-5 beetroot,1,,,,REVIEW,-5 beetroot,UNCHANGED
red chilli powder -,1,,,,REVIEW,red chilli powder -,UNCHANGED
punjabi aloo samosa,1,,,,REVIEW,punjabi aloo samosa,UNCHANGED
chinese potato,1,,,,REVIEW,chinese potato,UNCHANGED
bread loaf,1,,,,REVIEW,bread loaf,UNCHANGED
spoon whole black pepper,1,,,,REVIEW,spoon whole black pepper,UNCHANGED
scoop vanilla ice cream,1,,,,REVIEW,scoop vanilla ice cream,UNCHANGED
m&m’s chocolate candies,1,,,,REVIEW,m&m’s chocolate candies,UNCHANGED
dry red peppers,1,,,,REVIEW,dry red peppers,UNCHANGED
1/2 cups yogurt,1,,,,REVIEW,1/2 cups yogurt,UNCHANGED
-5 button mushrooms,1,,,,REVIEW,-5 button mushrooms,UNCHANGED
-3 clove garlic,1,,,,REVIEW,-3 clove garlic,UNCHANGED
horse-powder,1,,,,REVIEW,horse-powder,UNCHANGED
pheni,1,,,,REVIEW,pheni,UNCHANGED
stock green coriander,1,,,,REVIEW,stock green coriander,UNCHANGED
yield,1,,,,REVIEW,yield,UNCHANGED
byadagi chilli powder,1,,,,REVIEW,byadagi chilli powder,UNCHANGED
1/2 tablespoons butter,1,,,,REVIEW,1/2 tablespoons butter,UNCHANGED
rice puttu,1,,,,REVIEW,rice puttu,UNCHANGED
to 3 sprig coriander leaves,1,,,,REVIEW,to 3 sprig coriander leaves,UNCHANGED
-15 curry leaves,1,,,,REVIEW,-15 curry leaves,UNCHANGED
-2 jackfruit ripe,1,,,,REVIEW,-2 jackfruit ripe,UNCHANGED
mash,1,,,,REVIEW,mash,UNCHANGED
-3 tablespoon sunflower oil,1,,,,REVIEW,-3 tablespoon sunflower oil,UNCHANGED
shell pasta,1,,,,REVIEW,shell pasta,UNCHANGED
chickpea sprouts,1,,,,REVIEW,chickpea sprouts,UNCHANGED
-2 teaspoons mango pickle,1,,,,REVIEW,-2 teaspoons mango pickle,UNCHANGED
turmeric powder -,1,,,,REVIEW,turmeric powder -,UNCHANGED
किलो टमाटर,1,,,,REVIEW,किलो टमाटर,UNCHANGED
parcel,1,,,,REVIEW,parcel,UNCHANGED
gm button mushrooms,1,,,,REVIEW,gm button mushrooms,UNCHANGED
to 12 badam,1,,,,REVIEW,to 12 badam,UNCHANGED
1/2 cups sooji,1,,,,REVIEW,1/2 cups sooji,UNCHANGED
nuggets coriander,1,,,,REVIEW,nuggets coriander,UNCHANGED
nutmeg powder -,1,,,,REVIEW,nutmeg powder -,UNCHANGED
gms hen,1,,,,REVIEW,gms hen,UNCHANGED
कप बादाम पाउडर,1,,,,REVIEW,कप बादाम पाउडर,UNCHANGED
flower cabbage,1,,,,REVIEW,flower cabbage,UNCHANGED
1/2 cup rice flour,1,,,,REVIEW,1/2 cup rice flour,UNCHANGED
to 15 cashew nuts,1,,,,REVIEW,to 15 cashew nuts,UNCHANGED
to 8 brinjal,1,,,,REVIEW,to 8 brinjal,UNCHANGED
betel nut,1,,,,REVIEW,betel nut,UNCHANGED
1/2 cups vivatta maida,1,,,,REVIEW,1/2 cups vivatta maida,UNCHANGED
hariyali chicken tikka,1,,,,REVIEW,hariyali chicken tikka,UNCHANGED
lentil water,1,,,,REVIEW,lentil water,UNCHANGED
gms cheese,1,,,,REVIEW,gms cheese,UNCHANGED
kachris,1,,,,REVIEW,kachris,UNCHANGED
spoon cumin powder,1,,,,REVIEW,spoon cumin powder,UNCHANGED
ginger-paste,1,,,,REVIEW,ginger-paste,UNCHANGED
curd vada,1,,,,REVIEW,curd vada,UNCHANGED
crab meat,1,,,,REVIEW,crab meat,UNCHANGED
wonton wraps,1,,,,REVIEW,wonton wraps,UNCHANGED
small spoon rye,1,,,,REVIEW,small spoon rye,UNCHANGED
tur dal or chana dal,1,,,,REVIEW,tur dal or chana dal,UNCHANGED
homemade mole sauce,1,,,,REVIEW,mole sauce,CLEANED
of curry leaves,1,,,,REVIEW,of curry leaves,UNCHANGED
crush 1/2 cup gram flour,1,,,,REVIEW,crush 1/2 cup gram flour,UNCHANGED
gm makhana,1,,,,REVIEW,gm makhana,UNCHANGED
-3 teaspoons arhar dal,1,,,,REVIEW,-3 teaspoons arhar dal,UNCHANGED
1/2 cups mango pulp,1,,,,REVIEW,1/2 cups mango pulp,UNCHANGED
grind,1,,,,REVIEW,grind,UNCHANGED
crush 1/2 tsp whole pepper,1,,,,REVIEW,crush 1/2 tsp whole pepper,UNCHANGED
grind 1 tbsp whole black pepper,1,,,,REVIEW,grind 1 tbsp whole black pepper,UNCHANGED
कप इमली का पेस्ट,1,,,,REVIEW,कप इमली का पेस्ट,UNCHANGED
colostrum,1,,,,REVIEW,colostrum,UNCHANGED
large spoon ghee,1,,,,REVIEW,large spoon ghee,UNCHANGED
cups water,1,,,,REVIEW,cups water,UNCHANGED
white hibiscus leaves,1,,,,REVIEW,white hibiscus leaves,UNCHANGED
-10 nachos,1,,,,REVIEW,-10 nachos,UNCHANGED
-8 tofu,1,,,,REVIEW,-8 tofu,UNCHANGED
stock celery,1,,,,REVIEW,stock celery,UNCHANGED
-5 garlic,1,,,,REVIEW,-5 garlic,UNCHANGED
- 12 onions,1,,,,REVIEW,- 12 onions,UNCHANGED
jelly mix,1,,,,REVIEW,jelly mix,UNCHANGED
कप तरबूज़ का रस,1,,,,REVIEW,कप तरबूज़ का रस,UNCHANGED
बड़े चम्मच वाइट टी,1,,,,REVIEW,बड़े चम्मच वाइट टी,UNCHANGED
2 tsp cumin seeds,1,,,,REVIEW,2 tsp cumin seeds,UNCHANGED
-5 teaspoon raisins,1,,,,REVIEW,-5 teaspoon raisins,UNCHANGED
urad dal papad,1,,,,REVIEW,urad dal papad,UNCHANGED
mayo,1,,,,REVIEW,mayo,UNCHANGED
bread crutons,1,,,,REVIEW,bread crutons,UNCHANGED
small tomatoes,1,,,,REVIEW,small tomatoes,UNCHANGED
vanilla extract -,1,,,,REVIEW,vanilla extract -,UNCHANGED
छोटा चमच्च asafoetida,1,,,,REVIEW,asafoetida,CLEANED
छोटे चमच्च mustard seeds,1,,,,REVIEW,छोटे चमच्च mustard seeds,UNCHANGED
बड़े चमच्च sunflower oil,1,,,,REVIEW,बड़े चमच्च sunflower oil,UNCHANGED
कली garlic,1,,,,REVIEW,garlic,CLEANED
बड़े चमच्च पिस्ता,1,,,,REVIEW,बड़े चमच्च पिस्ता,UNCHANGED
butternut squash,1,,,,REVIEW,butternut squash,UNCHANGED
falsa,1,,,,REVIEW,falsa,UNCHANGED
to 3 tablespoons karela,1,,,,REVIEW,to 3 tablespoons karela,UNCHANGED
bean paste,1,,,,REVIEW,bean paste,UNCHANGED
roasted chana lentils,1,,,,REVIEW,chana lentils,CLEANED
goond,1,,,,REVIEW,goond,UNCHANGED
-5 black pepper powder,1,,,,REVIEW,-5 black pepper powder,UNCHANGED
pink food colour,1,,,,REVIEW,pink food colour,UNCHANGED
-2 छोटा चमच्च दही,1,,,,REVIEW,-2 छोटा चमच्च दही,UNCHANGED
छोटा चमच्च इमली का पानी,1,,,,REVIEW,इमली का पानी,CLEANED
-3 garlic,1,,,,REVIEW,-3 garlic,UNCHANGED
बड़े चम्मच धनिया पाउडर,1,,,,REVIEW,बड़े चम्मच धनिया पाउडर,UNCHANGED
ग्राम किंग फिश,1,,,,REVIEW,ग्राम किंग फिश,UNCHANGED
ग्राम झंगोरा,1,,,,REVIEW,ग्राम झंगोरा,UNCHANGED
1/2 tablespoon coriander powder,1,,,,REVIEW,1/2 tablespoon coriander powder,UNCHANGED
- 1/2 cup spinach leaves,1,,,,REVIEW,- 1/2 cup spinach leaves,UNCHANGED
4 teaspoons turmeric powder,1,,,,REVIEW,4 teaspoons turmeric powder,UNCHANGED
टहनी बेसिल,1,,,,REVIEW,बेसिल,CLEANED
to 3 tablespoons extra virgin olive oil,1,,,,REVIEW,to 3 tablespoons extra virgin olive oil,UNCHANGED
-10 mixed nuts,1,,,,REVIEW,-10 mixed nuts,UNCHANGED
+ 1 tablespoon coconut oil,1,,,,REVIEW,+ 1 tablespoon coconut oil,UNCHANGED
or 4 green chillies,1,,,,REVIEW,or 4 green chillies,UNCHANGED
fistful green peas,1,,,,REVIEW,fistful green peas,UNCHANGED
-3 green bell pepper,1,,,,REVIEW,-3 green bell pepper,UNCHANGED
corn syrup,1,,,,REVIEW,corn syrup,UNCHANGED
1/2 cup jowar flour,1,,,,REVIEW,1/2 cup jowar flour,UNCHANGED
खुबानी,1,,,,REVIEW,खुबानी,UNCHANGED
छोटा चमच्च सरसों का तेल,1,,,,REVIEW,सरसों का तेल,CLEANED
soup buns,1,,,,REVIEW,soup buns,UNCHANGED
कप बीटरूट,1,,,,REVIEW,कप बीटरूट,UNCHANGED
कप शकरकंदी,1,,,,REVIEW,कप शकरकंदी,UNCHANGED
few ice cubes,1,,,,REVIEW,few ice cubes,UNCHANGED
- 4 cups water,1,,,,REVIEW,- 4 cups water,UNCHANGED
lavender flowers,1,,,,REVIEW,lavender flowers,UNCHANGED
ada,1,,,,REVIEW,ada,UNCHANGED
1/2 cups methi leaves,1,,,,REVIEW,1/2 cups methi leaves,UNCHANGED
clamps,1,,,,REVIEW,clamps,UNCHANGED
to 3 tablespoons hung curd,1,,,,REVIEW,to 3 tablespoons hung curd,UNCHANGED
to 4 cucumber,1,,,,REVIEW,to 4 cucumber,UNCHANGED
1/2 cups kale,1,,,,REVIEW,1/2 cups kale,UNCHANGED
canned beans,1,,,,REVIEW,canned beans,UNCHANGED
to 12 saffron strands,1,,,,REVIEW,to 12 saffron strands,UNCHANGED
- 4 sprig coriander leaves,1,,,,REVIEW,- 4 sprig coriander leaves,UNCHANGED
छोटा चम्मच तिल का तेल,1,,,,REVIEW,तिल का तेल,CLEANED
छोटा चमच्च कुकिंग सोडा,1,,,,REVIEW,कुकिंग सोडा,CLEANED
बड़े चमच्च पनीर,1,,,,REVIEW,बड़े चमच्च पनीर,UNCHANGED
ग्राम कुलीथ दाल,1,,,,REVIEW,ग्राम कुलीथ दाल,UNCHANGED
few cashew nuts,1,,,,REVIEW,few cashew nuts,UNCHANGED
-3 tablespoons dry coconut,1,,,,REVIEW,-3 tablespoons dry coconut,UNCHANGED
-3 tablespoons vangi bath powder,1,,,,REVIEW,-3 tablespoons vangi bath powder,UNCHANGED
1/2 cups fresh cream,1,,,,REVIEW,1/2 cups fresh cream,UNCHANGED
submarine bread,1,,,,REVIEW,submarine bread,UNCHANGED
sundkai,1,,,,REVIEW,sundkai,UNCHANGED
-6 sweet potatoes,1,,,,REVIEW,-6 sweet potatoes,UNCHANGED
+ 2 tablespoon sunflower oil,1,,,,REVIEW,+ 2 tablespoon sunflower oil,UNCHANGED
-8 garlic,1,,,,REVIEW,-8 garlic,UNCHANGED
pinch ajwain,1,,,,REVIEW,ajwain,CLEANED
grape juice,1,,,,REVIEW,grape juice,UNCHANGED
-3 teaspoon chana dal,1,,,,REVIEW,-3 teaspoon chana dal,UNCHANGED
बड़ा चम्मच रेड चिल्ली फलैक्स,1,,,,REVIEW,बड़ा चम्मच रेड चिल्ली फलैक्स,UNCHANGED
to 12 स्ट्रॉबेरी,1,,,,REVIEW,to 12 स्ट्रॉबेरी,UNCHANGED
छोटे चमच्च अदरक पाउडर,1,,,,REVIEW,छोटे चमच्च अदरक पाउडर,UNCHANGED
to 7 cloves cloves,1,,,,REVIEW,to 7 cloves cloves,UNCHANGED
to 5 brinjal,1,,,,REVIEW,to 5 brinjal,UNCHANGED
ग्राम दही,1,,,,REVIEW,ग्राम दही,UNCHANGED
इमली का पेस्ट,1,,,,REVIEW,इमली का पेस्ट,UNCHANGED
जावित्री,1,,,,REVIEW,जावित्री,UNCHANGED
कपोक बड,1,,,,REVIEW,कपोक बड,UNCHANGED
छोटा चम्मच शाही जीरा,1,,,,REVIEW,शाही जीरा,CLEANED
बड़े चम्मच अदरक लहसुन का पेस्ट,1,,,,REVIEW,बड़े चम्मच अदरक लहसुन का पेस्ट,UNCHANGED
as much as 1/4 tsp rye,1,,,,REVIEW,as much as 1/4 tsp rye,UNCHANGED
to 3 whole black peppercorns,1,,,,REVIEW,to 3 whole black peppercorns,UNCHANGED
gms fenugreek,1,,,,REVIEW,gms fenugreek,UNCHANGED
thandai syrup,1,,,,REVIEW,thandai syrup,UNCHANGED
कप चिचिंडा,1,,,,REVIEW,कप चिचिंडा,UNCHANGED
-4 हरी मिर्च,1,,,,REVIEW,-4 हरी मिर्च,UNCHANGED
pastry dough,1,,,,REVIEW,pastry dough,UNCHANGED
ग्राम्स बीटरूट,1,,,,REVIEW,ग्राम्स बीटरूट,UNCHANGED
-5 dry red chilli,1,,,,REVIEW,-5 dry red chilli,UNCHANGED
कप रागी सेमिया,1,,,,REVIEW,कप रागी सेमिया,UNCHANGED
-1 cup green moong sprouts,1,,,,REVIEW,-1 cup green moong sprouts,UNCHANGED
-4 tablespoon butter,1,,,,REVIEW,-4 tablespoon butter,UNCHANGED
-1 cup milk chocolate,1,,,,REVIEW,-1 cup milk chocolate,UNCHANGED
to 6 tablespoons condensed milk,1,,,,REVIEW,to 6 tablespoons condensed milk,UNCHANGED
-15 mint leaves,1,,,,REVIEW,-15 mint leaves,UNCHANGED
g spinach,1,,,,REVIEW,g spinach,UNCHANGED
1/2 teaspoon mustard,1,,,,REVIEW,1/2 teaspoon mustard,UNCHANGED
-7 whole black peppercorns,1,,,,REVIEW,-7 whole black peppercorns,UNCHANGED
-8 सुखी लाल मिर्च,1,,,,REVIEW,-8 सुखी लाल मिर्च,UNCHANGED
बड़े चम्मच साम्बा चावल,1,,,,REVIEW,बड़े चम्मच साम्बा चावल,UNCHANGED
कप बाजरे का आटा,1,,,,REVIEW,कप बाजरे का आटा,UNCHANGED
कप कोडो मिलेट,1,,,,REVIEW,कप कोडो मिलेट,UNCHANGED
g small potatoes,1,,,,REVIEW,g small potatoes,UNCHANGED
cast coriander,1,,,,REVIEW,cast coriander,UNCHANGED
rose syrup,1,,,,REVIEW,rose syrup,UNCHANGED
-6 red radish,1,,,,REVIEW,-6 red radish,UNCHANGED
small teaspoon turmeric powder,1,,,,REVIEW,turmeric powder,CLEANED
gongura leaves,1,,,,REVIEW,gongura leaves,UNCHANGED
handful rice flour,1,,,,REVIEW,handful rice flour,UNCHANGED
-10 mint leaves,1,,,,REVIEW,-10 mint leaves,UNCHANGED
mess,1,,,,REVIEW,mess,UNCHANGED
cherries,1,,,,REVIEW,cherries,UNCHANGED
4 tsp asafoetida,1,,,,REVIEW,4 tsp asafoetida,UNCHANGED
roti,1,,,,REVIEW,roti,UNCHANGED
small spoon cumin powder,1,,,,REVIEW,small spoon cumin powder,UNCHANGED
-6 cumin seeds,1,,,,REVIEW,-6 cumin seeds,UNCHANGED
coriander leaves finely chopped salt,1,,,,REVIEW,coriander leaves finely chopped salt,UNCHANGED
-7 curry leaves,1,,,,REVIEW,-7 curry leaves,UNCHANGED
-8 dry red chillies,1,,,,REVIEW,-8 dry red chillies,UNCHANGED
spoon,1,,,,REVIEW,spoon,UNCHANGED
-3 ब्लैकबेरी,1,,,,REVIEW,-3 ब्लैकबेरी,UNCHANGED
संतरा,1,,,,REVIEW,संतरा,UNCHANGED
पालक,1,,,,REVIEW,पालक,UNCHANGED
to 12 whole black peppercorns,1,,,,REVIEW,to 12 whole black peppercorns,UNCHANGED
til oil,1,,,,REVIEW,til oil,UNCHANGED
bitter sweet chocolate,1,,,,REVIEW,bitter sweet chocolate,UNCHANGED
french fries,1,,,,REVIEW,french fries,UNCHANGED
fried rice,1,,,,REVIEW,fried rice,UNCHANGED
teriyaki sauce,1,,,,REVIEW,teriyaki sauce,UNCHANGED
tighten it,1,,,,REVIEW,tighten it,UNCHANGED
to 6 green beans,1,,,,REVIEW,to 6 green beans,UNCHANGED
gm arabic leaves,1,,,,REVIEW,gm arabic leaves,UNCHANGED
1/2 cup green zucchini,1,,,,REVIEW,1/2 cup green zucchini,UNCHANGED
1/4 teaspoon active dry yeast,1,,,,REVIEW,1/4 teaspoon active dry yeast,UNCHANGED
leaf,1,,,,REVIEW,leaf,UNCHANGED
panchon masala,1,,,,REVIEW,panchon masala,UNCHANGED
char magaz,1,,,,REVIEW,char magaz,UNCHANGED
tamarind sauce,1,,,,REVIEW,tamarind sauce,UNCHANGED
samvat rice,1,,,,REVIEW,samvat rice,UNCHANGED
ras el hanout spice blend,1,,,,REVIEW,ras el hanout spice blend,UNCHANGED
cluster fig,1,,,,REVIEW,cluster fig,UNCHANGED
-4 saffron strands,1,,,,REVIEW,-4 saffron strands,UNCHANGED
as per taste rye,1,,,,REVIEW,as per taste rye,UNCHANGED
maize flour,1,,,,REVIEW,maize flour,UNCHANGED
pachranga pickle,1,,,,REVIEW,pachranga pickle,UNCHANGED
chisemis,1,,,,REVIEW,chisemis,UNCHANGED
छोटे चमच्च गेहूं का आटा,1,,,,REVIEW,छोटे चमच्च गेहूं का आटा,UNCHANGED
कप सौंफ,1,,,,REVIEW,कप सौंफ,UNCHANGED
+ 1 teaspoon red chilli powder,1,,,,REVIEW,+ 1 teaspoon red chilli powder,UNCHANGED
+ 2 large tablespoon sesame,1,,,,REVIEW,+ 2 large tablespoon sesame,UNCHANGED
to 4 tbsp cream,1,,,,REVIEW,to 4 tbsp cream,UNCHANGED
-5 tablespoons extra virgin olive oil,1,,,,REVIEW,-5 tablespoons extra virgin olive oil,UNCHANGED
squid,1,,,,REVIEW,squid,UNCHANGED
seaweed sheets,1,,,,REVIEW,seaweed sheets,UNCHANGED
chilly flax,1,,,,REVIEW,chilly flax,UNCHANGED
as per taste tamarind paste,1,,,,REVIEW,as per taste tamarind paste,UNCHANGED
pinch cayenne pepper,1,,,,REVIEW,cayenne pepper,CLEANED
handful mixed nuts,1,,,,REVIEW,handful mixed nuts,UNCHANGED
mussels,1,,,,REVIEW,mussels,UNCHANGED
कड़ी पत्ता,1,,,,REVIEW,कड़ी पत्ता,UNCHANGED
ग्राम्स टिन्डोरा,1,,,,REVIEW,ग्राम्स टिन्डोरा,UNCHANGED
cranberry juice,1,,,,REVIEW,cranberry juice,UNCHANGED
pinch methi powder,1,,,,REVIEW,methi powder,CLEANED
arabica,1,,,,REVIEW,arabica,UNCHANGED
to 3 papad,1,,,,REVIEW,to 3 papad,UNCHANGED
spoon peanuts,1,,,,REVIEW,spoon peanuts,UNCHANGED
peel and then grind,1,,,,REVIEW,peel and then grind,UNCHANGED
fresh rose petals,1,,,,REVIEW,fresh rose petals,UNCHANGED
gm parwal,1,,,,REVIEW,gm parwal,UNCHANGED
sprouts,1,,,,REVIEW,sprouts,UNCHANGED
1/2 बड़ा चमच्च नारियल पाउडर,1,,,,REVIEW,1/2 बड़ा चमच्च नारियल पाउडर,UNCHANGED
ग्राम आलू,1,,,,REVIEW,ग्राम आलू,UNCHANGED
to 12 पूरी काली मिर्च,1,,,,REVIEW,to 12 पूरी काली मिर्च,UNCHANGED
-20 soy chunks,1,,,,REVIEW,-20 soy chunks,UNCHANGED
छोटा चमच्च ग्लूकोस,1,,,,REVIEW,ग्लूकोस,CLEANED
फिटकरी,1,,,,REVIEW,फिटकरी,UNCHANGED
masauras,1,,,,REVIEW,masauras,UNCHANGED
ब्रेड क्रुटोन्स,1,,,,REVIEW,ब्रेड क्रुटोन्स,UNCHANGED
-9 टमाटर,1,,,,REVIEW,-9 टमाटर,UNCHANGED
chinese cabbage,1,,,,REVIEW,chinese cabbage,UNCHANGED
oil-wise,1,,,,REVIEW,oil-wise,UNCHANGED
+ 1 teaspoon instant coffee powder,1,,,,REVIEW,+ 1 teaspoon instant coffee powder,UNCHANGED
छोटा चमच्च टमाटर केचप,1,,,,REVIEW,टमाटर केचप,CLEANED
ker,1,,,,REVIEW,ker,UNCHANGED
sangri,1,,,,REVIEW,sangri,UNCHANGED
ग्राम ड्रमस्टिक के पत्ते,1,,,,REVIEW,ग्राम ड्रमस्टिक के पत्ते,UNCHANGED
tomato-puree,1,,,,REVIEW,tomato-puree,UNCHANGED
make 1/2 teaspoon cumin seeds,1,,,,REVIEW,make 1/2 teaspoon cumin seeds,UNCHANGED
सेव,1,,,,REVIEW,सेव,UNCHANGED
मुरमुरा,1,,,,REVIEW,मुरमुरा,UNCHANGED
कप इमली की चटनी,1,,,,REVIEW,कप इमली की चटनी,UNCHANGED
कप हरी चटनी,1,,,,REVIEW,कप हरी चटनी,UNCHANGED
बोटी,1,,,,REVIEW,बोटी,UNCHANGED
soya chaap,1,,,,REVIEW,soya chaap,UNCHANGED
oats dosa batter,1,,,,REVIEW,oats dosa batter,UNCHANGED
छोटा चम्मच नारियल पाउडर,1,,,,REVIEW,नारियल पाउडर,CLEANED
1/2 छोटा चम्मच राइ,1,,,,REVIEW,1/2 छोटा चम्मच राइ,UNCHANGED
छोटा चमच्च दही,1,,,,REVIEW,दही,CLEANED
छोटा चमच्च कश्मीरी लाल मिर्च,1,,,,REVIEW,कश्मीरी लाल मिर्च,CLEANED
नोल नोल,1,,,,REVIEW,नोल नोल,UNCHANGED
नटमेग पाउडर,1,,,,REVIEW,नटमेग पाउडर,UNCHANGED
छोटा चम्मच सरसों का तेल,1,,,,REVIEW,सरसों का तेल,CLEANED
acorn squash,1,,,,REVIEW,acorn squash,UNCHANGED
ragi dosa battter,1,,,,REVIEW,ragi dosa battter,UNCHANGED
guntur red chillies,1,,,,REVIEW,guntur red chillies,UNCHANGED
kulith dal,1,,,,REVIEW,kulith dal,UNCHANGED
to 2 tablespoons dark chocolate chips,1,,,,REVIEW,to 2 tablespoons dark chocolate chips,UNCHANGED
कप सूखा पुदीना,1,,,,REVIEW,कप सूखा पुदीना,UNCHANGED
किलो दही,1,,,,REVIEW,किलो दही,UNCHANGED
कप सरसों का तेल,1,,,,REVIEW,कप सरसों का तेल,UNCHANGED
lion dates syrup,1,,,,REVIEW,lion dates syrup,UNCHANGED
coconut flakes,1,,,,REVIEW,coconut flakes,UNCHANGED
छोटा चमच्च बेसन,1,,,,REVIEW,बेसन,CLEANED
thattai,1,,,,REVIEW,thattai,UNCHANGED
ग्राम्स अगथि कीरई,1,,,,REVIEW,ग्राम्स अगथि कीरई,UNCHANGED
+1/2 कप पानी,1,,,,REVIEW,+1/2 कप पानी,UNCHANGED
shortbread cookies,1,,,,REVIEW,shortbread cookies,UNCHANGED
ग्राम प्रॉन,1,,,,REVIEW,ग्राम प्रॉन,UNCHANGED
kachampuli,1,,,,REVIEW,kachampuli,UNCHANGED
-5 सुखी लाल मिर्च,1,,,,REVIEW,-5 सुखी लाल मिर्च,UNCHANGED
बड़ा चम्मच तिल,1,,,,REVIEW,बड़ा चम्मच तिल,UNCHANGED
french beans,1,,,,REVIEW,french beans,UNCHANGED
बड़े चम्मच अमचूर,1,,,,REVIEW,बड़े चम्मच अमचूर,UNCHANGED
छोटे चम्मच काला नमक या सेंधा नमक,1,,,,REVIEW,छोटे चम्मच काला नमक या सेंधा नमक,UNCHANGED
बड़े चम्मच जीरा,1,,,,REVIEW,बड़े चम्मच जीरा,UNCHANGED
idiyappam,1,,,,REVIEW,idiyappam,UNCHANGED
नारियल का पानी,1,,,,REVIEW,नारियल का पानी,UNCHANGED
weet bix,1,,,,REVIEW,weet bix,UNCHANGED
pili moong dal,1,,,,REVIEW,pili moong dal,UNCHANGED
dulce de leche,1,,,,REVIEW,dulce de leche,UNCHANGED
बड़े चम्मच रागी का आटा,1,,,,REVIEW,बड़े चम्मच रागी का आटा,UNCHANGED
- 8 cashew nuts,1,,,,REVIEW,- 8 cashew nuts,UNCHANGED
- 3 tomatoes,1,,,,REVIEW,- 3 tomatoes,UNCHANGED
- 6 green chillies,1,,,,REVIEW,- 6 green chillies,UNCHANGED
-4 tablespoons lemon juice,1,,,,REVIEW,-4 tablespoons lemon juice,UNCHANGED
1/2 cups dried figs,1,,,,REVIEW,1/2 cups dried figs,UNCHANGED
chilli garlic sauce,1,,,,REVIEW,chilli garlic sauce,UNCHANGED
1/2 tablespoon kashmiri red chilli powder,1,,,,REVIEW,1/2 tablespoon kashmiri red chilli powder,UNCHANGED
big spoon oil,1,,,,REVIEW,big spoon oil,UNCHANGED
cabbage leaves,1,,,,REVIEW,cabbage leaves,UNCHANGED
to 8 spinach leaves,1,,,,REVIEW,to 8 spinach leaves,UNCHANGED
white butter,1,,,,REVIEW,white butter,UNCHANGED
छोटे चम्मच इलाइची,1,,,,REVIEW,छोटे चम्मच इलाइची,UNCHANGED
बड़े चम्मच खस खस,1,,,,REVIEW,बड़े चम्मच खस खस,UNCHANGED
कप पिस्ता,1,,,,REVIEW,कप पिस्ता,UNCHANGED
हरी मीर्च,1,,,,REVIEW,हरी मीर्च,UNCHANGED
बड़ा चमच्च कद्दू के बीज,1,,,,REVIEW,बड़ा चमच्च कद्दू के बीज,UNCHANGED
+ 1 प्याज,1,,,,REVIEW,+ 1 प्याज,UNCHANGED
cut lemon,1,,,,REVIEW,cut lemon,UNCHANGED
tawa parathas,1,,,,REVIEW,tawa parathas,UNCHANGED
indian butter fish,1,,,,REVIEW,indian butter fish,UNCHANGED
1/2 teaspoon vinegar,1,,,,REVIEW,1/2 teaspoon vinegar,UNCHANGED
बड़ा चम्मच हरी मिर्च,1,,,,REVIEW,बड़ा चम्मच हरी मिर्च,UNCHANGED
बड़ा चम्मच नारियल का तेल,1,,,,REVIEW,बड़ा चम्मच नारियल का तेल,UNCHANGED
बड़ा चम्मच नारियल,1,,,,REVIEW,बड़ा चम्मच नारियल,UNCHANGED
soy flakes,1,,,,REVIEW,soy flakes,UNCHANGED
red onions,1,,,,REVIEW,red onions,UNCHANGED
kalpasi flower,1,,,,REVIEW,kalpasi flower,UNCHANGED
health mix,1,,,,REVIEW,health mix,UNCHANGED
of tur dal,1,,,,REVIEW,of tur dal,UNCHANGED
ग्राम टमाटर,1,,,,REVIEW,ग्राम टमाटर,UNCHANGED
छोटा चमच्च हरा धनिया,1,,,,REVIEW,हरा धनिया,CLEANED
बड़ा चमच्च काबुली चना या छोला,1,,,,REVIEW,बड़ा चमच्च काबुली चना या छोला,UNCHANGED
farsan,1,,,,REVIEW,farsan,UNCHANGED
gulab jamun mix,1,,,,REVIEW,gulab jamun mix,UNCHANGED
pistachio extract,1,,,,REVIEW,pistachio extract,UNCHANGED
small spoon red chilli powder,1,,,,REVIEW,small spoon red chilli powder,UNCHANGED
-3 tablespoon milk,1,,,,REVIEW,-3 tablespoon milk,UNCHANGED
बड़ा चमच्च हल्दि,1,,,,REVIEW,बड़ा चमच्च हल्दि,UNCHANGED
कप हरा मट्टर,1,,,,REVIEW,कप हरा मट्टर,UNCHANGED
हरी शिमलामिर्च,1,,,,REVIEW,हरी शिमलामिर्च,UNCHANGED
- 6 dry red chillies,1,,,,REVIEW,- 6 dry red chillies,UNCHANGED
ginger teriyaki sauce,1,,,,REVIEW,ginger teriyaki sauce,UNCHANGED
as per taste red chili powder,1,,,,REVIEW,as per taste red chili powder,UNCHANGED
cowpea pod,1,,,,REVIEW,cowpea pod,UNCHANGED
butter -,1,,,,REVIEW,butter -,UNCHANGED
motichoor ladoos,1,,,,REVIEW,motichoor ladoos,UNCHANGED
छोटा चमच्च बादाम का दूध,1,,,,REVIEW,बादाम का दूध,CLEANED
of amla,1,,,,REVIEW,of amla,UNCHANGED
1/2 cup carrots,1,,,,REVIEW,1/2 cup carrots,UNCHANGED
semia,1,,,,REVIEW,semia,UNCHANGED
बड़ा चम्मच प्याज,1,,,,REVIEW,बड़ा चम्मच प्याज,UNCHANGED
बड़े चम्मच गाजर,1,,,,REVIEW,बड़े चम्मच गाजर,UNCHANGED
बड़े चम्मच हरा बीन्स,1,,,,REVIEW,बड़े चम्मच हरा बीन्स,UNCHANGED
बड़ा चम्मच शेजवान सॉस,1,,,,REVIEW,बड़ा चम्मच शेजवान सॉस,UNCHANGED
बड़े चम्मच थाई स्वीट चिल्ली सॉस,1,,,,REVIEW,बड़े चम्मच थाई स्वीट चिल्ली सॉस,UNCHANGED
big spoon black urad dal,1,,,,REVIEW,big spoon black urad dal,UNCHANGED
-3 tablespoon all purpose flour,1,,,,REVIEW,-3 tablespoon all purpose flour,UNCHANGED
-7 button mushrooms,1,,,,REVIEW,-7 button mushrooms,UNCHANGED
small tablespoon turmeric powder,1,,,,REVIEW,small tablespoon turmeric powder,UNCHANGED
nando's peri peri chicken marinade,1,,,,REVIEW,nando's peri peri chicken marinade,UNCHANGED
kerala matta rice,1,,,,REVIEW,kerala matta rice,UNCHANGED
of chickpea gram or chickpeas,1,,,,REVIEW,of chickpea gram or chickpeas,UNCHANGED
white bacardi rum,1,,,,REVIEW,white bacardi rum,UNCHANGED
veeba pasta sauce,1,,,,REVIEW,veeba pasta sauce,UNCHANGED
-6 green beans,1,,,,REVIEW,-6 green beans,UNCHANGED
chocolate pearls,1,,,,REVIEW,chocolate pearls,UNCHANGED
kebab masala,1,,,,REVIEW,kebab masala,UNCHANGED
arbi,1,,,,REVIEW,arbi,UNCHANGED
to 4 हरी मीर्च,1,,,,REVIEW,to 4 हरी मीर्च,UNCHANGED
black pepper powder -,1,,,,REVIEW,black pepper powder -,UNCHANGED
sprig ginger teriyaki sauce -,1,,,,REVIEW,sprig ginger teriyaki sauce -,UNCHANGED
-3 teaspoons jaggery,1,,,,REVIEW,-3 teaspoons jaggery,UNCHANGED
to 12 cloves garlic,1,,,,REVIEW,to 12 cloves garlic,UNCHANGED
to 20 prawns,1,,,,REVIEW,to 20 prawns,UNCHANGED
cold water,1,,,,REVIEW,cold water,UNCHANGED
sabza seeds,1,,,,REVIEW,sabza seeds,UNCHANGED
to 9 thai basil leaves,1,,,,REVIEW,to 9 thai basil leaves,UNCHANGED
to 5 tablespoons vegetable stock,1,,,,REVIEW,to 5 tablespoons vegetable stock,UNCHANGED
to 3 thai red chilli,1,,,,REVIEW,to 3 thai red chilli,UNCHANGED
green channa sprouts,1,,,,REVIEW,green channa sprouts,UNCHANGED
-10 cloves,1,,,,REVIEW,-10 cloves,UNCHANGED
1/2 tablespoons mustard seeds,1,,,,REVIEW,1/2 tablespoons mustard seeds,UNCHANGED
हरे प्याज के पत्ते,1,,,,REVIEW,हरे प्याज के पत्ते,UNCHANGED
बड़े चम्मच तिल,1,,,,REVIEW,बड़े चम्मच तिल,UNCHANGED
बड़े चम्मच हरे प्याज के पत्ते,1,,,,REVIEW,बड़े चम्मच हरे प्याज के पत्ते,UNCHANGED
बड़े चमच्च गुलकंद,1,,,,REVIEW,बड़े चमच्च गुलकंद,UNCHANGED
बड़े चमच्च गुलाब के पत्ते,1,,,,REVIEW,बड़े चमच्च गुलाब के पत्ते,UNCHANGED
curry,1,,,,REVIEW,curry,UNCHANGED
कप कंडेन्स दूध,1,,,,REVIEW,कप कंडेन्स दूध,UNCHANGED
pirandai,1,,,,REVIEW,pirandai,UNCHANGED
कप किसमिस,1,,,,REVIEW,कप किसमिस,UNCHANGED
1/2 cup instant oats,1,,,,REVIEW,1/2 cup instant oats,UNCHANGED
1/4 cup dark chocolate chips,1,,,,REVIEW,1/4 cup dark chocolate chips,UNCHANGED
1/3 cups watermelon,1,,,,REVIEW,1/3 cups watermelon,UNCHANGED
poppy poppy seeds,1,,,,REVIEW,poppy poppy seeds,UNCHANGED
chakra flowers,1,,,,REVIEW,chakra flowers,UNCHANGED
1/2 cups bean sprouts,1,,,,REVIEW,1/2 cups bean sprouts,UNCHANGED
packet egg noodles,1,,,,REVIEW,packet egg noodles,UNCHANGED
बर्फ,1,,,,REVIEW,बर्फ,UNCHANGED
- 3 sprig fresh thyme leaves,1,,,,REVIEW,- 3 sprig fresh thyme leaves,UNCHANGED
- 6 sprig fresh thyme leaves,1,,,,REVIEW,- 6 sprig fresh thyme leaves,UNCHANGED
छोटे चमच्च तिल का पाउडर,1,,,,REVIEW,छोटे चमच्च तिल का पाउडर,UNCHANGED
बड़ा चमच्च मूंगफली पाउडर,1,,,,REVIEW,बड़ा चमच्च मूंगफली पाउडर,UNCHANGED
ताजे हर्ब,1,,,,REVIEW,ताजे हर्ब,UNCHANGED
बड़ा चमच्च अनार का सिरप,1,,,,REVIEW,बड़ा चमच्च अनार का सिरप,UNCHANGED
ग्राम्स कद्दू,1,,,,REVIEW,ग्राम्स कद्दू,UNCHANGED
1/4 cup rolled oats,1,,,,REVIEW,1/4 cup rolled oats,UNCHANGED
to 2 dry red chilli,1,,,,REVIEW,to 2 dry red chilli,UNCHANGED
panch foran masala,1,,,,REVIEW,panch foran masala,UNCHANGED
to 3 cinnamon stick,1,,,,REVIEW,to 3 cinnamon stick,UNCHANGED
to 5 tablespoons curd,1,,,,REVIEW,to 5 tablespoons curd,UNCHANGED
-3 tablespoons roasted peanuts,1,,,,REVIEW,-3 tablespoons roasted peanuts,UNCHANGED
-3 tablespoons del monte mint mayo,1,,,,REVIEW,-3 tablespoons del monte mint mayo,UNCHANGED
-12 button mushrooms,1,,,,REVIEW,-12 button mushrooms,UNCHANGED
koli masala,1,,,,REVIEW,koli masala,UNCHANGED
= carrot,1,,,,REVIEW,= carrot,UNCHANGED
पिस्ता,1,,,,REVIEW,पिस्ता,UNCHANGED
बड़ा चम्मच अरहर दाल,1,,,,REVIEW,बड़ा चम्मच अरहर दाल,UNCHANGED
बड़े चम्मच काबुली चना या छोला,1,,,,REVIEW,बड़े चम्मच काबुली चना या छोला,UNCHANGED
बड़े चम्मच राजमा,1,,,,REVIEW,बड़े चम्मच राजमा,UNCHANGED
छोटा चम्मच्च हल्दी पाउडर,1,,,,REVIEW,छोटा चम्मच्च हल्दी पाउडर,UNCHANGED
छोटा चम्मच्च कलोंजी के बीज,1,,,,REVIEW,छोटा चम्मच्च कलोंजी के बीज,UNCHANGED
छोटा चम्मच्च मेथी के दाने,1,,,,REVIEW,छोटा चम्मच्च मेथी के दाने,UNCHANGED
छोटा चम्मच्च धनिये के बीज,1,,,,REVIEW,छोटा चम्मच्च धनिये के बीज,UNCHANGED
छोटा चम्मच्च सौंफ,1,,,,REVIEW,छोटा चम्मच्च सौंफ,UNCHANGED
छोटा चम्मच्च राइ,1,,,,REVIEW,छोटा चम्मच्च राइ,UNCHANGED
black soy beans,1,,,,REVIEW,black soy beans,UNCHANGED
छोटा चमच्च मूंगफली,1,,,,REVIEW,मूंगफली,CLEANED
mangodi,1,,,,REVIEW,mangodi,UNCHANGED
छोटा चम्मच इमली,1,,,,REVIEW,इमली,CLEANED
बड़ा चम्मच सफ़ेद उरद दाल,1,,,,REVIEW,बड़ा चम्मच सफ़ेद उरद दाल,UNCHANGED
-5 tablespoons sunflower oil,1,,,,REVIEW,-5 tablespoons sunflower oil,UNCHANGED
mixed beans,1,,,,REVIEW,mixed beans,UNCHANGED
बड़े चम्मच काली उरद दाल,1,,,,REVIEW,बड़े चम्मच काली उरद दाल,UNCHANGED
बड़े चम्मच हरी मूंग दाल,1,,,,REVIEW,बड़े चम्मच हरी मूंग दाल,UNCHANGED
to 4 cloves,1,,,,REVIEW,to 4 cloves,UNCHANGED
to 3 black cardamom,1,,,,REVIEW,to 3 black cardamom,UNCHANGED
gorgonzola cheese,1,,,,REVIEW,gorgonzola cheese,UNCHANGED
risotto,1,,,,REVIEW,risotto,UNCHANGED
half and half,1,,,,REVIEW,half and half,UNCHANGED
jal jeera powder,1,,,,REVIEW,jal jeera powder,UNCHANGED
aloe vera extract,1,,,,REVIEW,aloe vera extract,UNCHANGED
sarsaparilla,1,,,,REVIEW,sarsaparilla,UNCHANGED
लौंग -,1,,,,REVIEW,लौंग -,UNCHANGED
कप्स डबल बीन्स,1,,,,REVIEW,कप्स डबल बीन्स,UNCHANGED
1/2 छोटा चम्मच धनिया पाउडर,1,,,,REVIEW,1/2 छोटा चम्मच धनिया पाउडर,UNCHANGED
कप दलिया,1,,,,REVIEW,कप दलिया,UNCHANGED
छोटा चम्मच्च लाल मिर्च पाउडर,1,,,,REVIEW,छोटा चम्मच्च लाल मिर्च पाउडर,UNCHANGED
bc belle bhat powder,1,,,,REVIEW,bc belle bhat powder,UNCHANGED
