candidate_ingredient,frequency,canonical_ingredient,ingredient_form,category,mapping_status
salt,5369,salt,default,,AUTO
sunflower oil,2462,sunflower oil,default,,AUTO
turmeric powder,2231,turmeric,powder,,AUTO
garlic,2045,garlic,default,,AUTO
onion,1972,onion,default,,AUTO
red chilli powder,1735,red chilli,powder,,AUTO
ginger,1624,ginger,default,,AUTO
cumin seeds,1560,cumin,seed,,AUTO
coriander leaves,1546,coriander,leaf,,AUTO
green chillies,1373,green chilli,default,,AUTO
curry leaves,1202,curry leaf,default,,AUTO
sugar,1121,sugar,default,,AUTO
water,1105,water,default,,AUTO
mustard seeds,1094,mustard,seed,,AUTO
ghee,1048,ghee,default,,AUTO
coriander powder,910,coriander,powder,,AUTO
garam masala powder,859,garam masala,powder,,AUTO
black pepper powder,853,black pepper,powder,,AUTO
lemon juice,827,lemon juice,default,,AUTO
butter,766,butter,default,,AUTO
cumin powder,756,cumin,powder,,AUTO
extra virgin olive oil,751,olive oil,default,,AUTO
asafoetida,739,asafoetida,default,,AUTO
fresh coconut,692,coconut,fresh,,AUTO
dry red chillies,688,dry red chilli,default,,AUTO
milk,685,milk,default,,AUTO
tomato,651,tomato,default,,AUTO
green chilli,640,green chilli,default,,AUTO
tomatoes,631,tomato,default,,AUTO
curd,613,curd,default,,AUTO
cinnamon stick,532,cinnamon,stick,,AUTO
all purpose flour,526,all purpose flour,flour,,AUTO
नमक,515,salt,default,,AUTO
onions,513,onion,default,,AUTO
white urad dal,481,urad dal,white,,AUTO
whole wheat flour,467,whole wheat flour,flour,,AUTO
whole black peppercorns,465,black pepper,whole,,AUTO
jaggery,451,jaggery,default,,AUTO
cardamom pods/seeds,436,cardamom,pod,,AUTO
carrot,375,carrot,default,,AUTO
mint leaves,373,mint leaf,default,,AUTO
potatoes,371,potato,default,,AUTO
oil,367,cooking oil,default,,AUTO
bay leaf,363,bay leaf,default,,AUTO
gram flour,357,chickpea flour,flour,,AUTO
fennel seeds,350,fennel,seed,,AUTO
coriander seeds,350,coriander,seed,,AUTO
whole eggs,336,egg,default,,AUTO
cashew nuts,332,cashew,default,,AUTO
ginger garlic paste,328,ginger garlic,paste,,AUTO
chana dal,319,chana dal,default,,AUTO
cardamom powder,315,cardamom,powder,,AUTO
green bell pepper,314,green bell pepper,default,,AUTO
honey,313,honey,default,,AUTO
vanilla extract,299,vanilla,default,,AUTO
red chilli flakes,292,red chilli,flakes,,AUTO
methi seeds,287,fenugreek,seed,,AUTO
dry red chilli,284,red chilli,dried,,AUTO
green peas,280,green peas,fresh,,AUTO
mustard oil,272,mustard,oil,,AUTO
baking powder,267,baking powder,default,,AUTO
fresh cream,250,cream,fresh,,AUTO
paneer,250,paneer,default,,AUTO
ajwain,243,ajwain,default,,AUTO
हरी मिर्च,243,green chilli,default,,AUTO
badam,238,almond,default,,AUTO
sesame seeds,237,sesame,seed,,AUTO
carrots,233,carrot,default,,AUTO
प्याज,232,onion,default,,AUTO
dried oregano,229,oregano,default,,AUTO
chaat masala powder,229,chaat masala,default,,AUTO
pinch asafoetida,227,,,,REVIEW
rice,227,rice,default,,AUTO
salt and pepper,224,,,,REVIEW
red bell pepper,222,red bell pepper,default,,AUTO
coconut milk,216,coconut,milk,,AUTO
soy sauce,214,soy sauce,default,,AUTO
amchur,211,amchur,default,,AUTO
corn flour,210,corn,flour,,AUTO
potato,202,potato,default,,AUTO
tamarind,198,tamarind,default,,AUTO
sesame oil,196,sesame,oil,,AUTO
rice flour,196,rice,flour,,AUTO
button mushrooms,195,button mushroom,default,,AUTO
cinnamon powder,193,cinnamon,powder,,AUTO
छोटा चमच्च हल्दी पाउडर,192,,,,REVIEW
green beans,191,green beans,default,,AUTO
homemade tomato puree,191,,,,REVIEW
coconut oil,188,coconut oil,default,,AUTO
arhar dal,187,toor dal,default,,AUTO
lemon,174,lemon,default,,AUTO
caster sugar,171,,,,REVIEW
kashmiri red chilli powder,171,kashmiri red chilli,powder,,AUTO
basil leaves,168,basil,default,,AUTO
sweet corn,167,sweet corn,default,,AUTO
raisins,166,raisin,default,,AUTO
hung curd,163,curd,hung,,AUTO
छोटा चमच्च जीरा,160,,,,REVIEW
टमाटर,157,tomato,default,,AUTO
saffron strands,157,saffron,strand,,AUTO
mango,155,mango,default,,AUTO
cabbage,153,cabbage,default,,AUTO
baking soda,152,baking soda,default,,AUTO
poppy seeds,150,poppy,seed,,AUTO
pistachios,149,pistachio,default,,AUTO
kasuri methi,149,fenugreek leaves,default,,AUTO
whole egg,146,egg,default,,AUTO
sooji,146,semolina,default,,AUTO
yellow moong dal,145,moong dal,default,,AUTO
brown sugar,143,,,,REVIEW
chicken,140,chicken,default,,AUTO
इंच अदरक,139,,,,REVIEW
छोटा चमच्च लाल मिर्च पाउडर,139,,,,REVIEW
तेल,138,cooking oil,default,,AUTO
spinach,138,spinach,default,,AUTO
tamarind paste,137,tamarind,paste,,AUTO
parsley leaves,136,parsley,default,,AUTO
instant oats,134,oats,default,,AUTO
broccoli,133,broccoli,default,,AUTO
mozzarella cheese,132,mozzarella,default,,AUTO
bay leaves,130,bay leaf,default,,AUTO
सुखी लाल मिर्च,130,,,,REVIEW
spinach leaves,130,spinach,default,,AUTO
tamarind water,129,tamarind,water,,AUTO
cauliflower,128,cauliflower,default,,AUTO
cucumber,126,cucumber,default,,AUTO
chicken breasts,125,chicken,default,,AUTO
कली लहसुन,125,,,,REVIEW
roasted peanuts,124,peanut,default,,AUTO
pinch salt,124,,,,REVIEW
mustard,123,mustard,default,,AUTO
red chilli sauce,122,red chilli,sauce,,AUTO
walnuts,122,walnut,default,,AUTO
raw peanuts,121,,,,REVIEW
whole wheat brown bread,121,,,,REVIEW
basmati rice,120,,,,REVIEW
spring onion greens,113,,,,REVIEW
छोटा चमच्च राइ,112,,,,REVIEW
ripe bananas,109,,,,REVIEW
whole wheat bread crumbs,106,,,,REVIEW
brinjal,103,,,,REVIEW
methi leaves,103,,,,REVIEW
black cardamom,102,,,,REVIEW
paprika powder,102,,,,REVIEW
cocoa powder,101,,,,REVIEW
lukewarm water,99,,,,REVIEW
active dry yeast,99,,,,REVIEW
parmesan cheese,98,,,,REVIEW
sambar powder,97,,,,REVIEW
vinegar,96,,,,REVIEW
cheese,95,,,,REVIEW
spring onion,95,,,,REVIEW
star anise,93,,,,REVIEW
green coriander,92,,,,REVIEW
coriander,89,,,,REVIEW
छोटा चम्मच हल्दी पाउडर,88,,,,REVIEW
हरा धनिया,88,,,,REVIEW
tofu,88,,,,REVIEW
pearl onions,87,,,,REVIEW
vegetable stock,86,,,,REVIEW
kabuli chana,85,,,,REVIEW
dry ginger powder,83,,,,REVIEW
kaddu,83,,,,REVIEW
yellow bell pepper,82,,,,REVIEW
coconut,81,,,,REVIEW
टहनी कढ़ी पत्ता,81,,,,REVIEW
red chili powder,80,,,,REVIEW
dessicated coconut,79,,,,REVIEW
छोटा चमच्च हींग,79,,,,REVIEW
dates,79,,,,REVIEW
mutton,78,,,,REVIEW
green moong dal,78,,,,REVIEW
beetroot,77,,,,REVIEW
cheddar cheese,75,,,,REVIEW
tomato ketchup,75,,,,REVIEW
छोटा चमच्च गरम मसाला पाउडर,74,,,,REVIEW
green zucchini,74,,,,REVIEW
छोटा चमच्च धनिया पाउडर,74,,,,REVIEW
black urad dal,74,,,,REVIEW
छोटा चम्मच जीरा,73,,,,REVIEW
nutmeg powder,72,,,,REVIEW
mixed herbs,72,,,,REVIEW
kalonji,72,,,,REVIEW
हींग,71,,,,REVIEW
cooked rice,70,,,,REVIEW
black salt,70,,,,REVIEW
rye,69,,,,REVIEW
कढ़ी पत्ता,66,,,,REVIEW
green chili,66,,,,REVIEW
condensed milk,65,,,,REVIEW
long,65,,,,REVIEW
टहनी हरा धनिया,64,,,,REVIEW
masoor dal,64,,,,REVIEW
strawberries,64,,,,REVIEW
rajma,63,,,,REVIEW
dark chocolate,62,,,,REVIEW
rosemary,62,,,,REVIEW
dried thyme leaves,61,,,,REVIEW
chilled water,61,,,,REVIEW
pineapple,60,,,,REVIEW
dry coconut,60,,,,REVIEW
bottle gourd,60,,,,REVIEW
heavy whipping cream,60,,,,REVIEW
shallots,58,,,,REVIEW
green chutney,58,,,,REVIEW
आलू,58,,,,REVIEW
छोटा चम्मच लाल मिर्च पाउडर,58,,,,REVIEW
poha,57,,,,REVIEW
bhindi,57,,,,REVIEW
तेज पत्ता,56,,,,REVIEW
apple,56,,,,REVIEW
kala chana,56,,,,REVIEW
पानी,54,,,,REVIEW
lemon zest,54,,,,REVIEW
mooli/ mullangi,54,,,,REVIEW
लॉन्ग,53,,,,REVIEW
icing sugar,53,,,,REVIEW
capsicum,53,,,,REVIEW
vivatta maida,53,,,,REVIEW
cinnamon,52,,,,REVIEW
raw banana,51,,,,REVIEW
black olives,51,,,,REVIEW
mixed nuts,51,,,,REVIEW
green moong sprouts,51,,,,REVIEW
ragi flour,50,,,,REVIEW
fresh orange juice,50,,,,REVIEW
dill leaves,50,,,,REVIEW
prawns,49,,,,REVIEW
cherry tomatoes,49,,,,REVIEW
rose water,49,,,,REVIEW
mace,49,,,,REVIEW
britannia cream cheese,49,,,,REVIEW
enos fruit salt,49,,,,REVIEW
celery,48,,,,REVIEW
baby corn,48,,,,REVIEW
pickled jalapenos,47,,,,REVIEW
fennel powder,46,,,,REVIEW
cardamom,46,,,,REVIEW
बड़ा चमच्च तेल,46,,,,REVIEW
कप दही,46,,,,REVIEW
boneless chicken,46,,,,REVIEW
feta cheese,45,,,,REVIEW
कप चावल,45,,,,REVIEW
iceberg lettuce,45,,,,REVIEW
peanuts,44,,,,REVIEW
panch phoran masala,44,,,,REVIEW
कप नारियल,44,,,,REVIEW
baby potatoes,43,,,,REVIEW
buttermilk,43,,,,REVIEW
कप पानी,43,,,,REVIEW
fresh thyme leaves,42,,,,REVIEW
peanut butter,42,,,,REVIEW
mixed vegetables,42,,,,REVIEW
drumstick,42,,,,REVIEW
chocolate chips,42,,,,REVIEW
avocado,41,,,,REVIEW
anardana powder,41,,,,REVIEW
छोटा चमच्च तेल,41,,,,REVIEW
ice cubes,40,,,,REVIEW
fenugreek seeds,40,,,,REVIEW
kokum,40,,,,REVIEW
sweet potatoes,40,,,,REVIEW
छोटा चमच्च जीरा पाउडर,40,,,,REVIEW
छोटा चम्मच राइ,40,,,,REVIEW
sweet chutney,39,,,,REVIEW
khoya,39,,,,REVIEW
italian seasoning,39,,,,REVIEW
छोटा चम्मच गरम मसाला पाउडर,38,,,,REVIEW
chia seeds,38,,,,REVIEW
fresh red chillies,38,,,,REVIEW
fresh pomegranate fruit kernels,38,,,,REVIEW
orange zest,38,,,,REVIEW
elephant yam,38,,,,REVIEW
tabasco original,38,,,,REVIEW
karela,38,,,,REVIEW
sweet potato,37,,,,REVIEW
tortillas,37,,,,REVIEW
sev,37,,,,REVIEW
cumin,36,,,,REVIEW
roasted gram dal,36,,,,REVIEW
cloves,36,,,,REVIEW
quinoa,36,,,,REVIEW
इलाइची,36,,,,REVIEW
garlic powder,36,,,,REVIEW
hot water,35,,,,REVIEW
cranberries,35,,,,REVIEW
शिमला मिर्च,34,,,,REVIEW
छोटा चम्मच जीरा पाउडर,34,,,,REVIEW
asafetida,34,,,,REVIEW
black eyed beans,33,,,,REVIEW
milk powder,33,,,,REVIEW
idli rice,33,,,,REVIEW
गाजर,32,,,,REVIEW
instant coffee powder,32,,,,REVIEW
bajra flour,32,,,,REVIEW
बड़े चमच्च तेल,32,,,,REVIEW
nutmeg,32,,,,REVIEW
red onion,31,,,,REVIEW
tomato puree,31,,,,REVIEW
jowar flour,31,,,,REVIEW
slivered almonds,31,,,,REVIEW
छोटा चमच्च शक्कर,30,,,,REVIEW
almond meal,30,,,,REVIEW
छोटा चम्मच हींग,30,,,,REVIEW
sriracha sauce,30,,,,REVIEW
pinch turmeric powder,30,,,,REVIEW
lemon wedges,30,,,,REVIEW
whole black pepper corns,30,,,,REVIEW
spaghetti pasta,30,,,,REVIEW
orange,29,,,,REVIEW
soy chunks,29,,,,REVIEW
brown rice,29,,,,REVIEW
flax seed powder,29,,,,REVIEW
कप हरे मटर,29,,,,REVIEW
ssp asafoetida,29,,,,REVIEW
apples,29,,,,REVIEW
foxtail millet,28,,,,REVIEW
कप हरा धनिया,28,,,,REVIEW
homemade pizza and pasta sauce,28,,,,REVIEW
whole pepper,27,,,,REVIEW
classic mayonnaise,27,,,,REVIEW
lentil sugar,27,,,,REVIEW
छोटा चमच्च अदरक,27,,,,REVIEW
छोटा चमच्च सौंफ,27,,,,REVIEW
byadagi dried chillies,27,,,,REVIEW
pinch saffron strands,26,,,,REVIEW
pinch sugar,26,,,,REVIEW
penne pasta,26,,,,REVIEW
gingelly oil,26,,,,REVIEW
chilli vinegar,26,,,,REVIEW
horse gram dal,26,,,,REVIEW
fennel,26,,,,REVIEW
broken wheat,26,,,,REVIEW
yogurt,25,,,,REVIEW
ridge gourd,25,,,,REVIEW
green chilli sauce,25,,,,REVIEW
white pepper powder,25,,,,REVIEW
sour cream,25,,,,REVIEW
colocasia root,25,,,,REVIEW
small brinjal,25,,,,REVIEW
sweet and spicy red chilli sauce,25,,,,REVIEW
tindora,24,,,,REVIEW
roasted tomato pasta sauce,24,,,,REVIEW
black pepper corns,24,,,,REVIEW
dark soy sauce,24,,,,REVIEW
इंच दाल चीनी,24,,,,REVIEW
पूरी काली मिर्च,24,,,,REVIEW
छोटा चम्मच धनिया पाउडर,24,,,,REVIEW
idli dosa batter,24,,,,REVIEW
red yellow and green bell peppers,24,,,,REVIEW
cream,23,,,,REVIEW
muesli,23,,,,REVIEW
watermelon,23,,,,REVIEW
kiwi,23,,,,REVIEW
makki ka atta,23,,,,REVIEW
olive oil,23,,,,REVIEW
कप पिली मूंग दाल,23,,,,REVIEW
dijon mustard,23,,,,REVIEW
इंच दालचीनी,23,,,,REVIEW
बड़े चमच्च घी,23,,,,REVIEW
britannia cheese spread,23,,,,REVIEW
pav bhaji masala,22,,,,REVIEW
white vinegar,22,,,,REVIEW
अंडे,22,,,,REVIEW
wheat flour,22,,,,REVIEW
palm sugar,22,,,,REVIEW
as per taste,22,,,,REVIEW
rasam powder,22,,,,REVIEW
figaro pure olive oil,22,,,,REVIEW
maple syrup,22,,,,REVIEW
red wine vinaigrette,22,,,,REVIEW
sea salt,22,,,,REVIEW
whole cashews,22,,,,REVIEW
raw papaya,22,,,,REVIEW
कप चना दाल,21,,,,REVIEW
cashews,21,,,,REVIEW
कप बेसन,21,,,,REVIEW
maharashtrian goda masala,21,,,,REVIEW
oats flour,21,,,,REVIEW
sabudana,21,,,,REVIEW
छोटा चमच्च पूरी काली मिर्च,21,,,,REVIEW
rock salt,21,,,,REVIEW
green chilli paste,21,,,,REVIEW
बड़ा चमच्च घी,20,,,,REVIEW
boondi,20,,,,REVIEW
छोटा चम्मच तेल,20,,,,REVIEW
बड़ा चम्मच घी,20,,,,REVIEW
mustard sauce,20,,,,REVIEW
green bell peppers,20,,,,REVIEW
कप दूध,20,,,,REVIEW
cooking soda,20,,,,REVIEW
shrimps,20,,,,REVIEW
rolled oats or instant oats,20,,,,REVIEW
mint,19,,,,REVIEW
black sesame seeds,19,,,,REVIEW
drumstick leaves,19,,,,REVIEW
छोटा चमच्च काली मिर्च पाउडर,19,,,,REVIEW
छोटा चम्मच काली मिर्च पाउडर,19,,,,REVIEW
apple cider vinegar,19,,,,REVIEW
red yellow or green bell pepper,19,,,,REVIEW
small onions,19,,,,REVIEW
rice vinegar,19,,,,REVIEW
काजू,19,,,,REVIEW
egg yolks,19,,,,REVIEW
tahini,19,,,,REVIEW
phool makhana,18,,,,REVIEW
puffed rice,18,,,,REVIEW
semiya,18,,,,REVIEW
balsamic vinegar,18,,,,REVIEW
ग्राम पनीर,18,,,,REVIEW
लहसुन,18,,,,REVIEW
mango pulp,18,,,,REVIEW
of green coriander,18,,,,REVIEW
कप गाजर,18,,,,REVIEW
कप टमाटर प्यूरी,18,,,,REVIEW
कप नारियल का दूध,18,,,,REVIEW
gelatin,18,,,,REVIEW
fresh red chilli,18,,,,REVIEW
kashmiri dry red chillies,18,,,,REVIEW
घी,17,,,,REVIEW
stalks spring onion,17,,,,REVIEW
बड़ी इलाइची,17,,,,REVIEW
whole black pepper,17,,,,REVIEW
nutralite classic spread,17,,,,REVIEW
custard powder,17,,,,REVIEW
hakka noodles,17,,,,REVIEW
छोटा चमच्च निम्बू का रस,17,,,,REVIEW
amla,17,,,,REVIEW
curry powder,17,,,,REVIEW
egg whites,16,,,,REVIEW
बड़ा चमच्च अदरक लहसुन का पेस्ट,16,,,,REVIEW
बड़ा चमच्च धनिया पाउडर,16,,,,REVIEW
jackfruit raw,16,,,,REVIEW
pepper powder,16,,,,REVIEW
avarekalu / lilva beans,16,,,,REVIEW
almonds,16,,,,REVIEW
green chilies,16,,,,REVIEW
barnyard millet,16,,,,REVIEW
ricotta cheese,16,,,,REVIEW
tomato salsa,16,,,,REVIEW
bud garlic,16,,,,REVIEW
melon seeds,16,,,,REVIEW
बड़ा चम्मच तेल,16,,,,REVIEW
blueberries,16,,,,REVIEW
sunflower seeds,16,,,,REVIEW
gawar phali,15,,,,REVIEW
छोटे चमच्च तेल,15,,,,REVIEW
कप अरहर दाल,15,,,,REVIEW
nutralite garlic & oregano spread,15,,,,REVIEW
buckwheat flour,15,,,,REVIEW
छोटा चमच्च सफ़ेद उरद दाल,15,,,,REVIEW
stone flower,15,,,,REVIEW
fenugreek,15,,,,REVIEW
eggs,15,,,,REVIEW
छोटा चमच्च मेथी के दाने,15,,,,REVIEW
eggplant,15,,,,REVIEW
छोटा चमच्च अदरक लहसुन का पेस्ट,15,,,,REVIEW
छोटा चमच्च घी,15,,,,REVIEW
britannia cheese block,15,,,,REVIEW
green amaranth leaves,15,,,,REVIEW
lemons,15,,,,REVIEW
लाल मिर्च पाउडर,15,,,,REVIEW
flax seeds,15,,,,REVIEW
fish sauce,15,,,,REVIEW
salted butter,15,,,,REVIEW
egg white,15,,,,REVIEW
long garlic,14,,,,REVIEW
chicken stock,14,,,,REVIEW
rose petals,14,,,,REVIEW
tandoori masala,14,,,,REVIEW
लॉन्ग लहसुन,14,,,,REVIEW
burger buns,14,,,,REVIEW
dry fruits,14,,,,REVIEW
apricots,14,,,,REVIEW
dried rose petals,14,,,,REVIEW
english cucumber,14,,,,REVIEW
कप पुदीना,14,,,,REVIEW
fish,14,,,,REVIEW
छोटा चम्मच सफ़ेद उरद दाल,14,,,,REVIEW
sun dried tomatoes,14,,,,REVIEW
dried figs,14,,,,REVIEW
बादाम,14,,,,REVIEW
dried basil leaves,14,,,,REVIEW
बैंगन,14,,,,REVIEW
कप गेहूं का आटा,14,,,,REVIEW
mangalorean cucumber,14,,,,REVIEW
beetroots,14,,,,REVIEW
बड़े चम्मच घी,14,,,,REVIEW
of coriander,13,,,,REVIEW
बड़े चमच्च नारियल,13,,,,REVIEW
purple cabbage,13,,,,REVIEW
mixed dry fruits,13,,,,REVIEW
fresh cherries,13,,,,REVIEW
बड़ा चमच्च नारियल,13,,,,REVIEW
ग्राम भिंडी,13,,,,REVIEW
dry red chili,13,,,,REVIEW
nutella spread,13,,,,REVIEW
lemongrass,13,,,,REVIEW
yellow zucchini,13,,,,REVIEW
kaffir lime leaves,13,,,,REVIEW
छोटा चम्मच सौंफ,13,,,,REVIEW
leek,13,,,,REVIEW
pav buns,13,,,,REVIEW
कप शक्कर,13,,,,REVIEW
red matta rice,12,,,,REVIEW
pasta,12,,,,REVIEW
कप हरी मूंग दाल,12,,,,REVIEW
light soy sauce,12,,,,REVIEW
jowar seeds,12,,,,REVIEW
papaya,12,,,,REVIEW
black rice,12,,,,REVIEW
to 4 green chillies,12,,,,REVIEW
छोटा चमच्च अमचूर,12,,,,REVIEW
white chocolate,12,,,,REVIEW
mango powder,12,,,,REVIEW
cucumbers,12,,,,REVIEW
छोटा चमच्च अमचूर पाउडर,12,,,,REVIEW
rice wine vinegar,12,,,,REVIEW
ragi seeds,12,,,,REVIEW
black beans,12,,,,REVIEW
rajgira flour,12,,,,REVIEW
banana stem,12,,,,REVIEW
vellai poosanikai,12,,,,REVIEW
कप मसूर दाल,12,,,,REVIEW
pumpkin seeds,12,,,,REVIEW
almond milk,12,,,,REVIEW
कप काबुली चना या छोला,12,,,,REVIEW
छोटा चम्मच अदरक,12,,,,REVIEW
badi,12,,,,REVIEW
छोटे प्याज,12,,,,REVIEW
baguette,12,,,,REVIEW
हल्दी पाउडर,12,,,,REVIEW
कप पालक,12,,,,REVIEW
fresh herbs,12,,,,REVIEW
aerated water,12,,,,REVIEW
बड़ा चमच्च निम्बू का रस,12,,,,REVIEW
thai red chilli,12,,,,REVIEW
rice noodles,12,,,,REVIEW
काली मिर्च पाउडर,12,,,,REVIEW
red chili,11,,,,REVIEW
fresh fruits,11,,,,REVIEW
gulkand,11,,,,REVIEW
fresh figs,11,,,,REVIEW
chow chow,11,,,,REVIEW
-3 green chillies,11,,,,REVIEW
mixed fruits,11,,,,REVIEW
achari mayo,11,,,,REVIEW
छोटा चमच्च कसूरी मेथी,11,,,,REVIEW
date syrup,11,,,,REVIEW
छोटा चमच्च इलाइची पाउडर,11,,,,REVIEW
nutralite cheesy garlic mayo,11,,,,REVIEW
okra,11,,,,REVIEW
onion powder,11,,,,REVIEW
गोभी,11,,,,REVIEW
gourd,11,,,,REVIEW
lettuce leaves,11,,,,REVIEW
pinch cardamom powder,11,,,,REVIEW
raw mango,11,,,,REVIEW
निम्बू का रस,11,,,,REVIEW
कप प्याज,11,,,,REVIEW
bok choy,11,,,,REVIEW
dosa rice,11,,,,REVIEW
pinch baking soda,11,,,,REVIEW
kala jeera,11,,,,REVIEW
कप मूंगफली,11,,,,REVIEW
tulsi,11,,,,REVIEW
छोटा चमच्च नमक,11,,,,REVIEW
del monte whole corn kernels,11,,,,REVIEW
oreo biscuits,11,,,,REVIEW
thai red curry paste,11,,,,REVIEW
छोटा चम्मच निम्बू का रस,11,,,,REVIEW
macaroni pasta,11,,,,REVIEW
chocolate bar,11,,,,REVIEW
black salt or rock salt,11,,,,REVIEW
banana leaf,11,,,,REVIEW
palm jaggery,10,,,,REVIEW
barley,10,,,,REVIEW
कप स्वीट कॉर्न,10,,,,REVIEW
soybeans,10,,,,REVIEW
tender coconut water,10,,,,REVIEW
केसर,10,,,,REVIEW
stalks lemongrass,10,,,,REVIEW
बड़ा चमच्च मक्खन,10,,,,REVIEW
बड़ा चम्मच निम्बू का रस,10,,,,REVIEW
peppermint,10,,,,REVIEW
red cabbage,10,,,,REVIEW
chinese 5 spice powder,10,,,,REVIEW
stalks celery,10,,,,REVIEW
prunes,10,,,,REVIEW
schezwan sauce,10,,,,REVIEW
avarekai,10,,,,REVIEW
pomegranate,10,,,,REVIEW
guava,10,,,,REVIEW
छोटा चम्मच पूरी काली मिर्च,10,,,,REVIEW
del monte cheesy garlic mayo,10,,,,REVIEW
rice vermicelli noodles,10,,,,REVIEW
large cardamom,10,,,,REVIEW
कप इमली का पानी,10,,,,REVIEW
बड़ा चमच्च हरा धनिया,10,,,,REVIEW
कप मेथी,10,,,,REVIEW
mace powder,10,,,,REVIEW
basa fish,10,,,,REVIEW
कप काजू,10,,,,REVIEW
bean sprouts,10,,,,REVIEW
दालचीनी,10,,,,REVIEW
tomato basil pasta sauce,10,,,,REVIEW
बड़ा चमच्च गरम मसाला पाउडर,10,,,,REVIEW
1/2 cups water,10,,,,REVIEW
बड़े चम्मच हरा धनिया,10,,,,REVIEW
rolled oats,10,,,,REVIEW
wheat bran,10,,,,REVIEW
green seedless grapes,10,,,,REVIEW
बड़ा चमच्च लाल मिर्च पाउडर,10,,,,REVIEW
छोटा चम्मच मेथी के दाने,10,,,,REVIEW
all spice powder,10,,,,REVIEW
बड़ा चमच्च धनिये के बीज,10,,,,REVIEW
puff pastry sheet,10,,,,REVIEW
fish fillet,10,,,,REVIEW
pinch nutmeg powder,10,,,,REVIEW
cayenne pepper,10,,,,REVIEW
yellow mustard seeds,9,,,,REVIEW
methi powder,9,,,,REVIEW
coconut sugar,9,,,,REVIEW
peaches,9,,,,REVIEW
kasoori methi,9,,,,REVIEW
छोटा चमच्च कश्मीरी लाल मिर्च पाउडर,9,,,,REVIEW
बड़ा चमच्च गुड़,9,,,,REVIEW
pink masoor dal,9,,,,REVIEW
edible silver foil/leaf,9,,,,REVIEW
bajra,9,,,,REVIEW
baby spinach,9,,,,REVIEW
marie biscuit,9,,,,REVIEW
छोटा चम्मच अजवाइन,9,,,,REVIEW
कप पनीर,9,,,,REVIEW
बड़े चमच्च हरा धनिया,9,,,,REVIEW
dry red chilies,9,,,,REVIEW
galangal,9,,,,REVIEW
double cream,9,,,,REVIEW
pinch cooking soda,9,,,,REVIEW
पुदीना,9,,,,REVIEW
बड़े चम्मच तेल,9,,,,REVIEW
snake gourd,9,,,,REVIEW
chicken thighs,9,,,,REVIEW
banana flower,9,,,,REVIEW
इलाईची,9,,,,REVIEW
बड़ा चमच्च हल्दी पाउडर,9,,,,REVIEW
pointed gourd,9,,,,REVIEW
whole wheat flour tortilla,9,,,,REVIEW
small potatoes,9,,,,REVIEW
parwal,9,,,,REVIEW
बड़ा चमच्च जीरा,9,,,,REVIEW
del monte mint mayo,9,,,,REVIEW
few curry leaves,9,,,,REVIEW
groundnut powder,9,,,,REVIEW
कप सफ़ेद उरद दाल,9,,,,REVIEW
decorative sugar,9,,,,REVIEW
coal,9,,,,REVIEW
urad dal flour,9,,,,REVIEW
kashmiri dry red chilli,9,,,,REVIEW
chenna,9,,,,REVIEW
कप गोभी,9,,,,REVIEW
-4 curry leaves,9,,,,REVIEW
cheese spread,9,,,,REVIEW
homemade basil pesto,9,,,,REVIEW
semolina,9,,,,REVIEW
1/2 cup water,9,,,,REVIEW
saffron,9,,,,REVIEW
कप काला चना,9,,,,REVIEW
ककड़ी,9,,,,REVIEW
कप क्रीम,9,,,,REVIEW
pinch cinnamon powder,9,,,,REVIEW
del monte tandoori mayo,9,,,,REVIEW
guacamole,8,,,,REVIEW
biryani masala,8,,,,REVIEW
कप हरा मटर,8,,,,REVIEW
rum,8,,,,REVIEW
jam,8,,,,REVIEW
chironji,8,,,,REVIEW
few sprig coriander leaves,8,,,,REVIEW
caramelized onions,8,,,,REVIEW
बड़े चम्मच बेसन,8,,,,REVIEW
soy milk,8,,,,REVIEW
dark chocolate chips,8,,,,REVIEW
strawberry compote,8,,,,REVIEW
कप टमाटर,8,,,,REVIEW
tur dal,8,,,,REVIEW
egg noodles,8,,,,REVIEW
छोटा चम्मच घी,8,,,,REVIEW
छोटा चम्मच चाट मसाला पाउडर,8,,,,REVIEW
कप सूजी,8,,,,REVIEW
confectioners sugar,8,,,,REVIEW
idli,8,,,,REVIEW
corn flour tortilla,8,,,,REVIEW
कप हरा बीन्स,8,,,,REVIEW
del monte black olives,8,,,,REVIEW
कप कद्दू,8,,,,REVIEW
स्टार अनीस,8,,,,REVIEW
chakundar,8,,,,REVIEW
papad,8,,,,REVIEW
बड़ा चमच्च अदरक,8,,,,REVIEW
soy granules,8,,,,REVIEW
tutti frutti,8,,,,REVIEW
kasundi mustard sauce,8,,,,REVIEW
बड़ा चमच्च लहसुन,8,,,,REVIEW
jackfruit seeds,8,,,,REVIEW
lotus stem,8,,,,REVIEW
stalks spring onion greens,8,,,,REVIEW
लीटर दूध,8,,,,REVIEW
curry leaf,8,,,,REVIEW
all purpose pie crust,8,,,,REVIEW
सुखी कश्मीरी मिर्च,8,,,,REVIEW
charcoal,8,,,,REVIEW
stalk lemon grass,8,,,,REVIEW
कप पत्ता गोभी,8,,,,REVIEW
mascarpone cheese,8,,,,REVIEW
canola oil,8,,,,REVIEW
chocolate sauce,8,,,,REVIEW
brown cardamom,8,,,,REVIEW
black gram,8,,,,REVIEW
kalonji seeds,8,,,,REVIEW
avocados,8,,,,REVIEW
mooli ke patte,8,,,,REVIEW
pecans,8,,,,REVIEW
broken raw rice,8,,,,REVIEW
peanut oil,8,,,,REVIEW
moth dal,7,,,,REVIEW
red chillies,7,,,,REVIEW
कप बादाम,7,,,,REVIEW
sichuan peppercorns,7,,,,REVIEW
singhade,7,,,,REVIEW
black grapes,7,,,,REVIEW
ice,7,,,,REVIEW
few saffron strands,7,,,,REVIEW
छोटा चमच्च काली उरद दाल,7,,,,REVIEW
trumpet,7,,,,REVIEW
mini pita breads,7,,,,REVIEW
दाल चीनी,7,,,,REVIEW
homemade hoisin sauce,7,,,,REVIEW
refried beans,7,,,,REVIEW
chives,7,,,,REVIEW
turmeric,7,,,,REVIEW
ग्राम इमली,7,,,,REVIEW
छोटा चमच्च चना दाल,7,,,,REVIEW
tzatziki,7,,,,REVIEW
कप गुड़,7,,,,REVIEW
-2 green chillies,7,,,,REVIEW
-3 cloves garlic,7,,,,REVIEW
छोटा चमच्च कलोंजी के बीज,7,,,,REVIEW
canned cherries,7,,,,REVIEW
निम्बू,7,,,,REVIEW
dried green peas,7,,,,REVIEW
-6 curry leaves,7,,,,REVIEW
wheat noodles,7,,,,REVIEW
bitter gourd,7,,,,REVIEW
arborio rice,7,,,,REVIEW
pizza seasoning,7,,,,REVIEW
chiroti rava,7,,,,REVIEW
इमली,7,,,,REVIEW
green olives,7,,,,REVIEW
idli dosa mixture,7,,,,REVIEW
tinda,7,,,,REVIEW
idli dosa podi,7,,,,REVIEW
thandai masala,7,,,,REVIEW
pineapple juice,7,,,,REVIEW
pomfret fish,7,,,,REVIEW
mustard powder,7,,,,REVIEW
dhansak masala,7,,,,REVIEW
छोटा चमच्च गुड़,7,,,,REVIEW
बड़े चम्मच नारियल,7,,,,REVIEW
अदरक,7,,,,REVIEW
govind bhog rice,7,,,,REVIEW
-10 curry leaves,7,,,,REVIEW
worcestershire sauce,7,,,,REVIEW
eggless mayonnaise,7,,,,REVIEW
green onions,7,,,,REVIEW
couscous,7,,,,REVIEW
britannia cheezza,7,,,,REVIEW
बड़ा चमच्च चना दाल,7,,,,REVIEW
jackfruit ripe,7,,,,REVIEW
pasta fusilli,7,,,,REVIEW
del monte spaghetti pasta,7,,,,REVIEW
thai basil leaves,7,,,,REVIEW
arugula leaves,7,,,,REVIEW
कप चावल का आटा,7,,,,REVIEW
छोटे चम्मच तेल,7,,,,REVIEW
छोटे चम्मच धनिया पाउडर,7,,,,REVIEW
छोटा चमच्च सफेद उरद दाल,7,,,,REVIEW
छोटा चमच्च अदरक पाउडर,7,,,,REVIEW
stalk celery,7,,,,REVIEW
chocolate ganache,7,,,,REVIEW
बड़ा चमच्च शक्कर,7,,,,REVIEW
बड़ा चमच्च राइ,7,,,,REVIEW
छोटा चम्मच कलोंजी के बीज,7,,,,REVIEW
बड़ा चमच्च बेसन,7,,,,REVIEW
chilled butter,7,,,,REVIEW
achari masala,7,,,,REVIEW
turnips,7,,,,REVIEW
लौकी,7,,,,REVIEW
कप हंग दही,7,,,,REVIEW
to 5 cloves garlic,7,,,,REVIEW
लाल मिर्च,6,,,,REVIEW
chickpea lentils,6,,,,REVIEW
hard taco shells,6,,,,REVIEW
kewra essence,6,,,,REVIEW
छोटा चम्मच काला नमक या सेंधा नमक,6,,,,REVIEW
badi hari mirch,6,,,,REVIEW
pickled onions,6,,,,REVIEW
बड़ा चमच्च इमली का पेस्ट,6,,,,REVIEW
छोटे चमच्च जीरा,6,,,,REVIEW
छोटा चमच्च लहसुन,6,,,,REVIEW
छोटा चमच्च धनिये के बीज,6,,,,REVIEW
ग्राम पालक,6,,,,REVIEW
roasted gram flour,6,,,,REVIEW
mustard greens,6,,,,REVIEW
pine nuts,6,,,,REVIEW
veg hakka noodles,6,,,,REVIEW
fresh turmeric root,6,,,,REVIEW
agar agar,6,,,,REVIEW
small green brinjal,6,,,,REVIEW
wheat berries/ whole wheat,6,,,,REVIEW
rice paper rolls,6,,,,REVIEW
oats,6,,,,REVIEW
herb butter,6,,,,REVIEW
canned black beans,6,,,,REVIEW
कप लौकी,6,,,,REVIEW
कप काली उरद दाल,6,,,,REVIEW
kale,6,,,,REVIEW
red wine,6,,,,REVIEW
french loaf,6,,,,REVIEW
शक्कर,6,,,,REVIEW
nendra pazham banana,6,,,,REVIEW
chicken legs,6,,,,REVIEW
za'atar,6,,,,REVIEW
cottage cheese,6,,,,REVIEW
जीरा,6,,,,REVIEW
bacon strips,6,,,,REVIEW
dry mix herbs,6,,,,REVIEW
चाट मसाला पाउडर,6,,,,REVIEW
harissa paste,6,,,,REVIEW
छोटा चमच्च अजवाइन,6,,,,REVIEW
कप आलू,6,,,,REVIEW
kewra water,6,,,,REVIEW
button mushroom,6,,,,REVIEW
hilsa fish,6,,,,REVIEW
pani puris,6,,,,REVIEW
seer fish,6,,,,REVIEW
rice rava,6,,,,REVIEW
कप राजमा,6,,,,REVIEW
white broad beans,6,,,,REVIEW
baked beans,6,,,,REVIEW
chana masala powder,6,,,,REVIEW
छोटा चमच्च चाट मसाला पाउडर,6,,,,REVIEW
conchiglie pasta,6,,,,REVIEW
oranges,6,,,,REVIEW
chilli oil,6,,,,REVIEW
spirulina,6,,,,REVIEW
कप पोहा,6,,,,REVIEW
chicken wings,6,,,,REVIEW
कप वेजिटेबल स्टॉक,6,,,,REVIEW
vanilla ice cream,6,,,,REVIEW
suran,6,,,,REVIEW
rose essence,6,,,,REVIEW
छोटा चम्मच शहद,6,,,,REVIEW
बड़ा चम्मच अदरक लहसुन का पेस्ट,6,,,,REVIEW
barbeque sauce,6,,,,REVIEW
gond,6,,,,REVIEW
-3 dry red chillies,6,,,,REVIEW
big cardamom,6,,,,REVIEW
बड़े चम्मच मक्खन,5,,,,REVIEW
polenta,5,,,,REVIEW
goat cheese,5,,,,REVIEW
khus khus,5,,,,REVIEW
orange marmalade jam,5,,,,REVIEW
guntur dried chillies,5,,,,REVIEW
छोटा चमच्च पंच फोरन मसाला,5,,,,REVIEW
tea bags,5,,,,REVIEW
coffee decoction,5,,,,REVIEW
homemade hummus,5,,,,REVIEW
small spoon garam masala powder,5,,,,REVIEW
hazelnut,5,,,,REVIEW
मूली,5,,,,REVIEW
fried bread cubes,5,,,,REVIEW
ग्राम चिकन,5,,,,REVIEW
of chickpea chickpea or chickpeas,5,,,,REVIEW
radish,5,,,,REVIEW
corn flakes,5,,,,REVIEW
छोटा चम्मच कश्मीरी लाल मिर्च पाउडर,5,,,,REVIEW
sardine fish,5,,,,REVIEW
बड़ा चमच्च नारियल का तेल,5,,,,REVIEW
rohu fish,5,,,,REVIEW
बड़ा चम्मच धनिये के बीज,5,,,,REVIEW
nolen gur,5,,,,REVIEW
pumpkin,5,,,,REVIEW
khuskhus,5,,,,REVIEW
cane sugar,5,,,,REVIEW
काला नमक या सेंधा नमक,5,,,,REVIEW
kalmatta olives,5,,,,REVIEW
clove powder,5,,,,REVIEW
rocket leaves,5,,,,REVIEW
छोटा चम्मच नमक,5,,,,REVIEW
arrowroot flour,5,,,,REVIEW
to 3 green chillies,5,,,,REVIEW
multigrain digestive oat biscuits,5,,,,REVIEW
छोटा चम्मच अमचूर,5,,,,REVIEW
whole black peppers,5,,,,REVIEW
dry kashmiri chillies,5,,,,REVIEW
to 6 curry leaves,5,,,,REVIEW
milk chocolate,5,,,,REVIEW
ओलिव का तेल,5,,,,REVIEW
garlic butter,5,,,,REVIEW
-4 green chillies,5,,,,REVIEW
corn meal,5,,,,REVIEW
sage,5,,,,REVIEW
करेला,5,,,,REVIEW
mixed sprouts,5,,,,REVIEW
corn kernels,5,,,,REVIEW
तुरई,5,,,,REVIEW
green grapes,5,,,,REVIEW
टहनी पुदीना,5,,,,REVIEW
tea leaves,5,,,,REVIEW
salt to taste,5,,,,REVIEW
plantain stem,5,,,,REVIEW
बड़ा चम्मच लाल मिर्च पाउडर,5,,,,REVIEW
बड़े चमच्च क्रीम,5,,,,REVIEW
ग्राम अरबी,5,,,,REVIEW
amchur powder,5,,,,REVIEW
gm arabic,5,,,,REVIEW
-4 cloves garlic,5,,,,REVIEW
according to taste,5,,,,REVIEW
कच्चा केला,5,,,,REVIEW
बड़ा चम्मच पूरी काली मिर्च,5,,,,REVIEW
छोटा चमच्च हरी मिर्च,5,,,,REVIEW
almond essence,5,,,,REVIEW
thai green curry paste,5,,,,REVIEW
spirali pasta,5,,,,REVIEW
chayote,5,,,,REVIEW
बड़ा चमच्च पूरी काली मिर्च,5,,,,REVIEW
कप ओट्स,5,,,,REVIEW
pumpkin puree,5,,,,REVIEW
pomegranate juice,5,,,,REVIEW
hot dog bread,5,,,,REVIEW
fresh green chickpeas,5,,,,REVIEW
pears,5,,,,REVIEW
छोटा चम्मच शक्कर,5,,,,REVIEW
बड़े चमच्च धनिये के बीज,5,,,,REVIEW
blanched tomatoes,5,,,,REVIEW
lahsun ki chutney,5,,,,REVIEW
sesame,5,,,,REVIEW
ग्राम बटन मशरुम,5,,,,REVIEW
granola,5,,,,REVIEW
sesame powder,5,,,,REVIEW
neem leaves,5,,,,REVIEW
छोटा चम्मच इलाइची पाउडर,5,,,,REVIEW
colocasia leaves,5,,,,REVIEW
betel leaves,5,,,,REVIEW
बड़ा चम्मच मक्खन,5,,,,REVIEW
कप कच्चा आम,5,,,,REVIEW
बटन मशरुम,5,,,,REVIEW
red amaranth leaves,5,,,,REVIEW
छोटा चमच्च सौंफ पाउडर,5,,,,REVIEW
हरे प्याज,4,,,,REVIEW
small spoon turmeric powder,4,,,,REVIEW
del monte sandwich spread,4,,,,REVIEW
malwani masala,4,,,,REVIEW
black tea,4,,,,REVIEW
chicken drumstick,4,,,,REVIEW
छोटा चमच्च इमली का पेस्ट,4,,,,REVIEW
बड़े चम्मच दही,4,,,,REVIEW
flaxmeal egg replacer,4,,,,REVIEW
बड़ा चम्मच बेसन,4,,,,REVIEW
कप बैंगन,4,,,,REVIEW
mutton kheema,4,,,,REVIEW
tarragon,4,,,,REVIEW
to 2 green chillies,4,,,,REVIEW
chocolate shavings,4,,,,REVIEW
shallot,4,,,,REVIEW
of cottage cheese,4,,,,REVIEW
chicken breast,4,,,,REVIEW
कप ब्राउन राइस,4,,,,REVIEW
phulka,4,,,,REVIEW
बड़े चम्मच धनिये के बीज,4,,,,REVIEW
goda masala,4,,,,REVIEW
to 4 tablespoons chilled water,4,,,,REVIEW
stalks lemon grass,4,,,,REVIEW
assam tea leaves,4,,,,REVIEW
छोटा चमच्च रेड चिल्ली फलैक्स,4,,,,REVIEW
caramel sauce,4,,,,REVIEW
glazed cherries,4,,,,REVIEW
red baby radish,4,,,,REVIEW
tapioca root,4,,,,REVIEW
graham cracker crumbs,4,,,,REVIEW
roasted chana dal,4,,,,REVIEW
बड़े चम्मच सरसों का तेल,4,,,,REVIEW
sugar syrup,4,,,,REVIEW
plums,4,,,,REVIEW
green gram,4,,,,REVIEW
sprouted moong,4,,,,REVIEW
pinch black pepper powder,4,,,,REVIEW
कप छोटे प्याज,4,,,,REVIEW
बड़ा चमच्च कॉर्न फ्लौर,4,,,,REVIEW
amchoor powder,4,,,,REVIEW
toothpicks,4,,,,REVIEW
small spoon cumin seeds,4,,,,REVIEW
g suran,4,,,,REVIEW
बड़े चमच्च मूंगफली,4,,,,REVIEW
cowpea,4,,,,REVIEW
कप लोबिया,4,,,,REVIEW
छोटे चमच्च लाल मिर्च पाउडर,4,,,,REVIEW
बड़ा चम्मच सरसों का तेल,4,,,,REVIEW
hot masala powder,4,,,,REVIEW
छोटा चमच्च सोया सॉस,4,,,,REVIEW
meat masala,4,,,,REVIEW
1/2 cup basmati rice,4,,,,REVIEW
del monte cheesy dip,4,,,,REVIEW
sumac,4,,,,REVIEW
कप कुलीथ दाल,4,,,,REVIEW
बड़े चम्मच चना दाल,4,,,,REVIEW
बड़े चमच्च दही,4,,,,REVIEW
red poha,4,,,,REVIEW
छोटा चमच्च तिल का तेल,4,,,,REVIEW
sprig extract of natural bourbon vanilla,4,,,,REVIEW
छोटे चम्मच लाल मिर्च पाउडर,4,,,,REVIEW
buds garlic,4,,,,REVIEW
बड़ा चमच्च जीरा पाउडर,4,,,,REVIEW
urad dal,4,,,,REVIEW
-5 cloves garlic,4,,,,REVIEW
1/2 cups whole wheat flour,4,,,,REVIEW
dry white wine,4,,,,REVIEW
ino fruit salt,4,,,,REVIEW
कप अनारदाना,4,,,,REVIEW
1/2 cup all purpose flour,4,,,,REVIEW
kosher salt,4,,,,REVIEW
pizza base,4,,,,REVIEW
मूंगफली,4,,,,REVIEW
capers,4,,,,REVIEW
lamb,4,,,,REVIEW
-5 curry leaves,4,,,,REVIEW
बड़ा चमच्च कसूरी मेथी,4,,,,REVIEW
pinch baking powder,4,,,,REVIEW
star anis,4,,,,REVIEW
बड़े चमच्च गुड़,4,,,,REVIEW
बड़े चमच्च बेसन,4,,,,REVIEW
del monte farfalle pasta,4,,,,REVIEW
pomegranate powder,4,,,,REVIEW
ginger powder,4,,,,REVIEW
छोटा चम्मच अदरक लहसुन का पेस्ट,4,,,,REVIEW
छोटा चम्मच अदरक पाउडर,4,,,,REVIEW
papads,4,,,,REVIEW
ग्राम मटन,4,,,,REVIEW
jasmine rice,4,,,,REVIEW
hara chana,4,,,,REVIEW
pinch ssp asafoetida,4,,,,REVIEW
radish leaves,4,,,,REVIEW
1/2 teaspoon coriander powder,4,,,,REVIEW
green onion,4,,,,REVIEW
dagad phool,4,,,,REVIEW
to 3 dry red chilli,4,,,,REVIEW
1/2 cups all purpose flour,4,,,,REVIEW
boiled egg,4,,,,REVIEW
छोटा चम्मच धनिये के बीज,4,,,,REVIEW
छोटा चमच्च शाही जीरा,4,,,,REVIEW
cheese slices,4,,,,REVIEW
stalk spring onion greens,4,,,,REVIEW
soya chunks,4,,,,REVIEW
red chilli paste,4,,,,REVIEW
save,4,,,,REVIEW
छोटा चमच्च दाल चीनी पाउडर,4,,,,REVIEW
stalk coriander leaves,4,,,,REVIEW
digestive biscuit,4,,,,REVIEW
ciabatta bread,4,,,,REVIEW
amaranth seeds,4,,,,REVIEW
thai yellow curry paste,4,,,,REVIEW
radishes,4,,,,REVIEW
tawa paratha,4,,,,REVIEW
spring roll wrappers,4,,,,REVIEW
white wine vinegar,4,,,,REVIEW
छोटे चमच्च धनिया पाउडर,4,,,,REVIEW
portobello mushrooms,4,,,,REVIEW
lemon grass,4,,,,REVIEW
ब्रेड,4,,,,REVIEW
कच्चा आम,4,,,,REVIEW
sundakkai,4,,,,REVIEW
बड़े चमच्च काजू,4,,,,REVIEW
green chawli beans,4,,,,REVIEW
veeba sweet chilli sauce,4,,,,REVIEW
green onion leaves,4,,,,REVIEW
fresh raspberries,4,,,,REVIEW
split mustard seeds,4,,,,REVIEW
bathua leaves,4,,,,REVIEW
ग्राम टोफू,4,,,,REVIEW
बड़े चमच्च शक्कर,4,,,,REVIEW
छोटा चम्मच अमचूर पाउडर,4,,,,REVIEW
fresh oregano,4,,,,REVIEW
बड़ा चम्मच तिल का तेल,4,,,,REVIEW
mint powder,4,,,,REVIEW
छोटा चम्मच हरी मिर्च,4,,,,REVIEW
lasagna sheets,4,,,,REVIEW
red radish,4,,,,REVIEW
शकरकंदी,4,,,,REVIEW
g paneer,4,,,,REVIEW
watermelon seeds,4,,,,REVIEW
to 3 cloves,4,,,,REVIEW
mango pickle,4,,,,REVIEW
plum,4,,,,REVIEW
singoda flour,4,,,,REVIEW
कप ब्रेड क्रम्ब्स,4,,,,REVIEW
कप बटन मशरुम,4,,,,REVIEW
कप हरे प्याज,4,,,,REVIEW
छोटा चमच्च राई,3,,,,REVIEW
छोटा चम्मच कसूरी मेथी,3,,,,REVIEW
कप चकुंदर,3,,,,REVIEW
mackerel fish,3,,,,REVIEW
drumsticks,3,,,,REVIEW
chipotle peppers,3,,,,REVIEW
बड़ा चम्मच कसूरी मेथी,3,,,,REVIEW
to 5 green chillies,3,,,,REVIEW
whole wheat tawa paratha,3,,,,REVIEW
multigrain digestive biscuits,3,,,,REVIEW
green,3,,,,REVIEW
gouda cheese,3,,,,REVIEW
छोटा चमच्च इलाईची पाउडर,3,,,,REVIEW
knol khol,3,,,,REVIEW
छोटे चम्मच घी,3,,,,REVIEW
छोटा चम्मच सांबर पाउडर,3,,,,REVIEW
बड़ा चम्मच धनिया पाउडर,3,,,,REVIEW
कप फॉक्सटेल मिलेट,3,,,,REVIEW
few coriander leaves,3,,,,REVIEW
बड़े चमच्च कसूरी मेथी,3,,,,REVIEW
figs,3,,,,REVIEW
गरम मसाला पाउडर,3,,,,REVIEW
ginger juice,3,,,,REVIEW
indian borage,3,,,,REVIEW
to 4 cardamom pods/seeds,3,,,,REVIEW
orange pulp,3,,,,REVIEW
breads,3,,,,REVIEW
tapioca flour,3,,,,REVIEW
kodo millet,3,,,,REVIEW
1/2 cups vegetable stock,3,,,,REVIEW
ग्राम गाजर,3,,,,REVIEW
ग्राम हरा बीन्स,3,,,,REVIEW
pickle,3,,,,REVIEW
बड़े चमच्च मक्खन,3,,,,REVIEW
पत्ता गोभी,3,,,,REVIEW
wheat flakes,3,,,,REVIEW
ridge gourd skin,3,,,,REVIEW
oregano,3,,,,REVIEW
chicken thigh,3,,,,REVIEW
brinjals,3,,,,REVIEW
छोटा चम्मच गुड़,3,,,,REVIEW
ग्राम मेथी,3,,,,REVIEW
ब्यादगी लाल मिर्च,3,,,,REVIEW
seeraga samba rice,3,,,,REVIEW
sambal paste,3,,,,REVIEW
split methi seeds,3,,,,REVIEW
to 3 dry red chillies,3,,,,REVIEW
छोटी चमच्च हल्दि,3,,,,REVIEW
कप खजूर,3,,,,REVIEW
कप सफेद उरद दाल,3,,,,REVIEW
to 4 dry red chillies,3,,,,REVIEW
long green brinjal,3,,,,REVIEW
dry beans,3,,,,REVIEW
spoon curry leaves,3,,,,REVIEW
बड़े चमच्च चावल का आटा,3,,,,REVIEW
dried yellow/white peas,3,,,,REVIEW
coconut cream,3,,,,REVIEW
चाउ चाउ,3,,,,REVIEW
छोटे चमच्च राइ,3,,,,REVIEW
bagel,3,,,,REVIEW
flour,3,,,,REVIEW
potato masala,3,,,,REVIEW
-3 tablespoons sugar,3,,,,REVIEW
amchoor,3,,,,REVIEW
yellow fenugreek seeds,3,,,,REVIEW
filter coffee powder,3,,,,REVIEW
vanilla custard,3,,,,REVIEW
कप बूंदी,3,,,,REVIEW
punjabi style mango pickle,3,,,,REVIEW
gwar pods,3,,,,REVIEW
to 4 curry leaves,3,,,,REVIEW
बीटरूट,3,,,,REVIEW
multigrain flour,3,,,,REVIEW
of chicken,3,,,,REVIEW
छोटा चमच्च नारियल का तेल,3,,,,REVIEW
moth sprouts,3,,,,REVIEW
aloo bhujia,3,,,,REVIEW
stalk spring onion,3,,,,REVIEW
corn cob,3,,,,REVIEW
छोटे चमच्च घी,3,,,,REVIEW
pinch edible camphor,3,,,,REVIEW
french bread,3,,,,REVIEW
chipotle sauce,3,,,,REVIEW
कप तुअर दाल,3,,,,REVIEW
बड़ा चमच्च काजू,3,,,,REVIEW
कप खुस खुस,3,,,,REVIEW
chikoo,3,,,,REVIEW
कप मुरमुरा,3,,,,REVIEW
kesar milk masala,3,,,,REVIEW
rabodi,3,,,,REVIEW
अजवाइन,3,,,,REVIEW
dried red chillies,3,,,,REVIEW
tamarind chutney,3,,,,REVIEW
basil powder,3,,,,REVIEW
बड़ा चमच्च मूंगफली,3,,,,REVIEW
कप मखाना,3,,,,REVIEW
salmon fillet,3,,,,REVIEW
fennel bulb,3,,,,REVIEW
ब्रोकली,3,,,,REVIEW
1/2 cups milk,3,,,,REVIEW
britannia cheese cubes,3,,,,REVIEW
gram lentils,3,,,,REVIEW
pinch garam masala powder,3,,,,REVIEW
raw banana peel,3,,,,REVIEW
kashmiri masala powder,3,,,,REVIEW
cut 1 inch ginger,3,,,,REVIEW
lime wedges,3,,,,REVIEW
whole wheat pita bread,3,,,,REVIEW
to 6 cloves garlic,3,,,,REVIEW
bulgur wheat,3,,,,REVIEW
homemade marinara sauce,3,,,,REVIEW
बड़ा चमच्च सौंफ,3,,,,REVIEW
1/2 cup whole wheat flour,3,,,,REVIEW
of water,3,,,,REVIEW
pinch food color,3,,,,REVIEW
छोटा चम्मच दालचीनी पाउडर,3,,,,REVIEW
curry leaves -,3,,,,REVIEW
millet flour,3,,,,REVIEW
1/2 teaspoon active dry yeast,3,,,,REVIEW
pitted cherries,3,,,,REVIEW
बड़ा चम्मच सौंफ,3,,,,REVIEW
mango powder powder,3,,,,REVIEW
फिश,3,,,,REVIEW
bread crumbs,3,,,,REVIEW
almond butter,3,,,,REVIEW
-3 tablespoons sunflower oil,3,,,,REVIEW
orange liquor,3,,,,REVIEW
crabs,3,,,,REVIEW
crusty bread log,3,,,,REVIEW
पापड़,3,,,,REVIEW
mor milagai,3,,,,REVIEW
छोटा चमच्च गोडा मसाला,3,,,,REVIEW
red grapes,3,,,,REVIEW
or 5 curry leaves,3,,,,REVIEW
papdi puris,3,,,,REVIEW
kidney beans,3,,,,REVIEW
बड़ा चम्मच ओलिव का तेल,3,,,,REVIEW
छोटा चम्मच ओलिव का तेल,3,,,,REVIEW
del monte tartare dip,3,,,,REVIEW
fresh green toor dal,3,,,,REVIEW
panini bread,3,,,,REVIEW
to 8 whole black peppercorns,3,,,,REVIEW
green apple,3,,,,REVIEW
छोटे चमच्च धनिये के बीज,3,,,,REVIEW
-8 curry leaves,3,,,,REVIEW
rasgulla,3,,,,REVIEW
bhetki fish,3,,,,REVIEW
salad leaves,3,,,,REVIEW
-3 sprig coriander leaves,3,,,,REVIEW
parmigiano reggiano cheese,3,,,,REVIEW
कसूरी मेथी,3,,,,REVIEW
mixed greens,3,,,,REVIEW
बड़ा चमच्च सफ़ेद उरद दाल,3,,,,REVIEW
कप गवार फली,3,,,,REVIEW
ratan jot,3,,,,REVIEW
sprig ginger teriyaki sauce,3,,,,REVIEW
kashmiri red chilli,3,,,,REVIEW
wild rice,3,,,,REVIEW
eggplants,3,,,,REVIEW
-4 cardamom pods/seeds,3,,,,REVIEW
kolhapuri masala,3,,,,REVIEW
gobi,3,,,,REVIEW
pinch chaat masala powder,3,,,,REVIEW
छोटा चमच्च सांबर पाउडर,3,,,,REVIEW
maida,3,,,,REVIEW
of mint,3,,,,REVIEW
summer salad,3,,,,REVIEW
green romaine lettuce,3,,,,REVIEW
आम,3,,,,REVIEW
बड़ा चमच्च शिमला मिर्च,3,,,,REVIEW
pinch enos fruit salt,3,,,,REVIEW
red romaine lettuce,3,,,,REVIEW
wheat germ,3,,,,REVIEW
rabri,3,,,,REVIEW
छोटे चम्मच निम्बू का रस,3,,,,REVIEW
boiled peanuts,3,,,,REVIEW
chipotle chillies / peppers,3,,,,REVIEW
banana,3,,,,REVIEW
-3 green chilli,3,,,,REVIEW
-3 sprig mint leaves,3,,,,REVIEW
panch four masala,3,,,,REVIEW
red seedless grapes,3,,,,REVIEW
pinch red chilli powder,3,,,,REVIEW
राइ,3,,,,REVIEW
चकुंदर,3,,,,REVIEW
small spoon coriander powder,3,,,,REVIEW
white onion,3,,,,REVIEW
छोटा चम्मच चना दाल,3,,,,REVIEW
red chilli flax,3,,,,REVIEW
हरा बीन्स,3,,,,REVIEW
-3 cloves,3,,,,REVIEW
lentils,3,,,,REVIEW
brussel sprouts,3,,,,REVIEW
sultanas,3,,,,REVIEW
कप ब्रोकली,3,,,,REVIEW
छोटा चमच्च तिल,3,,,,REVIEW
किशमिश,3,,,,REVIEW
छोटे चम्मच जीरा पाउडर,3,,,,REVIEW
नारियल का तेल,3,,,,REVIEW
lemon pound cake,2,,,,REVIEW
crushed ice,2,,,,REVIEW
almond,2,,,,REVIEW
to 6 cashew nuts,2,,,,REVIEW
rabdi,2,,,,REVIEW
-10 dry red chillies,2,,,,REVIEW
छोटे चम्मच नारियल,2,,,,REVIEW
छोटा चमच्च रसम पाउडर,2,,,,REVIEW
छोटा चम्मच खस खस,2,,,,REVIEW
cashew,2,,,,REVIEW
छोटे चम्मच गरम मसाला पाउडर,2,,,,REVIEW
कप अनार,2,,,,REVIEW
बड़े चमच्च गुलाब का पानी,2,,,,REVIEW
सेब,2,,,,REVIEW
goan recheado masala,2,,,,REVIEW
1/2 cup red matta rice,2,,,,REVIEW
jamun,2,,,,REVIEW
pumpkin pie spice,2,,,,REVIEW
sorrel leaves,2,,,,REVIEW
ice cream,2,,,,REVIEW
dry mango powder,2,,,,REVIEW
-8 cashew nuts,2,,,,REVIEW
बड़ा चम्मच सूखा नारियल,2,,,,REVIEW
aniseed,2,,,,REVIEW
kolhapuri khanda lasun masala,2,,,,REVIEW
white urad lentils,2,,,,REVIEW
to 2 bay leaves,2,,,,REVIEW
dal sugar,2,,,,REVIEW
-12 curry leaves,2,,,,REVIEW
1/2 teaspoon kashmiri red chilli powder,2,,,,REVIEW
coconut yogurt,2,,,,REVIEW
कप तिल,2,,,,REVIEW
homemade whole wheat khakras,2,,,,REVIEW
जीरा पाउडर,2,,,,REVIEW
sprite,2,,,,REVIEW
1/2 tablespoons sesame seeds,2,,,,REVIEW
1/2 cups digestive biscuit,2,,,,REVIEW
to 6 sprig coriander leaves,2,,,,REVIEW
-5 cardamom pods/seeds,2,,,,REVIEW
make 1 cup green gram,2,,,,REVIEW
veeba harissa sauce,2,,,,REVIEW
peanut,2,,,,REVIEW
oat bran,2,,,,REVIEW
1/2,2,,,,REVIEW
ग्राम छोटे आलू,2,,,,REVIEW
greens,2,,,,REVIEW
1/2 cups sugar,2,,,,REVIEW
linguine pasta,2,,,,REVIEW
1 tsp turmeric powder,2,,,,REVIEW
छोटे चमच्च सांबर पाउडर,2,,,,REVIEW
blackberries,2,,,,REVIEW
mixed lentils,2,,,,REVIEW
thonnai,2,,,,REVIEW
-5 cashew nuts,2,,,,REVIEW
thandai powder,2,,,,REVIEW
basil,2,,,,REVIEW
of cardamom powder,2,,,,REVIEW
बड़े चम्मच तिल का तेल,2,,,,REVIEW
बड़ा चम्मच लहसुन,2,,,,REVIEW
coriander powder -,2,,,,REVIEW
छोटे चम्मच लहसुन,2,,,,REVIEW
बड़ा चम्मच हरा धनिया,2,,,,REVIEW
बड़ा चम्मच मेथी के दाने,2,,,,REVIEW
छोटा चमच्च काला नमक या सेंधा नमक,2,,,,REVIEW
बड़े चमच्च दूध,2,,,,REVIEW
बड़ा चमच्च सफेद उरद दाल,2,,,,REVIEW
बड़ा चमच्च हरी मिर्च,2,,,,REVIEW
good,2,,,,REVIEW
green food colour,2,,,,REVIEW
pinch lemon zest,2,,,,REVIEW
केला,2,,,,REVIEW
छोटे चम्मच सांबर पाउडर,2,,,,REVIEW
molasses,2,,,,REVIEW
bread,2,,,,REVIEW
बड़े चमच्च सिरका,2,,,,REVIEW
बड़े चमच्च अचार,2,,,,REVIEW
neem flowers,2,,,,REVIEW
1/2 tablespoon butter,2,,,,REVIEW
samosas,2,,,,REVIEW
कप अंकुरित मूंग,2,,,,REVIEW
veeba carrot cucumber sandwich spread,2,,,,REVIEW
white beans,2,,,,REVIEW
sugarcane juice,2,,,,REVIEW
aar maach,2,,,,REVIEW
white garbanzo,2,,,,REVIEW
ग्राम छोटे प्याज,2,,,,REVIEW
गुंटूर लाल मिर्च,2,,,,REVIEW
छोटे चम्मच धनिये के बीज,2,,,,REVIEW
of fenugreek seeds,2,,,,REVIEW
thai sweet chilli sauce,2,,,,REVIEW
छोटा चमच्च कॉर्न फ्लौर,2,,,,REVIEW
कप मूली,2,,,,REVIEW
बड़ा चमच्च खुस खुस,2,,,,REVIEW
छोटे प्याज़,2,,,,REVIEW
dry corn kernals,2,,,,REVIEW
honey dew melon,2,,,,REVIEW
बड़ा चमच्च तिल का तेल,2,,,,REVIEW
gulab jamun,2,,,,REVIEW
sugar -,2,,,,REVIEW
royal cumin,2,,,,REVIEW
canned tuna,2,,,,REVIEW
to 2 bay leaf,2,,,,REVIEW
to 4 tablespoons fresh cream,2,,,,REVIEW
कप छास,2,,,,REVIEW
बड़ा चम्मच राइ,2,,,,REVIEW
बड़ा चम्मच इमली,2,,,,REVIEW
-6 pickled jalapenos,2,,,,REVIEW
red black eyed beans,2,,,,REVIEW
इडली,2,,,,REVIEW
asparagus,2,,,,REVIEW
बड़ा चम्मच अदरक,2,,,,REVIEW
परवल,2,,,,REVIEW
कप ककड़ी,2,,,,REVIEW
dry dates powder,2,,,,REVIEW
छोटे चम्मच शक्कर,2,,,,REVIEW
kalpasi leaves,2,,,,REVIEW
बड़ा चम्मच चना दाल,2,,,,REVIEW
ड्राई फ्रूट्स,2,,,,REVIEW
कप राइ,2,,,,REVIEW
बड़ा चमच्च ओलिव का तेल,2,,,,REVIEW
छोटा चम्मच चना मसाला पाउडर,2,,,,REVIEW
sponge cake slice,2,,,,REVIEW
कप काबुली चन्ना,2,,,,REVIEW
udon noodles,2,,,,REVIEW
छोटा चमच्च अनारदाना,2,,,,REVIEW
कोकम,2,,,,REVIEW
बड़े चमच्च जीरा पाउडर,2,,,,REVIEW
कप शिमला मिर्च,2,,,,REVIEW
छोटे चम्मच गुड़,2,,,,REVIEW
बड़ा चम्मच इमली का पेस्ट,2,,,,REVIEW
बड़ा चम्मच कॉर्न स्टार्च,2,,,,REVIEW
लवंग,2,,,,REVIEW
nachos,2,,,,REVIEW
yellow squash,2,,,,REVIEW
बड़ा चम्मच कॉर्न फ्लौर,2,,,,REVIEW
छोटे चमच्च हल्दी पाउडर,2,,,,REVIEW
कप मेथी के दाने,2,,,,REVIEW
mixed millets,2,,,,REVIEW
छोटे चमच्च कसूरी मेथी,2,,,,REVIEW
कप कढ़ी पत्ता,2,,,,REVIEW
mutton legs,2,,,,REVIEW
pretzels,2,,,,REVIEW
कप सूखा नारियल,2,,,,REVIEW
बड़ा चमच्च क्रीम,2,,,,REVIEW
बड़ी इलाईची,2,,,,REVIEW
छोटा चमच्च उरद दाल,2,,,,REVIEW
छोटा चमच्च सिरका,2,,,,REVIEW
छोटा चम्मच इमली का पेस्ट,2,,,,REVIEW
गुड़,2,,,,REVIEW
कप रोस्टेड चना दाल,2,,,,REVIEW
pinch nutmeg,2,,,,REVIEW
parsnip,2,,,,REVIEW
छोटा चम्मच उरद दाल,2,,,,REVIEW
छोटे चमच्च सफ़ेद उरद दाल,2,,,,REVIEW
छोटे चमच्च इमली का पेस्ट,2,,,,REVIEW
कप ओलिव का तेल,2,,,,REVIEW
कप चना का पानी,2,,,,REVIEW
-10 badam,2,,,,REVIEW
मक्खन,2,,,,REVIEW
pomegranate molasses,2,,,,REVIEW
hog plum,2,,,,REVIEW
कप्स गोभी,2,,,,REVIEW
बड़ा चमच्च गुड,2,,,,REVIEW
छोटे चम्मच तिल,2,,,,REVIEW
कप तेल,2,,,,REVIEW
britannia cheese slice,2,,,,REVIEW
custard apple,2,,,,REVIEW
छोटा चम्मच बेकिंग सोडा,2,,,,REVIEW
lotus seeds,2,,,,REVIEW
बड़े चम्मच दूध,2,,,,REVIEW
छोटा चमच्च क्रीम,2,,,,REVIEW
-7 cashew nuts,2,,,,REVIEW
food color,2,,,,REVIEW
बड़ा चमच्च गेहूं का आटा,2,,,,REVIEW
king fish,2,,,,REVIEW
biryani masala powder,2,,,,REVIEW
बड़े चम्मच पुदीना,2,,,,REVIEW
टहनी बेसिल के पत्ते,2,,,,REVIEW
स्टॉक लेमन ग्रास,2,,,,REVIEW
बड़ा चमच्च प्याज,2,,,,REVIEW
बड़ा चमच्च कश्मीरी लाल मिर्च पाउडर,2,,,,REVIEW
ग्राम सुरन,2,,,,REVIEW
कप्स पानी,2,,,,REVIEW
kali urad dal,2,,,,REVIEW
ग्राम शक्कर,2,,,,REVIEW
ग्राम कच्चा आम,2,,,,REVIEW
vangi bath powder,2,,,,REVIEW
छोटा चमच्च मेथी,2,,,,REVIEW
बड़ा चम्मच सोया सॉस,2,,,,REVIEW
कप हरे प्याज के पत्ते,2,,,,REVIEW
1/2 liter milk,2,,,,REVIEW
groundnut oil,2,,,,REVIEW
छोटा चमच्च गुलाब का पानी,2,,,,REVIEW
whole wheat bread crumbs -,2,,,,REVIEW
gherkins,2,,,,REVIEW
tetley long leaf green tea,2,,,,REVIEW
pineapple essence,2,,,,REVIEW
बड़े चम्मच निम्बू का रस,2,,,,REVIEW
छोटा चम्मच ऑरेगानो,2,,,,REVIEW
सेलरी,2,,,,REVIEW
बड़े चमच्च सरसों का तेल,2,,,,REVIEW
pinch cocoa powder,2,,,,REVIEW
-3 dry red chilli,2,,,,REVIEW
-6 whole black peppercorns,2,,,,REVIEW
-5 shallots,2,,,,REVIEW
whole turmeric,2,,,,REVIEW
बड़े चमच्च जीरा,2,,,,REVIEW
1/2 cup curd,2,,,,REVIEW
कप मैदा,2,,,,REVIEW
alu bukhara,2,,,,REVIEW
बड़े चम्मच मैदा,2,,,,REVIEW
बड़ा चम्मच चावल का आटा,2,,,,REVIEW
thyme leaves,2,,,,REVIEW
बड़ा चम्मच शक्कर,2,,,,REVIEW
coca cola,2,,,,REVIEW
नारियल,2,,,,REVIEW
तिल का तेल,2,,,,REVIEW
to 3 cloves garlic,2,,,,REVIEW
make 3 tomatoes,2,,,,REVIEW
alfalfa sprouts,2,,,,REVIEW
-5 लॉन्ग,2,,,,REVIEW
कप घी,2,,,,REVIEW
कप बड़ी,2,,,,REVIEW
wheat grass powder,2,,,,REVIEW
to 4 spring onion greens,2,,,,REVIEW
lavang,2,,,,REVIEW
ब्रेड क्रम्ब्स,2,,,,REVIEW
heart leaves,2,,,,REVIEW
to 10 cashew nuts,2,,,,REVIEW
बड़ा चमच्च सरसों का तेल,2,,,,REVIEW
green cardamom,2,,,,REVIEW
बड़ा चम्मच अजवाइन,2,,,,REVIEW
arabic,2,,,,REVIEW
del monte green olives,2,,,,REVIEW
-10 button mushrooms,2,,,,REVIEW
macaroni,2,,,,REVIEW
छोटा चमच्च चावल का आटा,2,,,,REVIEW
ग्राम्स पनीर,2,,,,REVIEW
धनिया पाउडर,2,,,,REVIEW
बड़े चम्मच कॉर्न फ्लौर,2,,,,REVIEW
कप इडली चावल,2,,,,REVIEW
passion fruit,2,,,,REVIEW
भिंडी,2,,,,REVIEW
-6 cashew nuts,2,,,,REVIEW
कुलीथ दाल,2,,,,REVIEW
parsley,2,,,,REVIEW
ginger paste,2,,,,REVIEW
phyllo sheets,2,,,,REVIEW
pinch black salt,2,,,,REVIEW
as per use,2,,,,REVIEW
leftover roti,2,,,,REVIEW
baileys irish cream,2,,,,REVIEW
lentil,2,,,,REVIEW
yam,2,,,,REVIEW
kabuli channa,2,,,,REVIEW
बड़ा चमच्च रोस्टेड चना दाल,2,,,,REVIEW
red food color,2,,,,REVIEW
1/2 tablespoons whole wheat flour,2,,,,REVIEW
छोटा चमच्च धनिया के बीज,2,,,,REVIEW
-4 green chilli,2,,,,REVIEW
1/2 cups poha,2,,,,REVIEW
tagliatelle pasta,2,,,,REVIEW
बड़े चम्मच हरे मटर,2,,,,REVIEW
1/2 teaspoon turmeric powder,2,,,,REVIEW
rice ada,2,,,,REVIEW
dabur homemade tamarind paste,2,,,,REVIEW
बड़े चम्मच सफ़ेद उरद दाल,2,,,,REVIEW
oatmeal,2,,,,REVIEW
water -,2,,,,REVIEW
कप जोवार के दाने,2,,,,REVIEW
बड़ा चम्मच जीरा पाउडर,2,,,,REVIEW
ड्रमस्टिक,2,,,,REVIEW
बड़े चमच्च निम्बू का रस,2,,,,REVIEW
थाई बेसिल के पत्ते,2,,,,REVIEW
tea monk oolong tea,2,,,,REVIEW
crackers,2,,,,REVIEW
brie cheese,2,,,,REVIEW
1/2 teaspoon paprika powder,2,,,,REVIEW
chicken sausage,2,,,,REVIEW
छोटे चमच्च तिल का तेल,2,,,,REVIEW
to 12 curry leaves,2,,,,REVIEW
bananas,2,,,,REVIEW
bhaja masala,2,,,,REVIEW
-5 basil leaves,2,,,,REVIEW
-5 green chillies,2,,,,REVIEW
ग्राम्स पालक,2,,,,REVIEW
1/2 tablespoons corn flour,2,,,,REVIEW
to 4 cloves garlic,2,,,,REVIEW
dried raspberries,2,,,,REVIEW
kashmiri rajma,2,,,,REVIEW
dabur homemade coconut milk,2,,,,REVIEW
बड़ा चमच्च सरसो का तेल,2,,,,REVIEW
brahmi leaves,2,,,,REVIEW
garam masala powder -,2,,,,REVIEW
coconut powder,2,,,,REVIEW
ग्राम प्याज,2,,,,REVIEW
छोटा चम्मच मिक्स्ड हर्ब्स,2,,,,REVIEW
बड़ा चमच्च नमक,2,,,,REVIEW
as per the experiment,2,,,,REVIEW
छोटा चमच्च मेथी के बीज,2,,,,REVIEW
to 4 tablespoon sunflower oil,2,,,,REVIEW
nagkesar/cassia buds,2,,,,REVIEW
-3 curry leaves,2,,,,REVIEW
green capsicum,2,,,,REVIEW
oyster sauce,2,,,,REVIEW
shiitake mushrooms,2,,,,REVIEW
napa cabbage,2,,,,REVIEW
beer,2,,,,REVIEW
butterscotch chips,2,,,,REVIEW
chocolate cake,2,,,,REVIEW
shark fish,2,,,,REVIEW
nuggets curry leaves,2,,,,REVIEW
rye bread,2,,,,REVIEW
कप सोया चंक्स,2,,,,REVIEW
maltesers,2,,,,REVIEW
gruyere cheese,2,,,,REVIEW
japanese eggplant,2,,,,REVIEW
छोटे चमच्च सौंफ,2,,,,REVIEW
-2 cloves garlic,2,,,,REVIEW
musk melon,2,,,,REVIEW
-4 whole black peppercorns,2,,,,REVIEW
छोटा चमच्च जायफल,2,,,,REVIEW
kachri,2,,,,REVIEW
arisithipli,2,,,,REVIEW
kandathipli,2,,,,REVIEW
fettuccine pasta,2,,,,REVIEW
del monte penne rigate pasta,2,,,,REVIEW
of chickpea chana or chickpeas,2,,,,REVIEW
swiss cheese,2,,,,REVIEW
soy flour,2,,,,REVIEW
गुलाब के पत्ते,2,,,,REVIEW
bengal gram lentils,2,,,,REVIEW
double beans,2,,,,REVIEW
sesame seeds oil,2,,,,REVIEW
poppy poppy,2,,,,REVIEW
gunde,2,,,,REVIEW
-5 dry red chillies,2,,,,REVIEW
-2 tablespoon ghee,2,,,,REVIEW
star fruit,2,,,,REVIEW
manathakkali kai vathal,2,,,,REVIEW
del monte chifferi rigati pasta,2,,,,REVIEW
orange color,2,,,,REVIEW
quinoa flour,2,,,,REVIEW
orange peel,2,,,,REVIEW
-6 cloves garlic,2,,,,REVIEW
lamb ribs,2,,,,REVIEW
dried neem flowers,2,,,,REVIEW
banana leaves,2,,,,REVIEW
gilka,2,,,,REVIEW
1/2 teaspoon garam masala powder,2,,,,REVIEW
dal sugar powder,2,,,,REVIEW
thai jasmine rice,2,,,,REVIEW
बड़ा चम्मच हल्दी पाउडर,2,,,,REVIEW
citric acid crystals,2,,,,REVIEW
mixed berries,2,,,,REVIEW
chicken masala,2,,,,REVIEW
thin semiya,2,,,,REVIEW
taco seasoning,2,,,,REVIEW
fl oz britannia cream cheese,2,,,,REVIEW
1/2 cup makki ka atta,2,,,,REVIEW
1/2 teaspoons baking powder,2,,,,REVIEW
or 2 green chillies,2,,,,REVIEW
pomegranate sauce,2,,,,REVIEW
-3 spring onion greens,2,,,,REVIEW
-7 dry red chillies,2,,,,REVIEW
- 8 cherry tomatoes,2,,,,REVIEW
to 4 potatoes,2,,,,REVIEW
aam papad,2,,,,REVIEW
1/2 cup sooji,2,,,,REVIEW
छोटे चम्मच जीरा,2,,,,REVIEW
कप गोबी,2,,,,REVIEW
बड़े चमच्च पानी,2,,,,REVIEW
इलाइची पाउडर,2,,,,REVIEW
cajun spice mix,2,,,,REVIEW
spoon coconut,2,,,,REVIEW
-10 cashew nuts,2,,,,REVIEW
to 5 shallots,2,,,,REVIEW
amaranth leaves,2,,,,REVIEW
बड़ा चमच्च दही,2,,,,REVIEW
-10 whole black peppercorns,2,,,,REVIEW
छोटा चम्मच सोया सॉस,2,,,,REVIEW
छोटा चम्मच सिरका,2,,,,REVIEW
कप साबूदाना,2,,,,REVIEW
pickle masala,2,,,,REVIEW
कप चिकन ब्रैस्ट,2,,,,REVIEW
cumin powder -,2,,,,REVIEW
sprouted ragi,2,,,,REVIEW
कप मक्का,2,,,,REVIEW
बड़ा चम्मच कश्मीरी लाल मिर्च पाउडर,2,,,,REVIEW
बड़े चम्मच मसूर दाल,2,,,,REVIEW
-3 cardamom pods/seeds,2,,,,REVIEW
to 7 curry leaves,2,,,,REVIEW
bamboo shoots,2,,,,REVIEW
cotton threads,2,,,,REVIEW
parcels,2,,,,REVIEW
lettuce,2,,,,REVIEW
triple sec,2,,,,REVIEW
tequila,2,,,,REVIEW
to 12 ice cubes,2,,,,REVIEW
लौंग,2,,,,REVIEW
किलो चिकन,2,,,,REVIEW
stalks parsley leaves,2,,,,REVIEW
flat green beans,2,,,,REVIEW
छोटे चमच्च शक्कर,2,,,,REVIEW
pigeonpea,2,,,,REVIEW
pink flesh dragon fruit/pitaya,2,,,,REVIEW
oysters,2,,,,REVIEW
कप मिक्स्ड दाल,2,,,,REVIEW
stalks spinach leaves,2,,,,REVIEW
bisi bele bhat spice powder,2,,,,REVIEW
pinch orange color,2,,,,REVIEW
pinch yellow food colour,2,,,,REVIEW
nylon sabakki,2,,,,REVIEW
black raisins,2,,,,REVIEW
kababchini,2,,,,REVIEW
बड़े चम्मच इमली का पेस्ट,1,,,,REVIEW
बड़ा चम्मच सांबर पाउडर,1,,,,REVIEW
बड़े चमच्च कंडेन्स दूध,1,,,,REVIEW
pinch kashmiri red chilli powder,1,,,,REVIEW
pinch coriander powder,1,,,,REVIEW
pinch cumin powder,1,,,,REVIEW
-2 teaspoons extra virgin olive oil,1,,,,REVIEW
1/2 tablespoon mustard oil,1,,,,REVIEW
-4 cloves,1,,,,REVIEW
ग्राम घी,1,,,,REVIEW
ग्राम सौंफ,1,,,,REVIEW
ग्राम पूरी काली मिर्च,1,,,,REVIEW
ग्राम धनिये के बीज,1,,,,REVIEW
ग्राम अजवाइन,1,,,,REVIEW
ग्राम जीरा,1,,,,REVIEW
ग्राम सोंठ,1,,,,REVIEW
garlic salt,1,,,,REVIEW
whole wheat flour -,1,,,,REVIEW
-2 cherry tomatoes,1,,,,REVIEW
छोटे चम्मच बेसन,1,,,,REVIEW
कली हरा धनिया,1,,,,REVIEW
कली कढ़ी पत्ता,1,,,,REVIEW
ग्राम्स स्वीट कॉर्न,1,,,,REVIEW
mughlai meetha attar,1,,,,REVIEW
naan,1,,,,REVIEW
कप अनारदाना पाउडर,1,,,,REVIEW
अखरोट,1,,,,REVIEW
कप खोया,1,,,,REVIEW
stalks leek,1,,,,REVIEW
mango ginger,1,,,,REVIEW
1/2 cups rajma,1,,,,REVIEW
बड़े चमच्च अनार,1,,,,REVIEW
बड़ा चमच्च खस खस,1,,,,REVIEW
बड़ा चमच्च खरबूजे के बीज,1,,,,REVIEW
-3 cups almond milk,1,,,,REVIEW
adobo sauce,1,,,,REVIEW
pinto beans,1,,,,REVIEW
1/2 कप पानी,1,,,,REVIEW
छोटे चम्मच तंदूरी चिकन मसाला,1,,,,REVIEW
छोटे चम्मच कसूरी मेथी,1,,,,REVIEW
¼ कप टमाटर प्यूरी,1,,,,REVIEW
¼ कप दही,1,,,,REVIEW
कली लॉन्ग,1,,,,REVIEW
-6 roasted peanuts,1,,,,REVIEW
to 6 strawberries,1,,,,REVIEW
छोटा चम्मच बेकिंग पाउडर,1,,,,REVIEW
लौंग लहसुन,1,,,,REVIEW
कप कटहल के बीज,1,,,,REVIEW
maize dalia,1,,,,REVIEW
बड़े चमच्च करी पाउडर,1,,,,REVIEW
1/2 cup vegetable stock,1,,,,REVIEW
बड़े चम्मच जेलेपिनो,1,,,,REVIEW
कप बेसिल,1,,,,REVIEW
कप तरबूज,1,,,,REVIEW
-8 cloves garlic,1,,,,REVIEW
to 2 tablespoons sour cream,1,,,,REVIEW
छोटा चम्मच कॉर्न फ्लौर,1,,,,REVIEW
बड़े चम्मच हरी चटनी,1,,,,REVIEW
-2 teaspoons red chilli powder,1,,,,REVIEW
-5 whole eggs,1,,,,REVIEW
almond oil,1,,,,REVIEW
जायफल पाउडर,1,,,,REVIEW
कप दूध पाउडर,1,,,,REVIEW
बडे चमच्च घी,1,,,,REVIEW
or 2 dry red chilli,1,,,,REVIEW
to 8 pearl onions,1,,,,REVIEW
कप छोटे आलू,1,,,,REVIEW
to 5 green chilli,1,,,,REVIEW
-12 कढ़ी पत्ता,1,,,,REVIEW
बड़े चम्मच चावल का आटा,1,,,,REVIEW
pickle spice,1,,,,REVIEW
raisins -,1,,,,REVIEW
बड़े चम्मच पाइन नट्स,1,,,,REVIEW
बड़ा चम्मच बालसामिक सिरका,1,,,,REVIEW
छोटा चम्मच पैपरिका पाउडर,1,,,,REVIEW
-4 iceberg lettuce,1,,,,REVIEW
केले का स्टेम,1,,,,REVIEW
1/2 cups buttermilk,1,,,,REVIEW
khaman dhokla,1,,,,REVIEW
- 5 spring onion,1,,,,REVIEW
कप चिकन,1,,,,REVIEW
लेटस,1,,,,REVIEW
-2 teaspoons sugar,1,,,,REVIEW
bocconcini cheese,1,,,,REVIEW
stalk parsley leaves,1,,,,REVIEW
fl oz evaporated milk,1,,,,REVIEW
fl oz condensed milk,1,,,,REVIEW
कप सेब,1,,,,REVIEW
कप केला,1,,,,REVIEW
garam masala,1,,,,REVIEW
lemon glaze,1,,,,REVIEW
seven up,1,,,,REVIEW
lb butter,1,,,,REVIEW
-4 tablespoon sour cream,1,,,,REVIEW
-4 corn flour tortilla,1,,,,REVIEW
to 10 curry leaves,1,,,,REVIEW
prune spread,1,,,,REVIEW
cup cheese,1,,,,REVIEW
-3 tablespoons hot water,1,,,,REVIEW
strawberry,1,,,,REVIEW
of strawberries,1,,,,REVIEW
-3 tablespoons ghee,1,,,,REVIEW
pohala fish,1,,,,REVIEW
bourbon biscuits,1,,,,REVIEW
dry kashmiri peppers,1,,,,REVIEW
turkey berries,1,,,,REVIEW
to 15 mint leaves,1,,,,REVIEW
-2 dry red chillies,1,,,,REVIEW
horse gram flour,1,,,,REVIEW
दालचीनी पाउडर,1,,,,REVIEW
छोटा चमच्च पिस्ता,1,,,,REVIEW
छोटे चमच्च सोया सॉस,1,,,,REVIEW
chandi's work,1,,,,REVIEW
take out 1 teaspoon cumin seeds,1,,,,REVIEW
lemon-juice,1,,,,REVIEW
green onion leaves of,1,,,,REVIEW
-8 green chillies,1,,,,REVIEW
ghost chilli peppers,1,,,,REVIEW
-4 tablespoons ghee,1,,,,REVIEW
-6 saffron strands,1,,,,REVIEW
mixed spices,1,,,,REVIEW
fenugreek powder,1,,,,REVIEW
-3 tablespoons coconut milk,1,,,,REVIEW
brown bread,1,,,,REVIEW
of garlic,1,,,,REVIEW
to 3 tablespoons curd,1,,,,REVIEW
to 6 green chillies,1,,,,REVIEW
-9 tomatoes,1,,,,REVIEW
1/2 teaspoons red chilli powder,1,,,,REVIEW
-8 ice cubes,1,,,,REVIEW
whole wheat pizza dough,1,,,,REVIEW
spoon garam masala powder,1,,,,REVIEW
3/4 cup coconut milk,1,,,,REVIEW
clams,1,,,,REVIEW
sauerkraut,1,,,,REVIEW
hash browns,1,,,,REVIEW
honey mustard dressing,1,,,,REVIEW
cashmere red chilli powder,1,,,,REVIEW
ragi cookies,1,,,,REVIEW
jawla fish,1,,,,REVIEW
-15 betel leaves,1,,,,REVIEW
of mutton,1,,,,REVIEW
pita saga,1,,,,REVIEW
छोटे चमच्च खस खस,1,,,,REVIEW
tutti frutti ice cream,1,,,,REVIEW
black currant ice cream,1,,,,REVIEW
1/2 cup hung curd,1,,,,REVIEW
salt -,1,,,,REVIEW
gondhoraj lebu juice,1,,,,REVIEW
gondhoraj lebu lemon,1,,,,REVIEW
dried red chilli,1,,,,REVIEW
dry poppy,1,,,,REVIEW
cayenne,1,,,,REVIEW
of red chili powder,1,,,,REVIEW
1/2 cups rice,1,,,,REVIEW
long long,1,,,,REVIEW
to 4 tablespoons classic mayonnaise,1,,,,REVIEW
ber,1,,,,REVIEW
- 3 sprig parsley leaves,1,,,,REVIEW
- 8 button mushrooms,1,,,,REVIEW
ragi dosa batter,1,,,,REVIEW
kisameys,1,,,,REVIEW
silver work,1,,,,REVIEW
coconut curd,1,,,,REVIEW
cowpea pods,1,,,,REVIEW
rose leaves,1,,,,REVIEW
बड़े चमच्च रोस्टेड चना दाल,1,,,,REVIEW
-6 सुखी लाल मिर्च,1,,,,REVIEW
1/2 इंच अदरक,1,,,,REVIEW
-3 कली लहसुन,1,,,,REVIEW
pinch red chilli flakes,1,,,,REVIEW
alfalfa powder,1,,,,REVIEW
1/2 cup chicken stock,1,,,,REVIEW
small tablespoon raw mango,1,,,,REVIEW
gm curd,1,,,,REVIEW
garlic -,1,,,,REVIEW
few whole black peppercorns,1,,,,REVIEW
4 teaspoons black salt or rock salt,1,,,,REVIEW
little 1/2 teaspoon cumin powder,1,,,,REVIEW
coals,1,,,,REVIEW
kunafa pastry,1,,,,REVIEW
ash gourd chips,1,,,,REVIEW
khichdi,1,,,,REVIEW
to 2 tsp almond milk,1,,,,REVIEW
red chili flakes,1,,,,REVIEW
quail eggs,1,,,,REVIEW
to 3 teaspoons red chilli flakes,1,,,,REVIEW
to 6 spring onion,1,,,,REVIEW
to 500 grams button mushrooms,1,,,,REVIEW
mishti doi,1,,,,REVIEW
drops vanilla extract,1,,,,REVIEW
-3 teaspoons green chilli paste,1,,,,REVIEW
rasgulla syrup,1,,,,REVIEW
pinch rock salt,1,,,,REVIEW
summac,1,,,,REVIEW
sweet piquanté pepper,1,,,,REVIEW
whole black pepper corn,1,,,,REVIEW
provolone cheese,1,,,,REVIEW
handful walnuts,1,,,,REVIEW
1/2 teaspoon mustard seeds,1,,,,REVIEW
pinch garlic powder,1,,,,REVIEW
halloumi cheese,1,,,,REVIEW
बड़े चमच्च नमक,1,,,,REVIEW
बड़े चमच्च ग्रीन चिल्ली सॉस,1,,,,REVIEW
बड़े चमच्च हरे प्याज,1,,,,REVIEW
1/2 teaspoons vanilla extract,1,,,,REVIEW
to 3 saffron strands,1,,,,REVIEW
-4 fresh red chilli -,1,,,,REVIEW
gm pumpkin,1,,,,REVIEW
candied orange peel,1,,,,REVIEW
to 2 teaspoon almond milk,1,,,,REVIEW
pinch kasuri methi,1,,,,REVIEW
-4 tablespoons hung curd,1,,,,REVIEW
kasoori fenugreek,1,,,,REVIEW
chyawanprash,1,,,,REVIEW
recipe pastry dough,1,,,,REVIEW
-3 teaspoon coriander leaves,1,,,,REVIEW
soya sauce,1,,,,REVIEW
cauliflower leaves,1,,,,REVIEW
to 3 garlic,1,,,,REVIEW
peel and chop,1,,,,REVIEW
बड़े चमच्च रेड चिल्ली सॉस,1,,,,REVIEW
small tablespoon oil,1,,,,REVIEW
बड़ा चमच्च हींग,1,,,,REVIEW
गोबी,1,,,,REVIEW
strawberry wafers,1,,,,REVIEW
chocolate wafers,1,,,,REVIEW
बड़े चम्मच केनोला का तेल,1,,,,REVIEW
कप चिकन स्टॉक,1,,,,REVIEW
बड़ा चम्मच स्वीट कॉर्न,1,,,,REVIEW
छोटा चमच्च अचारी मसाला,1,,,,REVIEW
sweet boondi,1,,,,REVIEW
curd -,1,,,,REVIEW
-6 aloo tikki,1,,,,REVIEW
champagne,1,,,,REVIEW
papaya juice,1,,,,REVIEW
guava juice,1,,,,REVIEW
बड़े चम्मच कश्मीरी लाल मिर्च पाउडर,1,,,,REVIEW
pinch kalonji,1,,,,REVIEW
good-powder done,1,,,,REVIEW
peepramul powder,1,,,,REVIEW
dali curry leaves,1,,,,REVIEW
lb oranges,1,,,,REVIEW
lebanese cucumber,1,,,,REVIEW
can bamboo shots,1,,,,REVIEW
½ teaspoon lemon juice,1,,,,REVIEW
1/2 cup sour cream,1,,,,REVIEW
बड़े चम्मच गुड़,1,,,,REVIEW
कप मोठ बीन्स,1,,,,REVIEW
बीन्स,1,,,,REVIEW
ग्राम ओट्स,1,,,,REVIEW
to 5 curry leaves,1,,,,REVIEW
छोटा चमच्च रेड चिल्ली सॉस,1,,,,REVIEW
कप छेडार चीज़,1,,,,REVIEW
कप मक्खन,1,,,,REVIEW
कप सेलरी,1,,,,REVIEW
ग्राम स्ट्रॉबेरी,1,,,,REVIEW
puliodarai powder,1,,,,REVIEW
-3 teaspoons chocolate chips,1,,,,REVIEW
बड़े चमच्च काले तिल,1,,,,REVIEW
मेथी के दाने,1,,,,REVIEW
mexican seasoning,1,,,,REVIEW
to 7 pistachios,1,,,,REVIEW
carrot cake,1,,,,REVIEW
छोटा चम्मच कश्मीरी लाल मिर्च,1,,,,REVIEW
बड़ा चम्मच राजमा,1,,,,REVIEW
italian bread,1,,,,REVIEW
pabda fish,1,,,,REVIEW
1/2 cup digestive biscuit,1,,,,REVIEW
to 10 shallots,1,,,,REVIEW
sourdough bread,1,,,,REVIEW
habenaro sauce,1,,,,REVIEW
छोटे चम्मच अदरक,1,,,,REVIEW
कप संतरे का रस,1,,,,REVIEW
बड़ा चमच्च धंसक मसाला,1,,,,REVIEW
कप नारीयल,1,,,,REVIEW
कप नारीयल का दूध,1,,,,REVIEW
-2 dry red chilli,1,,,,REVIEW
छोटा चमच्च इनो फ्रूट साल्ट,1,,,,REVIEW
-6 capers,1,,,,REVIEW
green chutney -,1,,,,REVIEW
1/2 cup kabuli chana,1,,,,REVIEW
छोटा चम्मच कश्मीरी ग्रीन टी,1,,,,REVIEW
slices britannia cheese block,1,,,,REVIEW
कप सनफ्लॉवर के बीज,1,,,,REVIEW
छोटा चम्मच केसर,1,,,,REVIEW
टहनी हरे प्याज,1,,,,REVIEW
चिकन,1,,,,REVIEW
-3 tablespoons sour cream,1,,,,REVIEW
-6 cups vegetable stock,1,,,,REVIEW
fresno pepper,1,,,,REVIEW
pinch garlic salt,1,,,,REVIEW
कोयला,1,,,,REVIEW
कुकिंग सोडा,1,,,,REVIEW
बड़े चमच्च कॉर्न फ्लौर,1,,,,REVIEW
रतन जोट,1,,,,REVIEW
कप सरसो का तेल,1,,,,REVIEW
छोटा चमच्च लॉन्ग,1,,,,REVIEW
छोटा चमच्च बड़ी इलाइची,1,,,,REVIEW
छोटा चमच्च इलाईची,1,,,,REVIEW
कप दही का चक्का,1,,,,REVIEW
बड़ा चम्मच दूध पाउडर,1,,,,REVIEW
कप ठंडा पानी,1,,,,REVIEW
बड़े चम्मच पेपरमिंट ग्रीन टी,1,,,,REVIEW
कप तरबूज के बीज,1,,,,REVIEW
बड़ा चम्मच दही,1,,,,REVIEW
छोटा चम्मच चावल का आटा,1,,,,REVIEW
नारीयल पानी,1,,,,REVIEW
कप अखरोट,1,,,,REVIEW
बड़े चम्मच क्रीम,1,,,,REVIEW
taro root,1,,,,REVIEW
छोटा चम्मच तेज पत्ता,1,,,,REVIEW
बड़े चम्मच सौंफ,1,,,,REVIEW
छोटे चम्मच सुखी कश्मीरी मिर्च,1,,,,REVIEW
-5 cherry tomatoes,1,,,,REVIEW
टहनी धनिया पाउडर,1,,,,REVIEW
कप्स पालक,1,,,,REVIEW
छोटे चम्मच अदरक लहसुन का पेस्ट,1,,,,REVIEW
ग्राम्स नारियल का दूध,1,,,,REVIEW
छोटा चम्मच गुलाब का पानी,1,,,,REVIEW
मोरिंगा या सहजन की फली,1,,,,REVIEW
ग्राम्स गुंदे,1,,,,REVIEW
long pepper,1,,,,REVIEW
few basil leaves,1,,,,REVIEW
छोटा चमच्च लाल मिर्च,1,,,,REVIEW
बड़ा चम्मच क्रीम,1,,,,REVIEW
कद्दु के पत्ते,1,,,,REVIEW
अदरक लहसुन का पेस्ट,1,,,,REVIEW
-4 basil leaves,1,,,,REVIEW
बड़ा चम्मच उरद दाल,1,,,,REVIEW
कप चॉकलेट बार,1,,,,REVIEW
छोटा चम्मच वनीला एक्सट्रेक्ट,1,,,,REVIEW
कप फ्लैक्स सीड्स पाउडर,1,,,,REVIEW
कप मूंगफली बटर,1,,,,REVIEW
छोटा चमच्च खस खस,1,,,,REVIEW
कप कद्दू के बीज,1,,,,REVIEW
dry red chillies 1 sprig curry leaves,1,,,,REVIEW
g brinjal,1,,,,REVIEW
pinch sichuan peppercorns,1,,,,REVIEW
naga kesar,1,,,,REVIEW
/2 teaspoon fennel,1,,,,REVIEW
ladyfinger,1,,,,REVIEW
-3 tablespoons butter,1,,,,REVIEW
to 20 cashew nuts,1,,,,REVIEW
बड़ा चम्मच सिरका,1,,,,REVIEW
to 7 walnuts,1,,,,REVIEW
to 20 shallots,1,,,,REVIEW
bisleri fonzo,1,,,,REVIEW
ग्राम क्रीम,1,,,,REVIEW
ग्राम अरहर दाल,1,,,,REVIEW
कप काले बीन्स,1,,,,REVIEW
pudina dahi chutney,1,,,,REVIEW
to 4 tablespoon nutralite garlic & oregano spread,1,,,,REVIEW
-2 whole wheat flour,1,,,,REVIEW
छोटे चम्मच सरसों का तेल,1,,,,REVIEW
pinch sea salt,1,,,,REVIEW
kunafa dough,1,,,,REVIEW
reserved water,1,,,,REVIEW
-5 cup water,1,,,,REVIEW
टर्निप्स,1,,,,REVIEW
to 3 spring onion,1,,,,REVIEW
-10 momos,1,,,,REVIEW
puris used for pani puri,1,,,,REVIEW
raw mangoes,1,,,,REVIEW
-4 tablespoons condensed milk,1,,,,REVIEW
1 tablespoon lemon juice,1,,,,REVIEW
बड़े चमच्च रागी का आटा,1,,,,REVIEW
beans,1,,,,REVIEW
बड़े चमच्च इमली का पेस्ट,1,,,,REVIEW
-5 saffron strands,1,,,,REVIEW
-3 drops rose water,1,,,,REVIEW
-2 tablespoon butter,1,,,,REVIEW
छोटा चमच्च नारियल,1,,,,REVIEW
ग्राम्स अमरंथ के पत्ते,1,,,,REVIEW
veeba pizza & pasta sauce,1,,,,REVIEW
great northern beans,1,,,,REVIEW
-4 saffron,1,,,,REVIEW
drain the water,1,,,,REVIEW
green mung,1,,,,REVIEW
lemon-juiced,1,,,,REVIEW
or 2 potatoes,1,,,,REVIEW
congee powder,1,,,,REVIEW
espresso powder,1,,,,REVIEW
-3 tablespoon coriander leaves,1,,,,REVIEW
-6 tablespoons gram flour,1,,,,REVIEW
ice wine,1,,,,REVIEW
cumin seeds powder,1,,,,REVIEW
watermelon rind,1,,,,REVIEW
white,1,,,,REVIEW
grind 2-1 / 2 tablespoons whole pepper,1,,,,REVIEW
- 4 cloves garlic,1,,,,REVIEW
rooh afza sharbat,1,,,,REVIEW
jello,1,,,,REVIEW
बड़े चमच्च चना दाल,1,,,,REVIEW
-3 teaspoons ghee,1,,,,REVIEW
-6 mixed dry fruits,1,,,,REVIEW
candy sugar,1,,,,REVIEW
cardamom pods/seeds -,1,,,,REVIEW
नीम्बू का रस,1,,,,REVIEW
छोटा चमच्च बेकिंग सोडा,1,,,,REVIEW
aubergine,1,,,,REVIEW
dried anardana seeds,1,,,,REVIEW
fried onions,1,,,,REVIEW
poblano chillies,1,,,,REVIEW
-5 brinjal,1,,,,REVIEW
sundried tomatoes,1,,,,REVIEW
sorghum,1,,,,REVIEW
hulled wheat,1,,,,REVIEW
coriander leaves -,1,,,,REVIEW
sugar snap peas,1,,,,REVIEW
guava puree,1,,,,REVIEW
to 5 dry red chillies,1,,,,REVIEW
to 5 hog plum,1,,,,REVIEW
tighten 3 cloves garlic,1,,,,REVIEW
-3 tsp chana dal,1,,,,REVIEW
egg,1,,,,REVIEW
मंगलोरीयन ककड़ी,1,,,,REVIEW
chickpeas spices,1,,,,REVIEW
1/4 cup sugar,1,,,,REVIEW
can condensed milk,1,,,,REVIEW
barbeque masala,1,,,,REVIEW
to 9 green chillies,1,,,,REVIEW
1 sprig of curry leaves,1,,,,REVIEW
of raw mango,1,,,,REVIEW
small teaspoon asafoetida,1,,,,REVIEW
to 3 tablespoons milk,1,,,,REVIEW
-2 tablespoons milk,1,,,,REVIEW
-12 tablespoons instant oats,1,,,,REVIEW
-4 tablespoons cocoa powder,1,,,,REVIEW
-4 tablespoons honey,1,,,,REVIEW
to 1/2 tbsp mint,1,,,,REVIEW
dry mint,1,,,,REVIEW
hung yogurt,1,,,,REVIEW
1 teaspoon coriander powder,1,,,,REVIEW
1/2 cup tender coconut water,1,,,,REVIEW
green tur dal,1,,,,REVIEW
dried chamomile,1,,,,REVIEW
kadhi leaves,1,,,,REVIEW
to 2 tablespoons maple syrup,1,,,,REVIEW
to 3 teaspoons cocoa powder,1,,,,REVIEW
mustard oil -,1,,,,REVIEW
elaichi,1,,,,REVIEW
star anees,1,,,,REVIEW
cassia,1,,,,REVIEW
कप पपिता,1,,,,REVIEW
or 5 कढ़ी पत्ता,1,,,,REVIEW
spoon gram flour,1,,,,REVIEW
mint-finely chopped,1,,,,REVIEW
herring fish steaks,1,,,,REVIEW
few branch green coriander,1,,,,REVIEW
-2 tablespoon pistachios,1,,,,REVIEW
khichdi/pongal,1,,,,REVIEW
-4 tablespoons whole wheat bread crumbs,1,,,,REVIEW
-2 teaspoon whole black peppercorns,1,,,,REVIEW
बड़ा चम्मच सौंफ पाउडर,1,,,,REVIEW
- 4 basil leaves,1,,,,REVIEW
to 16 bhindi,1,,,,REVIEW
pumpkin leaves,1,,,,REVIEW
whiskey,1,,,,REVIEW
tea,1,,,,REVIEW
teaspoon turmeric powder,1,,,,REVIEW
large spoon peanut powder,1,,,,REVIEW
avrekalu,1,,,,REVIEW
to 4 tablespoons thai red curry paste,1,,,,REVIEW
-5 tablespoon extra virgin olive oil,1,,,,REVIEW
route pasta,1,,,,REVIEW
small onion,1,,,,REVIEW
1/2 tablespoon peepramul powder,1,,,,REVIEW
to 4 tablespoons mustard oil,1,,,,REVIEW
strawberry essense,1,,,,REVIEW
strawberry cake,1,,,,REVIEW
1/2 liter vanilla ice cream,1,,,,REVIEW
बर्गर बन,1,,,,REVIEW
-3 बड़े चम्मच हरा धनिया,1,,,,REVIEW
बड़े चम्मच मक्की का आटा,1,,,,REVIEW
artichokes,1,,,,REVIEW
mutton liver,1,,,,REVIEW
1/2 tablespoon curry powder,1,,,,REVIEW
tomatillo,1,,,,REVIEW
radhuni,1,,,,REVIEW
green olive pesto,1,,,,REVIEW
of kalonji seeds,1,,,,REVIEW
1/2 liter chocolate ice cream,1,,,,REVIEW
classic alfredo pasta sauce,1,,,,REVIEW
to 3 lettuce leaves,1,,,,REVIEW
large whole eggs,1,,,,REVIEW
packet britannia cream cheese,1,,,,REVIEW
बड़ा चमच्च पंच फोरन मसाला,1,,,,REVIEW
ग्राम खजूर,1,,,,REVIEW
टहनी रोसमैरी,1,,,,REVIEW
बड़े चमच्च ओलिव का तेल,1,,,,REVIEW
ग्राम चेरी टमाटर,1,,,,REVIEW
बड़े चमच्च कश्मीरी लाल मिर्च पाउडर,1,,,,REVIEW
ग्राम गुड़,1,,,,REVIEW
कटोरी अंकुरित दाल,1,,,,REVIEW
-8 del monte black olives,1,,,,REVIEW
powder,1,,,,REVIEW
cheetos,1,,,,REVIEW
few mint leaves,1,,,,REVIEW
dry green mango,1,,,,REVIEW
few sprig mint leaves,1,,,,REVIEW
to 3 सुखी लाल मिर्च,1,,,,REVIEW
to 6 किसमिस,1,,,,REVIEW
-2 सुखी लाल मिर्च,1,,,,REVIEW
सूखा नारियल,1,,,,REVIEW
agathi keerai,1,,,,REVIEW
mint rice,1,,,,REVIEW
aloo tikki,1,,,,REVIEW
छोटे चमच्च जीरा पाउडर,1,,,,REVIEW
-4 cherry tomatoes,1,,,,REVIEW
to 12 button mushrooms,1,,,,REVIEW
+1/2 cup maple syrup,1,,,,REVIEW
to 4 tablespoons cheese,1,,,,REVIEW
-3 tablespoon cumin seeds,1,,,,REVIEW
rusk,1,,,,REVIEW
छोटा चम्मच रोसमेरी,1,,,,REVIEW
कप किनुआ,1,,,,REVIEW
onion 6 cloves garlic,1,,,,REVIEW
red chilli,1,,,,REVIEW
celery -,1,,,,REVIEW
dried peas,1,,,,REVIEW
dried mushrooms,1,,,,REVIEW
lima beans,1,,,,REVIEW
बड़ा चम्मच पुदीना,1,,,,REVIEW
mandi,1,,,,REVIEW
few spring onion,1,,,,REVIEW
बड़े चम्मच अरहर दाल,1,,,,REVIEW
namak para,1,,,,REVIEW
-4 tablespoon condensed milk,1,,,,REVIEW
as much as water,1,,,,REVIEW
-10 strawberries,1,,,,REVIEW
cherry preserve /jam,1,,,,REVIEW
papdi puri,1,,,,REVIEW
कमल ककड़ी,1,,,,REVIEW
1/4 teaspoon baking powder,1,,,,REVIEW
-14 whole black peppercorns,1,,,,REVIEW
red chilli sauce -,1,,,,REVIEW
-2 tablespoons chana dal,1,,,,REVIEW
mixed grains,1,,,,REVIEW
1/2 tablespoon dessicated coconut,1,,,,REVIEW
serrano pepper,1,,,,REVIEW
grind 1 whole pepper,1,,,,REVIEW
white peas,1,,,,REVIEW
stock lemongrass,1,,,,REVIEW
to 4 बड़े चमच्च घी,1,,,,REVIEW
कप कमल ककड़ी,1,,,,REVIEW
कप मूली के पत्ते,1,,,,REVIEW
reacheado masala,1,,,,REVIEW
khurchan,1,,,,REVIEW
छोटा चमच्च अनारदाना पाउडर,1,,,,REVIEW
बड़ा चमच्च अमचूर,1,,,,REVIEW
to 12 snow peas,1,,,,REVIEW
-5 teaspoons extra virgin olive oil,1,,,,REVIEW
-2 teaspoons dried basil leaves,1,,,,REVIEW
-5 cups idli dosa batter,1,,,,REVIEW
bhang paste,1,,,,REVIEW
बड़े चमच्च टमाटर प्यूरी,1,,,,REVIEW
बड़े चमच्च टमाटर केचप,1,,,,REVIEW
-8 लहसुन,1,,,,REVIEW
बड़े चमच्च सत्तू का आटा,1,,,,REVIEW
-15 basil leaves,1,,,,REVIEW
-5 baby corn,1,,,,REVIEW
-10 cherry tomatoes,1,,,,REVIEW
छोटे चमच्च नारियल,1,,,,REVIEW
pinch kala jeera,1,,,,REVIEW
wangi bhat powder,1,,,,REVIEW
to 15 cashews,1,,,,REVIEW
to 8 brinjals,1,,,,REVIEW
kenua,1,,,,REVIEW
1/2 whole wheat flour,1,,,,REVIEW
peruvian beans,1,,,,REVIEW
papad khar,1,,,,REVIEW
बड़े चम्मच मूंगफली,1,,,,REVIEW
छोटा चम्मच काली उरद दाल,1,,,,REVIEW
nilla cookies,1,,,,REVIEW
बड़ा चम्मच गुड़,1,,,,REVIEW
छोटा चमच्च दालचीनी पाउडर,1,,,,REVIEW
orzo pasta,1,,,,REVIEW
बड़ा चमच्च सूखा नारियल,1,,,,REVIEW
ग्राम्स हरा बीन्स,1,,,,REVIEW
-5 cloves,1,,,,REVIEW
botis,1,,,,REVIEW
horlicks,1,,,,REVIEW
spoon lemon juice,1,,,,REVIEW
-1/2 teaspoon salt,1,,,,REVIEW
1/4 cups rolled oats,1,,,,REVIEW
- 3 sprig dill leaves,1,,,,REVIEW
- 5 parsley leaves,1,,,,REVIEW
- 4 parsley leaves,1,,,,REVIEW
matzo meal,1,,,,REVIEW
lamb trotters,1,,,,REVIEW
1/2 cups hot water,1,,,,REVIEW
makhana,1,,,,REVIEW
1/2 cups sunflower oil,1,,,,REVIEW
1/2 cup baby potatoes,1,,,,REVIEW
round flower,1,,,,REVIEW
small spoon oil,1,,,,REVIEW
-4 tablespoons extra virgin olive oil,1,,,,REVIEW
loaf french bread,1,,,,REVIEW
to 12 strawberries,1,,,,REVIEW
1/2 teaspoons coriander powder,1,,,,REVIEW
-5 dry red chilies,1,,,,REVIEW
mixed masala,1,,,,REVIEW
del monte tricolour spirali pasta,1,,,,REVIEW
छोटे चमच्च गरम मसाला पाउडर,1,,,,REVIEW
-6 mint leaves,1,,,,REVIEW
1/2 cups foxtail millet,1,,,,REVIEW
-3 tablespoons groundnut powder,1,,,,REVIEW
bajra dosa batter,1,,,,REVIEW
this galangal,1,,,,REVIEW
stock lemon grass,1,,,,REVIEW
cast curry leaves,1,,,,REVIEW
mozzarella cheese -,1,,,,REVIEW
to 10 cloves garlic,1,,,,REVIEW
tender mango,1,,,,REVIEW
chaat masala powder -,1,,,,REVIEW
छोटा चमच्च इमली,1,,,,REVIEW
veeba burger mayonnaise,1,,,,REVIEW
gm amaranth leaves,1,,,,REVIEW
kadhi masala,1,,,,REVIEW
preserved pineapple,1,,,,REVIEW
कप्स कद्दू,1,,,,REVIEW
to 7 pointed gourd,1,,,,REVIEW
spoon coriander leaves,1,,,,REVIEW
white wine,1,,,,REVIEW
अमचूर,1,,,,REVIEW
1/2 cup rice rava,1,,,,REVIEW
-4 tablespoon rice flour,1,,,,REVIEW
छोटा चमच्च मूंगफली पाउडर,1,,,,REVIEW
tछोटा चमच्च गोडा मसाला,1,,,,REVIEW
काली चाय,1,,,,REVIEW
बड़े चमच्च लाल मिर्च पाउडर,1,,,,REVIEW
बड़े चमच्च अनारदाना,1,,,,REVIEW
instant dosa mix powder,1,,,,REVIEW
1/2 cups chocolate wafers,1,,,,REVIEW
3/4 cups condensed milk,1,,,,REVIEW
1/2 cups chocolate chips,1,,,,REVIEW
english mustard sauce,1,,,,REVIEW
- 3 sprig coriander leaves,1,,,,REVIEW
few pistachios,1,,,,REVIEW
कप अदरक,1,,,,REVIEW
कंटोल,1,,,,REVIEW
लाइम फली,1,,,,REVIEW
कप ऐश लौकी,1,,,,REVIEW
कप रतालू,1,,,,REVIEW
अरबी,1,,,,REVIEW
फलिया,1,,,,REVIEW
pinch whole black peppercorns,1,,,,REVIEW
gram chana masala powder,1,,,,REVIEW
-8 pistachios,1,,,,REVIEW
छोटा चमच्च पैपरिका पाउडर,1,,,,REVIEW
recipe chocolate ganache,1,,,,REVIEW
1/2 tablespoons sunflower oil,1,,,,REVIEW
टहनी हरा चना,1,,,,REVIEW
to 3 tablespoon saoji masala,1,,,,REVIEW
risotto rice,1,,,,REVIEW
बड़े चमच्च धनिया पाउडर,1,,,,REVIEW
pinch lemon juice,1,,,,REVIEW
बड़े चमच्च किसमिस,1,,,,REVIEW
दगडफूल,1,,,,REVIEW
कप खस खस,1,,,,REVIEW
1/2 cups gram flour,1,,,,REVIEW
gochujang,1,,,,REVIEW
kimchi,1,,,,REVIEW
बड़े चमच्च हरी मूंग दाल,1,,,,REVIEW
दही,1,,,,REVIEW
लहसुन चटनी,1,,,,REVIEW
इमली की चटनी,1,,,,REVIEW
हरी चटनी,1,,,,REVIEW
कप सेव,1,,,,REVIEW
ग्राम सिंघाड़े का आटा,1,,,,REVIEW
make 1/2 cup onion,1,,,,REVIEW
cumene seeds,1,,,,REVIEW
kohl rabi,1,,,,REVIEW
pork sausage,1,,,,REVIEW
अचार का मसाला,1,,,,REVIEW
छोटे चमच्च तिल,1,,,,REVIEW
छोटे चमच्च कास्टर शक्कर,1,,,,REVIEW
orange bell pepper,1,,,,REVIEW
+1/3 cups sugar,1,,,,REVIEW
lb phyllo dough,1,,,,REVIEW
soy sauce -,1,,,,REVIEW
to 6 कढ़ी पत्ता,1,,,,REVIEW
छोटे चमच्च हींग,1,,,,REVIEW
पार्सले,1,,,,REVIEW
बड़े चम्मच टहीनी,1,,,,REVIEW
मोज़रेला चीज़,1,,,,REVIEW
कप रेड चिल्ली फलैक्स,1,,,,REVIEW
beetroot puree,1,,,,REVIEW
बड़ा चमच्च मिर्ची पाउडर,1,,,,REVIEW
तेजपत्ता,1,,,,REVIEW
गोल सुखी लाल मिर्च,1,,,,REVIEW
purple yam,1,,,,REVIEW
cape gooseberries,1,,,,REVIEW
बड़ा चमच्च मूंगफली बटर,1,,,,REVIEW
roomali roti,1,,,,REVIEW
walking catfish,1,,,,REVIEW
बड़े चमच्च किशमिश,1,,,,REVIEW
-5 spring onion greens,1,,,,REVIEW
-6 tablespoon icing sugar,1,,,,REVIEW
-3 tablespoon brown sugar,1,,,,REVIEW
-4 tablespoon caster sugar,1,,,,REVIEW
-6 tablespoon butter,1,,,,REVIEW
pinch jaggery,1,,,,REVIEW
बड़ा चमच्च इमली की चटनी,1,,,,REVIEW
बड़ा चमच्च चावल का आटा,1,,,,REVIEW
बड़ा चमच्च मैदा,1,,,,REVIEW
ग्राम आमला,1,,,,REVIEW
बड़ा चम्मच रेड चिल्ली सॉस,1,,,,REVIEW
बड़ा चम्मच टमाटर केचप,1,,,,REVIEW
palm fruit,1,,,,REVIEW
छोटा चमच्च टमाटर,1,,,,REVIEW
छोटा चमच्च कलौंजी के बीज,1,,,,REVIEW
बड़े चमच्च सरसो का तेल,1,,,,REVIEW
फूल गोबी,1,,,,REVIEW
1/2 teaspoon ginger garlic paste,1,,,,REVIEW
bimbla,1,,,,REVIEW
brown rice flakes,1,,,,REVIEW
cinnamon sugar,1,,,,REVIEW
-2 tablespoons pickled jalapenos,1,,,,REVIEW
-6 fish fillet,1,,,,REVIEW
मेथी,1,,,,REVIEW
- 6 artichokes,1,,,,REVIEW
बड़े चमच्च चावल,1,,,,REVIEW
-3 tablespoon mustard oil,1,,,,REVIEW
lb fish fillet,1,,,,REVIEW
कप हंग,1,,,,REVIEW
बड़े चम्मच लाल मिर्च पाउडर,1,,,,REVIEW
बड़े चम्मच गरम मसाला पाउडर,1,,,,REVIEW
-5 tablespoon butter,1,,,,REVIEW
-8 chocolate wafers,1,,,,REVIEW
-8 bourbon biscuits,1,,,,REVIEW
mustard flowers,1,,,,REVIEW
छोटा चमच्च नारियल तेल,1,,,,REVIEW
-8 whole black peppercorns,1,,,,REVIEW
बड़ा चमच्च हरी चटनी,1,,,,REVIEW
कप सुरन,1,,,,REVIEW
ग्राम्स छोटे आलू,1,,,,REVIEW
to 4 dry red chilli,1,,,,REVIEW
to 6 whole black peppercorns,1,,,,REVIEW
कप अंकुरित दाल,1,,,,REVIEW
ranch sauce,1,,,,REVIEW
udupi sambar powder,1,,,,REVIEW
red mustard seeds,1,,,,REVIEW
1/2 teaspoons gram flour,1,,,,REVIEW
बड़ा चम्मच ब्राउन शक्कर,1,,,,REVIEW
ज़ुकिनी,1,,,,REVIEW
बड़े चम्मच थाई ग्रीन करी पेस्ट,1,,,,REVIEW
1/2 tablespoon sweet chutney,1,,,,REVIEW
1/2 tablespoon lahsun ki chutney,1,,,,REVIEW
stalks knol khol leaves,1,,,,REVIEW
to 3 tablespoons sesame seeds,1,,,,REVIEW
+ 2 बड़ा चमच्च तेल,1,,,,REVIEW
अमरुद,1,,,,REVIEW
किसमिस,1,,,,REVIEW
बड़े चमच्च चॉकलेट चिप्स,1,,,,REVIEW
ग्राम हरे मटर,1,,,,REVIEW
hard taco shells -,1,,,,REVIEW
mango shrikhand,1,,,,REVIEW
to 2 tablespoons extra virgin olive oil,1,,,,REVIEW
बड़ा चमच्च ग्रीन चिल्ली सॉस,1,,,,REVIEW
बड़े चमच्च हरे प्याज के पत्ते,1,,,,REVIEW
chivda,1,,,,REVIEW
to 5 button mushrooms,1,,,,REVIEW
to 2 whole black peppercorns,1,,,,REVIEW
dal stock,1,,,,REVIEW
to 5 cardamom pods/seeds,1,,,,REVIEW
कप कच्चा केला,1,,,,REVIEW
चना दाल,1,,,,REVIEW
छोटा चम्मच नारियल,1,,,,REVIEW
छोटा चम्मच धनिया के बीज,1,,,,REVIEW
चिचिंदा,1,,,,REVIEW
pinch cumin seeds,1,,,,REVIEW
stalks asparagus,1,,,,REVIEW
chana stock,1,,,,REVIEW
prune,1,,,,REVIEW
chickpea lentil,1,,,,REVIEW
dry red chilli -,1,,,,REVIEW
1/2 teaspoon salt,1,,,,REVIEW
1/2 cup all purpose flour -,1,,,,REVIEW
bhakarwdis,1,,,,REVIEW
kinua,1,,,,REVIEW
black beans sauce,1,,,,REVIEW
of olive oil,1,,,,REVIEW
tablespoon badam,1,,,,REVIEW
tablespoon dates,1,,,,REVIEW
yakisoba noodles,1,,,,REVIEW
cut into 1 निकल4 cup water,1,,,,REVIEW
1/4 cups cashew nuts,1,,,,REVIEW
of trumpet,1,,,,REVIEW
-5 red chillies,1,,,,REVIEW
-10 brinjals,1,,,,REVIEW
granulated sugar,1,,,,REVIEW
to 8 saffron strands,1,,,,REVIEW
to 3 tablespoons ghee,1,,,,REVIEW
- 6 mint leaves,1,,,,REVIEW
english cucumbers,1,,,,REVIEW
orange juice,1,,,,REVIEW
pinch हींग,1,,,,REVIEW
काली उरद दाल,1,,,,REVIEW
-4 apples,1,,,,REVIEW
tablespoon cumin powder,1,,,,REVIEW
manathakkali keerai,1,,,,REVIEW
gm arhar dal,1,,,,REVIEW
- 3 sprig chives,1,,,,REVIEW
- 3 sprig sage,1,,,,REVIEW
-8 green beans,1,,,,REVIEW
to 25 badam,1,,,,REVIEW
-20 raisins,1,,,,REVIEW
-20 cashew nuts,1,,,,REVIEW
dark rum,1,,,,REVIEW
pita chips,1,,,,REVIEW
to 7 cloves garlic,1,,,,REVIEW
mint pesto,1,,,,REVIEW
teaspoon raisins,1,,,,REVIEW
teaspoon cashew nuts,1,,,,REVIEW
to 8 cashew nuts,1,,,,REVIEW
छोटा चम्मच रेड चिल्ली सॉस,1,,,,REVIEW
बड़ा चमच्च चावल का सिरका,1,,,,REVIEW
बड़ा चमच्च सोया सॉस,1,,,,REVIEW
स्टॉक सेलरी,1,,,,REVIEW
थाई रेड चिल्ली,1,,,,REVIEW
+1/4 hung curd,1,,,,REVIEW
बड़ा चमच्च मलाई,1,,,,REVIEW
छोटे चमच्च निम्बू का रस,1,,,,REVIEW
to 2 tablespoon milk,1,,,,REVIEW
cardamom powder -,1,,,,REVIEW
parshe,1,,,,REVIEW
-4 tablespoons red chilli sauce,1,,,,REVIEW
-3 fresh red chilli,1,,,,REVIEW
cheese cubes,1,,,,REVIEW
- 8 fresh figs,1,,,,REVIEW
¼ cup mint leaves,1,,,,REVIEW
ग्राम हक्का नूडल्स,1,,,,REVIEW
emami rice bran oil,1,,,,REVIEW
sun dried tomato pesto,1,,,,REVIEW
-2 teaspoons malt vinegar,1,,,,REVIEW
¼ cup gram flour,1,,,,REVIEW
few sprig fresh thyme leaves,1,,,,REVIEW
-4 sun dried tomatoes,1,,,,REVIEW
veeba sriracha sauce,1,,,,REVIEW
chai masala,1,,,,REVIEW
raw rice,1,,,,REVIEW
mangoes,1,,,,REVIEW
pinch kosher salt,1,,,,REVIEW
gm chicken,1,,,,REVIEW
few टहनी हरा धनिया,1,,,,REVIEW
to 8 curry leaves,1,,,,REVIEW
-3 cups spinach,1,,,,REVIEW
बड़े चमच्च सूखा नारियल,1,,,,REVIEW
बड़ा चमच्च काली उरद दाल,1,,,,REVIEW
1/2 tablespoons gram flour,1,,,,REVIEW
gms cottage cheese,1,,,,REVIEW
soda,1,,,,REVIEW
lime juice,1,,,,REVIEW
-1 1/2 cups water,1,,,,REVIEW
big teaspoon kashmiri red chilli,1,,,,REVIEW
jackfruit,1,,,,REVIEW
grind 1 tablespoon jaggery,1,,,,REVIEW
-6 lima beans,1,,,,REVIEW
petha pumpkin,1,,,,REVIEW
chawla pods,1,,,,REVIEW
raw bananas,1,,,,REVIEW
-3 tablespoons fresh coconut,1,,,,REVIEW
बड़े चम्मच हल्दी पाउडर,1,,,,REVIEW
बड़े चम्मच हींग,1,,,,REVIEW
apple puree,1,,,,REVIEW
flaxseed powder,1,,,,REVIEW
बड़ा चम्मच चाट मसाला पाउडर,1,,,,REVIEW
बड़ा चम्मच अमचूर,1,,,,REVIEW
whole black peppercorns -,1,,,,REVIEW
1/2 cups avarekalu / lilva beans,1,,,,REVIEW
1/4 cups sooji,1,,,,REVIEW
बड़ा चमच्च दूध,1,,,,REVIEW
-2 tablespoon chocolate chips,1,,,,REVIEW
ziti pasta,1,,,,REVIEW
- 1 cup jaggery,1,,,,REVIEW
green coriander-cut,1,,,,REVIEW
mint-cut,1,,,,REVIEW
ग्राम मूंगफली,1,,,,REVIEW
बड़ा चमच्च सोयाा सॉस,1,,,,REVIEW
ग्राम्स टोफू,1,,,,REVIEW
बड़े चम्मच शिमला मिर्च,1,,,,REVIEW
1/2 tablespoons garlic,1,,,,REVIEW
1/2 tablespoons ginger,1,,,,REVIEW
1/2 cups seeraga samba rice,1,,,,REVIEW
बड़े चम्मच प्याज,1,,,,REVIEW
to 8 काजू,1,,,,REVIEW
+1/4 हंग दही,1,,,,REVIEW
or 2 coal,1,,,,REVIEW
bacon,1,,,,REVIEW
beef,1,,,,REVIEW
to 15 pearl onions,1,,,,REVIEW
ग्राम लौकी,1,,,,REVIEW
few dill leaves,1,,,,REVIEW
phyllo tartlet cups,1,,,,REVIEW
-3 tablespoon rice flour,1,,,,REVIEW
-4 tablespoon tofu,1,,,,REVIEW
soft taco shells,1,,,,REVIEW
aamras,1,,,,REVIEW
to 6 raisins,1,,,,REVIEW
tea monk bodh second flush black tea,1,,,,REVIEW
yellow food colour,1,,,,REVIEW
छोटा चम्मच राई,1,,,,REVIEW
छोटा चम्मच लहसुन,1,,,,REVIEW
कप अवरेकालू,1,,,,REVIEW
elbow pasta,1,,,,REVIEW
orange blossom water,1,,,,REVIEW
काफिर लाइम के पत्ते,1,,,,REVIEW
इंच गलंगल,1,,,,REVIEW
टहनी लेमन ग्रास,1,,,,REVIEW
वेजिटेबल स्टॉक,1,,,,REVIEW
to 6 marie biscuit,1,,,,REVIEW
margarine,1,,,,REVIEW
-2 teaspoons spring onion greens,1,,,,REVIEW
-2 tablespoons dried oregano,1,,,,REVIEW
recipe all purpose pie crust,1,,,,REVIEW
large carrot,1,,,,REVIEW
शहद,1,,,,REVIEW
cherry compote,1,,,,REVIEW
to 6 idli,1,,,,REVIEW
-4 tablespoons milk,1,,,,REVIEW
बड़ा चमच्च इमली,1,,,,REVIEW
ग्राम भिन्डी,1,,,,REVIEW
-6 tablespoons sunflower oil,1,,,,REVIEW
-4 tablespoons salt,1,,,,REVIEW
dried turmeric,1,,,,REVIEW
-7 burger buns,1,,,,REVIEW
छोटी चमच्च धनिया पाउडर,1,,,,REVIEW
छोटी चमच्च जीरा पाउडर,1,,,,REVIEW
छोटी चमच्च अदरक लहसुन का पेस्ट,1,,,,REVIEW
छोटी चमच्च शाही जीरा,1,,,,REVIEW
-12 बटन मशरुम,1,,,,REVIEW
to 3 teaspoons green chilli,1,,,,REVIEW
-12 cups water,1,,,,REVIEW
1/2 teaspoon red chilli powder,1,,,,REVIEW
purple carrots,1,,,,REVIEW
to 5 tablespoons buttermilk,1,,,,REVIEW
-2 छोटे चमच्च लाल मिर्च पाउडर,1,,,,REVIEW
-5 अंडे,1,,,,REVIEW
बड़े चम्मच नारियल पाउडर,1,,,,REVIEW
बड़ा चम्मच जीरा,1,,,,REVIEW
to 3 tablespoon coriander leaves,1,,,,REVIEW
छोटा चमच्च ओलिव का तेल,1,,,,REVIEW
dragon fruit,1,,,,REVIEW
बड़े चमच्च अदरक लहसुन का पेस्ट,1,,,,REVIEW
बड़े चमच्च हरा मटर,1,,,,REVIEW
बेकिंग सोडा,1,,,,REVIEW
कप ड्रमस्टिक के पत्ते,1,,,,REVIEW
ग्राम स्वीट कॉर्न,1,,,,REVIEW
बड़ा चमच्च बेकिंग सोडा,1,,,,REVIEW
बड़ा चमच्च वनीला एक्सट्रेक्ट,1,,,,REVIEW
कप कॉर्न सिरप,1,,,,REVIEW
छोटा चमच्च ऑरेगानो,1,,,,REVIEW
छोटा चमच्च रोसमैरी,1,,,,REVIEW
बड़े चमच्च टबास्को सॉस,1,,,,REVIEW
चुटकी शक्कर,1,,,,REVIEW
बड़ा चमचच काजू,1,,,,REVIEW
छोटी चमच्च लाल मिर्च,1,,,,REVIEW
छोटी चमच्च गरम मसाला पाउडर,1,,,,REVIEW
-4 teaspoons fresh coconut,1,,,,REVIEW
kisamis,1,,,,REVIEW
बड़े चमच्च हींग,1,,,,REVIEW
इंच हल्दी,1,,,,REVIEW
-15 whole black peppercorns,1,,,,REVIEW
चुटकी भर शक्कर,1,,,,REVIEW
बड़े चमच्च कोल्हापुरी खन्दा लहसुन मसाला,1,,,,REVIEW
-7 green chillies,1,,,,REVIEW
mango juice,1,,,,REVIEW
cake mix,1,,,,REVIEW
छोटा चम्मच रेड चिल्ली फलैक्स,1,,,,REVIEW
-6 dried figs,1,,,,REVIEW
chikki,1,,,,REVIEW
strawberry jam,1,,,,REVIEW
kalamata olives,1,,,,REVIEW
to 2 tablespoons fresh coconut,1,,,,REVIEW
to 3 tablespoons green peas,1,,,,REVIEW
ginger cookies,1,,,,REVIEW
-10 teaspoon sugar,1,,,,REVIEW
peel,1,,,,REVIEW
-3 kashmiri dry red chillies,1,,,,REVIEW
tikka masala,1,,,,REVIEW
black chili powder,1,,,,REVIEW
gm small potatoes,1,,,,REVIEW
sama flour,1,,,,REVIEW
sweet corn -,1,,,,REVIEW
peanut powder,1,,,,REVIEW
hung-fat,1,,,,REVIEW
cream of tartar,1,,,,REVIEW
1/2 tablespoon corn flour,1,,,,REVIEW
green peppers,1,,,,REVIEW
1/2 teaspoon vanilla extract,1,,,,REVIEW
-5 teaspoon broken wheat,1,,,,REVIEW
-3 teaspoons horse gram dal,1,,,,REVIEW
loose leaf tea,1,,,,REVIEW
red khara sev,1,,,,REVIEW
soba noodles,1,,,,REVIEW
stalk lemongrass,1,,,,REVIEW
multigrain digestive ragi biscuits,1,,,,REVIEW
kashmiri red chili powder,1,,,,REVIEW
make 2 tablespoons ginger,1,,,,REVIEW
gm mutton,1,,,,REVIEW
-4 drops orange essence,1,,,,REVIEW
इनो फ्रूट साल्ट,1,,,,REVIEW
silver balls,1,,,,REVIEW
-3 tablespoons nolen gur,1,,,,REVIEW
1/2 + 1/2 cups milk,1,,,,REVIEW
to 5 cashew nuts,1,,,,REVIEW
ginger ale,1,,,,REVIEW
apple juice,1,,,,REVIEW
+ 1 onion,1,,,,REVIEW
-4 garlic,1,,,,REVIEW
- 1 1/4 cups water,1,,,,REVIEW
strawberry vodka,1,,,,REVIEW
pimiento-stuffed green olives,1,,,,REVIEW
of arhar dal,1,,,,REVIEW
gongura,1,,,,REVIEW
small tablespoon cinnamon powder,1,,,,REVIEW
1/4 cups whole wheat flour,1,,,,REVIEW
spoon chaat masala powder,1,,,,REVIEW
castor sugar,1,,,,REVIEW
of casmis,1,,,,REVIEW
uncooked bananas,1,,,,REVIEW
-3 teaspoons coriander seeds,1,,,,REVIEW
groundnut,1,,,,REVIEW
1/2 tablespoons coriander seeds,1,,,,REVIEW
-5 fresh red chilli,1,,,,REVIEW
-10 brinjal,1,,,,REVIEW
to 2 tablespoons rice flour,1,,,,REVIEW
+1 teaspoon red chilli powder,1,,,,REVIEW
+2 tablespoons sesame seeds,1,,,,REVIEW
1 teaspoon asafoetida,1,,,,REVIEW
teaspoon celery,1,,,,REVIEW
blueberry jam,1,,,,REVIEW
- 6 cherry tomatoes,1,,,,REVIEW
gm chhedar cheese,1,,,,REVIEW
chickpea lentils -,1,,,,REVIEW
tava paratha,1,,,,REVIEW
salt 200 g paneer as per taste,1,,,,REVIEW
bud long,1,,,,REVIEW
lady fish,1,,,,REVIEW
to 3 tablespoons homemade pizza and pasta sauce,1,,,,REVIEW
-8 tablespoons water,1,,,,REVIEW
kapok bud,1,,,,REVIEW
crepes,1,,,,REVIEW
-3 cups sunflower oil,1,,,,REVIEW
-10 whole wheat brown bread,1,,,,REVIEW
1/2 cups basmati rice,1,,,,REVIEW
tortilla,1,,,,REVIEW
jalepino,1,,,,REVIEW
zucchini,1,,,,REVIEW
gleppino,1,,,,REVIEW
to 1/2 tablespoons mint leaves,1,,,,REVIEW
-15 whole black pepper,1,,,,REVIEW
spoon coriander seeds,1,,,,REVIEW
कप पाइनएप्पल,1,,,,REVIEW
chicken ham,1,,,,REVIEW
golden harvest sona masuri rice,1,,,,REVIEW
to 4 whole black peppercorns,1,,,,REVIEW
to 3 tablespoons mustard oil,1,,,,REVIEW
small onion sambar ones,1,,,,REVIEW
small onion sambar,1,,,,REVIEW
to 4 spring onion,1,,,,REVIEW
to 10 rice paper rolls,1,,,,REVIEW
बड़े चमच्च हरी मिर्च,1,,,,REVIEW
बड़े चमच्च मेथी के दाने,1,,,,REVIEW
-2 tablespoon honey,1,,,,REVIEW
-4 dry red chilli,1,,,,REVIEW
बड़े चम्मच अनार के दाने,1,,,,REVIEW
बड़े चम्मच गुलाब का पानी,1,,,,REVIEW
नोंगु,1,,,,REVIEW
corn chips,1,,,,REVIEW
lemon juice -,1,,,,REVIEW
grand marnier,1,,,,REVIEW
sherry,1,,,,REVIEW
spinach basil sauce,1,,,,REVIEW
- 3 saffron strands,1,,,,REVIEW
-3 tablespoons anardana powder,1,,,,REVIEW
to 6 dry red chillies,1,,,,REVIEW
1/2 tablespoon coriander seeds,1,,,,REVIEW
to 4 cardamom powder,1,,,,REVIEW
-1 1/2 cups rice,1,,,,REVIEW
-1 1/2 cups mango,1,,,,REVIEW
– 3/4 cup lukewarm water,1,,,,REVIEW
1/2 teaspoon brown sugar,1,,,,REVIEW
-8 strawberries,1,,,,REVIEW
-3 tablespoon water,1,,,,REVIEW
lemon salt,1,,,,REVIEW
brandy,1,,,,REVIEW
1/2 cup sweet potatoes,1,,,,REVIEW
carp fish,1,,,,REVIEW
-6 raw peanuts,1,,,,REVIEW
few roasted peanuts,1,,,,REVIEW
-2 cups hot water,1,,,,REVIEW
foxtail millet flour,1,,,,REVIEW
स्नेक गॉर्ड,1,,,,REVIEW
1/2 cup milk,1,,,,REVIEW
बड़े चमच्च केन शक्कर,1,,,,REVIEW
कप नारियल पाउडर,1,,,,REVIEW
khus syrup,1,,,,REVIEW
छोटे चम्मच पुदीना,1,,,,REVIEW
बड़ा चमच्च रसम पाउडर,1,,,,REVIEW
हरा सेब,1,,,,REVIEW
1/2 tablespoon ginger,1,,,,REVIEW
wood,1,,,,REVIEW
1/2 cups vellai poosanikai,1,,,,REVIEW
garlic chutney,1,,,,REVIEW
shrikhand,1,,,,REVIEW
small spoon roasted tomato sauce,1,,,,REVIEW
medu vada,1,,,,REVIEW
बड़े चम्मच तंदूरी मसाला,1,,,,REVIEW
ग्राम गोभी,1,,,,REVIEW
-2 green chilli,1,,,,REVIEW
1/2 cups mixed vegetables,1,,,,REVIEW
1/2 cup hakka noodles,1,,,,REVIEW
ragi rava,1,,,,REVIEW
-7 choco thins,1,,,,REVIEW
-7 blueberries,1,,,,REVIEW
किलो गोभी,1,,,,REVIEW
-1 tablespoon lemon juice,1,,,,REVIEW
- 5 spring onion greens,1,,,,REVIEW
to 15 sun dried tomatoes,1,,,,REVIEW
sambal oelek,1,,,,REVIEW
-3 sprig curry leaves,1,,,,REVIEW
- 3 cloves garlic,1,,,,REVIEW
छोटा चमच्च मसूर दाल,1,,,,REVIEW
पिली ककड़ी,1,,,,REVIEW
छोटे चमच्च नारियल का तेल,1,,,,REVIEW
mustard seeds -,1,,,,REVIEW
छोटा चमच्च अरहर दाल,1,,,,REVIEW
1/2 tablespoon lemongrass,1,,,,REVIEW
to 7 green chillies,1,,,,REVIEW
छोटा चमच्च पुरे काली मिर्च मकई,1,,,,REVIEW
rice water,1,,,,REVIEW
1/2 cups drumstick leaves,1,,,,REVIEW
छोटे चम्मच शिमला मिर्च,1,,,,REVIEW
spoon turmeric powder,1,,,,REVIEW
large spoon lemon juice,1,,,,REVIEW
beetroot greens,1,,,,REVIEW
कप पास्ता,1,,,,REVIEW
बड़े चम्मच अचारी मेयो,1,,,,REVIEW
चिकन ब्रैस्ट,1,,,,REVIEW
छोटा चम्मच गार्लिक और ओरेगानो स्प्रेड,1,,,,REVIEW
slider bun,1,,,,REVIEW
to 6 हरी मिर्च,1,,,,REVIEW
-2 tablespoons sunflower seeds,1,,,,REVIEW
puffed grains,1,,,,REVIEW
-2 red radish,1,,,,REVIEW
-2 tablespoons sunflower oil,1,,,,REVIEW
बड़ा चमच्च अजवाइन,1,,,,REVIEW
ग्राम्स अरबी,1,,,,REVIEW
1/2 teaspoon butter,1,,,,REVIEW
¼ cup homemade tomato puree,1,,,,REVIEW
chamomile tea,1,,,,REVIEW
matcha powder,1,,,,REVIEW
dried shrimps,1,,,,REVIEW
1/2 inch ginger,1,,,,REVIEW
aachi fish masala,1,,,,REVIEW
raspberry compote,1,,,,REVIEW
कप्स काला चना,1,,,,REVIEW
pumpkin flowers,1,,,,REVIEW
or 2 fresh red chillies,1,,,,REVIEW
small tablespoon coriander powder,1,,,,REVIEW
apple vodka,1,,,,REVIEW
wheat grass,1,,,,REVIEW
horse,1,,,,REVIEW
-5 dates,1,,,,REVIEW
of suran,1,,,,REVIEW
tea monk seiki peppermint green tea,1,,,,REVIEW
sweetened coconut flakes,1,,,,REVIEW
-3 tablespoon extra virgin olive oil,1,,,,REVIEW
1/2 cups kabuli chana,1,,,,REVIEW
of lemon juice,1,,,,REVIEW
g potato,1,,,,REVIEW
bourbon,1,,,,REVIEW
spoon oil,1,,,,REVIEW
knoll knoll leaves,1,,,,REVIEW
knoll knoll,1,,,,REVIEW
क्रीम,1,,,,REVIEW
to 12 dry red chillies,1,,,,REVIEW
पत्ते हरा धनिया,1,,,,REVIEW
कप चीज़,1,,,,REVIEW
tandoori chicken masala,1,,,,REVIEW
¼ cup curd,1,,,,REVIEW
a pinch kashmiri red chilli powder,1,,,,REVIEW
grapefruit,1,,,,REVIEW
hazelnut meal,1,,,,REVIEW
of batua,1,,,,REVIEW
cardamom crush,1,,,,REVIEW
small spoon black pepper powder,1,,,,REVIEW
of thyme leaves,1,,,,REVIEW
-5 badam,1,,,,REVIEW
-5 raisins,1,,,,REVIEW
apple juice -,1,,,,REVIEW
to 5 whole black peppercorns,1,,,,REVIEW
बड़े चमच्च तिल,1,,,,REVIEW
तिल,1,,,,REVIEW
छोटे चमच्च कश्मीरी लाल मिर्च पाउडर,1,,,,REVIEW
बड़े चमच्च सांबर पाउडर,1,,,,REVIEW
curry garlic,1,,,,REVIEW
olive,1,,,,REVIEW
gm amla,1,,,,REVIEW
green coffee beans,1,,,,REVIEW
fresh jasmine buds,1,,,,REVIEW
parseley,1,,,,REVIEW
nando's peri peri chicken sauce,1,,,,REVIEW
small tablespoon red chili powder,1,,,,REVIEW
-3 basil leaves,1,,,,REVIEW
dal curry leaves,1,,,,REVIEW
-7 whole black pepper,1,,,,REVIEW
-3 dry red chilies,1,,,,REVIEW
black cumin,1,,,,REVIEW
to 3 teaspoons coriander leaves,1,,,,REVIEW
crab,1,,,,REVIEW
goji berries,1,,,,REVIEW
fox nuts,1,,,,REVIEW
1/2 teaspoon dried oregano,1,,,,REVIEW
coconut flour,1,,,,REVIEW
barley flour,1,,,,REVIEW
-4 sprig chives,1,,,,REVIEW
-6 potato,1,,,,REVIEW
ash gourd,1,,,,REVIEW
tea leaf,1,,,,REVIEW
½ inch cinnamon stick,1,,,,REVIEW
छोटा चमच्च अदरक लहसुन पेस्ट,1,,,,REVIEW
-2 teaspoons red wine,1,,,,REVIEW
bhindi/okra/vendaikkai,1,,,,REVIEW
हल्दी,1,,,,REVIEW
-6 black olives,1,,,,REVIEW
1/4 cup white urad dal,1,,,,REVIEW
stalks rasna,1,,,,REVIEW
of feta cheese,1,,,,REVIEW
or 2 yellow food colour,1,,,,REVIEW
ice cream cone,1,,,,REVIEW
tender coconut meat,1,,,,REVIEW
small teaspoon cumin,1,,,,REVIEW
1 tsp oil,1,,,,REVIEW
sweet paan mix,1,,,,REVIEW
beetroot juice,1,,,,REVIEW
to 8 walnuts,1,,,,REVIEW
to 3 teaspoons extra virgin olive oil,1,,,,REVIEW
few sprig parsley leaves,1,,,,REVIEW
few sprig purple basil,1,,,,REVIEW
few sprig basil leaves,1,,,,REVIEW
1/2 cup spinach leaves,1,,,,REVIEW
turmeric leaves,1,,,,REVIEW
- 5 cloves garlic,1,,,,REVIEW
fennel leaves,1,,,,REVIEW
to 12 green beans,1,,,,REVIEW
basella,1,,,,REVIEW
-8 saffron strands,1,,,,REVIEW
runner beans,1,,,,REVIEW
कप नारियल का पानी,1,,,,REVIEW
-4 mango,1,,,,REVIEW
processed cheese,1,,,,REVIEW
बड़े चमच्च मक्की का आटा,1,,,,REVIEW
ग्राम सरसों,1,,,,REVIEW
lychee,1,,,,REVIEW
mango coulis,1,,,,REVIEW
butterscotch ice cream,1,,,,REVIEW
whole wheat oatmeal cookies,1,,,,REVIEW
-4 cups malabar spinach leaves,1,,,,REVIEW
-8 tablespoons cocoa powder,1,,,,REVIEW
pinch raita masala,1,,,,REVIEW
pork belly,1,,,,REVIEW
बेकिंग पाउडर,1,,,,REVIEW
छोटा चमच्च मैदा,1,,,,REVIEW
onion rings,1,,,,REVIEW
टहनी थाई बेसिल के पत्ते,1,,,,REVIEW
छोटा चम्मच करी पाउडर,1,,,,REVIEW
बड़ा चम्मच लेमन ग्रास,1,,,,REVIEW
बड़े चम्मच ओलिव का तेल,1,,,,REVIEW
to 4 tablespoon ghee,1,,,,REVIEW
turkey berry,1,,,,REVIEW
-4 shallots,1,,,,REVIEW
-5 thai basil leaves,1,,,,REVIEW
to 10 hard taco shells,1,,,,REVIEW
बड़ा चमच्च इमली का पानी,1,,,,REVIEW
-6 bimbla,1,,,,REVIEW
spring onion bulbs,1,,,,REVIEW
1/2 teaspoons mustard seeds,1,,,,REVIEW
छोटे चमच्च मेथी के दाने,1,,,,REVIEW
ग्राम्स कच्चा टमाटर,1,,,,REVIEW
-12 mint leaves,1,,,,REVIEW
-20 parsley leaves,1,,,,REVIEW
-6 sichuan peppercorns,1,,,,REVIEW
-7 cherry tomatoes,1,,,,REVIEW
-20 red amaranth leaves,1,,,,REVIEW
बड़ा चमच्च मल्टीग्रेन आटा,1,,,,REVIEW
कप टोफू,1,,,,REVIEW
कप ज़ुकिनी,1,,,,REVIEW
बड़ा चम्मच काजू,1,,,,REVIEW
कप किशमिश,1,,,,REVIEW
-,1,,,,REVIEW
छोटे चम्मच सौंफ,1,,,,REVIEW
chinese rice wine,1,,,,REVIEW
kataifi dough,1,,,,REVIEW
wood apple,1,,,,REVIEW
1//4 cups sugar,1,,,,REVIEW
-4 tablespoons butter,1,,,,REVIEW
cut 3 sprigs of mint,1,,,,REVIEW
make 1 cup tomato-puree,1,,,,REVIEW
-4 plum rose fruit,1,,,,REVIEW
बड़ा चमच्च तेल -,1,,,,REVIEW
बड़ा चमच्च किशमिश,1,,,,REVIEW
कप गुड़ -,1,,,,REVIEW
to 3 tablespoons gram flour,1,,,,REVIEW
to 1 1/4 cabbage,1,,,,REVIEW
pandan leaf,1,,,,REVIEW
छोटे टमाटर,1,,,,REVIEW
ग्राम वीट ग्रास,1,,,,REVIEW
pumpkin pasta sauce,1,,,,REVIEW
fruit,1,,,,REVIEW
salt and pepper -,1,,,,REVIEW
small spoon nutmeg powder,1,,,,REVIEW
stone flowers,1,,,,REVIEW
kitkat bars,1,,,,REVIEW
बड़े चम्मच मेथी के दाने,1,,,,REVIEW
long string bean,1,,,,REVIEW
- 4 कली लहसुन,1,,,,REVIEW
- 2 हरी मिर्च,1,,,,REVIEW
- 6 कढ़ी पत्ता,1,,,,REVIEW
plum sauce,1,,,,REVIEW
green tea leaves,1,,,,REVIEW
1/2 teaspoon extra virgin olive oil,1,,,,REVIEW
छोटे आलू,1,,,,REVIEW
to 4 drumstick,1,,,,REVIEW
ice apple,1,,,,REVIEW
1/2 tablespoons instant oats,1,,,,REVIEW
slices whole wheat brown bread,1,,,,REVIEW
to 3 cups water,1,,,,REVIEW
बड़े चमच्च चाट मसाला पाउडर,1,,,,REVIEW
बड़ा चमच्च फ्लैक्स सीड्स पाउडर,1,,,,REVIEW
homemade pizza dough,1,,,,REVIEW
-5 beetroot,1,,,,REVIEW
red chilli powder -,1,,,,REVIEW
punjabi aloo samosa,1,,,,REVIEW
chinese potato,1,,,,REVIEW
bread loaf,1,,,,REVIEW
spoon whole black pepper,1,,,,REVIEW
scoop vanilla ice cream,1,,,,REVIEW
m&m’s chocolate candies,1,,,,REVIEW
dry red peppers,1,,,,REVIEW
1/2 cups yogurt,1,,,,REVIEW
-5 button mushrooms,1,,,,REVIEW
-3 clove garlic,1,,,,REVIEW
horse-powder,1,,,,REVIEW
pheni,1,,,,REVIEW
stock green coriander,1,,,,REVIEW
yield,1,,,,REVIEW
byadagi chilli powder,1,,,,REVIEW
1/2 tablespoons butter,1,,,,REVIEW
rice puttu,1,,,,REVIEW
to 3 sprig coriander leaves,1,,,,REVIEW
-15 curry leaves,1,,,,REVIEW
-2 jackfruit ripe,1,,,,REVIEW
mash,1,,,,REVIEW
-3 tablespoon sunflower oil,1,,,,REVIEW
shell pasta,1,,,,REVIEW
chickpea sprouts,1,,,,REVIEW
-2 teaspoons mango pickle,1,,,,REVIEW
turmeric powder -,1,,,,REVIEW
किलो टमाटर,1,,,,REVIEW
parcel,1,,,,REVIEW
gm button mushrooms,1,,,,REVIEW
to 12 badam,1,,,,REVIEW
1/2 cups sooji,1,,,,REVIEW
nuggets coriander,1,,,,REVIEW
nutmeg powder -,1,,,,REVIEW
gms hen,1,,,,REVIEW
कप बादाम पाउडर,1,,,,REVIEW
flower cabbage,1,,,,REVIEW
1/2 cup rice flour,1,,,,REVIEW
to 15 cashew nuts,1,,,,REVIEW
to 8 brinjal,1,,,,REVIEW
betel nut,1,,,,REVIEW
1/2 cups vivatta maida,1,,,,REVIEW
hariyali chicken tikka,1,,,,REVIEW
lentil water,1,,,,REVIEW
gms cheese,1,,,,REVIEW
kachris,1,,,,REVIEW
spoon cumin powder,1,,,,REVIEW
ginger-paste,1,,,,REVIEW
curd vada,1,,,,REVIEW
crab meat,1,,,,REVIEW
wonton wraps,1,,,,REVIEW
small spoon rye,1,,,,REVIEW
tur dal or chana dal,1,,,,REVIEW
homemade mole sauce,1,,,,REVIEW
of curry leaves,1,,,,REVIEW
crush 1/2 cup gram flour,1,,,,REVIEW
gm makhana,1,,,,REVIEW
-3 teaspoons arhar dal,1,,,,REVIEW
1/2 cups mango pulp,1,,,,REVIEW
grind,1,,,,REVIEW
crush 1/2 tsp whole pepper,1,,,,REVIEW
grind 1 tbsp whole black pepper,1,,,,REVIEW
कप इमली का पेस्ट,1,,,,REVIEW
colostrum,1,,,,REVIEW
large spoon ghee,1,,,,REVIEW
cups water,1,,,,REVIEW
white hibiscus leaves,1,,,,REVIEW
-10 nachos,1,,,,REVIEW
-8 tofu,1,,,,REVIEW
stock celery,1,,,,REVIEW
-5 garlic,1,,,,REVIEW
- 12 onions,1,,,,REVIEW
jelly mix,1,,,,REVIEW
कप तरबूज़ का रस,1,,,,REVIEW
बड़े चम्मच वाइट टी,1,,,,REVIEW
2 tsp cumin seeds,1,,,,REVIEW
-5 teaspoon raisins,1,,,,REVIEW
urad dal papad,1,,,,REVIEW
mayo,1,,,,REVIEW
bread crutons,1,,,,REVIEW
small tomatoes,1,,,,REVIEW
vanilla extract -,1,,,,REVIEW
छोटा चमच्च asafoetida,1,,,,REVIEW
छोटे चमच्च mustard seeds,1,,,,REVIEW
बड़े चमच्च sunflower oil,1,,,,REVIEW
कली garlic,1,,,,REVIEW
बड़े चमच्च पिस्ता,1,,,,REVIEW
butternut squash,1,,,,REVIEW
falsa,1,,,,REVIEW
to 3 tablespoons karela,1,,,,REVIEW
bean paste,1,,,,REVIEW
roasted chana lentils,1,,,,REVIEW
goond,1,,,,REVIEW
-5 black pepper powder,1,,,,REVIEW
pink food colour,1,,,,REVIEW
-2 छोटा चमच्च दही,1,,,,REVIEW
छोटा चमच्च इमली का पानी,1,,,,REVIEW
-3 garlic,1,,,,REVIEW
बड़े चम्मच धनिया पाउडर,1,,,,REVIEW
ग्राम किंग फिश,1,,,,REVIEW
ग्राम झंगोरा,1,,,,REVIEW
1/2 tablespoon coriander powder,1,,,,REVIEW
- 1/2 cup spinach leaves,1,,,,REVIEW
4 teaspoons turmeric powder,1,,,,REVIEW
टहनी बेसिल,1,,,,REVIEW
to 3 tablespoons extra virgin olive oil,1,,,,REVIEW
-10 mixed nuts,1,,,,REVIEW
+ 1 tablespoon coconut oil,1,,,,REVIEW
or 4 green chillies,1,,,,REVIEW
fistful green peas,1,,,,REVIEW
-3 green bell pepper,1,,,,REVIEW
corn syrup,1,,,,REVIEW
1/2 cup jowar flour,1,,,,REVIEW
खुबानी,1,,,,REVIEW
छोटा चमच्च सरसों का तेल,1,,,,REVIEW
soup buns,1,,,,REVIEW
कप बीटरूट,1,,,,REVIEW
कप शकरकंदी,1,,,,REVIEW
few ice cubes,1,,,,REVIEW
- 4 cups water,1,,,,REVIEW
lavender flowers,1,,,,REVIEW
ada,1,,,,REVIEW
1/2 cups methi leaves,1,,,,REVIEW
clamps,1,,,,REVIEW
to 3 tablespoons hung curd,1,,,,REVIEW
to 4 cucumber,1,,,,REVIEW
1/2 cups kale,1,,,,REVIEW
canned beans,1,,,,REVIEW
to 12 saffron strands,1,,,,REVIEW
- 4 sprig coriander leaves,1,,,,REVIEW
छोटा चम्मच तिल का तेल,1,,,,REVIEW
छोटा चमच्च कुकिंग सोडा,1,,,,REVIEW
बड़े चमच्च पनीर,1,,,,REVIEW
ग्राम कुलीथ दाल,1,,,,REVIEW
few cashew nuts,1,,,,REVIEW
-3 tablespoons dry coconut,1,,,,REVIEW
-3 tablespoons vangi bath powder,1,,,,REVIEW
1/2 cups fresh cream,1,,,,REVIEW
submarine bread,1,,,,REVIEW
sundkai,1,,,,REVIEW
-6 sweet potatoes,1,,,,REVIEW
+ 2 tablespoon sunflower oil,1,,,,REVIEW
-8 garlic,1,,,,REVIEW
pinch ajwain,1,,,,REVIEW
grape juice,1,,,,REVIEW
-3 teaspoon chana dal,1,,,,REVIEW
बड़ा चम्मच रेड चिल्ली फलैक्स,1,,,,REVIEW
to 12 स्ट्रॉबेरी,1,,,,REVIEW
छोटे चमच्च अदरक पाउडर,1,,,,REVIEW
to 7 cloves cloves,1,,,,REVIEW
to 5 brinjal,1,,,,REVIEW
ग्राम दही,1,,,,REVIEW
इमली का पेस्ट,1,,,,REVIEW
जावित्री,1,,,,REVIEW
कपोक बड,1,,,,REVIEW
छोटा चम्मच शाही जीरा,1,,,,REVIEW
बड़े चम्मच अदरक लहसुन का पेस्ट,1,,,,REVIEW
as much as 1/4 tsp rye,1,,,,REVIEW
to 3 whole black peppercorns,1,,,,REVIEW
gms fenugreek,1,,,,REVIEW
thandai syrup,1,,,,REVIEW
कप चिचिंडा,1,,,,REVIEW
-4 हरी मिर्च,1,,,,REVIEW
pastry dough,1,,,,REVIEW
ग्राम्स बीटरूट,1,,,,REVIEW
-5 dry red chilli,1,,,,REVIEW
कप रागी सेमिया,1,,,,REVIEW
-1 cup green moong sprouts,1,,,,REVIEW
-4 tablespoon butter,1,,,,REVIEW
-1 cup milk chocolate,1,,,,REVIEW
to 6 tablespoons condensed milk,1,,,,REVIEW
-15 mint leaves,1,,,,REVIEW
g spinach,1,,,,REVIEW
1/2 teaspoon mustard,1,,,,REVIEW
-7 whole black peppercorns,1,,,,REVIEW
-8 सुखी लाल मिर्च,1,,,,REVIEW
बड़े चम्मच साम्बा चावल,1,,,,REVIEW
कप बाजरे का आटा,1,,,,REVIEW
कप कोडो मिलेट,1,,,,REVIEW
g small potatoes,1,,,,REVIEW
cast coriander,1,,,,REVIEW
rose syrup,1,,,,REVIEW
-6 red radish,1,,,,REVIEW
small teaspoon turmeric powder,1,,,,REVIEW
gongura leaves,1,,,,REVIEW
handful rice flour,1,,,,REVIEW
-10 mint leaves,1,,,,REVIEW
mess,1,,,,REVIEW
cherries,1,,,,REVIEW
4 tsp asafoetida,1,,,,REVIEW
roti,1,,,,REVIEW
small spoon cumin powder,1,,,,REVIEW
-6 cumin seeds,1,,,,REVIEW
coriander leaves finely chopped salt,1,,,,REVIEW
-7 curry leaves,1,,,,REVIEW
-8 dry red chillies,1,,,,REVIEW
spoon,1,,,,REVIEW
-3 ब्लैकबेरी,1,,,,REVIEW
संतरा,1,,,,REVIEW
पालक,1,,,,REVIEW
to 12 whole black peppercorns,1,,,,REVIEW
til oil,1,,,,REVIEW
bitter sweet chocolate,1,,,,REVIEW
french fries,1,,,,REVIEW
fried rice,1,,,,REVIEW
teriyaki sauce,1,,,,REVIEW
tighten it,1,,,,REVIEW
to 6 green beans,1,,,,REVIEW
gm arabic leaves,1,,,,REVIEW
1/2 cup green zucchini,1,,,,REVIEW
1/4 teaspoon active dry yeast,1,,,,REVIEW
leaf,1,,,,REVIEW
panchon masala,1,,,,REVIEW
char magaz,1,,,,REVIEW
tamarind sauce,1,,,,REVIEW
samvat rice,1,,,,REVIEW
ras el hanout spice blend,1,,,,REVIEW
cluster fig,1,,,,REVIEW
-4 saffron strands,1,,,,REVIEW
as per taste rye,1,,,,REVIEW
maize flour,1,,,,REVIEW
pachranga pickle,1,,,,REVIEW
chisemis,1,,,,REVIEW
छोटे चमच्च गेहूं का आटा,1,,,,REVIEW
कप सौंफ,1,,,,REVIEW
+ 1 teaspoon red chilli powder,1,,,,REVIEW
+ 2 large tablespoon sesame,1,,,,REVIEW
to 4 tbsp cream,1,,,,REVIEW
-5 tablespoons extra virgin olive oil,1,,,,REVIEW
squid,1,,,,REVIEW
seaweed sheets,1,,,,REVIEW
chilly flax,1,,,,REVIEW
as per taste tamarind paste,1,,,,REVIEW
pinch cayenne pepper,1,,,,REVIEW
handful mixed nuts,1,,,,REVIEW
mussels,1,,,,REVIEW
कड़ी पत्ता,1,,,,REVIEW
ग्राम्स टिन्डोरा,1,,,,REVIEW
cranberry juice,1,,,,REVIEW
pinch methi powder,1,,,,REVIEW
arabica,1,,,,REVIEW
to 3 papad,1,,,,REVIEW
spoon peanuts,1,,,,REVIEW
peel and then grind,1,,,,REVIEW
fresh rose petals,1,,,,REVIEW
gm parwal,1,,,,REVIEW
sprouts,1,,,,REVIEW
1/2 बड़ा चमच्च नारियल पाउडर,1,,,,REVIEW
ग्राम आलू,1,,,,REVIEW
to 12 पूरी काली मिर्च,1,,,,REVIEW
-20 soy chunks,1,,,,REVIEW
छोटा चमच्च ग्लूकोस,1,,,,REVIEW
फिटकरी,1,,,,REVIEW
masauras,1,,,,REVIEW
ब्रेड क्रुटोन्स,1,,,,REVIEW
-9 टमाटर,1,,,,REVIEW
chinese cabbage,1,,,,REVIEW
oil-wise,1,,,,REVIEW
+ 1 teaspoon instant coffee powder,1,,,,REVIEW
छोटा चमच्च टमाटर केचप,1,,,,REVIEW
ker,1,,,,REVIEW
sangri,1,,,,REVIEW
ग्राम ड्रमस्टिक के पत्ते,1,,,,REVIEW
tomato-puree,1,,,,REVIEW
make 1/2 teaspoon cumin seeds,1,,,,REVIEW
सेव,1,,,,REVIEW
मुरमुरा,1,,,,REVIEW
कप इमली की चटनी,1,,,,REVIEW
कप हरी चटनी,1,,,,REVIEW
बोटी,1,,,,REVIEW
soya chaap,1,,,,REVIEW
oats dosa batter,1,,,,REVIEW
छोटा चम्मच नारियल पाउडर,1,,,,REVIEW
1/2 छोटा चम्मच राइ,1,,,,REVIEW
छोटा चमच्च दही,1,,,,REVIEW
छोटा चमच्च कश्मीरी लाल मिर्च,1,,,,REVIEW
नोल नोल,1,,,,REVIEW
नटमेग पाउडर,1,,,,REVIEW
छोटा चम्मच सरसों का तेल,1,,,,REVIEW
acorn squash,1,,,,REVIEW
ragi dosa battter,1,,,,REVIEW
guntur red chillies,1,,,,REVIEW
kulith dal,1,,,,REVIEW
to 2 tablespoons dark chocolate chips,1,,,,REVIEW
कप सूखा पुदीना,1,,,,REVIEW
किलो दही,1,,,,REVIEW
कप सरसों का तेल,1,,,,REVIEW
lion dates syrup,1,,,,REVIEW
coconut flakes,1,,,,REVIEW
छोटा चमच्च बेसन,1,,,,REVIEW
thattai,1,,,,REVIEW
ग्राम्स अगथि कीरई,1,,,,REVIEW
+1/2 कप पानी,1,,,,REVIEW
shortbread cookies,1,,,,REVIEW
ग्राम प्रॉन,1,,,,REVIEW
kachampuli,1,,,,REVIEW
-5 सुखी लाल मिर्च,1,,,,REVIEW
बड़ा चम्मच तिल,1,,,,REVIEW
french beans,1,,,,REVIEW
बड़े चम्मच अमचूर,1,,,,REVIEW
छोटे चम्मच काला नमक या सेंधा नमक,1,,,,REVIEW
बड़े चम्मच जीरा,1,,,,REVIEW
idiyappam,1,,,,REVIEW
नारियल का पानी,1,,,,REVIEW
weet bix,1,,,,REVIEW
pili moong dal,1,,,,REVIEW
dulce de leche,1,,,,REVIEW
बड़े चम्मच रागी का आटा,1,,,,REVIEW
- 8 cashew nuts,1,,,,REVIEW
- 3 tomatoes,1,,,,REVIEW
- 6 green chillies,1,,,,REVIEW
-4 tablespoons lemon juice,1,,,,REVIEW
1/2 cups dried figs,1,,,,REVIEW
chilli garlic sauce,1,,,,REVIEW
1/2 tablespoon kashmiri red chilli powder,1,,,,REVIEW
big spoon oil,1,,,,REVIEW
cabbage leaves,1,,,,REVIEW
to 8 spinach leaves,1,,,,REVIEW
white butter,1,,,,REVIEW
छोटे चम्मच इलाइची,1,,,,REVIEW
बड़े चम्मच खस खस,1,,,,REVIEW
कप पिस्ता,1,,,,REVIEW
हरी मीर्च,1,,,,REVIEW
बड़ा चमच्च कद्दू के बीज,1,,,,REVIEW
+ 1 प्याज,1,,,,REVIEW
cut lemon,1,,,,REVIEW
tawa parathas,1,,,,REVIEW
indian butter fish,1,,,,REVIEW
1/2 teaspoon vinegar,1,,,,REVIEW
बड़ा चम्मच हरी मिर्च,1,,,,REVIEW
बड़ा चम्मच नारियल का तेल,1,,,,REVIEW
बड़ा चम्मच नारियल,1,,,,REVIEW
soy flakes,1,,,,REVIEW
red onions,1,,,,REVIEW
kalpasi flower,1,,,,REVIEW
health mix,1,,,,REVIEW
of tur dal,1,,,,REVIEW
ग्राम टमाटर,1,,,,REVIEW
छोटा चमच्च हरा धनिया,1,,,,REVIEW
बड़ा चमच्च काबुली चना या छोला,1,,,,REVIEW
farsan,1,,,,REVIEW
gulab jamun mix,1,,,,REVIEW
pistachio extract,1,,,,REVIEW
small spoon red chilli powder,1,,,,REVIEW
-3 tablespoon milk,1,,,,REVIEW
बड़ा चमच्च हल्दि,1,,,,REVIEW
कप हरा मट्टर,1,,,,REVIEW
हरी शिमलामिर्च,1,,,,REVIEW
- 6 dry red chillies,1,,,,REVIEW
ginger teriyaki sauce,1,,,,REVIEW
as per taste red chili powder,1,,,,REVIEW
cowpea pod,1,,,,REVIEW
butter -,1,,,,REVIEW
motichoor ladoos,1,,,,REVIEW
छोटा चमच्च बादाम का दूध,1,,,,REVIEW
of amla,1,,,,REVIEW
1/2 cup carrots,1,,,,REVIEW
semia,1,,,,REVIEW
बड़ा चम्मच प्याज,1,,,,REVIEW
बड़े चम्मच गाजर,1,,,,REVIEW
बड़े चम्मच हरा बीन्स,1,,,,REVIEW
बड़ा चम्मच शेजवान सॉस,1,,,,REVIEW
बड़े चम्मच थाई स्वीट चिल्ली सॉस,1,,,,REVIEW
big spoon black urad dal,1,,,,REVIEW
-3 tablespoon all purpose flour,1,,,,REVIEW
-7 button mushrooms,1,,,,REVIEW
small tablespoon turmeric powder,1,,,,REVIEW
nando's peri peri chicken marinade,1,,,,REVIEW
kerala matta rice,1,,,,REVIEW
of chickpea gram or chickpeas,1,,,,REVIEW
white bacardi rum,1,,,,REVIEW
veeba pasta sauce,1,,,,REVIEW
-6 green beans,1,,,,REVIEW
chocolate pearls,1,,,,REVIEW
kebab masala,1,,,,REVIEW
arbi,1,,,,REVIEW
to 4 हरी मीर्च,1,,,,REVIEW
black pepper powder -,1,,,,REVIEW
sprig ginger teriyaki sauce -,1,,,,REVIEW
-3 teaspoons jaggery,1,,,,REVIEW
to 12 cloves garlic,1,,,,REVIEW
to 20 prawns,1,,,,REVIEW
cold water,1,,,,REVIEW
sabza seeds,1,,,,REVIEW
to 9 thai basil leaves,1,,,,REVIEW
to 5 tablespoons vegetable stock,1,,,,REVIEW
to 3 thai red chilli,1,,,,REVIEW
green channa sprouts,1,,,,REVIEW
-10 cloves,1,,,,REVIEW
1/2 tablespoons mustard seeds,1,,,,REVIEW
हरे प्याज के पत्ते,1,,,,REVIEW
बड़े चम्मच तिल,1,,,,REVIEW
बड़े चम्मच हरे प्याज के पत्ते,1,,,,REVIEW
बड़े चमच्च गुलकंद,1,,,,REVIEW
बड़े चमच्च गुलाब के पत्ते,1,,,,REVIEW
curry,1,,,,REVIEW
कप कंडेन्स दूध,1,,,,REVIEW
pirandai,1,,,,REVIEW
कप किसमिस,1,,,,REVIEW
1/2 cup instant oats,1,,,,REVIEW
1/4 cup dark chocolate chips,1,,,,REVIEW
1/3 cups watermelon,1,,,,REVIEW
poppy poppy seeds,1,,,,REVIEW
chakra flowers,1,,,,REVIEW
1/2 cups bean sprouts,1,,,,REVIEW
packet egg noodles,1,,,,REVIEW
बर्फ,1,,,,REVIEW
- 3 sprig fresh thyme leaves,1,,,,REVIEW
- 6 sprig fresh thyme leaves,1,,,,REVIEW
छोटे चमच्च तिल का पाउडर,1,,,,REVIEW
बड़ा चमच्च मूंगफली पाउडर,1,,,,REVIEW
ताजे हर्ब,1,,,,REVIEW
बड़ा चमच्च अनार का सिरप,1,,,,REVIEW
ग्राम्स कद्दू,1,,,,REVIEW
1/4 cup rolled oats,1,,,,REVIEW
to 2 dry red chilli,1,,,,REVIEW
panch foran masala,1,,,,REVIEW
to 3 cinnamon stick,1,,,,REVIEW
to 5 tablespoons curd,1,,,,REVIEW
-3 tablespoons roasted peanuts,1,,,,REVIEW
-3 tablespoons del monte mint mayo,1,,,,REVIEW
-12 button mushrooms,1,,,,REVIEW
koli masala,1,,,,REVIEW
= carrot,1,,,,REVIEW
पिस्ता,1,,,,REVIEW
बड़ा चम्मच अरहर दाल,1,,,,REVIEW
बड़े चम्मच काबुली चना या छोला,1,,,,REVIEW
बड़े चम्मच राजमा,1,,,,REVIEW
छोटा चम्मच्च हल्दी पाउडर,1,,,,REVIEW
छोटा चम्मच्च कलोंजी के बीज,1,,,,REVIEW
छोटा चम्मच्च मेथी के दाने,1,,,,REVIEW
छोटा चम्मच्च धनिये के बीज,1,,,,REVIEW
छोटा चम्मच्च सौंफ,1,,,,REVIEW
छोटा चम्मच्च राइ,1,,,,REVIEW
black soy beans,1,,,,REVIEW
छोटा चमच्च मूंगफली,1,,,,REVIEW
mangodi,1,,,,REVIEW
छोटा चम्मच इमली,1,,,,REVIEW
बड़ा चम्मच सफ़ेद उरद दाल,1,,,,REVIEW
-5 tablespoons sunflower oil,1,,,,REVIEW
mixed beans,1,,,,REVIEW
बड़े चम्मच काली उरद दाल,1,,,,REVIEW
बड़े चम्मच हरी मूंग दाल,1,,,,REVIEW
to 4 cloves,1,,,,REVIEW
to 3 black cardamom,1,,,,REVIEW
gorgonzola cheese,1,,,,REVIEW
risotto,1,,,,REVIEW
half and half,1,,,,REVIEW
jal jeera powder,1,,,,REVIEW
aloe vera extract,1,,,,REVIEW
sarsaparilla,1,,,,REVIEW
लौंग -,1,,,,REVIEW
कप्स डबल बीन्स,1,,,,REVIEW
1/2 छोटा चम्मच धनिया पाउडर,1,,,,REVIEW
कप दलिया,1,,,,REVIEW
छोटा चम्मच्च लाल मिर्च पाउडर,1,,,,REVIEW
bc belle bhat powder,1,,,,REVIEW
