query_id,recipe_id,label,retrieval_tfidf_score,retrieval_bge_score,retrieval_tfidf_rr,retrieval_bge_rr,retrieval_both,ingredient_match_count,ingredient_total_count,ingredient_coverage_ratio,pantry_coverage_ratio,required_ingredient_count,preferred_ingredient_count,canonical_match_count,calorie_target_distance,protein_target_distance,per_serving_calories,per_serving_protein_g,per_serving_carbs_g,per_serving_fat_g,per_serving_fiber_g,nutrition_available,vegetarian_compliant,vegan_compliant,jain_compliant,satvik_compliant,cuisine_match,region_match,meal_type_match,category_match,total_time_min,hard_constraint_violation
query_0002,R04063,1,0.3354,0.0,1.0,0.0,0.0,5.0,14.0,0.3571,0.3,0.0,0.0,5.0,0.9085,0.0,145.774,14.488,6.753,6.825,1.588,1.0,0.0,0.0,0.0,0.0,0.0,0.0,0.0,0.0,55.0,0.0
query_0002,R01929,1,0.3196,0.0,0.5,0.0,0.0,5.0,14.0,0.3571,0.3182,0.0,0.0,5.0,0.2939,0.0,453.054,30.966,14.302,32.049,2.428,1.0,1.0,0.0,0.0,0.0,0.0,0.0,0.0,0.0,55.0,0.0
query_0002,R09555,2,0.3123,0.7474,0.3333,0.0556,1.0,5.0,22.0,0.2273,0.3333,0.0,0.0,5.0,0.8946,0.0,152.68,4.466,22.063,6.734,4.466,1.0,0.0,0.0,0.0,0.0,0.0,0.0,0.0,0.0,55.0,0.0
query_0002,R08058,1,0.3101,0.0,0.25,0.0,0.0,5.0,15.0,0.3333,0.2857,0.0,0.0,5.0,0.7697,0.0,215.126,15.413,21.76,7.144,1.853,1.0,0.0,0.0,0.0,0.0,0.0,0.0,0.0,0.0,55.0,0.0
query_0002,R03866,1,0.3037,0.0,0.2,0.0,0.0,4.0,13.0,0.3077,0.2222,0.0,0.0,4.0,0.4109,0.0,394.53,57.35,22.938,8.636,5.444,1.0,0.0,0.0,0.0,0.0,0.0,0.0,0.0,0.0,30.0,0.0
query_0002,R04314,2,0.2882,0.7447,0.1667,0.0417,1.0,5.0,16.0,0.3125,0.2609,0.0,0.0,4.0,1.088,0.0,56.004,0.674,4.051,4.363,0.672,1.0,0.0,0.0,0.0,0.0,0.0,0.0,0.0,0.0,60.0,0.0
query_0002,R00555,1,0.281,0.0,0.1429,0.0,0.0,5.0,14.0,0.3571,0.3333,0.0,0.0,5.0,0.9131,0.0,143.436,16.852,5.191,6.005,1.292,1.0,0.0,0.0,0.0,0.0,0.0,0.0,0.0,0.0,50.0,0.0
query_0002,R11742,2,0.2799,0.7537,0.125,0.1,1.0,5.0,16.0,0.3125,0.2917,0.0,0.0,5.0,1.0135,0.0,93.263,14.121,4.316,2.102,0.915,1.0,0.0,0.0,0.0,0.0,0.0,0.0,0.0,0.0,60.0,0.0
query_0002,R01335,2,0.2606,0.7577,0.1111,0.1111,1.0,5.0,16.0,0.3125,0.2917,0.0,0.0,5.0,0.881,0.0,159.52,18.527,14.362,3.603,3.116,1.0,0.0,0.0,0.0,0.0,0.0,0.0,0.0,0.0,45.0,0.0
query_0002,R04795,1,0.2575,0.0,0.1,0.0,0.0,4.0,16.0,0.25,0.25,0.0,0.0,4.0,0.9731,0.0,113.462,2.735,11.204,6.774,3.221,1.0,1.0,0.0,0.0,0.0,0.0,0.0,0.0,0.0,100.0,0.0
query_0002,R08572,1,0.2506,0.0,0.0909,0.0,0.0,3.0,12.0,0.25,0.2105,0.0,0.0,3.0,1.066,0.0,67.016,1.945,6.984,3.892,2.414,1.0,1.0,0.0,0.0,0.0,0.0,0.0,0.0,0.0,40.0,0.0
query_0002,R07526,1,0.2481,0.0,0.0833,0.0,0.0,4.0,16.0,0.25,0.25,0.0,0.0,4.0,0.6643,0.0,267.825,28.93,12.668,11.502,3.162,1.0,1.0,0.0,0.0,0.0,0.0,0.0,0.0,0.0,55.0,0.0
query_0002,R02058,1,0.2444,0.0,0.0769,0.0,0.0,5.0,17.0,0.2941,0.3043,0.0,0.0,5.0,0.9987,0.0,100.674,13.747,2.454,3.759,0.493,1.0,0.0,0.0,0.0,0.0,0.0,0.0,0.0,0.0,75.0,0.0
query_0002,R01288,1,0.2441,0.0,0.0714,0.0,0.0,5.0,14.0,0.3571,0.2727,0.0,0.0,3.0,0.966,0.0,116.982,13.584,4.433,4.746,0.667,1.0,1.0,0.0,0.0,0.0,0.0,0.0,0.0,0.0,25.0,0.0
query_0002,R00293,1,0.237,0.0,0.0667,0.0,0.0,3.0,13.0,0.2308,0.2222,0.0,0.0,3.0,1.1213,0.0,39.375,1.094,8.922,0.19,1.04,1.0,1.0,0.0,0.0,0.0,0.0,0.0,0.0,0.0,30.0,0.0
query_0002,R02524,1,0.236,0.0,0.0625,0.0,0.0,5.0,17.0,0.2941,0.2143,0.0,0.0,3.0,0.0746,0.0,637.316,63.099,32.402,30.271,7.902,1.0,1.0,0.0,0.0,0.0,0.0,0.0,0.0,0.0,40.0,0.0
query_0002,R02774,1,0.2353,0.0,0.0588,0.0,0.0,2.0,13.0,0.1538,0.1579,0.0,0.0,2.0,0.8835,0.0,158.273,9.283,13.938,8.317,3.564,1.0,1.0,0.0,0.0,0.0,0.0,0.0,0.0,0.0,20.0,0.0
query_0002,R05110,1,0.2348,0.0,0.0556,0.0,0.0,5.0,14.0,0.3571,0.2727,0.0,0.0,3.0,0.9321,0.0,133.948,13.584,4.433,6.668,0.667,1.0,1.0,0.0,0.0,0.0,0.0,0.0,0.0,0.0,25.0,0.0
query_0002,R13345,1,0.2345,0.0,0.0526,0.0,0.0,4.0,14.0,0.2857,0.25,0.0,0.0,4.0,1.1129,0.0,43.526,1.345,9.941,0.125,1.232,1.0,1.0,0.0,0.0,0.0,0.0,0.0,0.0,0.0,80.0,0.0
query_0002,R01054,1,0.234,0.0,0.05,0.0,0.0,3.0,12.0,0.25,0.2222,0.0,0.0,3.0,1.129,0.0,35.522,1.897,6.76,0.432,2.378,1.0,1.0,0.0,0.0,0.0,0.0,0.0,0.0,0.0,40.0,0.0
query_0002,R04706,1,0.2291,0.0,0.0476,0.0,0.0,4.0,21.0,0.1905,0.2333,0.0,0.0,4.0,0.8746,0.0,162.691,6.41,14.11,9.838,3.484,1.0,1.0,0.0,0.0,0.0,0.0,0.0,0.0,0.0,60.0,0.0
query_0002,R01246,1,0.2268,0.0,0.0455,0.0,0.0,5.0,17.0,0.2941,0.2308,0.0,0.0,5.0,0.7672,0.0,216.397,28.714,11.564,6.195,3.494,1.0,0.0,0.0,0.0,0.0,0.0,0.0,0.0,0.0,55.0,0.0
query_0002,R13243,2,0.2251,0.7387,0.0435,0.0286,1.0,5.0,15.0,0.3333,0.3043,0.0,0.0,5.0,0.8101,0.0,194.961,24.385,17.855,3.677,3.467,1.0,0.0,0.0,0.0,0.0,0.0,0.0,0.0,0.0,70.0,0.0
query_0002,R05205,1,0.2235,0.0,0.0417,0.0,0.0,4.0,21.0,0.1905,0.2917,0.0,0.0,4.0,0.8092,0.0,195.414,11.097,15.758,10.56,3.567,1.0,1.0,0.0,0.0,0.0,0.0,0.0,0.0,0.0,60.0,0.0
query_0002,R01650,1,0.2226,0.0,0.04,0.0,0.0,3.0,9.0,0.3333,0.3333,0.0,0.0,3.0,1.1572,0.0,21.401,0.692,4.904,0.093,0.755,1.0,1.0,0.0,0.0,0.0,0.0,0.0,0.0,0.0,40.0,0.0
query_0002,R05813,2,0.2225,0.0,0.0385,0.0,0.0,4.0,9.0,0.4444,0.3333,0.0,0.0,2.0,0.638,0.0,280.991,28.119,3.195,17.011,0.747,1.0,1.0,0.0,0.0,0.0,0.0,0.0,0.0,0.0,50.0,0.0
query_0002,R04152,2,0.2194,0.7446,0.037,0.04,1.0,5.0,20.0,0.25,0.2593,0.0,0.0,3.0,0.8147,0.0,192.665,17.328,13.762,8.025,2.754,1.0,0.0,0.0,0.0,0.0,0.0,0.0,0.0,0.0,30.0,0.0
query_0002,R01126,1,0.2178,0.0,0.0357,0.0,0.0,5.0,14.0,0.3571,0.2727,0.0,0.0,4.0,0.7924,0.0,203.819,8.471,37.228,3.044,5.795,1.0,1.0,0.0,0.0,0.0,0.0,0.0,0.0,0.0,45.0,0.0
query_0002,R00780,1,0.2153,0.0,0.0345,0.0,0.0,5.0,15.0,0.3333,0.25,0.0,0.0,3.0,0.3478,0.0,426.096,32.326,30.926,20.05,4.681,1.0,1.0,0.0,0.0,0.0,0.0,0.0,0.0,0.0,46.0,0.0
query_0002,R00211,2,0.2137,0.7516,0.0333,0.0714,1.0,5.0,14.0,0.3571,0.2857,0.0,0.0,4.0,0.9215,0.0,139.24,4.387,21.824,5.539,5.178,1.0,0.0,0.0,0.0,0.0,0.0,0.0,0.0,0.0,60.0,0.0
query_0002,R05879,2,0.2087,0.7448,0.0323,0.0435,1.0,5.0,18.0,0.2778,0.28,0.0,0.0,4.0,0.9482,0.0,125.879,2.594,14.582,7.471,3.02,1.0,0.0,0.0,0.0,0.0,0.0,0.0,0.0,0.0,45.0,0.0
query_0002,R00004,1,0.2085,0.0,0.0312,0.0,0.0,5.0,18.0,0.2778,0.2609,0.0,0.0,5.0,0.6304,0.0,284.788,29.331,14.582,12.469,3.02,1.0,0.0,0.0,0.0,0.0,0.0,0.0,0.0,0.0,45.0,0.0
query_0002,R04002,2,0.2074,0.7529,0.0303,0.0909,1.0,5.0,22.0,0.2273,0.2333,0.0,0.0,4.0,0.5495,0.0,325.256,30.151,16.716,15.781,3.428,1.0,0.0,0.0,0.0,0.0,0.0,0.0,0.0,0.0,45.0,0.0
query_0002,R02604,1,0.2071,0.0,0.0294,0.0,0.0,4.0,12.0,0.3333,0.3125,0.0,0.0,4.0,1.1293,0.0,35.33,1.346,7.627,0.515,2.13,1.0,1.0,0.0,0.0,0.0,0.0,0.0,0.0,0.0,30.0,0.0
query_0002,R02165,1,0.2065,0.0,0.0286,0.0,0.0,4.0,18.0,0.2222,0.2273,0.0,0.0,4.0,0.7292,0.0,235.42,27.707,6.032,10.856,1.077,1.0,1.0,0.0,0.0,0.0,0.0,0.0,0.0,0.0,55.0,0.0
query_0002,R05811,1,0.2064,0.0,0.0278,0.0,0.0,4.0,15.0,0.2667,0.2,0.0,0.0,4.0,0.2848,0.0,457.592,11.528,89.686,7.848,10.031,1.0,1.0,0.0,0.0,0.0,0.0,0.0,0.0,0.0,40.0,0.0
query_0002,R04972,1,0.2061,0.0,0.027,0.0,0.0,4.0,13.0,0.3077,0.3,0.0,0.0,4.0,0.4909,0.0,354.571,30.002,18.932,18.191,5.295,1.0,1.0,0.0,0.0,0.0,0.0,0.0,0.0,0.0,50.0,0.0
query_0002,R03552,1,0.2048,0.0,0.0263,0.0,0.0,5.0,13.0,0.3846,0.35,0.0,0.0,5.0,0.9377,0.0,131.145,17.273,6.946,3.808,1.787,1.0,0.0,0.0,0.0,0.0,0.0,0.0,0.0,0.0,40.0,0.0
query_0002,R01808,2,0.2044,0.0,0.0256,0.0,0.0,4.0,10.0,0.4,0.2857,0.0,0.0,4.0,0.8616,0.0,169.206,27.403,4.655,3.928,0.715,1.0,0.0,0.0,0.0,0.0,0.0,0.0,0.0,0.0,55.0,0.0
query_0002,R01872,1,0.2042,0.0,0.025,0.0,0.0,4.0,14.0,0.2857,0.2381,0.0,0.0,4.0,0.7525,0.0,223.737,28.304,9.036,8.075,1.865,1.0,0.0,0.0,0.0,0.0,0.0,0.0,0.0,0.0,40.0,0.0
query_0003,R04648,1,0.225,0.0,1.0,0.0,0.0,4.0,11.0,0.3636,0.4,0.0,0.0,2.0,0.4364,0.0,131.79,7.902,24.419,1.111,6.035,1.0,1.0,0.0,0.0,0.0,0.0,0.0,0.0,0.0,35.0,0.0
query_0003,R02942,2,0.2247,0.7777,0.5,0.5,1.0,4.0,11.0,0.3636,0.4,0.0,0.0,2.0,0.1338,0.0,283.085,14.28,42.433,7.538,10.126,1.0,1.0,0.0,0.0,0.0,0.0,0.0,0.0,0.0,30.0,0.0
query_0003,R08872,2,0.2137,0.7483,0.3333,0.0714,1.0,4.0,12.0,0.3333,0.4444,0.0,0.0,2.0,0.3901,0.0,154.966,6.926,19.813,5.979,5.453,1.0,1.0,0.0,0.0,0.0,0.0,0.0,0.0,0.0,45.0,0.0
query_0003,R02406,1,0.2089,0.0,0.25,0.0,0.0,2.0,12.0,0.1667,0.4,0.0,0.0,2.0,0.3941,0.0,152.957,6.83,19.576,5.86,5.397,1.0,1.0,0.0,0.0,0.0,0.0,0.0,0.0,0.0,45.0,0.0
query_0003,R03362,1,0.1874,0.0,0.2,0.0,0.0,2.0,16.0,0.125,0.24,0.0,0.0,2.0,0.3938,0.0,153.117,8.426,30.051,1.105,6.445,1.0,1.0,0.0,0.0,0.0,0.0,0.0,0.0,0.0,50.0,0.0
query_0003,R02191,1,0.174,0.0,0.1667,0.0,0.0,3.0,17.0,0.1765,0.2083,0.0,0.0,1.0,0.3622,0.0,168.889,2.783,15.788,11.535,2.647,1.0,1.0,0.0,0.0,0.0,0.0,0.0,0.0,0.0,40.0,0.0
query_0003,R04419,1,0.1734,0.0,0.1429,0.0,0.0,4.0,27.0,0.1481,0.2571,0.0,0.0,2.0,0.3004,0.0,199.789,5.419,21.093,11.657,5.972,1.0,1.0,0.0,0.0,0.0,0.0,0.0,0.0,0.0,40.0,0.0
query_0003,R07279,1,0.1723,0.0,0.125,0.0,0.0,3.0,12.0,0.25,0.2632,0.0,0.0,1.0,0.4674,0.0,116.297,1.284,4.712,11.011,2.595,1.0,1.0,0.0,0.0,0.0,0.0,0.0,0.0,0.0,20.0,0.0
query_0003,R01591,1,0.1701,0.0,0.1111,0.0,0.0,3.0,11.0,0.2727,0.2941,0.0,0.0,1.0,0.002,0.0,351.014,5.849,63.786,7.508,1.746,1.0,1.0,0.0,0.0,0.0,0.0,0.0,0.0,0.0,65.0,0.0
query_0003,R05543,2,0.1696,0.7579,0.1,0.1,1.0,4.0,9.0,0.4444,0.5,0.0,0.0,2.0,0.1525,0.0,273.727,15.997,45.896,3.628,11.053,1.0,1.0,0.0,0.0,0.0,0.0,0.0,0.0,0.0,25.0,0.0
query_0003,R01504,1,0.1678,0.0,0.0909,0.0,0.0,4.0,16.0,0.25,0.2692,0.0,0.0,2.0,0.6135,0.0,43.241,1.046,3.949,2.717,0.749,1.0,1.0,0.0,0.0,0.0,0.0,0.0,0.0,0.0,55.0,0.0
query_0003,R13368,1,0.1661,0.0,0.0833,0.0,0.0,2.0,7.0,0.2857,0.3,0.0,0.0,1.0,0.4287,0.0,135.662,4.681,22.778,5.108,3.831,1.0,1.0,0.0,0.0,0.0,0.0,0.0,0.0,0.0,10.0,0.0
query_0003,R01118,1,0.1655,0.0,0.0769,0.0,0.0,2.0,12.0,0.1667,0.25,0.0,0.0,1.0,0.6017,0.0,49.148,0.717,2.443,4.396,0.823,1.0,1.0,0.0,0.0,0.0,0.0,0.0,0.0,0.0,40.0,0.0
query_0003,R01513,1,0.1648,0.0,0.0667,0.0,0.0,4.0,11.0,0.3636,0.4444,0.0,0.0,2.0,0.2855,0.0,207.24,12.518,38.17,1.173,8.884,1.0,1.0,0.0,0.0,0.0,0.0,0.0,0.0,0.0,25.0,0.0
query_0003,R09551,2,0.1642,0.7461,0.0625,0.0667,1.0,4.0,13.0,0.3077,0.4,0.0,0.0,2.0,0.2744,0.0,212.775,12.789,39.367,1.234,9.256,1.0,1.0,0.0,0.0,0.0,0.0,0.0,0.0,0.0,35.0,0.0
query_0003,R01643,1,0.1635,0.0,0.0588,0.0,0.0,2.0,14.0,0.1429,0.1765,0.0,0.0,0.0,0.1566,0.0,271.724,3.624,39.376,10.681,0.599,1.0,1.0,0.0,0.0,0.0,0.0,0.0,0.0,0.0,45.0,0.0
query_0003,R02760,1,0.1605,0.0,0.0556,0.0,0.0,2.0,13.0,0.1538,0.1667,0.0,0.0,1.0,0.4781,0.0,110.941,1.694,11.085,7.41,2.387,1.0,1.0,0.0,0.0,0.0,0.0,0.0,0.0,0.0,30.0,0.0
query_0003,R06920,2,0.1604,0.7759,0.0526,0.25,1.0,3.0,15.0,0.2,0.2727,0.0,0.0,2.0,0.0054,0.0,352.691,19.5,60.578,5.179,14.512,1.0,1.0,0.0,0.0,0.0,0.0,0.0,0.0,0.0,35.0,0.0
query_0003,R03459,1,0.158,0.0,0.05,0.0,0.0,2.0,10.0,0.2,0.4615,0.0,0.0,1.0,0.1294,0.0,285.301,1.404,5.673,29.526,1.208,1.0,1.0,0.0,0.0,0.0,0.0,0.0,0.0,0.0,55.0,0.0
query_0003,R00642,1,0.1549,0.0,0.0476,0.0,0.0,1.0,9.0,0.1111,0.1429,0.0,0.0,1.0,0.2757,0.0,487.846,21.697,88.731,5.676,13.283,1.0,1.0,0.0,0.0,0.0,0.0,0.0,0.0,0.0,40.0,0.0
query_0003,R06267,1,0.1546,0.0,0.0455,0.0,0.0,2.0,15.0,0.1333,0.1429,0.0,0.0,1.0,0.5523,0.0,73.831,2.185,8.999,3.634,1.805,1.0,1.0,0.0,0.0,0.0,0.0,0.0,0.0,0.0,50.0,0.0
query_0003,R08549,1,0.1542,0.0,0.0435,0.0,0.0,1.0,6.0,0.1667,0.1429,0.0,0.0,0.0,0.0,0.0,0.0,0.0,0.0,0.0,0.0,1.0,1.0,0.0,0.0,0.0,0.0,0.0,0.0,0.0,30.0,0.0
query_0003,R02251,1,0.152,0.0,0.0417,0.0,0.0,4.0,12.0,0.3333,0.4211,0.0,0.0,2.0,0.4492,0.0,125.403,6.681,21.221,2.026,5.053,1.0,1.0,0.0,0.0,0.0,0.0,0.0,0.0,0.0,30.0,0.0
query_0003,R09052,1,0.1495,0.0,0.0385,0.0,0.0,3.0,12.0,0.25,0.2857,0.0,0.0,2.0,0.5649,0.0,67.559,3.742,13.379,0.54,2.658,1.0,1.0,0.0,0.0,0.0,0.0,0.0,0.0,0.0,75.0,0.0
query_0003,R04337,1,0.1492,0.0,0.037,0.0,0.0,2.0,8.0,0.25,0.5,0.0,0.0,1.0,0.3586,0.0,170.719,3.888,7.634,14.854,2.123,1.0,1.0,0.0,0.0,0.0,0.0,0.0,0.0,0.0,30.0,0.0
query_0003,R07008,2,0.1489,0.0,0.0357,0.0,0.0,4.0,10.0,0.4,0.4444,0.0,0.0,2.0,0.2872,0.0,206.395,12.913,37.907,1.231,9.639,1.0,1.0,0.0,0.0,0.0,0.0,0.0,0.0,0.0,50.0,0.0
query_0003,R05955,0,0.1472,0.0,0.0345,0.0,0.0,1.0,9.0,0.1111,0.2727,0.0,0.0,2.0,0.1715,0.0,264.266,7.114,22.061,17.282,5.702,1.0,1.0,0.0,0.0,0.0,0.0,0.0,0.0,0.0,40.0,0.0
query_0003,R00677,1,0.1467,0.0,0.0333,0.0,0.0,3.0,11.0,0.2727,0.3,0.0,0.0,1.0,0.3924,0.0,153.813,5.381,23.11,6.15,5.74,1.0,1.0,0.0,0.0,0.0,0.0,0.0,0.0,0.0,20.0,0.0
query_0003,R03515,2,0.1458,0.7449,0.0323,0.0625,1.0,2.0,16.0,0.125,0.375,0.0,0.0,1.0,0.4721,0.0,113.956,0.964,3.842,11.054,0.778,1.0,1.0,0.0,0.0,0.0,0.0,0.0,0.0,0.0,40.0,0.0
query_0003,R11322,1,0.1451,0.0,0.0312,0.0,0.0,2.0,9.0,0.2222,0.3077,0.0,0.0,2.0,0.1715,0.0,264.266,7.114,22.061,17.282,5.702,1.0,1.0,0.0,0.0,0.0,0.0,0.0,0.0,0.0,40.0,0.0
query_0003,R06127,0,0.1437,0.0,0.0303,0.0,0.0,2.0,11.0,0.1818,0.2353,0.0,0.0,0.0,0.6067,0.0,46.673,1.61,6.32,1.848,1.031,1.0,1.0,0.0,0.0,0.0,0.0,0.0,0.0,0.0,20.0,0.0
query_0003,R01863,2,0.1435,0.0,0.0294,0.0,0.0,4.0,9.0,0.4444,0.5333,0.0,0.0,2.0,0.3304,0.0,515.179,27.692,96.919,4.384,21.181,1.0,1.0,0.0,0.0,0.0,0.0,0.0,0.0,0.0,40.0,0.0
query_0003,R05567,0,0.1431,0.0,0.0286,0.0,0.0,2.0,15.0,0.1333,0.2273,0.0,0.0,1.0,0.557,0.0,71.485,1.636,8.671,4.128,1.903,1.0,1.0,0.0,0.0,0.0,0.0,0.0,0.0,0.0,30.0,0.0
query_0003,R00347,1,0.143,0.0,0.0278,0.0,0.0,2.0,8.0,0.25,0.3,0.0,0.0,0.0,0.6093,0.0,45.328,0.923,3.611,3.265,1.044,1.0,1.0,0.0,0.0,0.0,0.0,0.0,0.0,0.0,90.0,0.0
query_0003,R05789,1,0.1423,0.0,0.027,0.0,0.0,4.0,17.0,0.2353,0.32,0.0,0.0,2.0,0.3867,0.0,156.673,5.098,19.798,7.971,5.494,1.0,1.0,0.0,0.0,0.0,0.0,0.0,0.0,0.0,30.0,0.0
query_0003,R05655,1,0.1408,0.0,0.0263,0.0,0.0,3.0,11.0,0.2727,0.3333,0.0,0.0,2.0,0.5215,0.0,89.259,4.841,14.243,1.738,3.63,1.0,1.0,0.0,0.0,0.0,0.0,0.0,0.0,0.0,185.0,0.0
query_0003,R08978,1,0.1399,0.0,0.0256,0.0,0.0,2.0,10.0,0.2,0.25,0.0,0.0,2.0,0.4667,0.0,116.661,6.025,17.596,2.864,4.37,1.0,1.0,0.0,0.0,0.0,0.0,0.0,0.0,0.0,55.0,0.0
query_0003,R04185,1,0.1397,0.0,0.025,0.0,0.0,4.0,13.0,0.3077,0.4,0.0,0.0,2.0,0.2915,0.0,204.269,12.577,37.326,1.316,8.893,1.0,1.0,0.0,0.0,0.0,0.0,0.0,0.0,0.0,35.0,0.0
query_0003,R09634,2,0.0,0.7816,0.0,1.0,0.0,1.0,14.0,0.0714,0.1364,0.0,0.0,1.0,0.2839,0.0,208.072,4.477,30.126,8.909,4.322,1.0,1.0,0.0,0.0,0.0,0.0,0.0,0.0,0.0,50.0,0.0
query_0003,R00162,2,0.0,0.7771,0.0,0.3333,0.0,1.0,14.0,0.0714,0.1364,0.0,0.0,1.0,0.2792,0.0,210.381,4.502,30.16,9.156,4.322,1.0,1.0,0.0,0.0,0.0,0.0,0.0,0.0,0.0,50.0,0.0
query_0006,R08906,1,0.2336,0.0,1.0,0.0,0.0,1.0,12.0,0.0833,0.2778,0.0,0.0,0.0,0.8396,0.0,130.203,1.615,17.122,6.439,1.253,1.0,1.0,0.0,0.0,0.0,0.0,0.0,0.0,0.0,50.0,0.0
query_0006,R06067,1,0.1845,0.0,0.5,0.0,0.0,1.0,13.0,0.0769,0.1667,0.0,0.0,0.0,0.9429,0.0,78.573,1.105,8.864,4.994,2.52,1.0,1.0,0.0,0.0,0.0,0.0,0.0,0.0,0.0,40.0,0.0
query_0006,R03459,2,0.1844,0.7514,0.3333,0.0256,1.0,2.0,10.0,0.2,0.3846,0.0,0.0,0.0,0.5294,0.0,285.301,1.404,5.673,29.526,1.208,1.0,1.0,0.0,0.0,0.0,0.0,0.0,0.0,0.0,55.0,0.0
query_0006,R03515,2,0.1748,0.7738,0.25,0.1667,1.0,2.0,16.0,0.125,0.3125,0.0,0.0,0.0,0.8721,0.0,113.956,0.964,3.842,11.054,0.778,1.0,1.0,0.0,0.0,0.0,0.0,0.0,0.0,0.0,40.0,0.0
query_0006,R04337,1,0.1742,0.0,0.2,0.0,0.0,2.0,8.0,0.25,0.4167,0.0,0.0,0.0,0.7586,0.0,170.719,3.888,7.634,14.854,2.123,1.0,1.0,0.0,0.0,0.0,0.0,0.0,0.0,0.0,30.0,0.0
query_0006,R04617,1,0.1717,0.0,0.1667,0.0,0.0,3.0,15.0,0.2,0.4091,0.0,0.0,0.0,0.7338,0.0,183.095,1.417,6.742,17.563,1.75,1.0,1.0,0.0,0.0,0.0,0.0,0.0,0.0,0.0,100.0,0.0
query_0006,R06596,1,0.1503,0.0,0.1429,0.0,0.0,0.0,11.0,0.0,0.1538,0.0,0.0,0.0,0.8418,0.0,129.117,4.882,9.584,8.269,0.678,1.0,1.0,0.0,0.0,0.0,0.0,0.0,0.0,0.0,25.0,0.0
query_0006,R08720,1,0.1501,0.0,0.125,0.0,0.0,2.0,14.0,0.1429,0.3333,0.0,0.0,0.0,0.8904,0.0,104.814,1.596,7.796,8.325,2.579,1.0,1.0,0.0,0.0,0.0,0.0,0.0,0.0,0.0,40.0,0.0
query_0006,R08329,0,0.1493,0.0,0.1111,0.0,0.0,1.0,19.0,0.0526,0.12,0.0,0.0,0.0,0.9037,0.0,98.127,1.268,8.592,7.297,2.593,1.0,0.0,0.0,0.0,0.0,0.0,0.0,0.0,0.0,70.0,0.0
query_0006,R06626,0,0.1452,0.0,0.1,0.0,0.0,1.0,13.0,0.0769,0.1875,0.0,0.0,0.0,0.934,0.0,82.983,1.012,7.324,6.2,1.68,1.0,1.0,0.0,0.0,0.0,0.0,0.0,0.0,0.0,30.0,0.0
query_0006,R01591,0,0.1449,0.0,0.0909,0.0,0.0,2.0,11.0,0.1818,0.2941,0.0,0.0,0.0,0.398,0.0,351.014,5.849,63.786,7.508,1.746,1.0,1.0,0.0,0.0,0.0,0.0,0.0,0.0,0.0,65.0,0.0
query_0006,R01118,0,0.1402,0.0,0.0833,0.0,0.0,1.0,12.0,0.0833,0.15,0.0,0.0,0.0,1.0017,0.0,49.148,0.717,2.443,4.396,0.823,1.0,1.0,0.0,0.0,0.0,0.0,0.0,0.0,0.0,40.0,0.0
query_0006,R13368,0,0.1401,0.0,0.0769,0.0,0.0,1.0,7.0,0.1429,0.1,0.0,0.0,0.0,0.8287,0.0,135.662,4.681,22.778,5.108,3.831,1.0,1.0,0.0,0.0,0.0,0.0,0.0,0.0,0.0,10.0,0.0
query_0006,R08549,0,0.1377,0.0,0.0714,0.0,0.0,1.0,6.0,0.1667,0.1429,0.0,0.0,0.0,0.0,0.0,0.0,0.0,0.0,0.0,0.0,1.0,1.0,0.0,0.0,0.0,0.0,0.0,0.0,0.0,30.0,0.0
query_0006,R00432,0,0.1367,0.0,0.0667,0.0,0.0,0.0,6.0,0.0,0.3,0.0,0.0,0.0,0.1978,0.0,451.094,8.395,38.844,32.708,10.068,1.0,1.0,0.0,0.0,0.0,0.0,0.0,0.0,0.0,40.0,0.0
query_0006,R07664,0,0.1325,0.0,0.0625,0.0,0.0,0.0,1.0,0.0,1.0,0.0,0.0,0.0,1.0976,0.0,1.197,0.011,0.051,0.113,0.03,1.0,1.0,0.0,0.0,0.0,0.0,0.0,0.0,0.0,10.0,0.0
query_0006,R04519,0,0.1279,0.0,0.0588,0.0,0.0,1.0,11.0,0.0909,0.1875,0.0,0.0,0.0,1.0018,0.0,49.077,0.842,3.717,3.862,0.839,1.0,0.0,0.0,0.0,0.0,0.0,0.0,0.0,0.0,35.0,0.0
query_0006,R00347,1,0.1277,0.0,0.0556,0.0,0.0,2.0,8.0,0.25,0.3,0.0,0.0,0.0,1.0093,0.0,45.328,0.923,3.611,3.265,1.044,1.0,1.0,0.0,0.0,0.0,0.0,0.0,0.0,0.0,90.0,0.0
query_0006,R05194,0,0.1257,0.0,0.0526,0.0,0.0,0.0,7.0,0.0,0.3,0.0,0.0,0.0,0.4443,0.0,327.842,6.166,13.977,29.417,6.52,1.0,1.0,0.0,0.0,0.0,0.0,0.0,0.0,0.0,90.0,0.0
query_0006,R04161,0,0.1225,0.0,0.05,0.0,0.0,1.0,11.0,0.0909,0.2353,0.0,0.0,0.0,0.8477,0.0,126.138,3.755,22.371,3.72,5.266,1.0,1.0,0.0,0.0,0.0,0.0,0.0,0.0,0.0,30.0,0.0
query_0006,R05567,0,0.121,0.0,0.0476,0.0,0.0,1.0,15.0,0.0667,0.1364,0.0,0.0,0.0,0.957,0.0,71.485,1.636,8.671,4.128,1.903,1.0,1.0,0.0,0.0,0.0,0.0,0.0,0.0,0.0,30.0,0.0
query_0006,R05770,0,0.1192,0.0,0.0455,0.0,0.0,2.0,12.0,0.1667,0.3684,0.0,0.0,0.0,1.0514,0.0,24.315,0.552,3.112,1.326,0.867,1.0,1.0,0.0,0.0,0.0,0.0,0.0,0.0,0.0,18.0,0.0
query_0006,R07496,0,0.1174,0.0,0.0435,0.0,0.0,1.0,6.0,0.1667,0.3,0.0,0.0,0.0,0.8229,0.0,138.574,3.641,6.902,11.87,2.991,1.0,0.0,0.0,0.0,1.0,0.0,0.0,0.0,0.0,40.0,0.0
query_0006,R04796,0,0.117,0.0,0.0417,0.0,0.0,0.0,7.0,0.0,0.2,0.0,0.0,0.0,0.5852,0.0,257.399,1.332,36.246,13.251,3.158,1.0,1.0,0.0,0.0,0.0,0.0,0.0,0.0,0.0,30.0,0.0
query_0006,R02848,0,0.1155,0.0,0.04,0.0,0.0,0.0,19.0,0.0,0.0345,0.0,0.0,0.0,0.8108,0.0,144.602,4.505,16.384,7.791,4.566,1.0,0.0,0.0,0.0,0.0,0.0,0.0,0.0,0.0,40.0,0.0
query_0006,R04028,1,0.1153,0.0,0.0385,0.0,0.0,2.0,9.0,0.2222,0.25,0.0,0.0,0.0,0.8984,0.0,100.816,1.454,8.456,7.378,1.901,1.0,1.0,0.0,0.0,0.0,0.0,0.0,0.0,0.0,10.0,0.0
query_0006,R04262,0,0.1134,0.0,0.037,0.0,0.0,1.0,10.0,0.1,0.2308,0.0,0.0,0.0,0.784,0.0,158.0,5.561,13.314,11.089,5.575,1.0,1.0,0.0,0.0,0.0,0.0,0.0,0.0,0.0,50.0,0.0
query_0006,R00688,1,0.1122,0.0,0.0357,0.0,0.0,2.0,9.0,0.2222,0.3125,0.0,0.0,0.0,0.998,0.0,51.006,0.877,4.616,3.683,0.971,1.0,0.0,0.0,0.0,0.0,0.0,0.0,0.0,0.0,20.0,0.0
query_0006,R03051,0,0.1092,0.0,0.0345,0.0,0.0,2.0,12.0,0.1667,0.2632,0.0,0.0,0.0,0.9795,0.0,60.259,0.695,3.909,5.093,1.375,1.0,1.0,0.0,0.0,0.0,0.0,0.0,0.0,0.0,25.0,0.0
query_0006,R06111,0,0.109,0.0,0.0333,0.0,0.0,0.0,8.0,0.0,0.2308,0.0,0.0,0.0,0.6212,0.0,239.411,7.544,41.621,5.412,0.42,1.0,1.0,0.0,0.0,0.0,0.0,0.0,0.0,0.0,70.0,0.0
query_0006,R03975,0,0.107,0.0,0.0323,0.0,0.0,1.0,13.0,0.0769,0.2105,0.0,0.0,0.0,0.9762,0.0,61.913,1.927,11.509,1.757,1.818,1.0,1.0,0.0,0.0,0.0,0.0,0.0,0.0,0.0,45.0,0.0
query_0006,R00752,2,0.1068,0.7751,0.0312,0.2,1.0,2.0,17.0,0.1176,0.1304,0.0,0.0,0.0,0.3882,0.0,355.923,3.022,12.509,34.916,3.146,1.0,1.0,0.0,0.0,0.0,0.0,0.0,0.0,0.0,90.0,0.0
query_0006,R12269,0,0.1064,0.0,0.0303,0.0,0.0,1.0,10.0,0.1,0.1765,0.0,0.0,0.0,0.9978,0.0,51.077,1.134,4.322,3.734,1.123,1.0,1.0,0.0,0.0,0.0,0.0,0.0,0.0,0.0,45.0,0.0
query_0006,R03672,1,0.1063,0.0,0.0294,0.0,0.0,2.0,9.0,0.2222,0.3333,0.0,0.0,0.0,0.9599,0.0,70.039,0.462,1.728,7.137,1.002,1.0,1.0,0.0,0.0,0.0,0.0,0.0,0.0,0.0,55.0,0.0
query_0006,R00043,0,0.105,0.0,0.0286,0.0,0.0,2.0,20.0,0.1,0.2069,0.0,0.0,0.0,0.9008,0.0,99.621,1.592,8.186,7.463,2.367,1.0,1.0,0.0,0.0,0.0,0.0,0.0,0.0,0.0,25.0,0.0
query_0006,R07500,0,0.1049,0.0,0.0278,0.0,0.0,2.0,21.0,0.0952,0.2333,0.0,0.0,0.0,0.96,0.0,70.013,2.08,10.307,2.936,2.462,1.0,1.0,0.0,0.0,0.0,0.0,0.0,0.0,0.0,35.0,0.0
query_0006,R06410,0,0.1041,0.0,0.027,0.0,0.0,2.0,23.0,0.087,0.0882,0.0,0.0,0.0,0.9757,0.0,62.169,1.382,7.206,3.678,1.581,1.0,1.0,0.0,0.0,0.0,0.0,0.0,0.0,0.0,30.0,0.0
query_0006,R06860,0,0.1031,0.0,0.0263,0.0,0.0,1.0,6.0,0.1667,0.25,0.0,0.0,0.0,0.8229,0.0,138.574,3.641,6.902,11.87,2.991,1.0,0.0,0.0,0.0,1.0,0.0,0.0,0.0,0.0,40.0,0.0
query_0006,R02413,0,0.1029,0.0,0.0256,0.0,0.0,1.0,7.0,0.1429,0.0909,0.0,0.0,0.0,0.7168,0.0,191.613,3.626,40.279,1.272,1.283,1.0,1.0,0.0,0.0,0.0,0.0,0.0,0.0,0.0,35.0,0.0
query_0006,R04341,0,0.1025,0.0,0.025,0.0,0.0,2.0,11.0,0.1818,0.2778,0.0,0.0,0.0,0.7345,0.0,182.733,5.245,24.508,9.553,4.729,1.0,1.0,0.0,0.0,0.0,0.0,0.0,0.0,0.0,30.0,0.0
query_0007,R02680,1,0.3063,0.0,1.0,0.0,0.0,2.0,15.0,0.1333,0.1304,0.0,0.0,0.0,0.1263,0.0,236.848,5.053,40.381,6.399,3.417,1.0,1.0,0.0,0.0,0.0,0.0,0.0,0.0,0.0,35.0,0.0
query_0007,R02435,1,0.2147,0.0,0.3333,0.0,0.0,2.0,10.0,0.2,0.3333,0.0,0.0,1.0,0.1051,0.0,247.43,5.226,48.277,3.777,2.329,1.0,1.0,0.0,0.0,0.0,0.0,0.0,0.0,0.0,60.0,0.0
query_0007,R10946,1,0.19,0.0,0.2,0.0,0.0,2.0,8.0,0.25,0.2727,0.0,0.0,1.0,0.5634,0.0,18.293,0.57,4.314,0.089,0.754,1.0,1.0,0.0,0.0,0.0,0.0,0.0,0.0,0.0,10.0,0.0
query_0007,R05644,2,0.1894,0.7355,0.1429,0.0588,1.0,2.0,13.0,0.1538,0.3529,0.0,0.0,1.0,0.2938,0.0,153.122,4.344,20.189,7.452,3.377,1.0,1.0,0.0,0.0,0.0,0.0,0.0,0.0,0.0,35.0,0.0
query_0007,R08034,1,0.1845,0.0,0.1111,0.0,0.0,2.0,18.0,0.1111,0.3043,0.0,0.0,1.0,0.3806,0.0,109.71,2.173,10.707,7.343,2.403,1.0,1.0,0.0,0.0,0.0,0.0,0.0,0.0,0.0,60.0,0.0
query_0007,R04064,1,0.1821,0.0,0.1,0.0,0.0,2.0,16.0,0.125,0.2778,0.0,0.0,1.0,0.3491,0.0,125.463,2.878,25.764,1.532,2.115,1.0,1.0,0.0,0.0,0.0,0.0,0.0,0.0,0.0,40.0,0.0
query_0007,R04288,1,0.181,0.0,0.0909,0.0,0.0,2.0,13.0,0.1538,0.4,0.0,0.0,1.0,0.3072,0.0,146.395,9.501,4.787,10.197,0.696,1.0,1.0,0.0,0.0,0.0,0.0,0.0,0.0,0.0,50.0,0.0
query_0007,R08163,1,0.1805,0.0,0.0833,0.0,0.0,3.0,15.0,0.2,0.2174,0.0,0.0,1.0,0.5293,0.0,35.37,0.492,3.38,2.464,0.908,1.0,1.0,0.0,0.0,0.0,0.0,0.0,0.0,0.0,35.0,0.0
query_0007,R08342,1,0.1763,0.0,0.0667,0.0,0.0,2.0,21.0,0.0952,0.28,0.0,0.0,1.0,0.3293,0.0,135.339,7.092,19.473,4.689,4.713,1.0,1.0,0.0,0.0,0.0,0.0,0.0,0.0,0.0,80.0,0.0
query_0007,R00480,2,0.1761,0.7598,0.0625,1.0,1.0,3.0,16.0,0.1875,0.3333,0.0,0.0,1.0,0.4589,0.0,70.526,5.412,7.713,2.424,1.158,1.0,1.0,0.0,0.0,0.0,0.0,0.0,0.0,0.0,55.0,0.0
query_0007,R10544,1,0.1739,0.0,0.0556,0.0,0.0,1.0,13.0,0.0769,0.0952,0.0,0.0,0.0,0.3693,0.0,115.361,2.523,12.597,7.41,2.535,1.0,1.0,0.0,0.0,0.0,0.0,0.0,0.0,0.0,50.0,0.0
query_0007,R09487,1,0.1706,0.0,0.0526,0.0,0.0,1.0,18.0,0.0556,0.0385,0.0,0.0,1.0,0.1944,0.0,202.821,4.244,38.323,3.819,2.434,1.0,1.0,0.0,0.0,0.0,0.0,0.0,0.0,0.0,60.0,0.0
query_0007,R01107,1,0.1706,0.0,0.05,0.0,0.0,2.0,9.0,0.2222,0.2308,0.0,0.0,1.0,0.4765,0.0,61.742,1.09,7.3,3.666,1.573,1.0,1.0,0.0,0.0,0.0,0.0,0.0,0.0,0.0,15.0,0.0
query_0007,R02152,1,0.1704,0.0,0.0476,0.0,0.0,2.0,14.0,0.1429,0.1429,0.0,0.0,1.0,0.4865,0.0,56.754,2.407,12.069,0.654,2.938,1.0,1.0,0.0,0.0,0.0,0.0,0.0,0.0,0.0,35.0,0.0
query_0007,R09083,1,0.1698,0.0,0.0455,0.0,0.0,2.0,13.0,0.1538,0.1765,0.0,0.0,1.0,0.4623,0.0,68.843,1.827,8.537,3.706,1.84,1.0,1.0,0.0,0.0,0.0,0.0,0.0,0.0,0.0,45.0,0.0
query_0007,R05315,1,0.1688,0.0,0.0435,0.0,0.0,2.0,14.0,0.1429,0.1765,0.0,0.0,1.0,0.4056,0.0,97.22,2.358,19.988,1.14,1.228,1.0,1.0,0.0,0.0,0.0,0.0,0.0,0.0,0.0,35.0,0.0
query_0007,R07505,1,0.1673,0.0,0.0417,0.0,0.0,2.0,10.0,0.2,0.3077,0.0,0.0,1.0,0.5544,0.0,22.817,0.681,5.354,0.118,1.276,1.0,1.0,0.0,0.0,0.0,0.0,0.0,0.0,0.0,55.0,0.0
query_0007,R10327,1,0.1665,0.0,0.04,0.0,0.0,2.0,13.0,0.1538,0.25,0.0,0.0,1.0,0.4987,0.0,50.627,5.385,6.441,0.678,0.996,1.0,1.0,0.0,0.0,0.0,0.0,0.0,0.0,0.0,25.0,0.0
query_0007,R09382,1,0.1652,0.0,0.0385,0.0,0.0,2.0,12.0,0.1667,0.1667,0.0,0.0,1.0,0.4856,0.0,57.185,1.244,7.26,3.181,2.207,1.0,1.0,0.0,0.0,0.0,0.0,0.0,0.0,0.0,35.0,0.0
query_0007,R01816,1,0.1636,0.0,0.037,0.0,0.0,2.0,10.0,0.2,0.2143,0.0,0.0,1.0,0.2148,0.0,192.622,4.988,41.517,1.413,4.233,1.0,1.0,0.0,0.0,0.0,0.0,0.0,0.0,0.0,40.0,0.0
query_0007,R09294,1,0.1619,0.0,0.0357,0.0,0.0,2.0,15.0,0.1333,0.2857,0.0,0.0,1.0,0.5426,0.0,28.679,2.554,4.434,0.312,0.934,1.0,1.0,0.0,0.0,0.0,0.0,0.0,0.0,0.0,45.0,0.0
query_0007,R02373,1,0.1618,0.0,0.0345,0.0,0.0,2.0,15.0,0.1333,0.1667,0.0,0.0,1.0,0.222,0.0,188.981,9.195,30.668,4.431,7.363,1.0,1.0,0.0,0.0,0.0,0.0,0.0,0.0,0.0,40.0,0.0
query_0007,R08919,1,0.1615,0.0,0.0333,0.0,0.0,2.0,14.0,0.1429,0.2353,0.0,0.0,1.0,0.1782,0.0,210.914,14.755,42.691,2.198,13.881,1.0,1.0,0.0,0.0,0.0,0.0,0.0,0.0,0.0,50.0,0.0
query_0007,R09201,1,0.1595,0.0,0.0323,0.0,0.0,2.0,10.0,0.2,0.2,0.0,0.0,1.0,0.5033,0.0,48.327,1.424,8.136,1.714,1.694,1.0,1.0,0.0,0.0,0.0,0.0,0.0,0.0,0.0,40.0,0.0
query_0007,R01194,1,0.1591,0.0,0.0312,0.0,0.0,2.0,12.0,0.1667,0.1579,0.0,0.0,1.0,0.0604,0.0,330.186,7.329,72.655,1.085,3.806,1.0,1.0,0.0,0.0,0.0,0.0,0.0,0.0,0.0,65.0,0.0
query_0007,R01051,1,0.1589,0.0,0.0303,0.0,0.0,2.0,20.0,0.1,0.2593,0.0,0.0,1.0,0.4037,0.0,98.174,4.022,19.528,1.216,3.372,1.0,1.0,0.0,0.0,0.0,0.0,0.0,0.0,0.0,55.0,0.0
query_0007,R13036,1,0.1588,0.0,0.0294,0.0,0.0,2.0,14.0,0.1429,0.1875,0.0,0.0,1.0,0.5285,0.0,35.73,1.609,7.827,0.34,1.891,1.0,1.0,0.0,0.0,0.0,0.0,0.0,0.0,0.0,55.0,0.0
query_0007,R02478,2,0.1583,0.7431,0.0286,0.1429,1.0,3.0,12.0,0.25,0.2778,0.0,0.0,1.0,0.4903,0.0,54.829,1.577,9.249,1.853,2.132,1.0,1.0,0.0,0.0,0.0,0.0,0.0,0.0,0.0,45.0,0.0
query_0007,R09026,1,0.157,0.0,0.0263,0.0,0.0,2.0,12.0,0.1667,0.3125,0.0,0.0,1.0,0.4778,0.0,61.09,1.77,13.915,0.192,1.826,1.0,1.0,0.0,0.0,0.0,0.0,0.0,0.0,0.0,35.0,0.0
query_0007,R01207,1,0.1566,0.0,0.0256,0.0,0.0,2.0,13.0,0.1538,0.1667,0.0,0.0,1.0,0.222,0.0,188.976,7.644,29.622,5.694,5.681,1.0,1.0,0.0,0.0,0.0,0.0,0.0,0.0,0.0,70.0,0.0
query_0007,R07608,1,0.1557,0.0,0.025,0.0,0.0,3.0,20.0,0.15,0.2222,0.0,0.0,1.0,0.0537,0.0,326.865,13.998,27.14,19.934,5.957,1.0,1.0,0.0,0.0,0.0,0.0,0.0,0.0,0.0,13.0,0.0
query_0007,R05062,2,0.0,0.7577,0.0,0.5,0.0,2.0,14.0,0.1429,0.2857,0.0,0.0,0.0,0.3873,0.0,106.337,2.321,6.049,8.786,1.298,1.0,1.0,0.0,0.0,0.0,0.0,0.0,0.0,0.0,45.0,0.0
query_0007,R01706,2,0.0,0.7507,0.0,0.3333,0.0,3.0,9.0,0.3333,0.3846,0.0,0.0,1.0,0.4179,0.0,91.061,4.758,3.068,6.746,0.494,1.0,1.0,0.0,0.0,0.0,0.0,0.0,0.0,0.0,30.0,0.0
query_0007,R07063,2,0.0,0.7481,0.0,0.25,0.0,1.0,8.0,0.125,0.1,0.0,0.0,0.0,0.3693,0.0,115.351,1.391,28.532,0.127,0.185,1.0,1.0,0.0,0.0,0.0,0.0,0.0,0.0,0.0,5.0,0.0
query_0007,R12873,2,0.0,0.7461,0.0,0.2,0.0,2.0,9.0,0.2222,0.2308,0.0,0.0,1.0,0.455,0.0,72.524,0.354,2.804,6.909,0.637,1.0,1.0,0.0,0.0,0.0,0.0,0.0,0.0,0.0,35.0,0.0
query_0007,R01625,2,0.0,0.7445,0.0,0.1667,0.0,2.0,14.0,0.1429,0.2105,0.0,0.0,0.0,0.3673,0.0,116.33,2.078,11.047,7.932,2.274,1.0,1.0,0.0,0.0,0.0,0.0,0.0,0.0,0.0,55.0,0.0
query_0007,R07806,2,0.0,0.7418,0.0,0.125,0.0,1.0,13.0,0.0769,0.1176,0.0,0.0,0.0,0.429,0.0,85.493,4.069,10.842,3.07,1.342,1.0,1.0,0.0,0.0,0.0,0.0,0.0,0.0,0.0,70.0,0.0
query_0007,R07878,2,0.0,0.741,0.0,0.1,0.0,3.0,16.0,0.1875,0.32,0.0,0.0,1.0,0.202,0.0,401.002,5.184,48.146,21.196,2.119,1.0,1.0,0.0,0.0,0.0,0.0,0.0,0.0,0.0,15.0,0.0
query_0007,R03867,2,0.0,0.7408,0.0,0.0909,0.0,1.0,9.0,0.1111,0.1667,0.0,0.0,0.0,0.5753,0.0,12.358,0.531,2.866,0.108,0.752,1.0,1.0,0.0,0.0,0.0,0.0,0.0,0.0,0.0,20.0,0.0
query_0007,R03174,2,0.0,0.7395,0.0,0.0833,0.0,2.0,7.0,0.2857,0.3,0.0,0.0,0.0,0.4814,0.0,59.285,1.204,6.955,3.721,1.928,1.0,1.0,0.0,0.0,0.0,0.0,0.0,0.0,0.0,35.0,0.0
query_0008,R10919,2,0.3057,0.6936,1.0,0.0303,1.0,5.0,23.0,0.2174,0.2571,0.0,0.0,5.0,0.6888,0.0,355.6,3.78,22.631,30.073,5.628,1.0,0.0,0.0,0.0,0.0,0.0,0.0,0.0,0.0,55.0,0.0
query_0008,R02612,1,0.3047,0.0,0.5,0.0,0.0,5.0,15.0,0.3333,0.3333,0.0,0.0,4.0,1.2814,0.0,59.282,1.204,6.218,3.779,1.802,1.0,0.0,0.0,0.0,0.0,0.0,0.0,0.0,0.0,55.0,0.0
query_0008,R01657,2,0.2987,0.6977,0.3333,0.0476,1.0,5.0,17.0,0.2941,0.3462,0.0,0.0,5.0,1.1979,0.0,101.036,1.117,8.732,7.323,1.759,1.0,1.0,0.0,0.0,0.0,0.0,0.0,0.0,0.0,180.0,0.0
query_0008,R02622,2,0.2803,0.6971,0.25,0.0435,1.0,5.0,19.0,0.2632,0.35,0.0,0.0,4.0,1.2926,0.0,53.676,2.01,11.926,0.509,2.531,1.0,0.0,0.0,0.0,0.0,0.0,0.0,0.0,0.0,70.0,0.0
query_0008,R03682,1,0.2753,0.0,0.2,0.0,0.0,5.0,13.0,0.3846,0.3636,0.0,0.0,4.0,1.1932,0.0,103.382,0.622,4.274,9.714,1.053,1.0,1.0,0.0,0.0,0.0,0.0,0.0,0.0,0.0,30.0,0.0
query_0008,R02453,2,0.275,0.7351,0.1667,0.3333,1.0,3.0,8.0,0.375,0.4167,0.0,0.0,2.0,1.0841,0.0,157.945,3.035,17.842,9.409,3.034,1.0,0.0,0.0,0.0,0.0,0.0,0.0,0.0,0.0,60.0,0.0
query_0008,R04964,2,0.2654,0.7221,0.1429,0.1667,1.0,3.0,17.0,0.1765,0.16,0.0,0.0,2.0,1.1476,0.0,126.21,1.237,7.988,10.573,1.587,1.0,0.0,0.0,0.0,0.0,0.0,0.0,0.0,0.0,85.0,0.0
query_0008,R07742,1,0.2633,0.0,0.125,0.0,0.0,4.0,20.0,0.2,0.2727,0.0,0.0,4.0,1.1853,0.0,107.35,2.071,15.396,5.159,3.587,1.0,0.0,0.0,0.0,0.0,0.0,0.0,0.0,0.0,70.0,0.0
query_0008,R12253,1,0.2497,0.0,0.1111,0.0,0.0,5.0,15.0,0.3333,0.3478,0.0,0.0,5.0,1.258,0.0,70.996,2.472,12.748,2.039,2.508,1.0,0.0,0.0,0.0,0.0,0.0,0.0,0.0,0.0,60.0,0.0
query_0008,R10059,2,0.2489,0.7234,0.1,0.2,1.0,5.0,24.0,0.2083,0.2353,0.0,0.0,4.0,1.0066,0.0,196.718,3.346,16.735,14.739,5.054,1.0,0.0,0.0,0.0,0.0,0.0,0.0,0.0,0.0,80.0,0.0
query_0008,R02566,1,0.2423,0.0,0.0909,0.0,0.0,5.0,19.0,0.2632,0.28,0.0,0.0,4.0,1.2167,0.0,91.655,1.671,11.718,4.808,2.103,1.0,1.0,0.0,0.0,0.0,0.0,0.0,0.0,0.0,55.0,0.0
query_0008,R02888,1,0.237,0.0,0.0833,0.0,0.0,4.0,24.0,0.1667,0.2258,0.0,0.0,3.0,1.1318,0.0,134.105,2.768,15.569,8.128,4.494,1.0,0.0,0.0,0.0,0.0,0.0,0.0,0.0,0.0,70.0,0.0
query_0008,R01307,2,0.2318,0.7646,0.0769,0.5,1.0,5.0,16.0,0.3125,0.3478,0.0,0.0,4.0,1.0765,0.0,161.76,4.776,29.45,4.52,6.627,1.0,0.0,0.0,0.0,0.0,0.0,0.0,0.0,0.0,45.0,0.0
query_0008,R02993,2,0.2259,0.0,0.0714,0.0,0.0,5.0,12.0,0.4167,0.45,0.0,0.0,4.0,1.2934,0.0,53.287,0.364,2.926,4.677,0.707,1.0,0.0,0.0,0.0,0.0,0.0,0.0,0.0,0.0,30.0,0.0
query_0008,R02582,2,0.2229,0.7057,0.0667,0.0909,1.0,5.0,20.0,0.25,0.2812,0.0,0.0,5.0,0.7515,0.0,324.226,2.84,15.587,29.484,3.677,1.0,0.0,0.0,0.0,0.0,0.0,0.0,0.0,0.0,50.0,0.0
query_0008,R09841,1,0.2221,0.0,0.0625,0.0,0.0,3.0,21.0,0.1429,0.1111,0.0,0.0,1.0,1.2708,0.0,64.608,2.129,10.191,2.638,2.654,1.0,1.0,0.0,0.0,0.0,0.0,0.0,0.0,0.0,80.0,0.0
query_0008,R02204,1,0.2173,0.0,0.0588,0.0,0.0,5.0,20.0,0.25,0.2667,0.0,0.0,5.0,0.4998,0.0,450.111,8.323,85.972,7.592,2.56,1.0,0.0,0.0,0.0,0.0,0.0,0.0,0.0,0.0,95.0,0.0
query_0008,R07113,1,0.2165,0.0,0.0556,0.0,0.0,3.0,8.0,0.375,0.5,0.0,0.0,3.0,1.3588,0.0,20.591,1.218,2.763,0.676,0.618,1.0,1.0,0.0,0.0,0.0,0.0,0.0,0.0,0.0,15.0,0.0
query_0008,R01696,1,0.2143,0.0,0.0526,0.0,0.0,5.0,29.0,0.1724,0.2093,0.0,0.0,5.0,0.3247,0.0,537.659,10.482,97.032,12.367,4.976,1.0,0.0,0.0,0.0,0.0,0.0,0.0,0.0,0.0,85.0,0.0
query_0008,R00622,1,0.2131,0.0,0.05,0.0,0.0,5.0,22.0,0.2273,0.2571,0.0,0.0,5.0,1.1189,0.0,140.527,4.047,24.284,4.807,5.678,1.0,0.0,0.0,0.0,0.0,0.0,0.0,0.0,0.0,70.0,0.0
query_0008,R04056,1,0.2131,0.0,0.0476,0.0,0.0,3.0,12.0,0.25,0.2632,0.0,0.0,3.0,0.6997,0.0,350.159,8.328,23.878,28.315,6.449,1.0,1.0,0.0,0.0,0.0,0.0,0.0,0.0,0.0,40.0,0.0
query_0008,R02317,2,0.211,0.6937,0.0455,0.0312,1.0,3.0,18.0,0.1667,0.125,0.0,0.0,3.0,1.2913,0.0,54.334,0.829,4.329,4.204,1.044,1.0,0.0,0.0,0.0,0.0,0.0,0.0,0.0,0.0,60.0,0.0
query_0008,R05657,2,0.21,0.7258,0.0435,0.25,1.0,3.0,18.0,0.1667,0.1304,0.0,0.0,3.0,1.3105,0.0,44.748,1.4,9.668,0.533,1.503,1.0,1.0,0.0,0.0,0.0,0.0,0.0,0.0,0.0,70.0,0.0
query_0008,R01344,2,0.2074,0.697,0.0417,0.0417,1.0,4.0,19.0,0.2105,0.2083,0.0,0.0,4.0,1.2253,0.0,87.326,3.137,8.883,4.866,1.219,1.0,0.0,0.0,0.0,0.0,0.0,0.0,0.0,0.0,30.0,0.0
query_0008,R04274,1,0.2017,0.0,0.04,0.0,0.0,5.0,23.0,0.2174,0.2286,0.0,0.0,4.0,1.0291,0.0,185.447,2.318,9.435,16.36,2.036,1.0,0.0,0.0,0.0,0.0,0.0,0.0,0.0,0.0,30.0,0.0
query_0008,R08019,1,0.1961,0.0,0.0385,0.0,0.0,5.0,22.0,0.2273,0.2727,0.0,0.0,5.0,0.6287,0.0,385.635,2.946,20.223,34.127,4.339,1.0,0.0,0.0,0.0,0.0,0.0,0.0,0.0,0.0,70.0,0.0
query_0008,R11746,2,0.195,0.696,0.037,0.0385,1.0,3.0,13.0,0.2308,0.1667,0.0,0.0,3.0,1.2714,0.0,64.302,1.362,7.795,3.651,1.548,1.0,0.0,0.0,0.0,0.0,0.0,0.0,0.0,0.0,35.0,0.0
query_0008,R08891,1,0.1874,0.0,0.0357,0.0,0.0,3.0,15.0,0.2,0.1739,0.0,0.0,3.0,1.0998,0.0,150.115,3.196,16.379,9.197,3.76,1.0,0.0,0.0,0.0,0.0,0.0,0.0,0.0,0.0,40.0,0.0
query_0008,R10287,1,0.1852,0.0,0.0345,0.0,0.0,3.0,23.0,0.1304,0.1471,0.0,0.0,3.0,1.1852,0.0,107.382,2.443,13.346,6.131,3.086,1.0,1.0,0.0,0.0,0.0,0.0,0.0,0.0,0.0,80.0,0.0
query_0008,R03083,1,0.1841,0.0,0.0333,0.0,0.0,4.0,12.0,0.3333,0.4375,0.0,0.0,3.0,1.2748,0.0,62.595,0.364,2.573,5.864,0.468,1.0,1.0,0.0,0.0,0.0,0.0,0.0,0.0,0.0,25.0,0.0
query_0008,R06052,1,0.182,0.0,0.0323,0.0,0.0,3.0,10.0,0.3,0.3333,0.0,0.0,3.0,1.2122,0.0,93.924,1.067,7.505,7.058,1.446,1.0,0.0,0.0,0.0,0.0,0.0,0.0,0.0,0.0,25.0,0.0
query_0008,R01944,1,0.1816,0.0,0.0312,0.0,0.0,5.0,19.0,0.2632,0.3448,0.0,0.0,4.0,1.3131,0.0,43.443,1.347,9.372,0.617,2.192,1.0,0.0,0.0,0.0,0.0,0.0,0.0,0.0,0.0,50.0,0.0
query_0008,R12754,1,0.1791,0.0,0.0303,0.0,0.0,4.0,15.0,0.2667,0.25,0.0,0.0,3.0,1.3715,0.0,14.253,0.676,2.432,0.51,1.341,1.0,0.0,0.0,0.0,0.0,0.0,0.0,0.0,0.0,35.0,0.0
query_0008,R01934,1,0.1781,0.0,0.0294,0.0,0.0,3.0,13.0,0.2308,0.2,0.0,0.0,3.0,0.6695,0.0,365.25,19.905,52.505,9.582,10.555,1.0,1.0,0.0,0.0,0.0,0.0,0.0,0.0,0.0,40.0,0.0
query_0008,R06812,1,0.1781,0.0,0.0286,0.0,0.0,3.0,13.0,0.2308,0.1667,0.0,0.0,3.0,1.2712,0.0,64.421,1.331,7.609,3.734,1.474,1.0,0.0,0.0,0.0,0.0,0.0,0.0,0.0,0.0,35.0,0.0
query_0008,R00182,1,0.1748,0.0,0.0278,0.0,0.0,4.0,19.0,0.2105,0.2667,0.0,0.0,3.0,0.6528,0.0,373.609,8.891,75.825,4.197,5.617,1.0,1.0,0.0,0.0,0.0,0.0,0.0,0.0,0.0,25.0,0.0
query_0008,R00864,1,0.1743,0.0,0.027,0.0,0.0,5.0,26.0,0.1923,0.2105,0.0,0.0,5.0,1.0663,0.0,166.841,6.114,11.649,11.045,1.809,1.0,0.0,0.0,0.0,0.0,0.0,0.0,0.0,0.0,35.0,0.0
query_0008,R00531,1,0.17,0.0,0.0263,0.0,0.0,5.0,24.0,0.2083,0.2903,0.0,0.0,5.0,1.2575,0.0,71.257,0.349,2.192,7.153,0.875,1.0,0.0,0.0,0.0,0.0,0.0,0.0,0.0,0.0,135.0,0.0
query_0008,R02136,2,0.1665,0.7678,0.0256,1.0,1.0,5.0,25.0,0.2,0.2727,0.0,0.0,5.0,1.0312,0.0,184.42,2.29,14.937,13.815,2.983,1.0,0.0,0.0,0.0,0.0,0.0,0.0,0.0,0.0,60.0,0.0
query_0008,R06682,1,0.1639,0.0,0.025,0.0,0.0,3.0,20.0,0.15,0.2083,0.0,0.0,3.0,1.1068,0.0,146.624,7.364,9.996,9.041,0.827,1.0,1.0,0.0,0.0,0.0,0.0,0.0,0.0,0.0,545.0,0.0
query_0009,R07056,2,0.3175,0.0,1.0,0.0,0.0,3.0,4.0,0.75,0.8,0.0,0.0,2.0,0.06,0.0,319.989,4.9,52.727,9.281,0.782,1.0,1.0,0.0,0.0,0.0,0.0,0.0,0.0,0.0,30.0,0.0
query_0009,R01474,3,0.2903,0.7852,0.5,1.0,1.0,3.0,4.0,0.75,0.8,0.0,0.0,2.0,0.06,0.0,319.989,4.9,52.727,9.281,0.782,1.0,1.0,0.0,0.0,0.0,0.0,0.0,0.0,0.0,30.0,0.0
query_0009,R02619,1,0.196,0.0,0.25,0.0,0.0,1.0,6.0,0.1667,0.125,0.0,0.0,1.0,0.208,0.0,245.987,7.934,8.084,21.929,4.689,1.0,1.0,0.0,0.0,0.0,0.0,0.0,0.0,0.0,30.0,0.0
query_0009,R09448,1,0.1744,0.0,0.1667,0.0,0.0,2.0,10.0,0.2,0.2857,0.0,0.0,1.0,0.4304,0.0,134.824,2.048,32.834,1.335,3.83,1.0,1.0,0.0,0.0,0.0,0.0,0.0,0.0,0.0,20.0,0.0
query_0009,R00345,1,0.1717,0.0,0.1429,0.0,0.0,2.0,8.0,0.25,0.3333,0.0,0.0,1.0,0.127,0.0,286.491,4.061,53.608,5.665,1.625,1.0,1.0,0.0,0.0,0.0,0.0,0.0,0.0,0.0,70.0,0.0
query_0009,R01194,2,0.1691,0.7213,0.125,0.0769,1.0,3.0,12.0,0.25,0.2632,0.0,0.0,2.0,0.0396,0.0,330.186,7.329,72.655,1.085,3.806,1.0,1.0,0.0,0.0,0.0,0.0,0.0,0.0,0.0,65.0,0.0
query_0009,R00939,1,0.1645,0.0,0.1111,0.0,0.0,1.0,11.0,0.0909,0.0667,0.0,0.0,1.0,0.3256,0.0,187.2,9.378,20.711,8.069,0.832,1.0,1.0,0.0,0.0,0.0,0.0,0.0,0.0,0.0,45.0,0.0
query_0009,R01852,1,0.151,0.0,0.0909,0.0,0.0,1.0,7.0,0.1429,0.25,0.0,0.0,0.0,0.0,0.0,0.0,0.0,0.0,0.0,0.0,1.0,1.0,0.0,0.0,0.0,0.0,0.0,0.0,0.0,10.0,0.0
query_0009,R03140,1,0.1509,0.0,0.0833,0.0,0.0,2.0,11.0,0.1818,0.2105,0.0,0.0,1.0,0.6364,0.0,31.816,0.814,4.392,1.468,0.759,1.0,1.0,0.0,0.0,0.0,0.0,0.0,0.0,0.0,25.0,0.0
query_0009,R01023,1,0.1505,0.0,0.0769,0.0,0.0,1.0,12.0,0.0833,0.0667,0.0,0.0,0.0,0.5936,0.0,53.209,1.103,6.306,3.071,1.266,1.0,1.0,0.0,0.0,0.0,0.0,0.0,0.0,0.0,40.0,0.0
query_0009,R00314,1,0.1498,0.0,0.0714,0.0,0.0,2.0,9.0,0.2222,0.2667,0.0,0.0,1.0,0.3397,0.0,180.125,3.587,39.322,1.056,2.524,1.0,1.0,0.0,0.0,0.0,0.0,0.0,0.0,0.0,175.0,0.0
query_0009,R03474,0,0.1484,0.0,0.0667,0.0,0.0,1.0,13.0,0.0769,0.0667,0.0,0.0,0.0,0.5934,0.0,53.277,0.608,2.162,5.006,1.11,1.0,1.0,0.0,0.0,0.0,0.0,0.0,0.0,0.0,35.0,0.0
query_0009,R07116,0,0.1477,0.0,0.0625,0.0,0.0,1.0,22.0,0.0455,0.1034,0.0,0.0,1.0,0.5416,0.0,79.187,1.823,10.898,3.913,2.201,1.0,1.0,0.0,0.0,0.0,0.0,0.0,0.0,0.0,30.0,0.0
query_0009,R03015,0,0.1434,0.0,0.0588,0.0,0.0,2.0,16.0,0.125,0.0833,0.0,0.0,1.0,0.6017,0.0,49.161,2.036,10.876,0.376,2.445,1.0,1.0,0.0,0.0,0.0,0.0,0.0,0.0,0.0,35.0,0.0
query_0009,R00114,0,0.1432,0.0,0.0556,0.0,0.0,1.0,13.0,0.0769,0.0625,0.0,0.0,0.0,0.5155,0.0,92.27,1.028,4.434,8.445,2.18,1.0,1.0,0.0,0.0,0.0,0.0,0.0,0.0,0.0,380.0,0.0
query_0009,R02406,0,0.1402,0.0,0.0526,0.0,0.0,1.0,12.0,0.0833,0.0667,0.0,0.0,0.0,0.3941,0.0,152.957,6.83,19.576,5.86,5.397,1.0,1.0,0.0,0.0,0.0,0.0,0.0,0.0,0.0,45.0,0.0
query_0009,R02393,0,0.1392,0.0,0.05,0.0,0.0,2.0,15.0,0.1333,0.1818,0.0,0.0,1.0,0.2488,0.0,225.578,4.081,42.815,3.935,1.458,1.0,1.0,0.0,0.0,0.0,0.0,0.0,0.0,0.0,50.0,0.0
query_0009,R04684,0,0.1378,0.0,0.0476,0.0,0.0,3.0,17.0,0.1765,0.1818,0.0,0.0,1.0,0.4563,0.0,121.874,1.764,15.602,6.944,2.627,1.0,1.0,0.0,0.0,0.0,0.0,0.0,0.0,0.0,45.0,0.0
query_0009,R05615,0,0.1271,0.0,0.0417,0.0,0.0,1.0,19.0,0.0526,0.0417,0.0,0.0,0.0,0.0205,0.0,339.762,6.192,47.14,15.933,7.492,1.0,1.0,0.0,0.0,0.0,0.0,0.0,0.0,0.0,40.0,0.0
query_0009,R03670,1,0.1243,0.0,0.04,0.0,0.0,3.0,15.0,0.2,0.2174,0.0,0.0,2.0,0.1496,0.0,275.178,5.466,54.657,4.15,2.425,1.0,1.0,0.0,0.0,0.0,0.0,0.0,0.0,0.0,75.0,0.0
query_0009,R01038,0,0.1241,0.0,0.0385,0.0,0.0,2.0,12.0,0.1667,0.1538,0.0,0.0,1.0,0.696,0.0,2.006,0.043,0.433,0.014,0.03,1.0,1.0,0.0,0.0,0.0,0.0,0.0,0.0,0.0,100.0,0.0
query_0009,R06779,0,0.1198,0.0,0.037,0.0,0.0,2.0,20.0,0.1,0.1471,0.0,0.0,1.0,0.2858,0.0,207.109,7.794,45.924,1.497,7.298,1.0,1.0,0.0,0.0,0.0,0.0,0.0,0.0,0.0,45.0,0.0
query_0009,R10231,0,0.1166,0.0,0.0357,0.0,0.0,1.0,16.0,0.0625,0.0455,0.0,0.0,0.0,0.1839,0.0,258.075,16.971,46.479,5.115,18.056,1.0,1.0,0.0,0.0,0.0,0.0,0.0,0.0,0.0,45.0,0.0
query_0009,R04034,0,0.1045,0.0,0.0333,0.0,0.0,1.0,14.0,0.0714,0.0526,0.0,0.0,0.0,0.2703,0.0,214.845,8.338,12.95,15.636,3.591,1.0,1.0,0.0,0.0,0.0,0.0,0.0,0.0,0.0,100.0,0.0
query_0009,R08021,0,0.0905,0.0,0.0323,0.0,0.0,1.0,24.0,0.0417,0.037,0.0,0.0,0.0,0.1149,0.0,292.574,11.302,3.421,26.215,0.431,1.0,1.0,0.0,0.0,0.0,0.0,0.0,0.0,0.0,55.0,0.0
query_0009,R03097,1,0.0831,0.0,0.0312,0.0,0.0,2.0,6.0,0.3333,0.25,0.0,0.0,1.0,0.6939,0.0,3.049,0.217,0.551,0.06,0.232,1.0,1.0,0.0,0.0,0.0,0.0,0.0,0.0,0.0,390.0,0.0
query_0009,R02357,2,0.0733,0.7072,0.0278,0.0256,1.0,2.0,7.0,0.2857,0.1818,0.0,0.0,1.0,0.1459,0.0,277.036,0.165,23.23,20.829,0.025,1.0,1.0,0.0,0.0,0.0,0.0,0.0,0.0,0.0,30.0,0.0
query_0009,R08839,1,0.0703,0.0,0.027,0.0,0.0,1.0,4.0,0.25,0.2,0.0,0.0,0.0,0.311,0.0,194.5,8.445,33.135,3.45,5.3,1.0,1.0,0.0,0.0,0.0,0.0,0.0,0.0,0.0,40.0,0.0
query_0009,R09467,0,0.0691,0.0,0.0263,0.0,0.0,1.0,8.0,0.125,0.2308,0.0,0.0,1.0,0.6943,0.0,2.874,0.137,0.448,0.154,0.259,1.0,1.0,0.0,0.0,0.0,0.0,0.0,0.0,0.0,10.0,0.0
query_0009,R03130,2,0.0684,0.7252,0.0256,0.0909,1.0,1.0,9.0,0.1111,0.0909,0.0,0.0,0.0,0.6809,0.0,9.53,0.106,0.404,0.872,0.052,1.0,1.0,0.0,0.0,0.0,0.0,0.0,0.0,0.0,40.0,0.0
query_0009,R05612,1,0.0674,0.0,0.025,0.0,0.0,2.0,9.0,0.2222,0.2308,0.0,0.0,2.0,0.569,0.0,65.485,1.004,13.447,0.703,0.429,1.0,1.0,0.0,0.0,0.0,0.0,0.0,0.0,0.0,70.0,0.0
query_0009,R07110,2,0.0,0.7444,0.0,0.5,0.0,3.0,14.0,0.2143,0.2222,0.0,0.0,2.0,0.2296,0.0,464.783,6.208,63.31,20.222,1.318,1.0,1.0,0.0,0.0,0.0,0.0,0.0,0.0,0.0,20.0,0.0
query_0009,R11111,2,0.0,0.7285,0.0,0.1667,0.0,2.0,26.0,0.0769,0.0857,0.0,0.0,1.0,0.5439,0.0,78.049,2.828,11.431,3.614,3.729,1.0,1.0,0.0,0.0,0.0,0.0,0.0,0.0,0.0,80.0,0.0
query_0009,R01380,2,0.0,0.7277,0.0,0.1429,0.0,1.0,9.0,0.1111,0.1429,0.0,0.0,0.0,0.3467,0.0,176.638,3.96,33.163,3.743,3.571,1.0,1.0,0.0,0.0,0.0,0.0,0.0,0.0,0.0,70.0,0.0
query_0009,R00185,2,0.0,0.7276,0.0,0.125,0.0,1.0,17.0,0.0588,0.0741,0.0,0.0,0.0,0.5473,0.0,76.342,1.339,5.192,6.181,2.032,1.0,1.0,0.0,0.0,0.0,0.0,0.0,0.0,0.0,60.0,0.0
query_0009,R02373,2,0.0,0.7197,0.0,0.0714,0.0,1.0,15.0,0.0667,0.1667,0.0,0.0,1.0,0.322,0.0,188.981,9.195,30.668,4.431,7.363,1.0,1.0,0.0,0.0,0.0,0.0,0.0,0.0,0.0,40.0,0.0
query_0009,R00717,2,0.0,0.7192,0.0,0.0667,0.0,1.0,11.0,0.0909,0.1765,0.0,0.0,0.0,0.1202,0.0,289.911,12.188,38.126,11.367,7.705,1.0,1.0,0.0,0.0,0.0,0.0,0.0,0.0,0.0,40.0,0.0
query_0009,R12269,2,0.0,0.7179,0.0,0.0625,0.0,0.0,10.0,0.0,0.0,0.0,0.0,0.0,0.5978,0.0,51.077,1.134,4.322,3.734,1.123,1.0,1.0,0.0,0.0,0.0,0.0,0.0,0.0,0.0,45.0,0.0
query_0009,R00134,2,0.0,0.7159,0.0,0.0588,0.0,2.0,17.0,0.1176,0.1667,0.0,0.0,1.0,0.4976,0.0,101.21,2.723,8.794,6.982,2.668,1.0,1.0,0.0,0.0,0.0,0.0,0.0,0.0,0.0,50.0,0.0
query_0009,R06005,2,0.0,0.7135,0.0,0.05,0.0,1.0,15.0,0.0667,0.0952,0.0,0.0,0.0,0.6486,0.0,25.675,0.475,5.435,0.524,0.369,1.0,1.0,0.0,0.0,0.0,0.0,0.0,0.0,0.0,20.0,0.0
query_0010,R05907,1,0.3039,0.0,0.5,0.0,0.0,3.0,8.0,0.375,0.3636,0.0,0.0,3.0,0.2541,0.0,222.949,13.592,7.833,15.371,1.296,1.0,0.0,0.0,0.0,0.0,0.0,0.0,0.0,0.0,25.0,0.0
query_0010,R01742,2,0.3017,0.0,0.3333,0.0,0.0,4.0,8.0,0.5,0.5455,0.0,0.0,4.0,0.5324,0.0,83.817,4.633,3.131,5.916,0.67,1.0,0.0,0.0,0.0,0.0,0.0,0.0,0.0,0.0,30.0,0.0
query_0010,R01554,1,0.3004,0.0,0.25,0.0,0.0,3.0,8.0,0.375,0.4167,0.0,0.0,3.0,0.3839,0.0,158.06,6.939,5.319,12.302,0.908,1.0,1.0,0.0,0.0,0.0,0.0,0.0,0.0,0.0,30.0,0.0
query_0010,R12208,2,0.2937,0.0,0.2,0.0,0.0,4.0,10.0,0.4,0.4615,0.0,0.0,4.0,0.3388,0.0,180.619,7.79,10.428,12.456,2.164,1.0,1.0,0.0,0.0,0.0,0.0,0.0,0.0,0.0,25.0,0.0
query_0010,R05886,1,0.281,0.0,0.1667,0.0,0.0,3.0,8.0,0.375,0.4545,0.0,0.0,3.0,0.2932,0.0,203.395,7.189,3.369,18.235,1.093,1.0,0.0,0.0,0.0,0.0,0.0,0.0,0.0,0.0,20.0,0.0
query_0010,R03190,1,0.2586,0.0,0.1429,0.0,0.0,3.0,10.0,0.3,0.3077,0.0,0.0,3.0,0.0495,0.0,325.239,14.314,12.579,24.696,2.354,1.0,1.0,0.0,0.0,0.0,0.0,0.0,0.0,0.0,20.0,0.0
query_0010,R01298,1,0.2533,0.0,0.125,0.0,0.0,3.0,8.0,0.375,0.4615,0.0,0.0,3.0,0.2094,0.0,245.285,11.664,17.029,15.136,3.123,1.0,0.0,0.0,0.0,0.0,0.0,0.0,0.0,0.0,20.0,0.0
query_0010,R02547,1,0.2527,0.0,0.1111,0.0,0.0,3.0,9.0,0.3333,0.3077,0.0,0.0,3.0,0.2598,0.0,220.089,10.909,8.398,16.129,1.272,1.0,0.0,0.0,0.0,0.0,0.0,0.0,0.0,0.0,30.0,0.0
query_0010,R02952,1,0.2482,0.0,0.1,0.0,0.0,3.0,9.0,0.3333,0.3571,0.0,0.0,3.0,0.5155,0.0,92.241,3.975,5.764,6.206,0.984,1.0,0.0,0.0,0.0,0.0,0.0,0.0,0.0,0.0,20.0,0.0
query_0010,R02079,1,0.2477,0.0,0.0909,0.0,0.0,3.0,10.0,0.3,0.3125,0.0,0.0,3.0,0.5209,0.0,89.543,2.654,13.642,3.742,3.638,1.0,1.0,0.0,0.0,0.0,0.0,0.0,0.0,0.0,50.0,0.0
query_0010,R07381,1,0.2443,0.0,0.0769,0.0,0.0,3.0,10.0,0.3,0.4286,0.0,0.0,3.0,0.5412,0.0,79.409,3.513,2.712,6.164,0.492,1.0,0.0,0.0,0.0,0.0,0.0,0.0,0.0,0.0,45.0,0.0
query_0010,R01846,1,0.2441,0.0,0.0714,0.0,0.0,4.0,15.0,0.2667,0.2917,0.0,0.0,4.0,0.3965,0.0,151.728,8.137,11.752,8.686,2.615,1.0,0.0,0.0,0.0,0.0,0.0,0.0,0.0,0.0,70.0,0.0
query_0010,R08638,1,0.241,0.0,0.0667,0.0,0.0,3.0,9.0,0.3333,0.375,0.0,0.0,3.0,0.1741,0.0,262.953,16.661,26.236,11.354,5.219,1.0,0.0,0.0,0.0,0.0,0.0,0.0,0.0,0.0,65.0,0.0
query_0010,R01006,1,0.2405,0.0,0.0625,0.0,0.0,4.0,19.0,0.2105,0.2069,0.0,0.0,4.0,0.4416,0.0,129.179,2.144,10.768,9.866,3.996,1.0,0.0,0.0,0.0,0.0,0.0,0.0,0.0,0.0,50.0,0.0
query_0010,R12620,1,0.2369,0.0,0.0588,0.0,0.0,3.0,8.0,0.375,0.4615,0.0,0.0,3.0,0.2513,0.0,475.647,15.084,41.781,28.146,4.276,1.0,0.0,0.0,0.0,0.0,0.0,0.0,0.0,0.0,40.0,0.0
query_0010,R02425,1,0.235,0.0,0.0556,0.0,0.0,3.0,15.0,0.2,0.2353,0.0,0.0,3.0,0.4732,0.0,113.411,5.551,6.043,7.654,1.238,1.0,0.0,0.0,0.0,0.0,0.0,0.0,0.0,0.0,50.0,0.0
query_0010,R07425,1,0.229,0.0,0.0526,0.0,0.0,3.0,13.0,0.2308,0.2,0.0,0.0,3.0,0.4137,0.0,143.14,7.629,7.877,9.384,1.869,1.0,0.0,0.0,0.0,0.0,0.0,0.0,0.0,0.0,25.0,0.0
query_0010,R04265,1,0.2226,0.0,0.05,0.0,0.0,2.0,9.0,0.2222,0.2308,0.0,0.0,2.0,0.2582,0.0,220.915,7.607,9.163,18.115,1.956,1.0,1.0,0.0,0.0,0.0,0.0,0.0,0.0,0.0,40.0,0.0
query_0010,R01503,1,0.2197,0.0,0.0476,0.0,0.0,3.0,10.0,0.3,0.3571,0.0,0.0,3.0,0.1824,0.0,258.796,6.923,58.89,0.34,5.787,1.0,0.0,0.0,0.0,0.0,0.0,0.0,0.0,0.0,45.0,0.0
query_0010,R11520,1,0.2138,0.0,0.0455,0.0,0.0,4.0,25.0,0.16,0.1935,0.0,0.0,4.0,0.3096,0.0,195.208,6.306,18.612,11.969,4.839,1.0,0.0,0.0,0.0,0.0,0.0,0.0,0.0,0.0,60.0,0.0
query_0010,R06942,1,0.209,0.0,0.0435,0.0,0.0,3.0,9.0,0.3333,0.4167,0.0,0.0,3.0,0.6605,0.0,19.752,0.67,4.688,0.098,1.091,1.0,1.0,0.0,0.0,0.0,0.0,0.0,0.0,0.0,545.0,0.0
query_0010,R05935,2,0.2081,0.7015,0.0417,0.0312,1.0,3.0,10.0,0.3,0.3125,0.0,0.0,3.0,0.498,0.0,100.981,5.021,3.137,7.601,0.558,1.0,0.0,0.0,0.0,0.0,0.0,0.0,0.0,0.0,35.0,0.0
query_0010,R00897,1,0.208,0.0,0.04,0.0,0.0,3.0,16.0,0.1875,0.1905,0.0,0.0,2.0,0.4386,0.0,130.723,3.398,19.817,5.401,2.291,1.0,1.0,0.0,0.0,0.0,0.0,0.0,0.0,0.0,30.0,0.0
query_0010,R11830,2,0.2025,0.7,0.0385,0.0263,1.0,3.0,12.0,0.25,0.2857,0.0,0.0,3.0,0.3047,0.0,197.647,8.118,14.1,12.655,3.203,1.0,0.0,0.0,0.0,0.0,0.0,0.0,0.0,0.0,35.0,0.0
query_0010,R07801,1,0.2019,0.0,0.037,0.0,0.0,4.0,20.0,0.2,0.2353,0.0,0.0,4.0,0.2498,0.0,225.103,4.157,18.935,17.009,4.087,1.0,0.0,0.0,0.0,0.0,0.0,0.0,0.0,0.0,65.0,0.0
query_0010,R03518,1,0.2012,0.0,0.0357,0.0,0.0,4.0,22.0,0.1818,0.2353,0.0,0.0,4.0,0.284,0.0,207.978,3.564,14.736,17.07,4.114,1.0,0.0,0.0,0.0,0.0,0.0,0.0,0.0,0.0,60.0,0.0
query_0010,R00311,1,0.2012,0.0,0.0345,0.0,0.0,3.0,12.0,0.25,0.2778,0.0,0.0,3.0,0.2884,0.0,205.824,9.352,18.185,10.298,0.771,1.0,0.0,0.0,0.0,0.0,0.0,0.0,0.0,0.0,30.0,0.0
query_0010,R00755,1,0.1985,0.0,0.0333,0.0,0.0,3.0,14.0,0.2143,0.2727,0.0,0.0,3.0,0.0072,0.0,353.597,8.977,66.552,8.249,9.223,1.0,1.0,0.0,0.0,0.0,0.0,0.0,0.0,0.0,35.0,0.0
query_0010,R09848,1,0.1963,0.0,0.0323,0.0,0.0,3.0,19.0,0.1579,0.1852,0.0,0.0,3.0,0.3555,0.0,172.273,20.114,13.349,4.742,2.93,1.0,0.0,0.0,0.0,0.0,0.0,0.0,0.0,0.0,70.0,0.0
query_0010,R08116,1,0.1956,0.0,0.0312,0.0,0.0,2.0,12.0,0.1667,0.1875,0.0,0.0,2.0,0.0442,0.0,327.901,11.319,14.709,25.767,3.712,1.0,0.0,0.0,0.0,0.0,0.0,0.0,0.0,0.0,45.0,0.0
query_0010,R01659,1,0.1955,0.0,0.0303,0.0,0.0,3.0,12.0,0.25,0.2778,0.0,0.0,3.0,0.3387,0.0,180.663,10.726,8.521,11.876,1.572,1.0,0.0,0.0,0.0,0.0,0.0,0.0,0.0,0.0,30.0,0.0
query_0010,R07137,1,0.1943,0.0,0.0294,0.0,0.0,3.0,12.0,0.25,0.3333,0.0,0.0,3.0,0.3364,0.0,181.778,8.22,12.186,11.761,2.354,1.0,0.0,0.0,0.0,0.0,0.0,0.0,0.0,0.0,20.0,0.0
query_0010,R00083,1,0.1925,0.0,0.0286,0.0,0.0,3.0,20.0,0.15,0.2,0.0,0.0,2.0,0.3794,0.0,160.311,7.036,16.434,8.312,3.224,1.0,1.0,0.0,0.0,0.0,0.0,0.0,0.0,0.0,65.0,0.0
query_0010,R05472,1,0.1919,0.0,0.0278,0.0,0.0,3.0,16.0,0.1875,0.3889,0.0,0.0,3.0,0.2347,0.0,467.344,8.529,6.171,46.251,0.729,1.0,0.0,0.0,0.0,0.0,0.0,0.0,0.0,0.0,100.0,0.0
query_0010,R03789,1,0.1891,0.0,0.027,0.0,0.0,2.0,12.0,0.1667,0.1875,0.0,0.0,2.0,0.2519,0.0,475.941,13.881,73.8,15.391,6.851,1.0,1.0,0.0,0.0,0.0,0.0,0.0,0.0,0.0,55.0,0.0
query_0010,R00406,2,0.1847,0.7002,0.0263,0.0278,1.0,2.0,6.0,0.3333,0.375,0.0,0.0,2.0,0.3045,0.0,197.75,14.488,11.095,10.851,2.16,1.0,0.0,0.0,0.0,0.0,0.0,0.0,0.0,0.0,15.0,0.0
query_0010,R01611,1,0.1838,0.0,0.0256,0.0,0.0,3.0,12.0,0.25,0.25,0.0,0.0,2.0,0.632,0.0,34.011,1.341,2.345,2.284,0.545,1.0,0.0,0.0,0.0,0.0,0.0,0.0,0.0,0.0,40.0,0.0
query_0010,R01057,1,0.1797,0.0,0.025,0.0,0.0,4.0,25.0,0.16,0.28,0.0,0.0,4.0,0.3827,0.0,158.637,9.17,18.919,6.018,4.136,1.0,0.0,0.0,0.0,0.0,0.0,0.0,0.0,0.0,75.0,0.0
query_0010,R04143,2,0.0,0.728,0.0,1.0,0.0,2.0,7.0,0.2857,0.2222,0.0,0.0,1.0,0.4723,0.0,113.854,0.791,5.3,10.372,1.017,1.0,0.0,1.0,0.0,0.0,0.0,0.0,0.0,0.0,25.0,0.0
query_0010,R07789,2,0.0,0.725,0.0,0.5,0.0,2.0,15.0,0.1333,0.125,0.0,0.0,2.0,0.4972,0.0,101.422,2.302,13.229,5.249,2.729,1.0,1.0,0.0,0.0,0.0,0.0,0.0,0.0,0.0,30.0,0.0
query_0011,R02896,1,0.1929,0.0,1.0,0.0,0.0,0.0,4.0,0.0,0.0,0.0,0.0,0.0,0.0,0.9893,11.157,0.214,2.375,0.119,0.226,1.0,1.0,0.0,0.0,0.0,0.0,0.0,0.0,0.0,30.0,0.0
query_0011,R05368,1,0.1867,0.0,0.5,0.0,0.0,0.0,1.0,0.0,0.0,0.0,0.0,0.0,0.0,0.0,0.0,0.0,0.0,0.0,0.0,1.0,1.0,0.0,0.0,0.0,0.0,0.0,0.0,0.0,850.0,0.0
query_0011,R00011,1,0.1851,0.0,0.3333,0.0,0.0,0.0,10.0,0.0,0.0,0.0,0.0,0.0,0.0,0.9198,48.268,1.603,8.262,1.589,2.272,1.0,1.0,0.0,0.0,0.0,0.0,0.0,0.0,0.0,120.0,0.0
query_0011,R04095,1,0.1702,0.0,0.25,0.0,0.0,0.0,9.0,0.0,0.0,0.0,0.0,0.0,0.0,0.7069,235.561,5.862,18.404,15.998,2.846,1.0,1.0,0.0,0.0,0.0,0.0,0.0,0.0,0.0,50.0,0.0
query_0011,R06125,1,0.1588,0.0,0.2,0.0,0.0,0.0,4.0,0.0,0.0,0.0,0.0,0.0,0.0,0.7317,274.695,5.366,60.17,0.497,0.73,1.0,1.0,0.0,0.0,0.0,0.0,0.0,0.0,0.0,20.0,0.0
query_0011,R05975,1,0.155,0.0,0.1667,0.0,0.0,0.0,8.0,0.0,0.0,0.0,0.0,0.0,0.0,0.7038,126.059,5.923,11.499,7.231,2.822,1.0,1.0,0.0,0.0,0.0,0.0,0.0,0.0,0.0,30.0,0.0
query_0011,R01552,1,0.1546,0.0,0.1429,0.0,0.0,0.0,2.0,0.0,0.0,0.0,0.0,0.0,0.0,0.9743,7.339,0.513,0.699,0.285,0.001,1.0,1.0,0.0,0.0,0.0,0.0,0.0,0.0,0.0,70.0,0.0
query_0011,R06193,1,0.1524,0.0,0.125,0.0,0.0,0.0,5.0,0.0,0.0,0.0,0.0,0.0,0.0,0.993,14.962,0.141,0.644,1.415,0.38,1.0,1.0,0.0,0.0,0.0,0.0,0.0,0.0,0.0,45.0,0.0
query_0011,R03453,0,0.1483,0.0,0.1111,0.0,0.0,0.0,6.0,0.0,0.0,0.0,0.0,0.0,0.0,0.6165,162.425,7.669,19.253,6.552,0.75,1.0,1.0,0.0,0.0,0.0,0.0,0.0,0.0,0.0,25.0,0.0
query_0011,R06129,2,0.1471,0.7633,0.1,0.1111,1.0,0.0,6.0,0.0,0.0,0.0,0.0,0.0,0.0,0.9069,114.568,1.863,25.083,0.445,0.751,1.0,1.0,0.0,0.0,0.0,0.0,0.0,0.0,0.0,30.0,0.0
query_0011,R03543,2,0.1425,0.7813,0.0909,0.3333,1.0,0.0,9.0,0.0,0.0,0.0,0.0,0.0,0.0,0.693,138.018,6.14,23.803,2.382,2.979,1.0,1.0,0.0,0.0,0.0,0.0,0.0,0.0,0.0,35.0,0.0
query_0011,R07167,0,0.1424,0.0,0.0833,0.0,0.0,0.0,4.0,0.0,0.0,0.0,0.0,0.0,0.0,0.9979,0.614,0.042,0.111,0.002,0.029,1.0,1.0,0.0,0.0,0.0,0.0,0.0,0.0,0.0,480.0,0.0
query_0011,R11445,2,0.1411,0.8109,0.0769,1.0,1.0,0.0,9.0,0.0,0.0,0.0,0.0,0.0,0.0,0.8874,29.818,2.251,2.378,1.714,1.403,1.0,1.0,0.0,0.0,0.0,0.0,0.0,0.0,0.0,60.0,0.0
query_0011,R07849,0,0.1398,0.0,0.0714,0.0,0.0,0.0,7.0,0.0,0.0,0.0,0.0,0.0,0.0,0.5446,459.57,9.108,94.937,3.664,1.763,1.0,1.0,0.0,0.0,0.0,0.0,0.0,0.0,0.0,55.0,0.0
query_0011,R04197,0,0.1391,0.0,0.0667,0.0,0.0,0.0,6.0,0.0,0.0,0.0,0.0,0.0,0.0,0.9527,20.0,0.946,4.702,0.109,0.725,1.0,1.0,0.0,0.0,0.0,0.0,0.0,0.0,0.0,25.0,0.0
query_0011,R09605,2,0.1364,0.7767,0.0625,0.25,1.0,0.0,7.0,0.0,0.0,0.0,0.0,0.0,0.0,0.9892,3.049,0.217,0.551,0.06,0.232,1.0,1.0,0.0,0.0,0.0,0.0,0.0,0.0,0.0,500.0,0.0
query_0011,R00565,0,0.1362,0.0,0.0588,0.0,0.0,0.0,7.0,0.0,0.0,0.0,0.0,0.0,0.0,0.5634,247.998,8.733,12.592,18.672,0.555,1.0,1.0,0.0,0.0,0.0,0.0,0.0,0.0,0.0,65.0,0.0
query_0011,R01418,2,0.1358,0.7725,0.0556,0.1429,1.0,0.0,6.0,0.0,0.0,0.0,0.0,0.0,0.0,0.9999,0.012,0.001,0.002,0.0,0.001,1.0,1.0,0.0,0.0,0.0,0.0,0.0,0.0,0.0,480.0,0.0
query_0011,R02538,0,0.1335,0.0,0.0526,0.0,0.0,0.0,6.0,0.0,0.0,0.0,0.0,0.0,0.0,0.9507,33.172,0.987,7.766,0.14,1.593,1.0,1.0,0.0,0.0,0.0,0.0,0.0,0.0,0.0,50.0,0.0
query_0011,R06865,2,0.1335,0.7349,0.05,0.0476,1.0,0.0,10.0,0.0,0.0,0.0,0.0,0.0,0.0,0.9384,65.537,1.231,8.028,3.638,1.507,1.0,1.0,0.0,0.0,0.0,0.0,0.0,0.0,0.0,50.0,0.0
query_0011,R01939,2,0.1332,0.7761,0.0476,0.2,1.0,0.0,8.0,0.0,0.0,0.0,0.0,0.0,0.0,0.9964,1.016,0.072,0.184,0.02,0.077,1.0,1.0,0.0,0.0,0.0,0.0,0.0,0.0,0.0,405.0,0.0
query_0011,R09271,0,0.133,0.0,0.0455,0.0,0.0,0.0,6.0,0.0,0.0,0.0,0.0,0.0,0.0,0.3368,192.791,13.264,34.792,0.689,9.145,1.0,1.0,0.0,0.0,0.0,0.0,0.0,0.0,0.0,415.0,0.0
query_0011,R02895,0,0.1326,0.0,0.0435,0.0,0.0,0.0,9.0,0.0,0.0,0.0,0.0,0.0,0.0,0.6842,253.083,6.315,5.772,23.929,2.555,1.0,1.0,0.0,0.0,0.0,0.0,0.0,0.0,0.0,15.0,0.0
query_0011,R04096,0,0.1321,0.0,0.0417,0.0,0.0,0.0,12.0,0.0,0.0,0.0,0.0,0.0,0.0,0.9859,7.54,0.282,1.393,0.36,0.867,1.0,1.0,0.0,0.0,0.0,0.0,0.0,0.0,0.0,10.0,0.0
query_0011,R03296,0,0.1315,0.0,0.04,0.0,0.0,0.0,11.0,0.0,0.0,0.0,0.0,0.0,0.0,0.937,62.343,1.259,6.856,3.873,1.915,1.0,1.0,0.0,0.0,0.0,0.0,0.0,0.0,0.0,50.0,0.0
query_0011,R04604,0,0.1313,0.0,0.0385,0.0,0.0,0.0,7.0,0.0,0.0,0.0,0.0,0.0,0.0,0.9907,4.87,0.186,0.707,0.187,0.227,1.0,1.0,0.0,0.0,0.0,0.0,0.0,0.0,0.0,35.0,0.0
query_0011,R04195,2,0.1304,0.7871,0.037,0.5,1.0,0.0,10.0,0.0,0.0,0.0,0.0,0.0,0.0,0.7479,226.439,5.043,17.127,16.198,3.385,1.0,1.0,0.0,0.0,0.0,0.0,0.0,0.0,0.0,75.0,0.0
query_0011,R02358,0,0.1303,0.0,0.0357,0.0,0.0,0.0,5.0,0.0,0.0,0.0,0.0,0.0,0.0,0.9783,6.098,0.434,1.102,0.121,0.465,1.0,1.0,0.0,0.0,0.0,0.0,0.0,0.0,0.0,500.0,0.0
query_0011,R00134,0,0.1302,0.0,0.0345,0.0,0.0,0.0,17.0,0.0,0.0,0.0,0.0,0.0,0.0,0.8639,101.21,2.723,8.794,6.982,2.668,1.0,1.0,0.0,0.0,0.0,0.0,0.0,0.0,0.0,50.0,0.0
query_0011,R01886,0,0.1299,0.0,0.0333,0.0,0.0,0.0,9.0,0.0,0.0,0.0,0.0,0.0,0.0,0.9576,32.191,0.848,4.934,1.343,0.861,1.0,1.0,0.0,0.0,0.0,0.0,0.0,0.0,0.0,50.0,0.0
query_0011,R09491,0,0.1277,0.0,0.0323,0.0,0.0,0.0,9.0,0.0,0.0,0.0,0.0,0.0,0.0,0.5706,141.981,8.589,11.642,6.91,0.143,1.0,1.0,0.0,0.0,0.0,0.0,0.0,0.0,0.0,20.0,0.0
query_0011,R00069,0,0.1265,0.0,0.0312,0.0,0.0,0.0,10.0,0.0,0.0,0.0,0.0,0.0,0.0,0.9516,59.688,0.968,4.057,4.961,1.244,1.0,1.0,0.0,0.0,0.0,0.0,0.0,0.0,0.0,35.0,0.0
query_0011,R02619,0,0.1264,0.0,0.0303,0.0,0.0,0.0,6.0,0.0,0.0,0.0,0.0,0.0,0.0,0.6033,245.987,7.934,8.084,21.929,4.689,1.0,1.0,0.0,0.0,0.0,0.0,0.0,0.0,0.0,30.0,0.0
query_0011,R00422,0,0.1253,0.0,0.0294,0.0,0.0,0.0,7.0,0.0,0.0,0.0,0.0,0.0,0.0,0.6408,336.674,7.185,73.37,0.722,1.502,1.0,1.0,0.0,0.0,0.0,0.0,0.0,0.0,0.0,55.0,0.0
query_0011,R02189,0,0.1235,0.0,0.0286,0.0,0.0,0.0,10.0,0.0,0.0,0.0,0.0,0.0,0.0,0.8841,59.035,2.317,13.587,0.333,2.74,1.0,1.0,0.0,0.0,0.0,0.0,0.0,0.0,0.0,20.0,0.0
query_0011,R12468,0,0.1231,0.0,0.0278,0.0,0.0,0.0,8.0,0.0,0.0,0.0,0.0,0.0,0.0,0.3543,351.956,12.915,67.138,3.015,4.327,1.0,1.0,0.0,0.0,0.0,0.0,0.0,0.0,0.0,50.0,0.0
query_0011,R01621,0,0.1225,0.0,0.027,0.0,0.0,0.0,8.0,0.0,0.0,0.0,0.0,0.0,0.0,0.7619,77.593,4.763,14.331,0.466,3.631,1.0,1.0,0.0,0.0,0.0,0.0,0.0,0.0,0.0,45.0,0.0
query_0011,R03405,0,0.1215,0.0,0.0263,0.0,0.0,0.0,10.0,0.0,0.0,0.0,0.0,0.0,0.0,0.9566,30.564,0.868,3.408,1.819,0.575,1.0,1.0,0.0,0.0,0.0,0.0,0.0,0.0,0.0,40.0,0.0
query_0011,R06372,0,0.121,0.0,0.0256,0.0,0.0,0.0,4.0,0.0,0.0,0.0,0.0,0.0,0.0,0.0,0.0,0.0,0.0,0.0,0.0,1.0,1.0,0.0,0.0,0.0,0.0,0.0,0.0,0.0,480.0,0.0
query_0011,R01542,0,0.121,0.0,0.025,0.0,0.0,0.0,6.0,0.0,0.0,0.0,0.0,0.0,0.0,0.9841,8.41,0.319,2.703,0.087,0.812,1.0,1.0,0.0,0.0,0.0,0.0,0.0,0.0,0.0,10.0,0.0
query_0013,R00483,0,0.1474,0.0,1.0,0.0,0.0,0.0,11.0,0.0,0.0,0.0,0.0,0.0,0.0,0.0,78.122,2.824,7.845,4.224,0.824,1.0,0.0,0.0,0.0,0.0,0.0,0.0,0.0,0.0,25.0,0.0
query_0013,R07595,0,0.1393,0.0,0.5,0.0,0.0,0.0,9.0,0.0,0.0,0.0,0.0,0.0,0.0,0.0,223.469,22.194,5.268,12.425,1.218,1.0,1.0,0.0,0.0,0.0,0.0,0.0,0.0,0.0,25.0,0.0
query_0013,R00434,2,0.1357,0.7323,0.3333,0.0714,1.0,0.0,14.0,0.0,0.0,0.0,0.0,0.0,0.0,0.0,90.109,1.766,7.254,6.95,1.7,1.0,0.0,0.0,0.0,0.0,0.0,0.0,0.0,0.0,55.0,0.0
query_0013,R10735,0,0.1246,0.0,0.25,0.0,0.0,0.0,17.0,0.0,0.0,0.0,0.0,0.0,0.0,0.0,115.177,2.216,13.426,6.883,3.569,1.0,1.0,0.0,0.0,0.0,1.0,0.0,0.0,0.0,50.0,0.0
query_0013,R04950,0,0.1217,0.0,0.2,0.0,0.0,0.0,15.0,0.0,0.0,0.0,0.0,0.0,0.0,0.0,287.716,21.695,6.077,19.733,0.715,1.0,0.0,0.0,0.0,0.0,0.0,0.0,0.0,0.0,40.0,0.0
query_0013,R01864,2,0.1199,0.7949,0.1667,1.0,1.0,0.0,10.0,0.0,0.0,0.0,0.0,0.0,0.0,0.0,254.211,28.154,4.006,13.52,0.31,1.0,0.0,0.0,0.0,0.0,1.0,0.0,0.0,0.0,42.0,0.0
query_0013,R05096,2,0.1155,0.7914,0.1429,0.5,1.0,0.0,10.0,0.0,0.0,0.0,0.0,0.0,0.0,0.0,253.36,28.154,4.006,13.427,0.31,1.0,0.0,0.0,0.0,0.0,1.0,0.0,0.0,0.0,42.0,0.0
query_0013,R09586,0,0.1133,0.0,0.125,0.0,0.0,0.0,16.0,0.0,0.0,0.0,0.0,0.0,0.0,0.0,73.399,1.745,8.551,4.266,1.99,1.0,1.0,0.0,0.0,0.0,0.0,0.0,0.0,0.0,70.0,0.0
query_0013,R09796,0,0.1129,0.0,0.1111,0.0,0.0,0.0,12.0,0.0,0.0,0.0,0.0,0.0,0.0,0.0,24.691,0.957,6.126,0.127,1.27,1.0,0.0,0.0,0.0,0.0,0.0,0.0,0.0,0.0,30.0,0.0
query_0013,R08742,2,0.1039,0.7196,0.1,0.0417,1.0,0.0,21.0,0.0,0.0,0.0,0.0,0.0,0.0,0.0,471.332,38.693,10.555,31.411,2.615,1.0,0.0,0.0,0.0,0.0,0.0,0.0,0.0,0.0,60.0,0.0
query_0013,R09848,2,0.1038,0.7349,0.0909,0.0769,1.0,0.0,19.0,0.0,0.0,0.0,0.0,0.0,0.0,0.0,172.273,20.114,13.349,4.742,2.93,1.0,0.0,0.0,0.0,0.0,1.0,0.0,0.0,0.0,70.0,0.0
query_0013,R01147,0,0.1035,0.0,0.0833,0.0,0.0,0.0,14.0,0.0,0.0,0.0,0.0,0.0,0.0,0.0,71.508,1.595,8.445,4.32,2.113,1.0,0.0,0.0,0.0,0.0,0.0,0.0,0.0,0.0,30.0,0.0
query_0013,R00884,0,0.1013,0.0,0.0769,0.0,0.0,0.0,14.0,0.0,0.0,0.0,0.0,0.0,0.0,0.0,307.853,6.004,47.531,10.179,3.632,1.0,1.0,0.0,0.0,0.0,0.0,0.0,0.0,0.0,50.0,0.0
query_0013,R09438,0,0.1008,0.0,0.0714,0.0,0.0,0.0,6.0,0.0,0.0,0.0,0.0,0.0,0.0,0.0,58.573,2.785,13.156,0.504,2.454,1.0,1.0,0.0,0.0,0.0,0.0,0.0,0.0,0.0,50.0,0.0
query_0013,R13243,2,0.1007,0.7499,0.0667,0.1667,1.0,0.0,15.0,0.0,0.0,0.0,0.0,0.0,0.0,0.0,194.961,24.385,17.855,3.677,3.467,1.0,0.0,0.0,0.0,0.0,0.0,0.0,0.0,0.0,70.0,0.0
query_0013,R06991,2,0.1006,0.7641,0.0625,0.25,1.0,0.0,19.0,0.0,0.0,0.0,0.0,0.0,0.0,0.0,118.691,2.321,8.193,9.392,1.972,1.0,1.0,0.0,0.0,0.0,1.0,0.0,0.0,0.0,45.0,0.0
query_0013,R00128,2,0.0984,0.7531,0.0588,0.2,1.0,0.0,13.0,0.0,0.0,0.0,0.0,0.0,0.0,0.0,37.425,1.04,5.954,1.482,1.724,1.0,0.0,0.0,0.0,0.0,0.0,0.0,0.0,0.0,40.0,0.0
query_0013,R07526,2,0.0969,0.7299,0.0556,0.0625,1.0,0.0,16.0,0.0,0.0,0.0,0.0,0.0,0.0,0.0,267.825,28.93,12.668,11.502,3.162,1.0,1.0,0.0,0.0,0.0,0.0,0.0,0.0,0.0,55.0,0.0
query_0013,R10817,2,0.0932,0.7452,0.0526,0.125,1.0,0.0,30.0,0.0,0.0,0.0,0.0,0.0,0.0,0.0,260.469,3.957,18.407,20.961,5.171,1.0,1.0,0.0,0.0,0.0,1.0,0.0,0.0,0.0,180.0,0.0
query_0013,R04972,0,0.0929,0.0,0.05,0.0,0.0,0.0,13.0,0.0,0.0,0.0,0.0,0.0,0.0,0.0,354.571,30.002,18.932,18.191,5.295,1.0,1.0,0.0,0.0,0.0,0.0,0.0,0.0,0.0,50.0,0.0
query_0013,R03552,2,0.0906,0.7645,0.0476,0.3333,1.0,0.0,13.0,0.0,0.0,0.0,0.0,0.0,0.0,0.0,131.145,17.273,6.946,3.808,1.787,1.0,0.0,0.0,0.0,0.0,0.0,0.0,0.0,0.0,40.0,0.0
query_0013,R01262,0,0.0883,0.0,0.0455,0.0,0.0,0.0,14.0,0.0,0.0,0.0,0.0,0.0,0.0,0.0,35.48,1.45,7.853,0.5,2.179,1.0,1.0,0.0,0.0,0.0,0.0,0.0,0.0,0.0,60.0,0.0
query_0013,R02943,2,0.0822,0.7189,0.0435,0.037,1.0,0.0,18.0,0.0,0.0,0.0,0.0,0.0,0.0,0.0,525.142,40.711,21.13,32.805,5.778,1.0,0.0,0.0,0.0,0.0,0.0,0.0,0.0,0.0,40.0,0.0
query_0013,R02524,0,0.082,0.0,0.0417,0.0,0.0,0.0,17.0,0.0,0.0,0.0,0.0,0.0,0.0,0.0,637.316,63.099,32.402,30.271,7.902,1.0,1.0,0.0,0.0,0.0,0.0,0.0,0.0,0.0,40.0,0.0
query_0013,R10643,2,0.0788,0.7138,0.04,0.0263,1.0,0.0,22.0,0.0,0.0,0.0,0.0,0.0,0.0,0.0,498.903,58.27,23.551,19.931,6.971,1.0,0.0,0.0,0.0,0.0,0.0,0.0,0.0,0.0,45.0,0.0
query_0013,R09799,0,0.0785,0.0,0.0385,0.0,0.0,0.0,17.0,0.0,0.0,0.0,0.0,0.0,0.0,0.0,606.943,58.604,27.756,30.27,8.761,1.0,0.0,0.0,0.0,0.0,0.0,0.0,0.0,0.0,60.0,0.0
query_0013,R02136,0,0.0764,0.0,0.037,0.0,0.0,0.0,25.0,0.0,0.0,0.0,0.0,0.0,0.0,0.0,184.42,2.29,14.937,13.815,2.983,1.0,0.0,0.0,0.0,0.0,1.0,0.0,0.0,0.0,60.0,0.0
query_0013,R04204,0,0.0745,0.0,0.0357,0.0,0.0,0.0,18.0,0.0,0.0,0.0,0.0,0.0,0.0,0.0,277.125,28.479,7.669,15.178,3.044,1.0,0.0,0.0,0.0,0.0,0.0,0.0,0.0,0.0,55.0,0.0
query_0013,R11686,0,0.0741,0.0,0.0345,0.0,0.0,0.0,15.0,0.0,0.0,0.0,0.0,0.0,0.0,0.0,236.991,22.588,13.052,11.085,3.643,1.0,1.0,0.0,0.0,0.0,1.0,0.0,0.0,0.0,70.0,0.0
query_0013,R04976,2,0.0729,0.7268,0.0333,0.05,1.0,0.0,16.0,0.0,0.0,0.0,0.0,0.0,0.0,0.0,194.432,24.01,11.931,5.5,2.793,1.0,0.0,0.0,0.0,0.0,0.0,0.0,0.0,0.0,70.0,0.0
query_0013,R03103,2,0.0729,0.7449,0.0323,0.1111,1.0,0.0,26.0,0.0,0.0,0.0,0.0,0.0,0.0,0.0,21.241,0.278,1.251,1.87,0.407,1.0,0.0,0.0,0.0,0.0,0.0,0.0,0.0,0.0,50.0,0.0
query_0013,R05502,0,0.071,0.0,0.0312,0.0,0.0,0.0,11.0,0.0,0.0,0.0,0.0,0.0,0.0,0.0,223.329,17.765,5.46,15.096,0.555,1.0,0.0,0.0,0.0,0.0,0.0,0.0,0.0,0.0,25.0,0.0
query_0013,R02271,0,0.0709,0.0,0.0303,0.0,0.0,0.0,22.0,0.0,0.0,0.0,0.0,0.0,0.0,0.0,115.837,2.774,17.035,5.218,3.784,1.0,0.0,0.0,0.0,0.0,1.0,0.0,0.0,0.0,100.0,0.0
query_0013,R09733,0,0.0704,0.0,0.0294,0.0,0.0,0.0,12.0,0.0,0.0,0.0,0.0,0.0,0.0,0.0,320.341,18.818,5.219,26.241,0.621,1.0,0.0,0.0,0.0,0.0,0.0,0.0,0.0,0.0,35.0,0.0
query_0013,R08830,0,0.0696,0.0,0.0286,0.0,0.0,0.0,25.0,0.0,0.0,0.0,0.0,0.0,0.0,0.0,281.534,33.687,8.222,12.448,2.078,1.0,1.0,0.0,0.0,0.0,0.0,0.0,0.0,0.0,70.0,0.0
query_0013,R02332,0,0.0689,0.0,0.0278,0.0,0.0,0.0,17.0,0.0,0.0,0.0,0.0,0.0,0.0,0.0,265.739,6.227,58.873,0.911,3.549,1.0,0.0,0.0,0.0,0.0,0.0,0.0,0.0,0.0,65.0,0.0
query_0013,R06642,2,0.0683,0.7269,0.027,0.0526,1.0,0.0,26.0,0.0,0.0,0.0,0.0,0.0,0.0,0.0,549.81,10.767,97.13,13.775,5.222,1.0,0.0,0.0,0.0,0.0,1.0,0.0,0.0,0.0,35.0,0.0
query_0013,R12573,2,0.068,0.7238,0.0263,0.0476,1.0,0.0,18.0,0.0,0.0,0.0,0.0,0.0,0.0,0.0,201.623,28.836,10.793,4.816,2.904,1.0,0.0,0.0,0.0,0.0,1.0,0.0,0.0,0.0,45.0,0.0
query_0013,R09659,2,0.0679,0.7152,0.0256,0.0294,1.0,0.0,18.0,0.0,0.0,0.0,0.0,0.0,0.0,0.0,269.621,30.501,13.053,10.567,2.42,1.0,1.0,0.0,0.0,0.0,0.0,0.0,0.0,0.0,75.0,0.0
query_0013,R06229,0,0.0678,0.0,0.025,0.0,0.0,0.0,16.0,0.0,0.0,0.0,0.0,0.0,0.0,0.0,114.6,4.668,16.692,3.986,3.877,1.0,1.0,0.0,0.0,0.0,0.0,0.0,0.0,0.0,25.0,0.0
query_0016,R06629,1,0.2198,0.0,0.3333,0.0,0.0,0.0,11.0,0.0,0.0,0.0,0.0,0.0,0.0,0.0,139.042,4.267,12.742,8.914,2.241,1.0,1.0,0.0,1.0,0.0,0.0,0.0,0.0,0.0,55.0,0.0
query_0016,R07035,1,0.1929,0.0,0.25,0.0,0.0,0.0,11.0,0.0,0.0,0.0,0.0,0.0,0.0,0.0,139.042,4.267,12.742,8.914,2.241,1.0,1.0,0.0,1.0,0.0,0.0,0.0,0.0,0.0,55.0,0.0
query_0016,R06102,0,0.0744,0.0,0.0909,0.0,0.0,0.0,3.0,0.0,0.0,0.0,0.0,0.0,0.0,0.0,0.0,0.0,0.0,0.0,0.0,1.0,1.0,0.0,1.0,0.0,0.0,0.0,0.0,0.0,380.0,0.0
query_0016,R01532,0,0.0674,0.0,0.0625,0.0,0.0,0.0,8.0,0.0,0.0,0.0,0.0,0.0,0.0,0.0,90.755,1.466,6.567,7.399,2.647,1.0,1.0,0.0,1.0,0.0,0.0,0.0,0.0,0.0,40.0,0.0
query_0016,R06923,0,0.0666,0.0,0.0556,0.0,0.0,0.0,17.0,0.0,0.0,0.0,0.0,0.0,0.0,0.0,55.447,2.037,12.445,0.649,1.846,1.0,1.0,0.0,1.0,0.0,0.0,0.0,0.0,0.0,45.0,0.0
query_0016,R03077,0,0.0575,0.0,0.0263,0.0,0.0,0.0,7.0,0.0,0.0,0.0,0.0,0.0,0.0,0.0,707.273,26.579,85.295,31.84,5.732,1.0,1.0,0.0,1.0,0.0,0.0,0.0,0.0,0.0,60.0,0.0
query_0016,R02055,2,0.0,0.7935,0.0,0.5,0.0,0.0,12.0,0.0,0.0,0.0,0.0,0.0,0.0,0.0,46.176,0.996,3.096,3.545,0.51,1.0,1.0,0.0,1.0,0.0,0.0,0.0,0.0,0.0,35.0,0.0
query_0016,R01552,2,0.0,0.7759,0.0,0.125,0.0,0.0,2.0,0.0,0.0,0.0,0.0,0.0,0.0,0.0,7.339,0.513,0.699,0.285,0.001,1.0,1.0,0.0,1.0,0.0,0.0,0.0,0.0,0.0,70.0,0.0
query_0016,R07333,2,0.0,0.7587,0.0,0.0312,0.0,0.0,13.0,0.0,0.0,0.0,0.0,0.0,0.0,0.0,11.0,0.302,2.568,0.028,0.468,1.0,1.0,0.0,1.0,0.0,0.0,0.0,0.0,0.0,50.0,0.0
query_0016,R01907,2,0.0,0.7559,0.0,0.027,0.0,0.0,7.0,0.0,0.0,0.0,0.0,0.0,0.0,0.0,8.219,0.007,0.016,0.92,0.008,1.0,1.0,0.0,1.0,0.0,0.0,0.0,0.0,0.0,30.0,0.0
query_0017,R02659,2,0.1246,0.7561,0.3333,0.2,1.0,0.0,14.0,0.0,0.0,0.0,0.0,0.0,0.1121,0.0,143.941,4.905,16.813,7.673,4.404,1.0,1.0,0.0,0.0,0.0,0.0,0.0,0.0,0.0,35.0,0.0
query_0017,R02448,0,0.1049,0.0,0.1429,0.0,0.0,0.0,4.0,0.0,0.0,0.0,0.0,0.0,0.0,0.0,0.0,0.0,0.0,0.0,0.0,1.0,1.0,0.0,0.0,0.0,0.0,0.0,0.0,0.0,70.0,0.0
query_0017,R03293,0,0.0826,0.0,0.0435,0.0,0.0,0.0,8.0,0.0,0.0,0.0,0.0,0.0,0.3786,0.0,10.697,0.413,0.56,0.869,0.244,1.0,1.0,0.0,0.0,0.0,0.0,0.0,0.0,0.0,45.0,0.0
query_0017,R03315,0,0.0804,0.0,0.0385,0.0,0.0,0.0,8.0,0.0,0.0,0.0,0.0,0.0,0.3728,0.0,13.625,0.534,1.306,0.906,0.539,1.0,1.0,0.0,0.0,0.0,0.0,0.0,0.0,0.0,45.0,0.0
query_0017,R00389,0,0.0793,0.0,0.0333,0.0,0.0,0.0,10.0,0.0,0.0,0.0,0.0,0.0,0.059,0.0,170.49,8.614,20.656,6.248,2.927,1.0,1.0,0.0,0.0,0.0,0.0,0.0,0.0,0.0,55.0,0.0
query_0017,R07278,2,0.0,0.7732,0.0,0.5,0.0,0.0,11.0,0.0,0.0,0.0,0.0,0.0,0.3438,0.0,28.085,1.086,6.615,0.174,1.794,1.0,1.0,0.0,0.0,0.0,0.0,0.0,0.0,0.0,55.0,0.0
query_0017,R00277,2,0.0,0.7557,0.0,0.1667,0.0,0.0,19.0,0.0,0.0,0.0,0.0,0.0,0.209,0.0,95.498,2.938,13.994,3.963,3.337,1.0,1.0,0.0,0.0,0.0,0.0,0.0,0.0,0.0,45.0,0.0
query_0017,R07119,2,0.0,0.7544,0.0,0.1429,0.0,0.0,10.0,0.0,0.0,0.0,0.0,0.0,0.0355,0.0,217.762,4.608,40.815,5.367,7.396,1.0,1.0,0.0,0.0,0.0,0.0,0.0,0.0,0.0,25.0,0.0
query_0017,R04768,2,0.0,0.748,0.0,0.1111,0.0,0.0,9.0,0.0,0.0,0.0,0.0,0.0,0.0406,0.0,179.677,4.684,42.026,0.786,7.617,1.0,1.0,0.0,0.0,0.0,0.0,0.0,0.0,0.0,25.0,0.0
query_0017,R02231,2,0.0,0.7465,0.0,0.1,0.0,0.0,15.0,0.0,0.0,0.0,0.0,0.0,0.2089,0.0,95.525,1.268,7.861,7.116,1.874,1.0,1.0,0.0,0.0,0.0,0.0,0.0,0.0,0.0,40.0,0.0
query_0017,R09200,2,0.0,0.7463,0.0,0.0909,0.0,0.0,6.0,0.0,0.0,0.0,0.0,0.0,0.1824,0.0,108.809,5.683,19.025,2.251,3.857,1.0,1.0,0.0,0.0,0.0,0.0,0.0,0.0,0.0,40.0,0.0
query_0017,R02037,2,0.0,0.7453,0.0,0.0833,0.0,0.0,13.0,0.0,0.0,0.0,0.0,0.0,0.378,0.0,11.0,0.302,2.568,0.028,0.468,1.0,1.0,0.0,0.0,0.0,0.0,0.0,0.0,0.0,55.0,0.0
query_0017,R05975,2,0.0,0.7437,0.0,0.0769,0.0,0.0,8.0,0.0,0.0,0.0,0.0,0.0,0.1479,0.0,126.059,5.923,11.499,7.231,2.822,1.0,1.0,0.0,0.0,0.0,0.0,0.0,0.0,0.0,30.0,0.0
query_0017,R05454,2,0.0,0.7435,0.0,0.0625,0.0,0.0,8.0,0.0,0.0,0.0,0.0,0.0,0.1281,0.0,135.947,3.644,21.458,5.326,4.936,1.0,1.0,0.0,0.0,0.0,0.0,0.0,0.0,0.0,30.0,0.0
query_0017,R01945,2,0.0,0.7426,0.0,0.0588,0.0,0.0,15.0,0.0,0.0,0.0,0.0,0.0,0.0192,0.0,190.416,6.581,23.364,8.691,4.327,1.0,1.0,0.0,0.0,0.0,0.0,0.0,0.0,0.0,40.0,0.0
query_0017,R08536,2,0.0,0.7387,0.0,0.0526,0.0,0.0,13.0,0.0,0.0,0.0,0.0,0.0,0.0224,0.0,188.804,1.816,14.825,14.434,3.326,1.0,1.0,0.0,0.0,0.0,0.0,0.0,0.0,0.0,70.0,0.0
query_0017,R05023,2,0.0,0.736,0.0,0.0435,0.0,0.0,14.0,0.0,0.0,0.0,0.0,0.0,0.3116,0.0,44.219,0.924,7.694,1.413,1.679,1.0,1.0,0.0,0.0,0.0,0.0,0.0,0.0,0.0,30.0,0.0
query_0017,R09096,2,0.0,0.7354,0.0,0.0417,0.0,0.0,10.0,0.0,0.0,0.0,0.0,0.0,0.0824,0.0,241.214,7.056,14.492,18.387,2.431,1.0,1.0,0.0,0.0,0.0,0.0,0.0,0.0,0.0,40.0,0.0
query_0017,R06658,2,0.0,0.7353,0.0,0.04,0.0,0.0,14.0,0.0,0.0,0.0,0.0,0.0,0.378,0.0,11.0,0.302,2.568,0.028,0.468,1.0,1.0,0.0,0.0,0.0,0.0,0.0,0.0,0.0,35.0,0.0
query_0017,R08919,2,0.0,0.7339,0.0,0.037,0.0,0.0,14.0,0.0,0.0,0.0,0.0,0.0,0.0218,0.0,210.914,14.755,42.691,2.198,13.881,1.0,1.0,0.0,0.0,0.0,0.0,0.0,0.0,0.0,50.0,0.0
query_0017,R06007,2,0.0,0.7337,0.0,0.0357,0.0,0.0,26.0,0.0,0.0,0.0,0.0,0.0,0.2535,0.0,73.241,2.303,13.098,2.182,2.176,1.0,1.0,0.0,0.0,0.0,0.0,0.0,0.0,0.0,50.0,0.0
query_0017,R03304,2,0.0,0.7325,0.0,0.0333,0.0,0.0,15.0,0.0,0.0,0.0,0.0,0.0,0.3245,0.0,37.772,0.514,2.351,3.233,0.413,1.0,1.0,0.0,0.0,0.0,0.0,0.0,0.0,0.0,60.0,0.0
query_0017,R01042,2,0.0,0.7321,0.0,0.0312,0.0,0.0,11.0,0.0,0.0,0.0,0.0,0.0,0.2082,0.0,95.876,2.518,21.872,0.19,2.589,1.0,1.0,0.0,0.0,0.0,0.0,0.0,0.0,0.0,40.0,0.0
query_0017,R00740,2,0.0,0.732,0.0,0.0303,0.0,0.0,11.0,0.0,0.0,0.0,0.0,0.0,0.36,0.0,20.0,0.752,4.697,0.072,0.805,1.0,1.0,0.0,0.0,0.0,0.0,0.0,0.0,0.0,25.0,0.0
query_0017,R00437,2,0.0,0.7292,0.0,0.0286,0.0,0.0,5.0,0.0,0.0,0.0,0.0,0.0,0.3304,0.0,34.816,1.702,3.475,2.042,1.341,1.0,1.0,0.0,0.0,0.0,0.0,0.0,0.0,0.0,25.0,0.0
query_0017,R06805,2,0.0,0.7291,0.0,0.0278,0.0,0.0,16.0,0.0,0.0,0.0,0.0,0.0,0.016,0.0,208.019,5.386,21.783,11.852,4.063,1.0,1.0,0.0,0.0,0.0,0.0,0.0,0.0,0.0,100.0,0.0
query_0017,R02728,2,0.0,0.7278,0.0,0.0256,0.0,0.0,24.0,0.0,0.0,0.0,0.0,0.0,0.2535,0.0,73.241,2.303,13.098,2.182,2.176,1.0,1.0,0.0,0.0,0.0,0.0,0.0,0.0,0.0,50.0,0.0
query_0019,R03960,1,0.156,0.0,1.0,0.0,0.0,0.0,16.0,0.0,0.0,0.0,0.0,0.0,0.0,0.0,126.508,0.045,0.165,14.236,0.116,1.0,1.0,0.0,0.0,0.0,0.0,0.0,0.0,0.0,50.0,0.0
query_0019,R01200,2,0.1397,0.7269,0.5,0.0588,1.0,0.0,6.0,0.0,0.0,0.0,0.0,0.0,0.0,0.0,251.538,1.692,55.282,3.716,0.858,1.0,1.0,0.0,0.0,0.0,0.0,0.0,0.0,0.0,390.0,0.0
query_0019,R10987,0,0.1339,0.0,0.3333,0.0,0.0,0.0,6.0,0.0,0.0,0.0,0.0,0.0,0.0,0.0,181.268,8.618,24.86,5.59,0.228,1.0,1.0,0.0,0.0,0.0,0.0,0.0,0.0,0.0,75.0,0.0
query_0019,R03650,2,0.1238,0.7325,0.25,0.1429,1.0,0.0,11.0,0.0,0.0,0.0,0.0,0.0,0.0,0.0,236.02,36.448,1.938,8.447,0.661,1.0,0.0,0.0,0.0,0.0,0.0,0.0,0.0,0.0,35.0,0.0
query_0019,R05949,0,0.1219,0.0,0.2,0.0,0.0,0.0,16.0,0.0,0.0,0.0,0.0,0.0,0.0,0.0,44.407,1.489,7.62,1.49,1.711,1.0,1.0,0.0,0.0,0.0,0.0,0.0,0.0,0.0,50.0,0.0
query_0019,R10810,0,0.1209,0.0,0.1667,0.0,0.0,0.0,4.0,0.0,0.0,0.0,0.0,0.0,0.0,0.0,68.153,0.0,17.575,0.0,0.0,1.0,1.0,0.0,0.0,0.0,0.0,0.0,0.0,0.0,60.0,0.0
query_0019,R05221,2,0.1067,0.7594,0.1429,0.5,1.0,0.0,7.0,0.0,0.0,0.0,0.0,0.0,0.0,0.0,214.662,5.625,38.233,4.953,0.76,1.0,1.0,0.0,0.0,0.0,0.0,0.0,0.0,0.0,50.0,0.0
query_0019,R01760,0,0.1034,0.0,0.125,0.0,0.0,0.0,15.0,0.0,0.0,0.0,0.0,0.0,0.0,0.0,170.463,4.332,28.449,5.114,4.081,1.0,1.0,0.0,0.0,0.0,0.0,0.0,0.0,0.0,35.0,0.0
query_0019,R02724,0,0.0969,0.0,0.1111,0.0,0.0,0.0,15.0,0.0,0.0,0.0,0.0,0.0,0.0,0.0,577.178,0.251,119.108,12.889,0.452,1.0,1.0,0.0,0.0,0.0,0.0,0.0,0.0,0.0,50.0,0.0
query_0019,R02332,2,0.0967,0.7195,0.1,0.0345,1.0,0.0,17.0,0.0,0.0,0.0,0.0,0.0,0.0,0.0,265.739,6.227,58.873,0.911,3.549,1.0,0.0,0.0,0.0,0.0,0.0,0.0,0.0,0.0,65.0,0.0
query_0019,R02058,0,0.0951,0.0,0.0909,0.0,0.0,0.0,17.0,0.0,0.0,0.0,0.0,0.0,0.0,0.0,100.674,13.747,2.454,3.759,0.493,1.0,0.0,0.0,0.0,0.0,0.0,0.0,0.0,0.0,75.0,0.0
query_0019,R06992,0,0.0817,0.0,0.0833,0.0,0.0,0.0,15.0,0.0,0.0,0.0,0.0,0.0,0.0,0.0,89.394,1.914,12.194,4.564,2.365,1.0,1.0,0.0,0.0,0.0,0.0,0.0,0.0,0.0,50.0,0.0
query_0019,R09317,0,0.0796,0.0,0.0769,0.0,0.0,0.0,15.0,0.0,0.0,0.0,0.0,0.0,0.0,0.0,58.852,1.914,12.194,1.109,2.365,1.0,1.0,0.0,0.0,0.0,0.0,0.0,0.0,0.0,50.0,0.0
query_0019,R04643,0,0.0767,0.0,0.0714,0.0,0.0,0.0,16.0,0.0,0.0,0.0,0.0,0.0,0.0,0.0,264.926,4.295,45.508,7.082,1.833,1.0,1.0,0.0,0.0,0.0,0.0,0.0,0.0,0.0,70.0,0.0
query_0019,R08626,2,0.0763,0.7194,0.0667,0.0333,1.0,0.0,30.0,0.0,0.0,0.0,0.0,0.0,0.0,0.0,501.796,15.439,82.289,13.331,8.121,1.0,1.0,0.0,0.0,0.0,0.0,0.0,0.0,0.0,60.0,0.0
query_0019,R04695,0,0.0756,0.0,0.0625,0.0,0.0,0.0,4.0,0.0,0.0,0.0,0.0,0.0,0.0,0.0,0.0,0.0,0.0,0.0,0.0,1.0,1.0,0.0,0.0,0.0,0.0,0.0,0.0,0.0,13.0,0.0
query_0019,R05893,2,0.0751,0.7296,0.0588,0.0909,1.0,0.0,13.0,0.0,0.0,0.0,0.0,0.0,0.0,0.0,497.094,18.888,77.864,13.548,1.121,1.0,1.0,0.0,0.0,0.0,0.0,0.0,0.0,0.0,40.0,0.0
query_0019,R08535,0,0.0736,0.0,0.0556,0.0,0.0,0.0,25.0,0.0,0.0,0.0,0.0,0.0,0.0,0.0,412.228,9.832,67.209,11.023,1.661,1.0,1.0,0.0,0.0,0.0,0.0,0.0,0.0,0.0,65.0,0.0
query_0019,R00199,0,0.0732,0.0,0.0526,0.0,0.0,0.0,6.0,0.0,0.0,0.0,0.0,0.0,0.0,0.0,115.62,1.647,23.028,2.347,0.469,1.0,1.0,0.0,0.0,0.0,0.0,0.0,0.0,0.0,40.0,0.0
query_0019,R05136,2,0.0718,0.7151,0.05,0.0256,1.0,0.0,17.0,0.0,0.0,0.0,0.0,0.0,0.0,0.0,375.095,9.255,67.173,9.274,7.923,1.0,1.0,0.0,0.0,0.0,0.0,0.0,0.0,0.0,50.0,0.0
query_0019,R05143,0,0.0705,0.0,0.0476,0.0,0.0,0.0,18.0,0.0,0.0,0.0,0.0,0.0,0.0,0.0,77.217,3.639,15.875,0.556,4.355,1.0,1.0,0.0,0.0,0.0,0.0,0.0,0.0,0.0,30.0,0.0
query_0019,R09278,0,0.0692,0.0,0.0455,0.0,0.0,0.0,18.0,0.0,0.0,0.0,0.0,0.0,0.0,0.0,102.859,3.365,14.698,4.001,4.306,1.0,1.0,0.0,0.0,0.0,0.0,0.0,0.0,0.0,30.0,0.0
query_0019,R04955,0,0.0689,0.0,0.0435,0.0,0.0,0.0,5.0,0.0,0.0,0.0,0.0,0.0,0.0,0.0,451.584,19.106,64.5,14.199,1.315,1.0,1.0,0.0,0.0,0.0,0.0,0.0,0.0,0.0,55.0,0.0
query_0019,R04256,0,0.0679,0.0,0.0417,0.0,0.0,0.0,6.0,0.0,0.0,0.0,0.0,0.0,0.0,0.0,1.099,0.049,0.203,0.029,0.071,1.0,1.0,0.0,0.0,0.0,0.0,0.0,0.0,0.0,35.0,0.0
query_0019,R00196,0,0.0678,0.0,0.04,0.0,0.0,0.0,4.0,0.0,0.0,0.0,0.0,0.0,0.0,0.0,267.474,0.875,68.465,0.406,1.741,1.0,1.0,0.0,0.0,0.0,0.0,0.0,0.0,0.0,35.0,0.0
query_0019,R01785,0,0.0662,0.0,0.0385,0.0,0.0,0.0,9.0,0.0,0.0,0.0,0.0,0.0,0.0,0.0,148.937,5.689,25.104,3.161,0.0,1.0,1.0,0.0,0.0,0.0,0.0,0.0,0.0,0.0,40.0,0.0
query_0019,R08022,0,0.0641,0.0,0.037,0.0,0.0,0.0,5.0,0.0,0.0,0.0,0.0,0.0,0.0,0.0,543.375,16.488,72.219,23.481,4.696,1.0,1.0,0.0,0.0,0.0,0.0,0.0,0.0,0.0,35.0,0.0
query_0019,R04657,0,0.0636,0.0,0.0357,0.0,0.0,0.0,22.0,0.0,0.0,0.0,0.0,0.0,0.0,0.0,339.127,7.479,68.574,4.269,4.537,1.0,1.0,0.0,0.0,0.0,0.0,0.0,0.0,0.0,35.0,0.0
query_0019,R01113,2,0.0629,0.7287,0.0345,0.0714,1.0,0.0,8.0,0.0,0.0,0.0,0.0,0.0,0.0,0.0,246.743,0.073,23.899,17.129,0.19,1.0,1.0,0.0,0.0,0.0,0.0,0.0,0.0,0.0,85.0,0.0
query_0019,R07377,0,0.0625,0.0,0.0333,0.0,0.0,0.0,14.0,0.0,0.0,0.0,0.0,0.0,0.0,0.0,335.183,3.364,13.068,31.964,5.17,1.0,1.0,0.0,0.0,0.0,0.0,0.0,0.0,0.0,45.0,0.0
query_0019,R03670,0,0.0625,0.0,0.0323,0.0,0.0,0.0,15.0,0.0,0.0,0.0,0.0,0.0,0.0,0.0,275.178,5.466,54.657,4.15,2.425,1.0,1.0,0.0,0.0,0.0,0.0,0.0,0.0,0.0,75.0,0.0
query_0019,R10557,0,0.0624,0.0,0.0312,0.0,0.0,0.0,24.0,0.0,0.0,0.0,0.0,0.0,0.0,0.0,253.368,4.522,16.925,20.164,3.912,1.0,1.0,0.0,0.0,0.0,0.0,0.0,0.0,0.0,55.0,0.0
query_0019,R01961,0,0.0622,0.0,0.0303,0.0,0.0,0.0,4.0,0.0,0.0,0.0,0.0,0.0,0.0,0.0,1173.896,0.023,300.058,0.013,0.007,1.0,0.0,1.0,0.0,0.0,0.0,0.0,0.0,0.0,80.0,0.0
query_0019,R01688,0,0.0621,0.0,0.0294,0.0,0.0,0.0,5.0,0.0,0.0,0.0,0.0,0.0,0.0,0.0,560.469,29.007,65.47,21.665,1.724,1.0,1.0,0.0,0.0,0.0,0.0,0.0,0.0,0.0,95.0,0.0
query_0019,R06522,0,0.0619,0.0,0.0286,0.0,0.0,0.0,31.0,0.0,0.0,0.0,0.0,0.0,0.0,0.0,736.212,38.746,118.094,11.539,6.09,1.0,0.0,0.0,0.0,0.0,0.0,0.0,0.0,0.0,170.0,0.0
query_0019,R02334,2,0.0617,0.7393,0.0278,0.25,1.0,0.0,28.0,0.0,0.0,0.0,0.0,0.0,0.0,0.0,649.613,12.06,125.754,11.069,5.215,1.0,1.0,0.0,0.0,0.0,0.0,0.0,0.0,0.0,90.0,0.0
query_0019,R01980,0,0.061,0.0,0.027,0.0,0.0,0.0,24.0,0.0,0.0,0.0,0.0,0.0,0.0,0.0,93.502,3.23,21.59,0.49,4.436,1.0,0.0,0.0,0.0,0.0,0.0,0.0,0.0,0.0,100.0,0.0
query_0019,R05264,0,0.0606,0.0,0.0263,0.0,0.0,0.0,7.0,0.0,0.0,0.0,0.0,0.0,0.0,0.0,12.666,0.014,3.251,0.009,0.036,1.0,1.0,0.0,0.0,0.0,0.0,0.0,0.0,0.0,255.0,0.0
query_0019,R00251,0,0.0601,0.0,0.0256,0.0,0.0,0.0,7.0,0.0,0.0,0.0,0.0,0.0,0.0,0.0,625.614,9.597,49.81,45.393,4.726,1.0,1.0,0.0,0.0,0.0,0.0,0.0,0.0,0.0,35.0,0.0
query_0019,R09336,0,0.0599,0.0,0.025,0.0,0.0,0.0,15.0,0.0,0.0,0.0,0.0,0.0,0.0,0.0,312.762,6.715,68.642,0.789,2.824,1.0,1.0,0.0,0.0,0.0,0.0,0.0,0.0,0.0,55.0,0.0
query_0020,R04015,2,0.1572,0.7502,0.3333,0.0909,1.0,0.0,8.0,0.0,0.0,0.0,0.0,0.0,0.2156,0.0,42.192,0.555,2.659,3.553,0.756,1.0,1.0,0.0,0.0,0.0,0.0,0.0,0.0,0.0,25.0,0.0
query_0020,R02245,0,0.1468,0.0,0.2,0.0,0.0,0.0,6.0,0.0,0.0,0.0,0.0,0.0,0.1951,0.0,52.429,2.038,12.082,0.375,2.278,1.0,1.0,0.0,0.0,0.0,0.0,0.0,0.0,0.0,15.0,0.0
query_0020,R02394,2,0.1433,0.8037,0.1667,1.0,1.0,0.0,6.0,0.0,0.0,0.0,0.0,0.0,0.2665,0.0,16.728,0.712,3.441,0.338,0.936,1.0,1.0,0.0,0.0,0.0,0.0,0.0,0.0,0.0,5.0,0.0
query_0020,R00018,2,0.1309,0.718,0.1429,0.0256,1.0,0.0,7.0,0.0,0.0,0.0,0.0,0.0,0.2739,0.0,13.044,0.537,2.85,0.142,0.577,1.0,1.0,0.0,0.0,0.0,0.0,0.0,0.0,0.0,30.0,0.0
query_0020,R00634,2,0.1267,0.7775,0.125,0.25,1.0,0.0,8.0,0.0,0.0,0.0,0.0,0.0,0.1441,0.0,77.942,2.9,13.786,2.338,3.051,1.0,1.0,0.0,0.0,0.0,0.0,0.0,0.0,0.0,35.0,0.0
query_0020,R07573,2,0.1183,0.7928,0.1111,0.5,1.0,0.0,9.0,0.0,0.0,0.0,0.0,0.0,0.2102,0.0,44.913,1.829,9.915,0.482,2.498,1.0,1.0,0.0,0.0,0.0,0.0,0.0,0.0,0.0,15.0,0.0
query_0020,R01056,2,0.1063,0.7372,0.1,0.0667,1.0,0.0,7.0,0.0,0.0,0.0,0.0,0.0,0.286,0.0,6.976,0.343,1.384,0.166,0.283,1.0,1.0,0.0,0.0,0.0,0.0,0.0,0.0,0.0,35.0,0.0
query_0020,R09152,2,0.1063,0.7828,0.0909,0.3333,1.0,0.0,8.0,0.0,0.0,0.0,0.0,0.0,0.269,0.0,15.513,0.645,3.341,0.221,0.753,1.0,1.0,0.0,0.0,0.0,0.0,0.0,0.0,0.0,10.0,0.0
query_0020,R03924,0,0.0994,0.0,0.0833,0.0,0.0,0.0,10.0,0.0,0.0,0.0,0.0,0.0,0.2363,0.0,31.855,0.044,0.453,3.439,0.085,1.0,1.0,0.0,0.0,0.0,0.0,0.0,0.0,0.0,15.0,0.0
query_0020,R06715,2,0.099,0.7374,0.0714,0.0714,1.0,0.0,8.0,0.0,0.0,0.0,0.0,0.0,0.256,0.0,22.005,0.767,5.002,0.146,0.886,1.0,1.0,0.0,0.0,0.0,0.0,0.0,0.0,0.0,10.0,0.0
query_0020,R12429,0,0.0975,0.0,0.0667,0.0,0.0,0.0,6.0,0.0,0.0,0.0,0.0,0.0,0.0,0.0,0.0,0.0,0.0,0.0,0.0,1.0,1.0,0.0,0.0,0.0,0.0,0.0,0.0,0.0,30.0,0.0
query_0020,R06269,0,0.0966,0.0,0.0625,0.0,0.0,0.0,10.0,0.0,0.0,0.0,0.0,0.0,0.2203,0.0,39.848,0.649,2.637,3.432,1.288,1.0,1.0,0.0,0.0,0.0,0.0,0.0,0.0,0.0,30.0,0.0
query_0020,R00257,2,0.0898,0.7473,0.0588,0.0833,1.0,0.0,8.0,0.0,0.0,0.0,0.0,0.0,0.2178,0.0,41.087,0.95,2.634,3.309,0.831,1.0,1.0,0.0,0.0,0.0,0.0,0.0,0.0,0.0,25.0,0.0
query_0020,R02059,0,0.0848,0.0,0.0556,0.0,0.0,0.0,12.0,0.0,0.0,0.0,0.0,0.0,0.0239,0.0,138.058,4.723,20.39,4.906,2.499,1.0,1.0,0.0,0.0,0.0,0.0,0.0,0.0,0.0,15.0,0.0
query_0020,R01586,2,0.0838,0.7427,0.0526,0.0769,1.0,0.0,7.0,0.0,0.0,0.0,0.0,0.0,0.138,0.0,80.995,3.229,7.643,4.939,2.274,1.0,1.0,0.0,0.0,0.0,0.0,0.0,0.0,0.0,15.0,0.0
query_0020,R00161,0,0.0828,0.0,0.05,0.0,0.0,0.0,12.0,0.0,0.0,0.0,0.0,0.0,0.1227,0.0,88.671,2.332,14.893,3.137,3.408,1.0,1.0,0.0,0.0,0.0,0.0,0.0,0.0,0.0,30.0,0.0
query_0020,R04531,0,0.0808,0.0,0.0455,0.0,0.0,0.0,6.0,0.0,0.0,0.0,0.0,0.0,0.2718,0.0,14.077,0.6,2.756,0.307,0.572,1.0,1.0,0.0,0.0,0.0,0.0,0.0,0.0,0.0,10.0,0.0
query_0020,R04028,0,0.0786,0.0,0.0435,0.0,0.0,0.0,9.0,0.0,0.0,0.0,0.0,0.0,0.0984,0.0,100.816,1.454,8.456,7.378,1.901,1.0,1.0,0.0,0.0,0.0,0.0,0.0,0.0,0.0,10.0,0.0
query_0020,R02208,0,0.0784,0.0,0.0417,0.0,0.0,0.0,14.0,0.0,0.0,0.0,0.0,0.0,0.1318,0.0,215.909,5.274,34.088,8.857,4.791,1.0,1.0,0.0,0.0,0.0,0.0,0.0,0.0,0.0,25.0,0.0
query_0020,R02828,0,0.0783,0.0,0.04,0.0,0.0,0.0,7.0,0.0,0.0,0.0,0.0,0.0,0.2701,0.0,14.94,0.593,3.534,0.157,0.699,1.0,1.0,0.0,0.0,0.0,0.0,0.0,0.0,0.0,30.0,0.0
query_0020,R01112,0,0.0772,0.0,0.0385,0.0,0.0,0.0,4.0,0.0,0.0,0.0,0.0,0.0,0.1043,0.0,97.855,3.401,12.039,5.027,2.129,1.0,1.0,0.0,0.0,0.0,0.0,0.0,0.0,0.0,20.0,0.0
query_0020,R05424,0,0.0767,0.0,0.037,0.0,0.0,0.0,12.0,0.0,0.0,0.0,0.0,0.0,0.2624,0.0,18.792,0.664,4.402,0.139,0.487,1.0,1.0,0.0,0.0,0.0,0.0,0.0,0.0,0.0,60.0,0.0
query_0020,R04859,2,0.0762,0.7685,0.0357,0.2,1.0,0.0,6.0,0.0,0.0,0.0,0.0,0.0,0.2283,0.0,35.87,1.823,1.689,2.694,0.417,1.0,1.0,0.0,0.0,0.0,0.0,0.0,0.0,0.0,15.0,0.0
query_0020,R02010,0,0.0753,0.0,0.0345,0.0,0.0,0.0,6.0,0.0,0.0,0.0,0.0,0.0,0.1619,0.0,69.04,5.09,3.029,4.061,0.549,1.0,1.0,0.0,0.0,0.0,0.0,0.0,0.0,0.0,40.0,0.0
query_0020,R03851,2,0.0748,0.7531,0.0333,0.125,1.0,0.0,9.0,0.0,0.0,0.0,0.0,0.0,0.2427,0.0,28.626,0.668,4.035,1.368,0.808,1.0,1.0,0.0,0.0,0.0,0.0,0.0,0.0,0.0,30.0,0.0
query_0020,R05858,0,0.0748,0.0,0.0323,0.0,0.0,0.0,11.0,0.0,0.0,0.0,0.0,0.0,0.233,0.0,33.506,0.417,8.601,0.18,1.056,1.0,1.0,0.0,0.0,0.0,0.0,0.0,0.0,0.0,25.0,0.0
query_0020,R11924,2,0.0746,0.7258,0.0312,0.0385,1.0,0.0,12.0,0.0,0.0,0.0,0.0,0.0,0.2081,0.0,45.948,1.236,8.257,1.343,1.633,1.0,1.0,0.0,0.0,0.0,0.0,0.0,0.0,0.0,45.0,0.0
query_0020,R09623,0,0.0738,0.0,0.0303,0.0,0.0,0.0,11.0,0.0,0.0,0.0,0.0,0.0,0.0195,0.0,140.235,3.566,9.493,10.905,2.863,1.0,1.0,0.0,0.0,0.0,0.0,0.0,0.0,0.0,12.0,0.0
query_0020,R01559,2,0.0717,0.7255,0.0294,0.037,1.0,0.0,8.0,0.0,0.0,0.0,0.0,0.0,0.1971,0.0,51.456,2.067,11.727,0.387,2.635,1.0,1.0,0.0,0.0,0.0,0.0,0.0,0.0,0.0,15.0,0.0
query_0020,R01842,0,0.0705,0.0,0.0278,0.0,0.0,0.0,14.0,0.0,0.0,0.0,0.0,0.0,0.1223,0.0,211.143,1.127,6.893,20.805,1.474,1.0,1.0,0.0,0.0,0.0,0.0,0.0,0.0,0.0,40.0,0.0
query_0020,R04775,2,0.0703,0.7253,0.027,0.0357,1.0,0.0,7.0,0.0,0.0,0.0,0.0,0.0,0.235,0.0,32.501,1.235,7.323,0.54,2.065,1.0,1.0,0.0,0.0,0.0,0.0,0.0,0.0,0.0,10.0,0.0
query_0020,R00571,0,0.07,0.0,0.0263,0.0,0.0,0.0,7.0,0.0,0.0,0.0,0.0,0.0,0.1722,0.0,63.895,0.143,0.744,6.852,0.047,1.0,1.0,0.0,0.0,0.0,0.0,0.0,0.0,0.0,25.0,0.0
query_0020,R07669,2,0.0698,0.7302,0.0256,0.0455,1.0,0.0,5.0,0.0,0.0,0.0,0.0,0.0,0.2872,0.0,6.41,0.283,1.275,0.122,0.206,1.0,1.0,0.0,0.0,0.0,0.0,0.0,0.0,0.0,5.0,0.0
query_0020,R00813,2,0.0697,0.7594,0.025,0.1667,1.0,0.0,8.0,0.0,0.0,0.0,0.0,0.0,0.2673,0.0,16.337,1.149,3.131,0.129,0.595,1.0,1.0,0.0,0.0,0.0,0.0,0.0,0.0,0.0,25.0,0.0
query_0020,R06451,2,0.0,0.759,0.0,0.1429,0.0,0.0,6.0,0.0,0.0,0.0,0.0,0.0,0.0,0.0,0.0,0.0,0.0,0.0,0.0,1.0,1.0,0.0,0.0,0.0,0.0,0.0,0.0,0.0,5.0,0.0
query_0020,R10362,2,0.0,0.7524,0.0,0.1111,0.0,0.0,10.0,0.0,0.0,0.0,0.0,0.0,0.2373,0.0,31.36,0.757,7.424,0.226,0.564,1.0,1.0,0.0,0.0,0.0,0.0,0.0,0.0,0.0,50.0,0.0
query_0020,R00938,2,0.0,0.7503,0.0,0.1,0.0,0.0,10.0,0.0,0.0,0.0,0.0,0.0,0.209,0.0,45.518,0.779,10.807,0.307,0.896,1.0,1.0,0.0,0.0,0.0,0.0,0.0,0.0,0.0,30.0,0.0
query_0020,R10200,2,0.0,0.737,0.0,0.0625,0.0,0.0,9.0,0.0,0.0,0.0,0.0,0.0,0.2779,0.0,11.07,0.541,2.393,0.123,0.744,1.0,1.0,0.0,0.0,0.0,0.0,0.0,0.0,0.0,25.0,0.0
query_0020,R01527,2,0.0,0.7328,0.0,0.0588,0.0,0.0,7.0,0.0,0.0,0.0,0.0,0.0,0.2774,0.0,11.275,0.022,2.154,0.005,0.029,1.0,1.0,0.0,0.0,0.0,0.0,0.0,0.0,0.0,20.0,0.0
query_0020,R03679,2,0.0,0.7326,0.0,0.0556,0.0,0.0,10.0,0.0,0.0,0.0,0.0,0.0,0.0498,0.0,174.887,3.043,15.546,12.25,2.641,1.0,1.0,0.0,0.0,0.0,0.0,0.0,0.0,0.0,11.0,0.0
query_0021,R00412,2,0.43,0.7521,1.0,0.0588,1.0,4.0,14.0,0.2857,0.3158,0.0,0.0,4.0,0.7161,0.0,91.966,4.855,9.651,5.177,3.735,1.0,1.0,0.0,0.0,0.0,0.0,0.0,0.0,0.0,60.0,0.0
query_0021,R01406,2,0.3074,0.7858,0.5,0.5,1.0,4.0,13.0,0.3077,0.35,0.0,0.0,4.0,0.7165,0.0,91.73,1.733,7.623,6.813,1.973,1.0,1.0,0.0,0.0,0.0,0.0,0.0,0.0,0.0,45.0,0.0
query_0021,R13200,1,0.2515,0.0,0.25,0.0,0.0,3.0,14.0,0.2143,0.2857,0.0,0.0,3.0,0.8186,0.0,40.684,1.724,9.085,0.388,2.02,1.0,1.0,0.0,0.0,0.0,0.0,0.0,0.0,0.0,75.0,0.0
query_0021,R00354,2,0.2456,0.7513,0.2,0.0556,1.0,3.0,13.0,0.2308,0.3158,0.0,0.0,3.0,0.86,0.0,20.014,0.741,1.566,1.527,0.898,1.0,1.0,0.0,0.0,0.0,0.0,0.0,0.0,0.0,80.0,0.0
query_0021,R03998,2,0.2231,0.7743,0.1429,0.2,1.0,3.0,16.0,0.1875,0.2609,0.0,0.0,3.0,0.7505,0.0,74.731,2.217,3.232,6.355,1.024,1.0,1.0,0.0,0.0,0.0,0.0,0.0,0.0,0.0,100.0,0.0
query_0021,R00351,1,0.2177,0.0,0.125,0.0,0.0,3.0,13.0,0.2308,0.3333,0.0,0.0,3.0,0.69,0.0,105.007,2.254,13.063,5.721,2.462,1.0,1.0,0.0,0.0,0.0,0.0,0.0,0.0,0.0,65.0,0.0
query_0021,R00149,1,0.21,0.0,0.1,0.0,0.0,3.0,14.0,0.2143,0.2727,0.0,0.0,3.0,0.7092,0.0,95.409,4.832,9.793,5.461,3.829,1.0,1.0,0.0,0.0,0.0,0.0,0.0,0.0,0.0,40.0,0.0
query_0021,R02424,1,0.1984,0.0,0.0833,0.0,0.0,3.0,13.0,0.2308,0.2941,0.0,0.0,3.0,0.6972,0.0,101.419,2.142,12.143,5.714,2.381,1.0,1.0,0.0,0.0,0.0,0.0,0.0,0.0,0.0,65.0,0.0
query_0021,R01312,1,0.1962,0.0,0.0769,0.0,0.0,3.0,12.0,0.25,0.3333,0.0,0.0,3.0,0.6321,0.0,133.965,6.966,19.153,3.723,5.037,1.0,1.0,0.0,0.0,0.0,0.0,0.0,0.0,0.0,55.0,0.0
query_0021,R09453,1,0.1745,0.0,0.0714,0.0,0.0,3.0,12.0,0.25,0.2941,0.0,0.0,3.0,0.3682,0.0,265.923,13.838,38.069,7.327,10.018,1.0,1.0,0.0,0.0,0.0,0.0,0.0,0.0,0.0,50.0,0.0
query_0021,R03909,2,0.1701,0.7685,0.0625,0.1111,1.0,3.0,14.0,0.2143,0.35,0.0,0.0,3.0,0.7263,0.0,86.859,1.638,7.567,6.204,1.949,1.0,1.0,0.0,0.0,0.0,0.0,0.0,0.0,0.0,30.0,0.0
query_0021,R07398,1,0.1699,0.0,0.0588,0.0,0.0,2.0,14.0,0.1429,0.1429,0.0,0.0,2.0,0.7191,0.0,90.444,2.529,13.476,4.022,4.072,1.0,1.0,0.0,0.0,0.0,0.0,0.0,0.0,0.0,45.0,0.0
query_0021,R00655,2,0.1696,0.7495,0.0556,0.0476,1.0,3.0,18.0,0.1667,0.2069,0.0,0.0,3.0,0.6878,0.0,106.108,3.475,16.882,3.342,3.808,1.0,1.0,0.0,0.0,0.0,0.0,0.0,0.0,0.0,65.0,0.0
query_0021,R01544,1,0.1653,0.0,0.0526,0.0,0.0,2.0,16.0,0.125,0.1429,0.0,0.0,2.0,0.4947,0.0,202.667,2.042,3.705,20.491,0.083,1.0,1.0,0.0,0.0,0.0,0.0,0.0,0.0,0.0,65.0,0.0
query_0021,R08990,2,0.1603,0.7422,0.0476,0.0294,1.0,3.0,18.0,0.1667,0.2069,0.0,0.0,3.0,0.4581,0.0,220.938,6.692,39.794,5.608,6.497,1.0,1.0,0.0,0.0,0.0,0.0,0.0,0.0,0.0,55.0,0.0
query_0021,R05727,1,0.1546,0.0,0.0455,0.0,0.0,3.0,11.0,0.2727,0.3158,0.0,0.0,3.0,0.7169,0.0,91.552,1.384,5.87,7.658,2.07,1.0,1.0,0.0,0.0,0.0,0.0,0.0,0.0,0.0,30.0,0.0
query_0021,R08017,2,0.1486,0.7407,0.0435,0.027,1.0,3.0,15.0,0.2,0.24,0.0,0.0,3.0,0.586,0.0,157.0,3.465,20.98,8.05,5.452,1.0,1.0,0.0,0.0,0.0,0.0,0.0,0.0,0.0,40.0,0.0
query_0021,R01836,0,0.1465,0.0,0.0417,0.0,0.0,2.0,11.0,0.1818,0.2353,0.0,0.0,2.0,0.7643,0.0,67.867,3.055,8.154,3.183,1.985,1.0,1.0,0.0,0.0,0.0,0.0,0.0,0.0,0.0,45.0,0.0
query_0021,R10343,0,0.1443,0.0,0.04,0.0,0.0,2.0,15.0,0.1333,0.2273,0.0,0.0,2.0,0.3416,0.0,620.819,6.101,30.538,54.747,4.441,1.0,1.0,0.0,0.0,0.0,0.0,0.0,0.0,0.0,35.0,0.0
query_0021,R11006,2,0.1388,0.7479,0.0385,0.0385,1.0,3.0,15.0,0.2,0.2308,0.0,0.0,3.0,0.2121,0.0,343.971,14.828,29.896,21.908,8.68,1.0,1.0,0.0,0.0,0.0,0.0,0.0,0.0,0.0,60.0,0.0
query_0021,R08924,1,0.1384,0.0,0.037,0.0,0.0,3.0,14.0,0.2143,0.2727,0.0,0.0,3.0,0.8,0.0,49.995,2.648,4.381,2.781,1.185,1.0,1.0,0.0,0.0,0.0,0.0,0.0,0.0,0.0,60.0,0.0
query_0021,R04540,0,0.1333,0.0,0.0345,0.0,0.0,2.0,13.0,0.1538,0.1667,0.0,0.0,1.0,0.7821,0.0,58.932,1.643,9.358,2.318,1.792,1.0,1.0,0.0,0.0,0.0,0.0,0.0,0.0,0.0,50.0,0.0
query_0021,R04740,1,0.1253,0.0,0.0333,0.0,0.0,2.0,9.0,0.2222,0.2143,0.0,0.0,2.0,0.8702,0.0,14.887,0.679,2.853,0.392,1.049,1.0,1.0,0.0,0.0,0.0,0.0,0.0,0.0,0.0,40.0,0.0
query_0021,R00186,0,0.1228,0.0,0.0312,0.0,0.0,2.0,16.0,0.125,0.1538,0.0,0.0,2.0,0.462,0.0,219.0,5.846,42.797,4.186,5.582,1.0,1.0,0.0,0.0,0.0,0.0,0.0,0.0,0.0,45.0,0.0
query_0021,R05268,0,0.121,0.0,0.0303,0.0,0.0,0.0,12.0,0.0,0.1,0.0,0.0,2.0,0.8779,0.0,11.07,0.541,2.392,0.123,0.744,1.0,1.0,0.0,0.0,0.0,0.0,0.0,0.0,0.0,40.0,0.0
query_0021,R10524,1,0.1206,0.0,0.0294,0.0,0.0,3.0,14.0,0.2143,0.2381,0.0,0.0,3.0,0.7568,0.0,71.594,2.276,8.505,3.76,2.039,1.0,1.0,0.0,0.0,0.0,0.0,0.0,0.0,0.0,40.0,0.0
query_0021,R02483,0,0.1202,0.0,0.0286,0.0,0.0,2.0,16.0,0.125,0.1818,0.0,0.0,2.0,0.832,0.0,34.001,1.357,7.53,0.435,1.809,1.0,1.0,0.0,0.0,0.0,0.0,0.0,0.0,0.0,50.0,0.0
query_0021,R02207,0,0.1175,0.0,0.0278,0.0,0.0,2.0,12.0,0.1667,0.2105,0.0,0.0,2.0,0.8033,0.0,48.351,0.826,3.606,3.889,1.447,1.0,1.0,0.0,0.0,0.0,0.0,0.0,0.0,0.0,50.0,0.0
query_0021,R08450,0,0.117,0.0,0.027,0.0,0.0,0.0,11.0,0.0,0.1053,0.0,0.0,2.0,0.8579,0.0,21.035,0.798,4.829,0.112,1.008,1.0,1.0,0.0,0.0,0.0,0.0,0.0,0.0,0.0,45.0,0.0
query_0021,R02420,0,0.1165,0.0,0.0256,0.0,0.0,2.0,15.0,0.1333,0.1667,0.0,0.0,2.0,0.4847,0.0,207.651,8.351,34.92,5.634,6.654,1.0,1.0,0.0,0.0,0.0,0.0,0.0,0.0,0.0,40.0,0.0
query_0021,R07722,2,0.0,0.8125,0.0,1.0,0.0,3.0,19.0,0.1579,0.25,0.0,0.0,2.0,0.7572,0.0,71.392,2.975,16.012,0.706,3.144,1.0,1.0,0.0,0.0,0.0,0.0,0.0,0.0,0.0,35.0,0.0
query_0021,R01746,2,0.0,0.7801,0.0,0.3333,0.0,2.0,8.0,0.25,0.3,0.0,0.0,2.0,0.7933,0.0,53.344,3.259,8.844,1.052,2.332,1.0,1.0,0.0,0.0,0.0,0.0,0.0,0.0,0.0,60.0,0.0
query_0021,R08645,2,0.0,0.7741,0.0,0.1667,0.0,4.0,18.0,0.2222,0.3333,0.0,0.0,4.0,0.8269,0.0,36.567,1.615,8.068,0.43,1.986,1.0,1.0,0.0,0.0,0.0,0.0,0.0,0.0,0.0,45.0,0.0
query_0021,R05878,2,0.0,0.771,0.0,0.1429,0.0,2.0,8.0,0.25,0.3077,0.0,0.0,2.0,0.758,0.0,71.004,2.704,13.462,1.721,3.881,1.0,1.0,0.0,0.0,0.0,0.0,0.0,0.0,0.0,50.0,0.0
query_0021,R10664,2,0.0,0.7709,0.0,0.125,0.0,2.0,19.0,0.1053,0.1905,0.0,0.0,2.0,0.8282,0.0,35.89,0.935,7.113,0.8,1.212,1.0,1.0,0.0,0.0,0.0,0.0,0.0,0.0,0.0,25.0,0.0
query_0021,R06710,2,0.0,0.76,0.0,0.1,0.0,3.0,19.0,0.1579,0.2,0.0,0.0,3.0,0.2994,0.0,300.294,2.717,8.458,29.463,1.73,1.0,1.0,0.0,0.0,0.0,0.0,0.0,0.0,0.0,50.0,0.0
query_0021,R05073,2,0.0,0.7576,0.0,0.0909,0.0,3.0,23.0,0.1304,0.1818,0.0,0.0,3.0,0.5942,0.0,152.921,2.65,12.616,11.107,2.234,1.0,1.0,0.0,0.0,0.0,0.0,0.0,0.0,0.0,80.0,0.0
query_0021,R05567,2,0.0,0.7565,0.0,0.0833,0.0,3.0,15.0,0.2,0.2727,0.0,0.0,3.0,0.757,0.0,71.485,1.636,8.671,4.128,1.903,1.0,1.0,0.0,0.0,0.0,0.0,0.0,0.0,0.0,30.0,0.0
query_0021,R00361,2,0.0,0.7556,0.0,0.0769,0.0,3.0,14.0,0.2143,0.3,0.0,0.0,3.0,0.5811,0.0,159.442,2.503,13.844,11.706,3.961,1.0,1.0,0.0,0.0,0.0,0.0,0.0,0.0,0.0,45.0,0.0
query_0021,R10307,2,0.0,0.753,0.0,0.0667,0.0,2.0,15.0,0.1333,0.2105,0.0,0.0,2.0,0.7595,0.0,70.243,2.338,15.733,0.5,1.476,1.0,1.0,0.0,0.0,0.0,0.0,0.0,0.0,0.0,25.0,0.0
query_0022,R04063,1,0.3354,0.0,1.0,0.0,0.0,5.0,14.0,0.3571,0.3,0.0,0.0,5.0,0.9085,0.0,145.774,14.488,6.753,6.825,1.588,1.0,0.0,0.0,0.0,0.0,0.0,0.0,0.0,0.0,55.0,0.0
query_0022,R01929,1,0.3196,0.0,0.5,0.0,0.0,5.0,14.0,0.3571,0.3182,0.0,0.0,5.0,0.2939,0.0,453.054,30.966,14.302,32.049,2.428,1.0,1.0,0.0,0.0,0.0,0.0,0.0,0.0,0.0,55.0,0.0
query_0022,R09555,2,0.3123,0.7474,0.3333,0.0556,1.0,5.0,22.0,0.2273,0.3333,0.0,0.0,5.0,0.8946,0.0,152.68,4.466,22.063,6.734,4.466,1.0,0.0,0.0,0.0,0.0,0.0,0.0,0.0,0.0,55.0,0.0
query_0022,R08058,1,0.3101,0.0,0.25,0.0,0.0,5.0,15.0,0.3333,0.2857,0.0,0.0,5.0,0.7697,0.0,215.126,15.413,21.76,7.144,1.853,1.0,0.0,0.0,0.0,0.0,0.0,0.0,0.0,0.0,55.0,0.0
query_0022,R03866,1,0.3037,0.0,0.2,0.0,0.0,4.0,13.0,0.3077,0.2222,0.0,0.0,4.0,0.4109,0.0,394.53,57.35,22.938,8.636,5.444,1.0,0.0,0.0,0.0,0.0,0.0,0.0,0.0,0.0,30.0,0.0
query_0022,R04314,2,0.2882,0.7447,0.1667,0.0417,1.0,5.0,16.0,0.3125,0.2609,0.0,0.0,4.0,1.088,0.0,56.004,0.674,4.051,4.363,0.672,1.0,0.0,0.0,0.0,0.0,0.0,0.0,0.0,0.0,60.0,0.0
query_0022,R00555,1,0.281,0.0,0.1429,0.0,0.0,5.0,14.0,0.3571,0.3333,0.0,0.0,5.0,0.9131,0.0,143.436,16.852,5.191,6.005,1.292,1.0,0.0,0.0,0.0,0.0,0.0,0.0,0.0,0.0,50.0,0.0
query_0022,R11742,2,0.2799,0.7537,0.125,0.1,1.0,5.0,16.0,0.3125,0.2917,0.0,0.0,5.0,1.0135,0.0,93.263,14.121,4.316,2.102,0.915,1.0,0.0,0.0,0.0,0.0,0.0,0.0,0.0,0.0,60.0,0.0
query_0022,R01335,2,0.2606,0.7577,0.1111,0.1111,1.0,5.0,16.0,0.3125,0.2917,0.0,0.0,5.0,0.881,0.0,159.52,18.527,14.362,3.603,3.116,1.0,0.0,0.0,0.0,0.0,0.0,0.0,0.0,0.0,45.0,0.0
query_0022,R04795,1,0.2575,0.0,0.1,0.0,0.0,4.0,16.0,0.25,0.25,0.0,0.0,4.0,0.9731,0.0,113.462,2.735,11.204,6.774,3.221,1.0,1.0,0.0,0.0,0.0,0.0,0.0,0.0,0.0,100.0,0.0
query_0022,R08572,1,0.2506,0.0,0.0909,0.0,0.0,3.0,12.0,0.25,0.2105,0.0,0.0,3.0,1.066,0.0,67.016,1.945,6.984,3.892,2.414,1.0,1.0,0.0,0.0,0.0,0.0,0.0,0.0,0.0,40.0,0.0
query_0022,R07526,1,0.2481,0.0,0.0833,0.0,0.0,4.0,16.0,0.25,0.25,0.0,0.0,4.0,0.6643,0.0,267.825,28.93,12.668,11.502,3.162,1.0,1.0,0.0,0.0,0.0,0.0,0.0,0.0,0.0,55.0,0.0
query_0022,R02058,1,0.2444,0.0,0.0769,0.0,0.0,5.0,17.0,0.2941,0.3043,0.0,0.0,5.0,0.9987,0.0,100.674,13.747,2.454,3.759,0.493,1.0,0.0,0.0,0.0,0.0,0.0,0.0,0.0,0.0,75.0,0.0
query_0022,R01288,1,0.2441,0.0,0.0714,0.0,0.0,5.0,14.0,0.3571,0.2727,0.0,0.0,3.0,0.966,0.0,116.982,13.584,4.433,4.746,0.667,1.0,1.0,0.0,0.0,0.0,0.0,0.0,0.0,0.0,25.0,0.0
query_0022,R00293,1,0.237,0.0,0.0667,0.0,0.0,3.0,13.0,0.2308,0.2222,0.0,0.0,3.0,1.1213,0.0,39.375,1.094,8.922,0.19,1.04,1.0,1.0,0.0,0.0,0.0,0.0,0.0,0.0,0.0,30.0,0.0
query_0022,R02524,1,0.236,0.0,0.0625,0.0,0.0,5.0,17.0,0.2941,0.2143,0.0,0.0,3.0,0.0746,0.0,637.316,63.099,32.402,30.271,7.902,1.0,1.0,0.0,0.0,0.0,0.0,0.0,0.0,0.0,40.0,0.0
query_0022,R02774,1,0.2353,0.0,0.0588,0.0,0.0,2.0,13.0,0.1538,0.1579,0.0,0.0,2.0,0.8835,0.0,158.273,9.283,13.938,8.317,3.564,1.0,1.0,0.0,0.0,0.0,0.0,0.0,0.0,0.0,20.0,0.0
query_0022,R05110,1,0.2348,0.0,0.0556,0.0,0.0,5.0,14.0,0.3571,0.2727,0.0,0.0,3.0,0.9321,0.0,133.948,13.584,4.433,6.668,0.667,1.0,1.0,0.0,0.0,0.0,0.0,0.0,0.0,0.0,25.0,0.0
query_0022,R13345,1,0.2345,0.0,0.0526,0.0,0.0,4.0,14.0,0.2857,0.25,0.0,0.0,4.0,1.1129,0.0,43.526,1.345,9.941,0.125,1.232,1.0,1.0,0.0,0.0,0.0,0.0,0.0,0.0,0.0,80.0,0.0
query_0022,R01054,1,0.234,0.0,0.05,0.0,0.0,3.0,12.0,0.25,0.2222,0.0,0.0,3.0,1.129,0.0,35.522,1.897,6.76,0.432,2.378,1.0,1.0,0.0,0.0,0.0,0.0,0.0,0.0,0.0,40.0,0.0
query_0022,R04706,1,0.2291,0.0,0.0476,0.0,0.0,4.0,21.0,0.1905,0.2333,0.0,0.0,4.0,0.8746,0.0,162.691,6.41,14.11,9.838,3.484,1.0,1.0,0.0,0.0,0.0,0.0,0.0,0.0,0.0,60.0,0.0
query_0022,R01246,1,0.2268,0.0,0.0455,0.0,0.0,5.0,17.0,0.2941,0.2308,0.0,0.0,5.0,0.7672,0.0,216.397,28.714,11.564,6.195,3.494,1.0,0.0,0.0,0.0,0.0,0.0,0.0,0.0,0.0,55.0,0.0
query_0022,R13243,2,0.2251,0.7387,0.0435,0.0286,1.0,5.0,15.0,0.3333,0.3043,0.0,0.0,5.0,0.8101,0.0,194.961,24.385,17.855,3.677,3.467,1.0,0.0,0.0,0.0,0.0,0.0,0.0,0.0,0.0,70.0,0.0
query_0022,R05205,1,0.2235,0.0,0.0417,0.0,0.0,4.0,21.0,0.1905,0.2917,0.0,0.0,4.0,0.8092,0.0,195.414,11.097,15.758,10.56,3.567,1.0,1.0,0.0,0.0,0.0,0.0,0.0,0.0,0.0,60.0,0.0
query_0022,R01650,1,0.2226,0.0,0.04,0.0,0.0,3.0,9.0,0.3333,0.3333,0.0,0.0,3.0,1.1572,0.0,21.401,0.692,4.904,0.093,0.755,1.0,1.0,0.0,0.0,0.0,0.0,0.0,0.0,0.0,40.0,0.0
query_0022,R05813,2,0.2225,0.0,0.0385,0.0,0.0,4.0,9.0,0.4444,0.3333,0.0,0.0,2.0,0.638,0.0,280.991,28.119,3.195,17.011,0.747,1.0,1.0,0.0,0.0,0.0,0.0,0.0,0.0,0.0,50.0,0.0
query_0022,R04152,2,0.2194,0.7446,0.037,0.04,1.0,5.0,20.0,0.25,0.2593,0.0,0.0,3.0,0.8147,0.0,192.665,17.328,13.762,8.025,2.754,1.0,0.0,0.0,0.0,0.0,0.0,0.0,0.0,0.0,30.0,0.0
query_0022,R01126,1,0.2178,0.0,0.0357,0.0,0.0,5.0,14.0,0.3571,0.2727,0.0,0.0,4.0,0.7924,0.0,203.819,8.471,37.228,3.044,5.795,1.0,1.0,0.0,0.0,0.0,0.0,0.0,0.0,0.0,45.0,0.0
query_0022,R00780,1,0.2153,0.0,0.0345,0.0,0.0,5.0,15.0,0.3333,0.25,0.0,0.0,3.0,0.3478,0.0,426.096,32.326,30.926,20.05,4.681,1.0,1.0,0.0,0.0,0.0,0.0,0.0,0.0,0.0,46.0,0.0
query_0022,R00211,2,0.2137,0.7516,0.0333,0.0714,1.0,5.0,14.0,0.3571,0.2857,0.0,0.0,4.0,0.9215,0.0,139.24,4.387,21.824,5.539,5.178,1.0,0.0,0.0,0.0,0.0,0.0,0.0,0.0,0.0,60.0,0.0
query_0022,R05879,2,0.2087,0.7448,0.0323,0.0435,1.0,5.0,18.0,0.2778,0.28,0.0,0.0,4.0,0.9482,0.0,125.879,2.594,14.582,7.471,3.02,1.0,0.0,0.0,0.0,0.0,0.0,0.0,0.0,0.0,45.0,0.0
query_0022,R00004,1,0.2085,0.0,0.0312,0.0,0.0,5.0,18.0,0.2778,0.2609,0.0,0.0,5.0,0.6304,0.0,284.788,29.331,14.582,12.469,3.02,1.0,0.0,0.0,0.0,0.0,0.0,0.0,0.0,0.0,45.0,0.0
query_0022,R04002,2,0.2074,0.7529,0.0303,0.0909,1.0,5.0,22.0,0.2273,0.2333,0.0,0.0,4.0,0.5495,0.0,325.256,30.151,16.716,15.781,3.428,1.0,0.0,0.0,0.0,0.0,0.0,0.0,0.0,0.0,45.0,0.0
query_0022,R02604,1,0.2071,0.0,0.0294,0.0,0.0,4.0,12.0,0.3333,0.3125,0.0,0.0,4.0,1.1293,0.0,35.33,1.346,7.627,0.515,2.13,1.0,1.0,0.0,0.0,0.0,0.0,0.0,0.0,0.0,30.0,0.0
query_0022,R02165,1,0.2065,0.0,0.0286,0.0,0.0,4.0,18.0,0.2222,0.2273,0.0,0.0,4.0,0.7292,0.0,235.42,27.707,6.032,10.856,1.077,1.0,1.0,0.0,0.0,0.0,0.0,0.0,0.0,0.0,55.0,0.0
query_0022,R05811,1,0.2064,0.0,0.0278,0.0,0.0,4.0,15.0,0.2667,0.2,0.0,0.0,4.0,0.2848,0.0,457.592,11.528,89.686,7.848,10.031,1.0,1.0,0.0,0.0,0.0,0.0,0.0,0.0,0.0,40.0,0.0
query_0022,R04972,1,0.2061,0.0,0.027,0.0,0.0,4.0,13.0,0.3077,0.3,0.0,0.0,4.0,0.4909,0.0,354.571,30.002,18.932,18.191,5.295,1.0,1.0,0.0,0.0,0.0,0.0,0.0,0.0,0.0,50.0,0.0
query_0022,R03552,1,0.2048,0.0,0.0263,0.0,0.0,5.0,13.0,0.3846,0.35,0.0,0.0,5.0,0.9377,0.0,131.145,17.273,6.946,3.808,1.787,1.0,0.0,0.0,0.0,0.0,0.0,0.0,0.0,0.0,40.0,0.0
query_0022,R01808,2,0.2044,0.0,0.0256,0.0,0.0,4.0,10.0,0.4,0.2857,0.0,0.0,4.0,0.8616,0.0,169.206,27.403,4.655,3.928,0.715,1.0,0.0,0.0,0.0,0.0,0.0,0.0,0.0,0.0,55.0,0.0
query_0022,R01872,1,0.2042,0.0,0.025,0.0,0.0,4.0,14.0,0.2857,0.2381,0.0,0.0,4.0,0.7525,0.0,223.737,28.304,9.036,8.075,1.865,1.0,0.0,0.0,0.0,0.0,0.0,0.0,0.0,0.0,40.0,0.0
query_0023,R04648,1,0.225,0.0,1.0,0.0,0.0,4.0,11.0,0.3636,0.4,0.0,0.0,2.0,0.4364,0.0,131.79,7.902,24.419,1.111,6.035,1.0,1.0,0.0,0.0,0.0,0.0,0.0,0.0,0.0,35.0,0.0
query_0023,R02942,2,0.2247,0.7777,0.5,0.5,1.0,4.0,11.0,0.3636,0.4,0.0,0.0,2.0,0.1338,0.0,283.085,14.28,42.433,7.538,10.126,1.0,1.0,0.0,0.0,0.0,0.0,0.0,0.0,0.0,30.0,0.0
query_0023,R08872,2,0.2137,0.7483,0.3333,0.0714,1.0,4.0,12.0,0.3333,0.4444,0.0,0.0,2.0,0.3901,0.0,154.966,6.926,19.813,5.979,5.453,1.0,1.0,0.0,0.0,0.0,0.0,0.0,0.0,0.0,45.0,0.0
query_0023,R02406,1,0.2089,0.0,0.25,0.0,0.0,2.0,12.0,0.1667,0.4,0.0,0.0,2.0,0.3941,0.0,152.957,6.83,19.576,5.86,5.397,1.0,1.0,0.0,0.0,0.0,0.0,0.0,0.0,0.0,45.0,0.0
query_0023,R03362,1,0.1874,0.0,0.2,0.0,0.0,2.0,16.0,0.125,0.24,0.0,0.0,2.0,0.3938,0.0,153.117,8.426,30.051,1.105,6.445,1.0,1.0,0.0,0.0,0.0,0.0,0.0,0.0,0.0,50.0,0.0
query_0023,R02191,1,0.174,0.0,0.1667,0.0,0.0,3.0,17.0,0.1765,0.2083,0.0,0.0,1.0,0.3622,0.0,168.889,2.783,15.788,11.535,2.647,1.0,1.0,0.0,0.0,0.0,0.0,0.0,0.0,0.0,40.0,0.0
query_0023,R04419,1,0.1734,0.0,0.1429,0.0,0.0,4.0,27.0,0.1481,0.2571,0.0,0.0,2.0,0.3004,0.0,199.789,5.419,21.093,11.657,5.972,1.0,1.0,0.0,0.0,0.0,0.0,0.0,0.0,0.0,40.0,0.0
query_0023,R07279,1,0.1723,0.0,0.125,0.0,0.0,3.0,12.0,0.25,0.2632,0.0,0.0,1.0,0.4674,0.0,116.297,1.284,4.712,11.011,2.595,1.0,1.0,0.0,0.0,0.0,0.0,0.0,0.0,0.0,20.0,0.0
query_0023,R01591,1,0.1701,0.0,0.1111,0.0,0.0,3.0,11.0,0.2727,0.2941,0.0,0.0,1.0,0.002,0.0,351.014,5.849,63.786,7.508,1.746,1.0,1.0,0.0,0.0,0.0,0.0,0.0,0.0,0.0,65.0,0.0
query_0023,R05543,2,0.1696,0.7579,0.1,0.1,1.0,4.0,9.0,0.4444,0.5,0.0,0.0,2.0,0.1525,0.0,273.727,15.997,45.896,3.628,11.053,1.0,1.0,0.0,0.0,0.0,0.0,0.0,0.0,0.0,25.0,0.0
query_0023,R01504,1,0.1678,0.0,0.0909,0.0,0.0,4.0,16.0,0.25,0.2692,0.0,0.0,2.0,0.6135,0.0,43.241,1.046,3.949,2.717,0.749,1.0,1.0,0.0,0.0,0.0,0.0,0.0,0.0,0.0,55.0,0.0
query_0023,R13368,1,0.1661,0.0,0.0833,0.0,0.0,2.0,7.0,0.2857,0.3,0.0,0.0,1.0,0.4287,0.0,135.662,4.681,22.778,5.108,3.831,1.0,1.0,0.0,0.0,0.0,0.0,0.0,0.0,0.0,10.0,0.0
query_0023,R01118,1,0.1655,0.0,0.0769,0.0,0.0,2.0,12.0,0.1667,0.25,0.0,0.0,1.0,0.6017,0.0,49.148,0.717,2.443,4.396,0.823,1.0,1.0,0.0,0.0,0.0,0.0,0.0,0.0,0.0,40.0,0.0
query_0023,R01513,1,0.1648,0.0,0.0667,0.0,0.0,4.0,11.0,0.3636,0.4444,0.0,0.0,2.0,0.2855,0.0,207.24,12.518,38.17,1.173,8.884,1.0,1.0,0.0,0.0,0.0,0.0,0.0,0.0,0.0,25.0,0.0
query_0023,R09551,2,0.1642,0.7461,0.0625,0.0667,1.0,4.0,13.0,0.3077,0.4,0.0,0.0,2.0,0.2744,0.0,212.775,12.789,39.367,1.234,9.256,1.0,1.0,0.0,0.0,0.0,0.0,0.0,0.0,0.0,35.0,0.0
query_0023,R01643,1,0.1635,0.0,0.0588,0.0,0.0,2.0,14.0,0.1429,0.1765,0.0,0.0,0.0,0.1566,0.0,271.724,3.624,39.376,10.681,0.599,1.0,1.0,0.0,0.0,0.0,0.0,0.0,0.0,0.0,45.0,0.0
query_0023,R02760,1,0.1605,0.0,0.0556,0.0,0.0,2.0,13.0,0.1538,0.1667,0.0,0.0,1.0,0.4781,0.0,110.941,1.694,11.085,7.41,2.387,1.0,1.0,0.0,0.0,0.0,0.0,0.0,0.0,0.0,30.0,0.0
query_0023,R06920,2,0.1604,0.7759,0.0526,0.25,1.0,3.0,15.0,0.2,0.2727,0.0,0.0,2.0,0.0054,0.0,352.691,19.5,60.578,5.179,14.512,1.0,1.0,0.0,0.0,0.0,0.0,0.0,0.0,0.0,35.0,0.0
query_0023,R03459,1,0.158,0.0,0.05,0.0,0.0,2.0,10.0,0.2,0.4615,0.0,0.0,1.0,0.1294,0.0,285.301,1.404,5.673,29.526,1.208,1.0,1.0,0.0,0.0,0.0,0.0,0.0,0.0,0.0,55.0,0.0
query_0023,R00642,1,0.1549,0.0,0.0476,0.0,0.0,1.0,9.0,0.1111,0.1429,0.0,0.0,1.0,0.2757,0.0,487.846,21.697,88.731,5.676,13.283,1.0,1.0,0.0,0.0,0.0,0.0,0.0,0.0,0.0,40.0,0.0
query_0023,R06267,1,0.1546,0.0,0.0455,0.0,0.0,2.0,15.0,0.1333,0.1429,0.0,0.0,1.0,0.5523,0.0,73.831,2.185,8.999,3.634,1.805,1.0,1.0,0.0,0.0,0.0,0.0,0.0,0.0,0.0,50.0,0.0
query_0023,R08549,1,0.1542,0.0,0.0435,0.0,0.0,1.0,6.0,0.1667,0.1429,0.0,0.0,0.0,0.0,0.0,0.0,0.0,0.0,0.0,0.0,1.0,1.0,0.0,0.0,0.0,0.0,0.0,0.0,0.0,30.0,0.0
query_0023,R02251,1,0.152,0.0,0.0417,0.0,0.0,4.0,12.0,0.3333,0.4211,0.0,0.0,2.0,0.4492,0.0,125.403,6.681,21.221,2.026,5.053,1.0,1.0,0.0,0.0,0.0,0.0,0.0,0.0,0.0,30.0,0.0
query_0023,R09052,1,0.1495,0.0,0.0385,0.0,0.0,3.0,12.0,0.25,0.2857,0.0,0.0,2.0,0.5649,0.0,67.559,3.742,13.379,0.54,2.658,1.0,1.0,0.0,0.0,0.0,0.0,0.0,0.0,0.0,75.0,0.0
query_0023,R04337,1,0.1492,0.0,0.037,0.0,0.0,2.0,8.0,0.25,0.5,0.0,0.0,1.0,0.3586,0.0,170.719,3.888,7.634,14.854,2.123,1.0,1.0,0.0,0.0,0.0,0.0,0.0,0.0,0.0,30.0,0.0
query_0023,R07008,2,0.1489,0.0,0.0357,0.0,0.0,4.0,10.0,0.4,0.4444,0.0,0.0,2.0,0.2872,0.0,206.395,12.913,37.907,1.231,9.639,1.0,1.0,0.0,0.0,0.0,0.0,0.0,0.0,0.0,50.0,0.0
query_0023,R05955,0,0.1472,0.0,0.0345,0.0,0.0,1.0,9.0,0.1111,0.2727,0.0,0.0,2.0,0.1715,0.0,264.266,7.114,22.061,17.282,5.702,1.0,1.0,0.0,0.0,0.0,0.0,0.0,0.0,0.0,40.0,0.0
query_0023,R00677,1,0.1467,0.0,0.0333,0.0,0.0,3.0,11.0,0.2727,0.3,0.0,0.0,1.0,0.3924,0.0,153.813,5.381,23.11,6.15,5.74,1.0,1.0,0.0,0.0,0.0,0.0,0.0,0.0,0.0,20.0,0.0
query_0023,R03515,2,0.1458,0.7449,0.0323,0.0625,1.0,2.0,16.0,0.125,0.375,0.0,0.0,1.0,0.4721,0.0,113.956,0.964,3.842,11.054,0.778,1.0,1.0,0.0,0.0,0.0,0.0,0.0,0.0,0.0,40.0,0.0
query_0023,R11322,1,0.1451,0.0,0.0312,0.0,0.0,2.0,9.0,0.2222,0.3077,0.0,0.0,2.0,0.1715,0.0,264.266,7.114,22.061,17.282,5.702,1.0,1.0,0.0,0.0,0.0,0.0,0.0,0.0,0.0,40.0,0.0
query_0023,R06127,0,0.1437,0.0,0.0303,0.0,0.0,2.0,11.0,0.1818,0.2353,0.0,0.0,0.0,0.6067,0.0,46.673,1.61,6.32,1.848,1.031,1.0,1.0,0.0,0.0,0.0,0.0,0.0,0.0,0.0,20.0,0.0
query_0023,R01863,2,0.1435,0.0,0.0294,0.0,0.0,4.0,9.0,0.4444,0.5333,0.0,0.0,2.0,0.3304,0.0,515.179,27.692,96.919,4.384,21.181,1.0,1.0,0.0,0.0,0.0,0.0,0.0,0.0,0.0,40.0,0.0
query_0023,R05567,0,0.1431,0.0,0.0286,0.0,0.0,2.0,15.0,0.1333,0.2273,0.0,0.0,1.0,0.557,0.0,71.485,1.636,8.671,4.128,1.903,1.0,1.0,0.0,0.0,0.0,0.0,0.0,0.0,0.0,30.0,0.0
query_0023,R00347,1,0.143,0.0,0.0278,0.0,0.0,2.0,8.0,0.25,0.3,0.0,0.0,0.0,0.6093,0.0,45.328,0.923,3.611,3.265,1.044,1.0,1.0,0.0,0.0,0.0,0.0,0.0,0.0,0.0,90.0,0.0
query_0023,R05789,1,0.1423,0.0,0.027,0.0,0.0,4.0,17.0,0.2353,0.32,0.0,0.0,2.0,0.3867,0.0,156.673,5.098,19.798,7.971,5.494,1.0,1.0,0.0,0.0,0.0,0.0,0.0,0.0,0.0,30.0,0.0
query_0023,R05655,1,0.1408,0.0,0.0263,0.0,0.0,3.0,11.0,0.2727,0.3333,0.0,0.0,2.0,0.5215,0.0,89.259,4.841,14.243,1.738,3.63,1.0,1.0,0.0,0.0,0.0,0.0,0.0,0.0,0.0,185.0,0.0
query_0023,R08978,1,0.1399,0.0,0.0256,0.0,0.0,2.0,10.0,0.2,0.25,0.0,0.0,2.0,0.4667,0.0,116.661,6.025,17.596,2.864,4.37,1.0,1.0,0.0,0.0,0.0,0.0,0.0,0.0,0.0,55.0,0.0
query_0023,R04185,1,0.1397,0.0,0.025,0.0,0.0,4.0,13.0,0.3077,0.4,0.0,0.0,2.0,0.2915,0.0,204.269,12.577,37.326,1.316,8.893,1.0,1.0,0.0,0.0,0.0,0.0,0.0,0.0,0.0,35.0,0.0
query_0023,R09634,2,0.0,0.7816,0.0,1.0,0.0,1.0,14.0,0.0714,0.1364,0.0,0.0,1.0,0.2839,0.0,208.072,4.477,30.126,8.909,4.322,1.0,1.0,0.0,0.0,0.0,0.0,0.0,0.0,0.0,50.0,0.0
query_0023,R00162,2,0.0,0.7771,0.0,0.3333,0.0,1.0,14.0,0.0714,0.1364,0.0,0.0,1.0,0.2792,0.0,210.381,4.502,30.16,9.156,4.322,1.0,1.0,0.0,0.0,0.0,0.0,0.0,0.0,0.0,50.0,0.0
query_0024,R07562,2,0.4549,0.0,1.0,0.0,0.0,4.0,16.0,0.25,0.2308,0.0,0.0,4.0,0.4899,0.0,155.044,6.766,33.633,1.114,6.719,1.0,1.0,0.0,0.0,0.0,0.0,0.0,0.0,0.0,40.0,0.0
query_0024,R09106,1,0.3425,0.0,0.5,0.0,0.0,3.0,12.0,0.25,0.3,0.0,0.0,2.0,0.413,0.0,193.492,8.249,26.747,7.992,8.409,1.0,1.0,0.0,0.0,0.0,0.0,0.0,0.0,0.0,45.0,0.0
query_0024,R04134,1,0.3087,0.0,0.25,0.0,0.0,3.0,8.0,0.375,0.4286,0.0,0.0,3.0,0.5302,0.0,134.881,4.299,16.74,6.867,3.83,1.0,1.0,0.0,0.0,0.0,0.0,0.0,0.0,0.0,40.0,0.0
query_0024,R04987,1,0.2582,0.0,0.1667,0.0,0.0,2.0,18.0,0.1111,0.1538,0.0,0.0,2.0,0.4784,0.0,160.791,2.326,12.588,11.974,2.667,1.0,1.0,0.0,0.0,0.0,0.0,0.0,0.0,0.0,35.0,0.0
query_0024,R00962,1,0.2573,0.0,0.1429,0.0,0.0,1.0,9.0,0.1111,0.1176,0.0,0.0,1.0,0.6221,0.0,88.957,4.011,11.384,4.367,4.263,1.0,1.0,0.0,0.0,0.0,0.0,0.0,0.0,0.0,40.0,0.0
query_0024,R08245,1,0.2554,0.0,0.125,0.0,0.0,3.0,16.0,0.1875,0.2609,0.0,0.0,3.0,0.6869,0.0,56.55,1.883,9.111,1.934,2.392,1.0,1.0,0.0,0.0,0.0,0.0,0.0,0.0,0.0,50.0,0.0
query_0024,R00282,1,0.244,0.0,0.1111,0.0,0.0,2.0,12.0,0.1667,0.1818,0.0,0.0,2.0,0.4639,0.0,168.069,3.716,25.563,6.541,4.145,1.0,1.0,0.0,0.0,0.0,0.0,0.0,0.0,0.0,35.0,0.0
query_0024,R00121,1,0.2387,0.0,0.1,0.0,0.0,4.0,18.0,0.2222,0.2581,0.0,0.0,3.0,0.0125,0.0,406.266,10.724,77.472,7.935,9.751,1.0,1.0,0.0,0.0,0.0,0.0,0.0,0.0,0.0,30.0,0.0
query_0024,R05288,1,0.2278,0.0,0.0909,0.0,0.0,3.0,17.0,0.1765,0.1852,0.0,0.0,3.0,0.3997,0.0,200.155,5.427,32.73,6.513,6.021,1.0,1.0,0.0,0.0,0.0,0.0,0.0,0.0,0.0,30.0,0.0
query_0024,R02238,1,0.2237,0.0,0.0833,0.0,0.0,3.0,16.0,0.1875,0.1786,0.0,0.0,3.0,0.0389,0.0,419.452,17.207,53.355,19.919,15.5,1.0,1.0,0.0,0.0,0.0,0.0,0.0,0.0,0.0,71.0,0.0
query_0024,R01760,1,0.2186,0.0,0.0769,0.0,0.0,2.0,15.0,0.1333,0.1538,0.0,0.0,2.0,0.4591,0.0,170.463,4.332,28.449,5.114,4.081,1.0,1.0,0.0,0.0,0.0,0.0,0.0,0.0,0.0,35.0,0.0
query_0024,R04310,1,0.2154,0.0,0.0714,0.0,0.0,4.0,25.0,0.16,0.175,0.0,0.0,4.0,0.4939,0.0,153.056,4.594,27.01,4.045,5.217,1.0,1.0,0.0,0.0,0.0,0.0,0.0,0.0,0.0,50.0,0.0
query_0024,R05334,1,0.2127,0.0,0.0667,0.0,0.0,2.0,18.0,0.1111,0.1667,0.0,0.0,2.0,0.2337,0.0,283.171,6.819,53.631,6.402,7.147,1.0,1.0,0.0,0.0,0.0,0.0,0.0,0.0,0.0,50.0,0.0
query_0024,R00515,1,0.2115,0.0,0.0625,0.0,0.0,1.0,13.0,0.0769,0.0952,0.0,0.0,1.0,0.4663,0.0,166.874,7.098,24.646,6.952,7.781,1.0,1.0,0.0,0.0,0.0,0.0,0.0,0.0,0.0,25.0,0.0
query_0024,R06695,1,0.2047,0.0,0.0556,0.0,0.0,4.0,22.0,0.1818,0.1892,0.0,0.0,4.0,0.2255,0.0,512.728,12.143,110.185,2.803,6.765,1.0,1.0,0.0,0.0,0.0,0.0,0.0,0.0,0.0,60.0,0.0
query_0024,R02812,1,0.1891,0.0,0.0526,0.0,0.0,2.0,15.0,0.1333,0.1579,0.0,0.0,2.0,0.5688,0.0,115.58,4.563,24.218,1.215,4.309,1.0,1.0,0.0,0.0,0.0,0.0,0.0,0.0,0.0,45.0,0.0
query_0024,R02482,1,0.1889,0.0,0.05,0.0,0.0,4.0,25.0,0.16,0.1724,0.0,0.0,4.0,0.5592,0.0,120.424,4.496,26.624,0.492,4.964,1.0,1.0,0.0,0.0,0.0,0.0,0.0,0.0,0.0,50.0,0.0
query_0024,R01103,1,0.1882,0.0,0.0476,0.0,0.0,2.0,16.0,0.125,0.1111,0.0,0.0,2.0,0.4157,0.0,192.134,10.784,30.151,3.866,7.793,1.0,1.0,0.0,0.0,0.0,0.0,0.0,0.0,0.0,50.0,0.0
query_0024,R02603,1,0.1872,0.0,0.0455,0.0,0.0,4.0,27.0,0.1481,0.1591,0.0,0.0,4.0,0.4835,0.0,158.25,3.725,20.808,8.166,4.935,1.0,1.0,0.0,0.0,0.0,0.0,0.0,0.0,0.0,35.0,0.0
query_0024,R07771,1,0.1857,0.0,0.0435,0.0,0.0,2.0,20.0,0.1,0.0938,0.0,0.0,2.0,0.487,0.0,156.494,6.401,21.57,6.614,6.505,1.0,1.0,0.0,0.0,0.0,0.0,0.0,0.0,0.0,50.0,0.0
query_0024,R02674,1,0.1834,0.0,0.0417,0.0,0.0,3.0,21.0,0.1429,0.1379,0.0,0.0,3.0,0.5588,0.0,120.591,2.682,13.655,7.055,3.909,1.0,1.0,0.0,0.0,0.0,0.0,0.0,0.0,0.0,60.0,0.0
query_0024,R09174,1,0.1602,0.0,0.0385,0.0,0.0,3.0,27.0,0.1111,0.122,0.0,0.0,3.0,0.3087,0.0,554.374,10.257,94.006,15.153,5.354,1.0,1.0,0.0,0.0,0.0,0.0,0.0,0.0,0.0,65.0,0.0
query_0024,R10582,2,0.1563,0.7295,0.037,0.0357,1.0,4.0,18.0,0.2222,0.2414,0.0,0.0,4.0,0.3636,0.0,218.188,6.51,32.839,8.5,6.118,1.0,1.0,0.0,0.0,0.0,0.0,0.0,0.0,0.0,50.0,0.0
query_0024,R00166,1,0.153,0.0,0.0357,0.0,0.0,4.0,41.0,0.0976,0.1379,0.0,0.0,3.0,0.3031,0.0,551.546,14.971,119.222,2.803,10.67,1.0,1.0,0.0,0.0,0.0,0.0,0.0,0.0,0.0,90.0,0.0
query_0024,R02005,1,0.1527,0.0,0.0345,0.0,0.0,1.0,15.0,0.0667,0.087,0.0,0.0,1.0,0.558,0.0,121.007,3.47,12.775,7.082,2.774,1.0,1.0,0.0,0.0,0.0,0.0,0.0,0.0,0.0,35.0,0.0
query_0024,R09323,1,0.1428,0.0,0.0333,0.0,0.0,3.0,13.0,0.2308,0.3125,0.0,0.0,3.0,0.5551,0.0,122.451,4.673,17.22,5.331,3.918,1.0,1.0,0.0,0.0,0.0,0.0,0.0,0.0,0.0,40.0,0.0
query_0024,R07967,2,0.1404,0.7363,0.0323,0.0526,1.0,3.0,12.0,0.25,0.2632,0.0,0.0,3.0,0.4197,0.0,190.149,7.226,33.451,4.534,7.565,1.0,1.0,0.0,0.0,0.0,0.0,0.0,0.0,0.0,50.0,0.0
query_0024,R00227,1,0.1359,0.0,0.0312,0.0,0.0,3.0,8.0,0.375,0.4,0.0,0.0,3.0,0.6646,0.0,67.684,1.642,13.168,1.259,1.518,1.0,1.0,0.0,0.0,0.0,0.0,0.0,0.0,0.0,40.0,0.0
query_0024,R03576,1,0.1352,0.0,0.0303,0.0,0.0,4.0,13.0,0.3077,0.35,0.0,0.0,4.0,0.0988,0.0,350.623,11.07,65.209,6.387,8.481,1.0,1.0,0.0,0.0,0.0,0.0,0.0,0.0,0.0,60.0,0.0
query_0024,R00210,2,0.134,0.73,0.0294,0.037,1.0,3.0,16.0,0.1875,0.24,0.0,0.0,3.0,0.0881,0.0,355.937,11.951,64.293,7.262,8.755,1.0,1.0,0.0,0.0,0.0,0.0,0.0,0.0,0.0,30.0,0.0
query_0024,R03668,2,0.1337,0.7351,0.0286,0.05,1.0,3.0,20.0,0.15,0.24,0.0,0.0,2.0,0.5718,0.0,114.096,2.524,11.603,7.467,3.17,1.0,1.0,0.0,0.0,0.0,0.0,0.0,0.0,0.0,75.0,0.0
query_0024,R03897,2,0.1281,0.0,0.0256,0.0,0.0,2.0,4.0,0.5,0.6,0.0,0.0,2.0,0.797,0.0,1.52,0.054,0.348,0.011,0.047,1.0,1.0,0.0,0.0,0.0,0.0,0.0,0.0,0.0,15.0,0.0
query_0024,R00677,0,0.1263,0.0,0.025,0.0,0.0,2.0,11.0,0.1818,0.2,0.0,0.0,2.0,0.4924,0.0,153.813,5.381,23.11,6.15,5.74,1.0,1.0,0.0,0.0,0.0,0.0,0.0,0.0,0.0,20.0,0.0
query_0024,R02277,2,0.0,0.7747,0.0,1.0,0.0,2.0,9.0,0.2222,0.2308,0.0,0.0,2.0,0.1558,0.0,322.107,6.886,57.444,8.132,5.321,1.0,1.0,0.0,0.0,0.0,0.0,0.0,0.0,0.0,30.0,0.0
query_0024,R03969,2,0.0,0.7707,0.0,0.5,0.0,3.0,14.0,0.2143,0.2667,0.0,0.0,2.0,0.5889,0.0,105.569,1.823,4.988,9.294,1.139,1.0,1.0,0.0,0.0,0.0,0.0,0.0,0.0,0.0,40.0,0.0
query_0024,R03965,2,0.0,0.759,0.0,0.25,0.0,2.0,7.0,0.2857,0.3636,0.0,0.0,1.0,0.2222,0.0,288.896,4.49,38.073,13.942,3.766,1.0,1.0,0.0,0.0,0.0,0.0,0.0,0.0,0.0,70.0,0.0
query_0024,R02149,2,0.0,0.7565,0.0,0.2,0.0,2.0,7.0,0.2857,0.375,0.0,0.0,2.0,0.7975,0.0,1.228,0.023,0.147,0.073,0.019,1.0,1.0,0.0,0.0,0.0,0.0,0.0,0.0,0.0,40.0,0.0
query_0024,R06250,2,0.0,0.7502,0.0,0.1667,0.0,3.0,18.0,0.1667,0.2,0.0,0.0,2.0,0.0068,0.0,396.606,5.33,15.137,38.612,2.092,1.0,1.0,0.0,0.0,0.0,0.0,0.0,0.0,0.0,50.0,0.0
query_0024,R02229,2,0.0,0.749,0.0,0.1429,0.0,1.0,12.0,0.0833,0.1111,0.0,0.0,1.0,0.41,0.0,194.983,3.933,38.24,3.677,3.401,1.0,1.0,0.0,0.0,0.0,0.0,0.0,0.0,0.0,50.0,0.0
query_0024,R00203,2,0.0,0.747,0.0,0.1111,0.0,3.0,16.0,0.1875,0.1786,0.0,0.0,3.0,0.5557,0.0,122.149,3.147,20.342,4.064,3.39,1.0,1.0,0.0,0.0,0.0,0.0,0.0,0.0,0.0,30.0,0.0
query_0025,R05591,2,0.3949,0.8085,1.0,0.25,1.0,3.0,8.0,0.375,0.3636,0.0,0.0,3.0,0.7418,0.0,129.086,6.581,23.474,1.814,4.17,1.0,1.0,0.0,0.0,0.0,0.0,0.0,0.0,0.0,55.0,0.0
query_0025,R02831,2,0.3805,0.8152,0.5,0.5,1.0,3.0,12.0,0.25,0.25,0.0,0.0,3.0,0.6004,0.0,199.803,7.719,25.93,8.682,5.029,1.0,1.0,0.0,0.0,0.0,0.0,0.0,0.0,0.0,65.0,0.0
query_0025,R08662,2,0.3596,0.0,0.3333,0.0,0.0,3.0,15.0,0.2,0.1905,0.0,0.0,3.0,0.5775,0.0,211.258,9.705,34.143,4.949,6.057,1.0,1.0,0.0,0.0,0.0,0.0,0.0,0.0,0.0,90.0,0.0
query_0025,R02515,2,0.3192,0.7819,0.25,0.0333,1.0,3.0,18.0,0.1667,0.2,0.0,0.0,3.0,0.3759,0.0,312.046,12.761,44.798,10.569,8.235,1.0,1.0,0.0,0.0,0.0,0.0,0.0,0.0,0.0,60.0,0.0
query_0025,R04402,2,0.3073,0.8134,0.2,0.3333,1.0,3.0,12.0,0.25,0.2222,0.0,0.0,3.0,0.308,0.0,345.992,13.531,52.824,10.931,8.961,1.0,1.0,0.0,0.0,0.0,0.0,0.0,0.0,0.0,35.0,0.0
query_0025,R10121,1,0.3001,0.0,0.1667,0.0,0.0,2.0,9.0,0.2222,0.2143,0.0,0.0,2.0,0.8382,0.0,80.918,4.15,14.137,1.212,2.395,1.0,1.0,0.0,0.0,0.0,0.0,0.0,0.0,0.0,330.0,0.0
query_0025,R00391,2,0.2968,0.7929,0.1429,0.0625,1.0,3.0,14.0,0.2143,0.2174,0.0,0.0,3.0,0.6056,0.0,197.19,7.255,25.469,8.469,4.482,1.0,1.0,0.0,0.0,0.0,0.0,0.0,0.0,0.0,45.0,0.0
query_0025,R03574,2,0.2802,0.7871,0.125,0.0435,1.0,3.0,12.0,0.25,0.2667,0.0,0.0,3.0,0.546,0.0,227.012,10.417,43.126,2.535,6.698,1.0,1.0,0.0,0.0,0.0,0.0,0.0,0.0,0.0,40.0,0.0
query_0025,R00717,2,0.274,0.7888,0.1111,0.05,1.0,2.0,11.0,0.1818,0.1765,0.0,0.0,1.0,0.4202,0.0,289.911,12.188,38.126,11.367,7.705,1.0,1.0,0.0,0.0,0.0,0.0,0.0,0.0,0.0,40.0,0.0
query_0025,R00643,1,0.2615,0.0,0.1,0.0,0.0,3.0,16.0,0.1875,0.2,0.0,0.0,2.0,0.7209,0.0,139.541,3.978,17.032,6.822,3.333,1.0,1.0,0.0,0.0,0.0,0.0,0.0,0.0,0.0,35.0,0.0
query_0025,R07025,1,0.255,0.0,0.0833,0.0,0.0,3.0,16.0,0.1875,0.2174,0.0,0.0,3.0,0.2946,0.0,352.691,16.223,54.638,9.361,9.783,1.0,1.0,0.0,0.0,0.0,0.0,0.0,0.0,0.0,50.0,0.0
query_0025,R13061,2,0.2532,0.7973,0.0769,0.0769,1.0,2.0,10.0,0.2,0.2,0.0,0.0,2.0,0.7544,0.0,122.814,5.78,19.639,2.8,3.292,1.0,1.0,0.0,0.0,0.0,0.0,0.0,0.0,0.0,35.0,0.0
query_0025,R02142,1,0.2493,0.0,0.0714,0.0,0.0,3.0,17.0,0.1765,0.1667,0.0,0.0,3.0,0.2203,0.0,389.832,13.788,47.971,17.996,10.011,1.0,1.0,0.0,0.0,0.0,0.0,0.0,0.0,0.0,55.0,0.0
query_0025,R08117,1,0.2175,0.0,0.0667,0.0,0.0,3.0,15.0,0.2,0.1429,0.0,0.0,2.0,0.8759,0.0,62.057,2.493,10.906,1.587,2.898,1.0,1.0,0.0,0.0,0.0,0.0,0.0,0.0,0.0,25.0,0.0
query_0025,R08626,1,0.2123,0.0,0.0625,0.0,0.0,3.0,30.0,0.1,0.1622,0.0,0.0,3.0,0.0036,0.0,501.796,15.439,82.289,13.331,8.121,1.0,1.0,0.0,0.0,0.0,0.0,0.0,0.0,0.0,60.0,0.0
query_0025,R06851,1,0.2052,0.0,0.0588,0.0,0.0,2.0,15.0,0.1333,0.1111,0.0,0.0,2.0,0.8167,0.0,91.671,1.301,7.616,6.812,1.93,1.0,1.0,0.0,0.0,0.0,0.0,0.0,0.0,0.0,50.0,0.0
query_0025,R04480,2,0.1978,0.8008,0.0556,0.1,1.0,3.0,19.0,0.1579,0.1667,0.0,0.0,3.0,0.5764,0.0,211.794,7.532,28.622,8.516,5.228,1.0,1.0,0.0,0.0,0.0,0.0,0.0,0.0,0.0,55.0,0.0
query_0025,R04259,1,0.1947,0.0,0.0526,0.0,0.0,4.0,25.0,0.16,0.125,0.0,0.0,2.0,0.6666,0.0,166.693,1.784,9.847,14.299,2.477,1.0,1.0,0.0,0.0,0.0,0.0,0.0,0.0,0.0,50.0,0.0
query_0025,R02683,1,0.1887,0.0,0.05,0.0,0.0,4.0,14.0,0.2857,0.2632,0.0,0.0,2.0,0.8124,0.0,93.825,1.458,8.105,6.903,2.345,1.0,1.0,0.0,0.0,0.0,0.0,0.0,0.0,0.0,60.0,0.0
query_0025,R02551,1,0.1691,0.0,0.0476,0.0,0.0,3.0,15.0,0.2,0.1905,0.0,0.0,3.0,0.6941,0.0,152.952,7.487,27.058,2.762,4.96,1.0,1.0,0.0,0.0,0.0,0.0,0.0,0.0,0.0,55.0,0.0
query_0025,R01561,1,0.1652,0.0,0.0455,0.0,0.0,3.0,14.0,0.2143,0.1818,0.0,0.0,3.0,0.7301,0.0,134.929,6.967,24.088,2.013,4.545,1.0,1.0,0.0,0.0,0.0,0.0,0.0,0.0,0.0,60.0,0.0
query_0025,R00152,2,0.1638,0.8058,0.0435,0.1429,1.0,1.0,11.0,0.0909,0.0625,0.0,0.0,0.0,0.9601,0.0,19.926,0.888,3.374,1.077,2.16,1.0,1.0,0.0,0.0,0.0,0.0,0.0,0.0,0.0,40.0,0.0
query_0025,R01074,1,0.1564,0.0,0.0417,0.0,0.0,3.0,29.0,0.1034,0.1613,0.0,0.0,2.0,0.4508,0.0,274.61,12.875,44.024,7.698,9.147,1.0,1.0,0.0,0.0,0.0,0.0,0.0,0.0,0.0,55.0,0.0
query_0025,R08548,2,0.1542,0.8205,0.04,1.0,1.0,3.0,11.0,0.2727,0.2632,0.0,0.0,3.0,0.4567,0.0,271.674,12.656,42.196,7.035,7.181,1.0,1.0,0.0,0.0,0.0,0.0,0.0,0.0,0.0,60.0,0.0
query_0025,R00210,2,0.1532,0.7785,0.0385,0.0286,1.0,3.0,16.0,0.1875,0.16,0.0,0.0,3.0,0.2881,0.0,355.937,11.951,64.293,7.262,8.755,1.0,1.0,0.0,0.0,0.0,0.0,0.0,0.0,0.0,30.0,0.0
query_0025,R08377,2,0.1528,0.7743,0.037,0.025,1.0,2.0,16.0,0.125,0.1176,0.0,0.0,2.0,0.9425,0.0,28.769,1.063,6.29,0.386,1.589,1.0,1.0,0.0,0.0,0.0,0.0,0.0,0.0,0.0,50.0,0.0
query_0025,R03605,2,0.1473,0.7771,0.0357,0.027,1.0,3.0,12.0,0.25,0.2222,0.0,0.0,3.0,0.7346,0.0,132.722,6.776,23.733,1.995,4.514,1.0,1.0,0.0,0.0,0.0,0.0,0.0,0.0,0.0,90.0,0.0
query_0025,R07015,2,0.1461,0.7894,0.0345,0.0526,1.0,1.0,8.0,0.125,0.0833,0.0,0.0,0.0,0.9326,0.0,33.683,0.233,0.685,3.474,0.315,1.0,1.0,0.0,0.0,0.0,0.0,0.0,0.0,0.0,425.0,0.0
query_0025,R05113,2,0.1418,0.7872,0.0333,0.0455,1.0,3.0,13.0,0.2308,0.2105,0.0,0.0,2.0,0.9491,0.0,25.426,0.879,5.802,0.269,1.497,1.0,1.0,0.0,0.0,0.0,0.0,0.0,0.0,0.0,155.0,0.0
query_0025,R07200,0,0.1395,0.0,0.0312,0.0,0.0,3.0,16.0,0.1875,0.2222,0.0,0.0,3.0,0.6244,0.0,187.818,5.354,19.803,10.991,3.497,1.0,1.0,0.0,0.0,0.0,0.0,0.0,0.0,0.0,40.0,0.0
query_0025,R10266,0,0.1395,0.0,0.0303,0.0,0.0,2.0,12.0,0.1667,0.1905,0.0,0.0,2.0,0.2898,0.0,355.084,7.389,69.452,5.562,4.2,1.0,1.0,0.0,0.0,0.0,0.0,0.0,0.0,0.0,65.0,0.0
query_0025,R08474,2,0.1366,0.803,0.0294,0.1111,1.0,3.0,14.0,0.2143,0.2174,0.0,0.0,3.0,0.2666,0.0,633.322,25.216,109.354,14.591,17.613,1.0,1.0,0.0,0.0,0.0,0.0,0.0,0.0,0.0,75.0,0.0
query_0025,R01581,0,0.1298,0.0,0.0286,0.0,0.0,3.0,16.0,0.1875,0.1905,0.0,0.0,2.0,0.9227,0.0,38.625,1.486,8.526,0.465,2.263,1.0,1.0,0.0,0.0,0.0,0.0,0.0,0.0,0.0,50.0,0.0
query_0025,R04812,1,0.1265,0.0,0.0278,0.0,0.0,3.0,11.0,0.2727,0.2308,0.0,0.0,2.0,0.92,0.0,40.011,1.009,5.626,1.907,1.597,1.0,1.0,0.0,0.0,0.0,0.0,0.0,0.0,0.0,35.0,0.0
query_0025,R02542,0,0.1253,0.0,0.027,0.0,0.0,2.0,11.0,0.1818,0.125,0.0,0.0,2.0,0.9096,0.0,45.222,0.925,5.213,2.78,1.639,1.0,1.0,0.0,0.0,0.0,0.0,0.0,0.0,0.0,45.0,0.0
query_0025,R06799,0,0.1235,0.0,0.0263,0.0,0.0,0.0,7.0,0.0,0.1538,0.0,0.0,2.0,0.9559,0.0,22.07,0.844,4.961,0.15,1.212,1.0,1.0,0.0,0.0,0.0,0.0,0.0,0.0,0.0,35.0,0.0
query_0025,R07164,1,0.1223,0.0,0.0256,0.0,0.0,3.0,12.0,0.25,0.3,0.0,0.0,3.0,0.3845,0.0,307.73,14.656,57.489,3.7,9.109,1.0,1.0,0.0,0.0,0.0,0.0,0.0,0.0,0.0,20.0,0.0
query_0025,R03876,2,0.0,0.8082,0.0,0.2,0.0,3.0,13.0,0.2308,0.1765,0.0,0.0,1.0,0.894,0.0,53.022,0.792,5.499,3.544,1.228,1.0,1.0,0.0,0.0,0.0,0.0,0.0,0.0,0.0,20.0,0.0
query_0025,R00346,2,0.0,0.8082,0.0,0.1667,0.0,1.0,8.0,0.125,0.0909,0.0,0.0,0.0,0.987,0.0,6.479,0.256,1.484,0.051,0.352,1.0,1.0,0.0,0.0,0.0,0.0,0.0,0.0,0.0,50.0,0.0
query_0025,R02576,2,0.0,0.8045,0.0,0.125,0.0,1.0,10.0,0.1,0.1176,0.0,0.0,1.0,0.5231,0.0,238.465,11.208,34.66,7.047,6.144,1.0,1.0,0.0,0.0,0.0,0.0,0.0,0.0,0.0,180.0,0.0
query_0027,R02680,1,0.3063,0.0,1.0,0.0,0.0,2.0,15.0,0.1333,0.1304,0.0,0.0,0.0,0.1263,0.0,236.848,5.053,40.381,6.399,3.417,1.0,1.0,0.0,0.0,0.0,0.0,0.0,0.0,0.0,35.0,0.0
query_0027,R02435,1,0.2147,0.0,0.3333,0.0,0.0,2.0,10.0,0.2,0.3333,0.0,0.0,1.0,0.1051,0.0,247.43,5.226,48.277,3.777,2.329,1.0,1.0,0.0,0.0,0.0,0.0,0.0,0.0,0.0,60.0,0.0
query_0027,R10946,1,0.19,0.0,0.2,0.0,0.0,2.0,8.0,0.25,0.2727,0.0,0.0,1.0,0.5634,0.0,18.293,0.57,4.314,0.089,0.754,1.0,1.0,0.0,0.0,0.0,0.0,0.0,0.0,0.0,10.0,0.0
query_0027,R05644,2,0.1894,0.7355,0.1429,0.0588,1.0,2.0,13.0,0.1538,0.3529,0.0,0.0,1.0,0.2938,0.0,153.122,4.344,20.189,7.452,3.377,1.0,1.0,0.0,0.0,0.0,0.0,0.0,0.0,0.0,35.0,0.0
query_0027,R08034,1,0.1845,0.0,0.1111,0.0,0.0,2.0,18.0,0.1111,0.3043,0.0,0.0,1.0,0.3806,0.0,109.71,2.173,10.707,7.343,2.403,1.0,1.0,0.0,0.0,0.0,0.0,0.0,0.0,0.0,60.0,0.0
query_0027,R04064,1,0.1821,0.0,0.1,0.0,0.0,2.0,16.0,0.125,0.2778,0.0,0.0,1.0,0.3491,0.0,125.463,2.878,25.764,1.532,2.115,1.0,1.0,0.0,0.0,0.0,0.0,0.0,0.0,0.0,40.0,0.0
query_0027,R04288,1,0.181,0.0,0.0909,0.0,0.0,2.0,13.0,0.1538,0.4,0.0,0.0,1.0,0.3072,0.0,146.395,9.501,4.787,10.197,0.696,1.0,1.0,0.0,0.0,0.0,0.0,0.0,0.0,0.0,50.0,0.0
query_0027,R08163,1,0.1805,0.0,0.0833,0.0,0.0,3.0,15.0,0.2,0.2174,0.0,0.0,1.0,0.5293,0.0,35.37,0.492,3.38,2.464,0.908,1.0,1.0,0.0,0.0,0.0,0.0,0.0,0.0,0.0,35.0,0.0
query_0027,R08342,1,0.1763,0.0,0.0667,0.0,0.0,2.0,21.0,0.0952,0.28,0.0,0.0,1.0,0.3293,0.0,135.339,7.092,19.473,4.689,4.713,1.0,1.0,0.0,0.0,0.0,0.0,0.0,0.0,0.0,80.0,0.0
query_0027,R00480,2,0.1761,0.7598,0.0625,1.0,1.0,3.0,16.0,0.1875,0.3333,0.0,0.0,1.0,0.4589,0.0,70.526,5.412,7.713,2.424,1.158,1.0,1.0,0.0,0.0,0.0,0.0,0.0,0.0,0.0,55.0,0.0
query_0027,R10544,1,0.1739,0.0,0.0556,0.0,0.0,1.0,13.0,0.0769,0.0952,0.0,0.0,0.0,0.3693,0.0,115.361,2.523,12.597,7.41,2.535,1.0,1.0,0.0,0.0,0.0,0.0,0.0,0.0,0.0,50.0,0.0
query_0027,R09487,1,0.1706,0.0,0.0526,0.0,0.0,1.0,18.0,0.0556,0.0385,0.0,0.0,1.0,0.1944,0.0,202.821,4.244,38.323,3.819,2.434,1.0,1.0,0.0,0.0,0.0,0.0,0.0,0.0,0.0,60.0,0.0
query_0027,R01107,1,0.1706,0.0,0.05,0.0,0.0,2.0,9.0,0.2222,0.2308,0.0,0.0,1.0,0.4765,0.0,61.742,1.09,7.3,3.666,1.573,1.0,1.0,0.0,0.0,0.0,0.0,0.0,0.0,0.0,15.0,0.0
query_0027,R02152,1,0.1704,0.0,0.0476,0.0,0.0,2.0,14.0,0.1429,0.1429,0.0,0.0,1.0,0.4865,0.0,56.754,2.407,12.069,0.654,2.938,1.0,1.0,0.0,0.0,0.0,0.0,0.0,0.0,0.0,35.0,0.0
query_0027,R09083,1,0.1698,0.0,0.0455,0.0,0.0,2.0,13.0,0.1538,0.1765,0.0,0.0,1.0,0.4623,0.0,68.843,1.827,8.537,3.706,1.84,1.0,1.0,0.0,0.0,0.0,0.0,0.0,0.0,0.0,45.0,0.0
query_0027,R05315,1,0.1688,0.0,0.0435,0.0,0.0,2.0,14.0,0.1429,0.1765,0.0,0.0,1.0,0.4056,0.0,97.22,2.358,19.988,1.14,1.228,1.0,1.0,0.0,0.0,0.0,0.0,0.0,0.0,0.0,35.0,0.0
query_0027,R07505,1,0.1673,0.0,0.0417,0.0,0.0,2.0,10.0,0.2,0.3077,0.0,0.0,1.0,0.5544,0.0,22.817,0.681,5.354,0.118,1.276,1.0,1.0,0.0,0.0,0.0,0.0,0.0,0.0,0.0,55.0,0.0
query_0027,R10327,1,0.1665,0.0,0.04,0.0,0.0,2.0,13.0,0.1538,0.25,0.0,0.0,1.0,0.4987,0.0,50.627,5.385,6.441,0.678,0.996,1.0,1.0,0.0,0.0,0.0,0.0,0.0,0.0,0.0,25.0,0.0
query_0027,R09382,1,0.1652,0.0,0.0385,0.0,0.0,2.0,12.0,0.1667,0.1667,0.0,0.0,1.0,0.4856,0.0,57.185,1.244,7.26,3.181,2.207,1.0,1.0,0.0,0.0,0.0,0.0,0.0,0.0,0.0,35.0,0.0
query_0027,R01816,1,0.1636,0.0,0.037,0.0,0.0,2.0,10.0,0.2,0.2143,0.0,0.0,1.0,0.2148,0.0,192.622,4.988,41.517,1.413,4.233,1.0,1.0,0.0,0.0,0.0,0.0,0.0,0.0,0.0,40.0,0.0
query_0027,R09294,1,0.1619,0.0,0.0357,0.0,0.0,2.0,15.0,0.1333,0.2857,0.0,0.0,1.0,0.5426,0.0,28.679,2.554,4.434,0.312,0.934,1.0,1.0,0.0,0.0,0.0,0.0,0.0,0.0,0.0,45.0,0.0
query_0027,R02373,1,0.1618,0.0,0.0345,0.0,0.0,2.0,15.0,0.1333,0.1667,0.0,0.0,1.0,0.222,0.0,188.981,9.195,30.668,4.431,7.363,1.0,1.0,0.0,0.0,0.0,0.0,0.0,0.0,0.0,40.0,0.0
query_0027,R08919,1,0.1615,0.0,0.0333,0.0,0.0,2.0,14.0,0.1429,0.2353,0.0,0.0,1.0,0.1782,0.0,210.914,14.755,42.691,2.198,13.881,1.0,1.0,0.0,0.0,0.0,0.0,0.0,0.0,0.0,50.0,0.0
query_0027,R09201,1,0.1595,0.0,0.0323,0.0,0.0,2.0,10.0,0.2,0.2,0.0,0.0,1.0,0.5033,0.0,48.327,1.424,8.136,1.714,1.694,1.0,1.0,0.0,0.0,0.0,0.0,0.0,0.0,0.0,40.0,0.0
query_0027,R01194,1,0.1591,0.0,0.0312,0.0,0.0,2.0,12.0,0.1667,0.1579,0.0,0.0,1.0,0.0604,0.0,330.186,7.329,72.655,1.085,3.806,1.0,1.0,0.0,0.0,0.0,0.0,0.0,0.0,0.0,65.0,0.0
query_0027,R01051,1,0.1589,0.0,0.0303,0.0,0.0,2.0,20.0,0.1,0.2593,0.0,0.0,1.0,0.4037,0.0,98.174,4.022,19.528,1.216,3.372,1.0,1.0,0.0,0.0,0.0,0.0,0.0,0.0,0.0,55.0,0.0
query_0027,R13036,1,0.1588,0.0,0.0294,0.0,0.0,2.0,14.0,0.1429,0.1875,0.0,0.0,1.0,0.5285,0.0,35.73,1.609,7.827,0.34,1.891,1.0,1.0,0.0,0.0,0.0,0.0,0.0,0.0,0.0,55.0,0.0
query_0027,R02478,2,0.1583,0.7431,0.0286,0.1429,1.0,3.0,12.0,0.25,0.2778,0.0,0.0,1.0,0.4903,0.0,54.829,1.577,9.249,1.853,2.132,1.0,1.0,0.0,0.0,0.0,0.0,0.0,0.0,0.0,45.0,0.0
query_0027,R09026,1,0.157,0.0,0.0263,0.0,0.0,2.0,12.0,0.1667,0.3125,0.0,0.0,1.0,0.4778,0.0,61.09,1.77,13.915,0.192,1.826,1.0,1.0,0.0,0.0,0.0,0.0,0.0,0.0,0.0,35.0,0.0
query_0027,R01207,1,0.1566,0.0,0.0256,0.0,0.0,2.0,13.0,0.1538,0.1667,0.0,0.0,1.0,0.222,0.0,188.976,7.644,29.622,5.694,5.681,1.0,1.0,0.0,0.0,0.0,0.0,0.0,0.0,0.0,70.0,0.0
query_0027,R07608,1,0.1557,0.0,0.025,0.0,0.0,3.0,20.0,0.15,0.2222,0.0,0.0,1.0,0.0537,0.0,326.865,13.998,27.14,19.934,5.957,1.0,1.0,0.0,0.0,0.0,0.0,0.0,0.0,0.0,13.0,0.0
query_0027,R05062,2,0.0,0.7577,0.0,0.5,0.0,2.0,14.0,0.1429,0.2857,0.0,0.0,0.0,0.3873,0.0,106.337,2.321,6.049,8.786,1.298,1.0,1.0,0.0,0.0,0.0,0.0,0.0,0.0,0.0,45.0,0.0
query_0027,R01706,2,0.0,0.7507,0.0,0.3333,0.0,3.0,9.0,0.3333,0.3846,0.0,0.0,1.0,0.4179,0.0,91.061,4.758,3.068,6.746,0.494,1.0,1.0,0.0,0.0,0.0,0.0,0.0,0.0,0.0,30.0,0.0
query_0027,R07063,2,0.0,0.7481,0.0,0.25,0.0,1.0,8.0,0.125,0.1,0.0,0.0,0.0,0.3693,0.0,115.351,1.391,28.532,0.127,0.185,1.0,1.0,0.0,0.0,0.0,0.0,0.0,0.0,0.0,5.0,0.0
query_0027,R12873,2,0.0,0.7461,0.0,0.2,0.0,2.0,9.0,0.2222,0.2308,0.0,0.0,1.0,0.455,0.0,72.524,0.354,2.804,6.909,0.637,1.0,1.0,0.0,0.0,0.0,0.0,0.0,0.0,0.0,35.0,0.0
query_0027,R01625,2,0.0,0.7445,0.0,0.1667,0.0,2.0,14.0,0.1429,0.2105,0.0,0.0,0.0,0.3673,0.0,116.33,2.078,11.047,7.932,2.274,1.0,1.0,0.0,0.0,0.0,0.0,0.0,0.0,0.0,55.0,0.0
query_0027,R07806,2,0.0,0.7418,0.0,0.125,0.0,1.0,13.0,0.0769,0.1176,0.0,0.0,0.0,0.429,0.0,85.493,4.069,10.842,3.07,1.342,1.0,1.0,0.0,0.0,0.0,0.0,0.0,0.0,0.0,70.0,0.0
query_0027,R07878,2,0.0,0.741,0.0,0.1,0.0,3.0,16.0,0.1875,0.32,0.0,0.0,1.0,0.202,0.0,401.002,5.184,48.146,21.196,2.119,1.0,1.0,0.0,0.0,0.0,0.0,0.0,0.0,0.0,15.0,0.0
query_0027,R03867,2,0.0,0.7408,0.0,0.0909,0.0,1.0,9.0,0.1111,0.1667,0.0,0.0,0.0,0.5753,0.0,12.358,0.531,2.866,0.108,0.752,1.0,1.0,0.0,0.0,0.0,0.0,0.0,0.0,0.0,20.0,0.0
query_0027,R03174,2,0.0,0.7395,0.0,0.0833,0.0,2.0,7.0,0.2857,0.3,0.0,0.0,0.0,0.4814,0.0,59.285,1.204,6.955,3.721,1.928,1.0,1.0,0.0,0.0,0.0,0.0,0.0,0.0,0.0,35.0,0.0
query_0031,R02896,1,0.1929,0.0,1.0,0.0,0.0,0.0,4.0,0.0,0.0,0.0,0.0,0.0,0.0,0.9893,11.157,0.214,2.375,0.119,0.226,1.0,1.0,0.0,0.0,0.0,0.0,0.0,0.0,0.0,30.0,0.0
query_0031,R05368,1,0.1867,0.0,0.5,0.0,0.0,0.0,1.0,0.0,0.0,0.0,0.0,0.0,0.0,0.0,0.0,0.0,0.0,0.0,0.0,1.0,1.0,0.0,0.0,0.0,0.0,0.0,0.0,0.0,850.0,0.0
query_0031,R00011,1,0.1851,0.0,0.3333,0.0,0.0,0.0,10.0,0.0,0.0,0.0,0.0,0.0,0.0,0.9198,48.268,1.603,8.262,1.589,2.272,1.0,1.0,0.0,0.0,0.0,0.0,0.0,0.0,0.0,120.0,0.0
query_0031,R04095,1,0.1702,0.0,0.25,0.0,0.0,0.0,9.0,0.0,0.0,0.0,0.0,0.0,0.0,0.7069,235.561,5.862,18.404,15.998,2.846,1.0,1.0,0.0,0.0,0.0,0.0,0.0,0.0,0.0,50.0,0.0
query_0031,R06125,1,0.1588,0.0,0.2,0.0,0.0,0.0,4.0,0.0,0.0,0.0,0.0,0.0,0.0,0.7317,274.695,5.366,60.17,0.497,0.73,1.0,1.0,0.0,0.0,0.0,0.0,0.0,0.0,0.0,20.0,0.0
query_0031,R05975,1,0.155,0.0,0.1667,0.0,0.0,0.0,8.0,0.0,0.0,0.0,0.0,0.0,0.0,0.7038,126.059,5.923,11.499,7.231,2.822,1.0,1.0,0.0,0.0,0.0,0.0,0.0,0.0,0.0,30.0,0.0
query_0031,R01552,1,0.1546,0.0,0.1429,0.0,0.0,0.0,2.0,0.0,0.0,0.0,0.0,0.0,0.0,0.9743,7.339,0.513,0.699,0.285,0.001,1.0,1.0,0.0,0.0,0.0,0.0,0.0,0.0,0.0,70.0,0.0
query_0031,R06193,1,0.1524,0.0,0.125,0.0,0.0,0.0,5.0,0.0,0.0,0.0,0.0,0.0,0.0,0.993,14.962,0.141,0.644,1.415,0.38,1.0,1.0,0.0,0.0,0.0,0.0,0.0,0.0,0.0,45.0,0.0
query_0031,R03453,0,0.1483,0.0,0.1111,0.0,0.0,0.0,6.0,0.0,0.0,0.0,0.0,0.0,0.0,0.6165,162.425,7.669,19.253,6.552,0.75,1.0,1.0,0.0,0.0,0.0,0.0,0.0,0.0,0.0,25.0,0.0
query_0031,R06129,2,0.1471,0.7633,0.1,0.1111,1.0,0.0,6.0,0.0,0.0,0.0,0.0,0.0,0.0,0.9069,114.568,1.863,25.083,0.445,0.751,1.0,1.0,0.0,0.0,0.0,0.0,0.0,0.0,0.0,30.0,0.0
query_0031,R03543,2,0.1425,0.7813,0.0909,0.3333,1.0,0.0,9.0,0.0,0.0,0.0,0.0,0.0,0.0,0.693,138.018,6.14,23.803,2.382,2.979,1.0,1.0,0.0,0.0,0.0,0.0,0.0,0.0,0.0,35.0,0.0
query_0031,R07167,0,0.1424,0.0,0.0833,0.0,0.0,0.0,4.0,0.0,0.0,0.0,0.0,0.0,0.0,0.9979,0.614,0.042,0.111,0.002,0.029,1.0,1.0,0.0,0.0,0.0,0.0,0.0,0.0,0.0,480.0,0.0
query_0031,R11445,2,0.1411,0.8109,0.0769,1.0,1.0,0.0,9.0,0.0,0.0,0.0,0.0,0.0,0.0,0.8874,29.818,2.251,2.378,1.714,1.403,1.0,1.0,0.0,0.0,0.0,0.0,0.0,0.0,0.0,60.0,0.0
query_0031,R07849,0,0.1398,0.0,0.0714,0.0,0.0,0.0,7.0,0.0,0.0,0.0,0.0,0.0,0.0,0.5446,459.57,9.108,94.937,3.664,1.763,1.0,1.0,0.0,0.0,0.0,0.0,0.0,0.0,0.0,55.0,0.0
query_0031,R04197,0,0.1391,0.0,0.0667,0.0,0.0,0.0,6.0,0.0,0.0,0.0,0.0,0.0,0.0,0.9527,20.0,0.946,4.702,0.109,0.725,1.0,1.0,0.0,0.0,0.0,0.0,0.0,0.0,0.0,25.0,0.0
query_0031,R09605,2,0.1364,0.7767,0.0625,0.25,1.0,0.0,7.0,0.0,0.0,0.0,0.0,0.0,0.0,0.9892,3.049,0.217,0.551,0.06,0.232,1.0,1.0,0.0,0.0,0.0,0.0,0.0,0.0,0.0,500.0,0.0
query_0031,R00565,0,0.1362,0.0,0.0588,0.0,0.0,0.0,7.0,0.0,0.0,0.0,0.0,0.0,0.0,0.5634,247.998,8.733,12.592,18.672,0.555,1.0,1.0,0.0,0.0,0.0,0.0,0.0,0.0,0.0,65.0,0.0
query_0031,R01418,2,0.1358,0.7725,0.0556,0.1429,1.0,0.0,6.0,0.0,0.0,0.0,0.0,0.0,0.0,0.9999,0.012,0.001,0.002,0.0,0.001,1.0,1.0,0.0,0.0,0.0,0.0,0.0,0.0,0.0,480.0,0.0
query_0031,R02538,0,0.1335,0.0,0.0526,0.0,0.0,0.0,6.0,0.0,0.0,0.0,0.0,0.0,0.0,0.9507,33.172,0.987,7.766,0.14,1.593,1.0,1.0,0.0,0.0,0.0,0.0,0.0,0.0,0.0,50.0,0.0
query_0031,R06865,2,0.1335,0.7349,0.05,0.0476,1.0,0.0,10.0,0.0,0.0,0.0,0.0,0.0,0.0,0.9384,65.537,1.231,8.028,3.638,1.507,1.0,1.0,0.0,0.0,0.0,0.0,0.0,0.0,0.0,50.0,0.0
query_0031,R01939,2,0.1332,0.7761,0.0476,0.2,1.0,0.0,8.0,0.0,0.0,0.0,0.0,0.0,0.0,0.9964,1.016,0.072,0.184,0.02,0.077,1.0,1.0,0.0,0.0,0.0,0.0,0.0,0.0,0.0,405.0,0.0
query_0031,R09271,0,0.133,0.0,0.0455,0.0,0.0,0.0,6.0,0.0,0.0,0.0,0.0,0.0,0.0,0.3368,192.791,13.264,34.792,0.689,9.145,1.0,1.0,0.0,0.0,0.0,0.0,0.0,0.0,0.0,415.0,0.0
query_0031,R02895,0,0.1326,0.0,0.0435,0.0,0.0,0.0,9.0,0.0,0.0,0.0,0.0,0.0,0.0,0.6842,253.083,6.315,5.772,23.929,2.555,1.0,1.0,0.0,0.0,0.0,0.0,0.0,0.0,0.0,15.0,0.0
query_0031,R04096,0,0.1321,0.0,0.0417,0.0,0.0,0.0,12.0,0.0,0.0,0.0,0.0,0.0,0.0,0.9859,7.54,0.282,1.393,0.36,0.867,1.0,1.0,0.0,0.0,0.0,0.0,0.0,0.0,0.0,10.0,0.0
query_0031,R03296,0,0.1315,0.0,0.04,0.0,0.0,0.0,11.0,0.0,0.0,0.0,0.0,0.0,0.0,0.937,62.343,1.259,6.856,3.873,1.915,1.0,1.0,0.0,0.0,0.0,0.0,0.0,0.0,0.0,50.0,0.0
query_0031,R04604,0,0.1313,0.0,0.0385,0.0,0.0,0.0,7.0,0.0,0.0,0.0,0.0,0.0,0.0,0.9907,4.87,0.186,0.707,0.187,0.227,1.0,1.0,0.0,0.0,0.0,0.0,0.0,0.0,0.0,35.0,0.0
query_0031,R04195,2,0.1304,0.7871,0.037,0.5,1.0,0.0,10.0,0.0,0.0,0.0,0.0,0.0,0.0,0.7479,226.439,5.043,17.127,16.198,3.385,1.0,1.0,0.0,0.0,0.0,0.0,0.0,0.0,0.0,75.0,0.0
query_0031,R02358,0,0.1303,0.0,0.0357,0.0,0.0,0.0,5.0,0.0,0.0,0.0,0.0,0.0,0.0,0.9783,6.098,0.434,1.102,0.121,0.465,1.0,1.0,0.0,0.0,0.0,0.0,0.0,0.0,0.0,500.0,0.0
query_0031,R00134,0,0.1302,0.0,0.0345,0.0,0.0,0.0,17.0,0.0,0.0,0.0,0.0,0.0,0.0,0.8639,101.21,2.723,8.794,6.982,2.668,1.0,1.0,0.0,0.0,0.0,0.0,0.0,0.0,0.0,50.0,0.0
query_0031,R01886,0,0.1299,0.0,0.0333,0.0,0.0,0.0,9.0,0.0,0.0,0.0,0.0,0.0,0.0,0.9576,32.191,0.848,4.934,1.343,0.861,1.0,1.0,0.0,0.0,0.0,0.0,0.0,0.0,0.0,50.0,0.0
query_0031,R09491,0,0.1277,0.0,0.0323,0.0,0.0,0.0,9.0,0.0,0.0,0.0,0.0,0.0,0.0,0.5706,141.981,8.589,11.642,6.91,0.143,1.0,1.0,0.0,0.0,0.0,0.0,0.0,0.0,0.0,20.0,0.0
query_0031,R00069,0,0.1265,0.0,0.0312,0.0,0.0,0.0,10.0,0.0,0.0,0.0,0.0,0.0,0.0,0.9516,59.688,0.968,4.057,4.961,1.244,1.0,1.0,0.0,0.0,0.0,0.0,0.0,0.0,0.0,35.0,0.0
query_0031,R02619,0,0.1264,0.0,0.0303,0.0,0.0,0.0,6.0,0.0,0.0,0.0,0.0,0.0,0.0,0.6033,245.987,7.934,8.084,21.929,4.689,1.0,1.0,0.0,0.0,0.0,0.0,0.0,0.0,0.0,30.0,0.0
query_0031,R00422,0,0.1253,0.0,0.0294,0.0,0.0,0.0,7.0,0.0,0.0,0.0,0.0,0.0,0.0,0.6408,336.674,7.185,73.37,0.722,1.502,1.0,1.0,0.0,0.0,0.0,0.0,0.0,0.0,0.0,55.0,0.0
query_0031,R02189,0,0.1235,0.0,0.0286,0.0,0.0,0.0,10.0,0.0,0.0,0.0,0.0,0.0,0.0,0.8841,59.035,2.317,13.587,0.333,2.74,1.0,1.0,0.0,0.0,0.0,0.0,0.0,0.0,0.0,20.0,0.0
query_0031,R12468,0,0.1231,0.0,0.0278,0.0,0.0,0.0,8.0,0.0,0.0,0.0,0.0,0.0,0.0,0.3543,351.956,12.915,67.138,3.015,4.327,1.0,1.0,0.0,0.0,0.0,0.0,0.0,0.0,0.0,50.0,0.0
query_0031,R01621,0,0.1225,0.0,0.027,0.0,0.0,0.0,8.0,0.0,0.0,0.0,0.0,0.0,0.0,0.7619,77.593,4.763,14.331,0.466,3.631,1.0,1.0,0.0,0.0,0.0,0.0,0.0,0.0,0.0,45.0,0.0
query_0031,R03405,0,0.1215,0.0,0.0263,0.0,0.0,0.0,10.0,0.0,0.0,0.0,0.0,0.0,0.0,0.9566,30.564,0.868,3.408,1.819,0.575,1.0,1.0,0.0,0.0,0.0,0.0,0.0,0.0,0.0,40.0,0.0
query_0031,R06372,0,0.121,0.0,0.0256,0.0,0.0,0.0,4.0,0.0,0.0,0.0,0.0,0.0,0.0,0.0,0.0,0.0,0.0,0.0,0.0,1.0,1.0,0.0,0.0,0.0,0.0,0.0,0.0,0.0,480.0,0.0
query_0031,R01542,0,0.121,0.0,0.025,0.0,0.0,0.0,6.0,0.0,0.0,0.0,0.0,0.0,0.0,0.9841,8.41,0.319,2.703,0.087,0.812,1.0,1.0,0.0,0.0,0.0,0.0,0.0,0.0,0.0,10.0,0.0
query_0033,R00483,0,0.1474,0.0,1.0,0.0,0.0,0.0,11.0,0.0,0.0,0.0,0.0,0.0,0.0,0.0,78.122,2.824,7.845,4.224,0.824,1.0,0.0,0.0,0.0,0.0,0.0,0.0,0.0,0.0,25.0,0.0
query_0033,R07595,0,0.1393,0.0,0.5,0.0,0.0,0.0,9.0,0.0,0.0,0.0,0.0,0.0,0.0,0.0,223.469,22.194,5.268,12.425,1.218,1.0,1.0,0.0,0.0,0.0,0.0,0.0,0.0,0.0,25.0,0.0
query_0033,R00434,2,0.1357,0.7323,0.3333,0.0714,1.0,0.0,14.0,0.0,0.0,0.0,0.0,0.0,0.0,0.0,90.109,1.766,7.254,6.95,1.7,1.0,0.0,0.0,0.0,0.0,0.0,0.0,0.0,0.0,55.0,0.0
query_0033,R10735,0,0.1246,0.0,0.25,0.0,0.0,0.0,17.0,0.0,0.0,0.0,0.0,0.0,0.0,0.0,115.177,2.216,13.426,6.883,3.569,1.0,1.0,0.0,0.0,0.0,1.0,0.0,0.0,0.0,50.0,0.0
query_0033,R04950,0,0.1217,0.0,0.2,0.0,0.0,0.0,15.0,0.0,0.0,0.0,0.0,0.0,0.0,0.0,287.716,21.695,6.077,19.733,0.715,1.0,0.0,0.0,0.0,0.0,0.0,0.0,0.0,0.0,40.0,0.0
query_0033,R01864,2,0.1199,0.7949,0.1667,1.0,1.0,0.0,10.0,0.0,0.0,0.0,0.0,0.0,0.0,0.0,254.211,28.154,4.006,13.52,0.31,1.0,0.0,0.0,0.0,0.0,1.0,0.0,0.0,0.0,42.0,0.0
query_0033,R05096,2,0.1155,0.7914,0.1429,0.5,1.0,0.0,10.0,0.0,0.0,0.0,0.0,0.0,0.0,0.0,253.36,28.154,4.006,13.427,0.31,1.0,0.0,0.0,0.0,0.0,1.0,0.0,0.0,0.0,42.0,0.0
query_0033,R09586,0,0.1133,0.0,0.125,0.0,0.0,0.0,16.0,0.0,0.0,0.0,0.0,0.0,0.0,0.0,73.399,1.745,8.551,4.266,1.99,1.0,1.0,0.0,0.0,0.0,0.0,0.0,0.0,0.0,70.0,0.0
query_0033,R09796,0,0.1129,0.0,0.1111,0.0,0.0,0.0,12.0,0.0,0.0,0.0,0.0,0.0,0.0,0.0,24.691,0.957,6.126,0.127,1.27,1.0,0.0,0.0,0.0,0.0,0.0,0.0,0.0,0.0,30.0,0.0
query_0033,R08742,2,0.1039,0.7196,0.1,0.0417,1.0,0.0,21.0,0.0,0.0,0.0,0.0,0.0,0.0,0.0,471.332,38.693,10.555,31.411,2.615,1.0,0.0,0.0,0.0,0.0,0.0,0.0,0.0,0.0,60.0,0.0
query_0033,R09848,2,0.1038,0.7349,0.0909,0.0769,1.0,0.0,19.0,0.0,0.0,0.0,0.0,0.0,0.0,0.0,172.273,20.114,13.349,4.742,2.93,1.0,0.0,0.0,0.0,0.0,1.0,0.0,0.0,0.0,70.0,0.0
query_0033,R01147,0,0.1035,0.0,0.0833,0.0,0.0,0.0,14.0,0.0,0.0,0.0,0.0,0.0,0.0,0.0,71.508,1.595,8.445,4.32,2.113,1.0,0.0,0.0,0.0,0.0,0.0,0.0,0.0,0.0,30.0,0.0
query_0033,R00884,0,0.1013,0.0,0.0769,0.0,0.0,0.0,14.0,0.0,0.0,0.0,0.0,0.0,0.0,0.0,307.853,6.004,47.531,10.179,3.632,1.0,1.0,0.0,0.0,0.0,0.0,0.0,0.0,0.0,50.0,0.0
query_0033,R09438,0,0.1008,0.0,0.0714,0.0,0.0,0.0,6.0,0.0,0.0,0.0,0.0,0.0,0.0,0.0,58.573,2.785,13.156,0.504,2.454,1.0,1.0,0.0,0.0,0.0,0.0,0.0,0.0,0.0,50.0,0.0
query_0033,R13243,2,0.1007,0.7499,0.0667,0.1667,1.0,0.0,15.0,0.0,0.0,0.0,0.0,0.0,0.0,0.0,194.961,24.385,17.855,3.677,3.467,1.0,0.0,0.0,0.0,0.0,0.0,0.0,0.0,0.0,70.0,0.0
query_0033,R06991,2,0.1006,0.7641,0.0625,0.25,1.0,0.0,19.0,0.0,0.0,0.0,0.0,0.0,0.0,0.0,118.691,2.321,8.193,9.392,1.972,1.0,1.0,0.0,0.0,0.0,1.0,0.0,0.0,0.0,45.0,0.0
query_0033,R00128,2,0.0984,0.7531,0.0588,0.2,1.0,0.0,13.0,0.0,0.0,0.0,0.0,0.0,0.0,0.0,37.425,1.04,5.954,1.482,1.724,1.0,0.0,0.0,0.0,0.0,0.0,0.0,0.0,0.0,40.0,0.0
query_0033,R07526,2,0.0969,0.7299,0.0556,0.0625,1.0,0.0,16.0,0.0,0.0,0.0,0.0,0.0,0.0,0.0,267.825,28.93,12.668,11.502,3.162,1.0,1.0,0.0,0.0,0.0,0.0,0.0,0.0,0.0,55.0,0.0
query_0033,R10817,2,0.0932,0.7452,0.0526,0.125,1.0,0.0,30.0,0.0,0.0,0.0,0.0,0.0,0.0,0.0,260.469,3.957,18.407,20.961,5.171,1.0,1.0,0.0,0.0,0.0,1.0,0.0,0.0,0.0,180.0,0.0
query_0033,R04972,0,0.0929,0.0,0.05,0.0,0.0,0.0,13.0,0.0,0.0,0.0,0.0,0.0,0.0,0.0,354.571,30.002,18.932,18.191,5.295,1.0,1.0,0.0,0.0,0.0,0.0,0.0,0.0,0.0,50.0,0.0
query_0033,R03552,2,0.0906,0.7645,0.0476,0.3333,1.0,0.0,13.0,0.0,0.0,0.0,0.0,0.0,0.0,0.0,131.145,17.273,6.946,3.808,1.787,1.0,0.0,0.0,0.0,0.0,0.0,0.0,0.0,0.0,40.0,0.0
query_0033,R01262,0,0.0883,0.0,0.0455,0.0,0.0,0.0,14.0,0.0,0.0,0.0,0.0,0.0,0.0,0.0,35.48,1.45,7.853,0.5,2.179,1.0,1.0,0.0,0.0,0.0,0.0,0.0,0.0,0.0,60.0,0.0
query_0033,R02943,2,0.0822,0.7189,0.0435,0.037,1.0,0.0,18.0,0.0,0.0,0.0,0.0,0.0,0.0,0.0,525.142,40.711,21.13,32.805,5.778,1.0,0.0,0.0,0.0,0.0,0.0,0.0,0.0,0.0,40.0,0.0
query_0033,R02524,0,0.082,0.0,0.0417,0.0,0.0,0.0,17.0,0.0,0.0,0.0,0.0,0.0,0.0,0.0,637.316,63.099,32.402,30.271,7.902,1.0,1.0,0.0,0.0,0.0,0.0,0.0,0.0,0.0,40.0,0.0
query_0033,R10643,2,0.0788,0.7138,0.04,0.0263,1.0,0.0,22.0,0.0,0.0,0.0,0.0,0.0,0.0,0.0,498.903,58.27,23.551,19.931,6.971,1.0,0.0,0.0,0.0,0.0,0.0,0.0,0.0,0.0,45.0,0.0
query_0033,R09799,0,0.0785,0.0,0.0385,0.0,0.0,0.0,17.0,0.0,0.0,0.0,0.0,0.0,0.0,0.0,606.943,58.604,27.756,30.27,8.761,1.0,0.0,0.0,0.0,0.0,0.0,0.0,0.0,0.0,60.0,0.0
query_0033,R02136,0,0.0764,0.0,0.037,0.0,0.0,0.0,25.0,0.0,0.0,0.0,0.0,0.0,0.0,0.0,184.42,2.29,14.937,13.815,2.983,1.0,0.0,0.0,0.0,0.0,1.0,0.0,0.0,0.0,60.0,0.0
query_0033,R04204,0,0.0745,0.0,0.0357,0.0,0.0,0.0,18.0,0.0,0.0,0.0,0.0,0.0,0.0,0.0,277.125,28.479,7.669,15.178,3.044,1.0,0.0,0.0,0.0,0.0,0.0,0.0,0.0,0.0,55.0,0.0
query_0033,R11686,0,0.0741,0.0,0.0345,0.0,0.0,0.0,15.0,0.0,0.0,0.0,0.0,0.0,0.0,0.0,236.991,22.588,13.052,11.085,3.643,1.0,1.0,0.0,0.0,0.0,1.0,0.0,0.0,0.0,70.0,0.0
query_0033,R04976,2,0.0729,0.7268,0.0333,0.05,1.0,0.0,16.0,0.0,0.0,0.0,0.0,0.0,0.0,0.0,194.432,24.01,11.931,5.5,2.793,1.0,0.0,0.0,0.0,0.0,0.0,0.0,0.0,0.0,70.0,0.0
query_0033,R03103,2,0.0729,0.7449,0.0323,0.1111,1.0,0.0,26.0,0.0,0.0,0.0,0.0,0.0,0.0,0.0,21.241,0.278,1.251,1.87,0.407,1.0,0.0,0.0,0.0,0.0,0.0,0.0,0.0,0.0,50.0,0.0
query_0033,R05502,0,0.071,0.0,0.0312,0.0,0.0,0.0,11.0,0.0,0.0,0.0,0.0,0.0,0.0,0.0,223.329,17.765,5.46,15.096,0.555,1.0,0.0,0.0,0.0,0.0,0.0,0.0,0.0,0.0,25.0,0.0
query_0033,R02271,0,0.0709,0.0,0.0303,0.0,0.0,0.0,22.0,0.0,0.0,0.0,0.0,0.0,0.0,0.0,115.837,2.774,17.035,5.218,3.784,1.0,0.0,0.0,0.0,0.0,1.0,0.0,0.0,0.0,100.0,0.0
query_0033,R09733,0,0.0704,0.0,0.0294,0.0,0.0,0.0,12.0,0.0,0.0,0.0,0.0,0.0,0.0,0.0,320.341,18.818,5.219,26.241,0.621,1.0,0.0,0.0,0.0,0.0,0.0,0.0,0.0,0.0,35.0,0.0
query_0033,R08830,0,0.0696,0.0,0.0286,0.0,0.0,0.0,25.0,0.0,0.0,0.0,0.0,0.0,0.0,0.0,281.534,33.687,8.222,12.448,2.078,1.0,1.0,0.0,0.0,0.0,0.0,0.0,0.0,0.0,70.0,0.0
query_0033,R02332,0,0.0689,0.0,0.0278,0.0,0.0,0.0,17.0,0.0,0.0,0.0,0.0,0.0,0.0,0.0,265.739,6.227,58.873,0.911,3.549,1.0,0.0,0.0,0.0,0.0,0.0,0.0,0.0,0.0,65.0,0.0
query_0033,R06642,2,0.0683,0.7269,0.027,0.0526,1.0,0.0,26.0,0.0,0.0,0.0,0.0,0.0,0.0,0.0,549.81,10.767,97.13,13.775,5.222,1.0,0.0,0.0,0.0,0.0,1.0,0.0,0.0,0.0,35.0,0.0
query_0033,R12573,2,0.068,0.7238,0.0263,0.0476,1.0,0.0,18.0,0.0,0.0,0.0,0.0,0.0,0.0,0.0,201.623,28.836,10.793,4.816,2.904,1.0,0.0,0.0,0.0,0.0,1.0,0.0,0.0,0.0,45.0,0.0
query_0033,R09659,2,0.0679,0.7152,0.0256,0.0294,1.0,0.0,18.0,0.0,0.0,0.0,0.0,0.0,0.0,0.0,269.621,30.501,13.053,10.567,2.42,1.0,1.0,0.0,0.0,0.0,0.0,0.0,0.0,0.0,75.0,0.0
query_0033,R06229,0,0.0678,0.0,0.025,0.0,0.0,0.0,16.0,0.0,0.0,0.0,0.0,0.0,0.0,0.0,114.6,4.668,16.692,3.986,3.877,1.0,1.0,0.0,0.0,0.0,0.0,0.0,0.0,0.0,25.0,0.0
query_0034,R05009,1,0.1659,0.0,1.0,0.0,0.0,0.0,9.0,0.0,0.0,0.0,0.0,0.0,0.1283,0.0,464.125,19.961,19.142,38.0,6.164,1.0,1.0,0.0,0.0,0.0,0.0,0.0,0.0,0.0,30.0,0.0
query_0034,R02967,2,0.1326,0.7405,0.5,0.0476,1.0,0.0,13.0,0.0,0.0,0.0,0.0,0.0,0.54,0.0,129.977,17.468,8.844,2.767,1.678,1.0,1.0,0.0,0.0,0.0,0.0,0.0,0.0,0.0,55.0,0.0
query_0034,R10372,0,0.1292,0.0,0.3333,0.0,0.0,0.0,20.0,0.0,0.0,0.0,0.0,0.0,0.2601,0.0,530.038,7.542,54.602,33.116,2.305,1.0,1.0,0.0,0.0,0.0,0.0,0.0,0.0,0.0,70.0,0.0
query_0034,R12448,0,0.1207,0.0,0.25,0.0,0.0,0.0,11.0,0.0,0.0,0.0,0.0,0.0,0.2871,0.0,256.472,2.877,6.369,26.006,2.886,1.0,1.0,0.0,0.0,0.0,0.0,0.0,0.0,0.0,40.0,0.0
query_0034,R03026,0,0.1161,0.0,0.2,0.0,0.0,0.0,19.0,0.0,0.0,0.0,0.0,0.0,0.4793,0.0,160.364,3.199,14.948,11.339,5.42,1.0,1.0,0.0,0.0,0.0,0.0,0.0,0.0,0.0,60.0,0.0
query_0034,R07475,0,0.1093,0.0,0.1667,0.0,0.0,0.0,26.0,0.0,0.0,0.0,0.0,0.0,0.5283,0.0,135.845,5.135,7.805,9.59,0.595,1.0,1.0,0.0,0.0,0.0,0.0,0.0,0.0,0.0,160.0,0.0
query_0034,R03012,0,0.1035,0.0,0.1429,0.0,0.0,0.0,22.0,0.0,0.0,0.0,0.0,0.0,0.6184,0.0,90.821,3.575,10.559,4.918,3.612,1.0,1.0,0.0,0.0,0.0,0.0,0.0,0.0,0.0,80.0,0.0
query_0034,R00459,0,0.0924,0.0,0.125,0.0,0.0,0.0,15.0,0.0,0.0,0.0,0.0,0.0,0.5306,0.0,134.702,4.935,16.937,5.889,4.056,1.0,1.0,0.0,0.0,0.0,0.0,0.0,0.0,0.0,40.0,0.0
query_0034,R03897,0,0.0806,0.0,0.1,0.0,0.0,0.0,4.0,0.0,0.0,0.0,0.0,0.0,0.797,0.0,1.52,0.054,0.348,0.011,0.047,1.0,1.0,0.0,0.0,0.0,0.0,0.0,0.0,0.0,15.0,0.0
query_0034,R05468,0,0.0756,0.0,0.0909,0.0,0.0,0.0,5.0,0.0,0.0,0.0,0.0,0.0,0.6275,0.0,86.254,0.751,10.419,4.843,0.0,1.0,1.0,0.0,0.0,0.0,0.0,0.0,0.0,0.0,320.0,0.0
query_0034,R07879,0,0.0749,0.0,0.0833,0.0,0.0,0.0,9.0,0.0,0.0,0.0,0.0,0.0,0.7269,0.0,36.569,0.283,1.146,3.598,0.219,1.0,1.0,0.0,0.0,0.0,0.0,0.0,0.0,0.0,25.0,0.0
query_0034,R00084,0,0.0705,0.0,0.0769,0.0,0.0,0.0,11.0,0.0,0.0,0.0,0.0,0.0,0.3021,0.0,248.946,4.243,40.663,7.692,2.465,1.0,1.0,0.0,0.0,0.0,0.0,0.0,0.0,0.0,60.0,0.0
query_0034,R07415,0,0.0656,0.0,0.0667,0.0,0.0,0.0,9.0,0.0,0.0,0.0,0.0,0.0,0.5386,0.0,130.698,6.769,18.591,3.684,4.985,1.0,1.0,0.0,0.0,0.0,0.0,0.0,0.0,0.0,55.0,0.0
query_0034,R02710,0,0.0634,0.0,0.0526,0.0,0.0,0.0,12.0,0.0,0.0,0.0,0.0,0.0,0.5195,0.0,140.27,3.287,24.114,4.061,2.736,1.0,1.0,0.0,0.0,0.0,0.0,0.0,0.0,0.0,55.0,0.0
query_0034,R02613,0,0.0632,0.0,0.05,0.0,0.0,0.0,10.0,0.0,0.0,0.0,0.0,0.0,0.5613,0.0,119.353,1.701,4.057,11.775,0.644,1.0,1.0,0.0,0.0,0.0,0.0,0.0,0.0,0.0,50.0,0.0
query_0034,R08416,0,0.0624,0.0,0.0476,0.0,0.0,0.0,10.0,0.0,0.0,0.0,0.0,0.0,0.4845,0.0,157.77,3.057,31.598,1.923,0.741,1.0,1.0,0.0,0.0,0.0,0.0,0.0,0.0,0.0,20.0,0.0
query_0034,R03007,0,0.061,0.0,0.0455,0.0,0.0,0.0,8.0,0.0,0.0,0.0,0.0,0.0,0.4265,0.0,186.746,3.8,41.153,0.357,0.825,1.0,1.0,0.0,0.0,0.0,0.0,0.0,0.0,0.0,40.0,0.0
query_0034,R00878,0,0.0584,0.0,0.04,0.0,0.0,0.0,8.0,0.0,0.0,0.0,0.0,0.0,0.4211,0.0,189.457,4.014,41.552,0.438,0.908,1.0,1.0,0.0,0.0,0.0,0.0,0.0,0.0,0.0,40.0,0.0
query_0034,R06939,0,0.0577,0.0,0.0385,0.0,0.0,0.0,12.0,0.0,0.0,0.0,0.0,0.0,0.4623,0.0,168.832,3.99,37.206,0.633,2.155,1.0,1.0,0.0,0.0,0.0,0.0,0.0,0.0,0.0,45.0,0.0
query_0034,R07162,0,0.057,0.0,0.037,0.0,0.0,0.0,9.0,0.0,0.0,0.0,0.0,0.0,0.4694,0.0,165.295,7.236,6.396,13.721,2.602,1.0,1.0,0.0,0.0,0.0,0.0,0.0,0.0,0.0,30.0,0.0
query_0034,R05644,0,0.0567,0.0,0.0357,0.0,0.0,0.0,13.0,0.0,0.0,0.0,0.0,0.0,0.4938,0.0,153.122,4.344,20.189,7.452,3.377,1.0,1.0,0.0,0.0,0.0,0.0,0.0,0.0,0.0,35.0,0.0
query_0034,R01908,0,0.0566,0.0,0.0345,0.0,0.0,0.0,12.0,0.0,0.0,0.0,0.0,0.0,0.6872,0.0,56.393,1.079,5.925,3.65,1.629,1.0,1.0,0.0,0.0,0.0,0.0,0.0,0.0,0.0,40.0,0.0
query_0034,R05520,0,0.0562,0.0,0.0333,0.0,0.0,0.0,9.0,0.0,0.0,0.0,0.0,0.0,0.7284,0.0,35.791,0.249,0.469,3.761,0.169,1.0,1.0,0.0,0.0,0.0,0.0,0.0,0.0,0.0,35.0,0.0
query_0034,R09052,0,0.0562,0.0,0.0323,0.0,0.0,0.0,12.0,0.0,0.0,0.0,0.0,0.0,0.6649,0.0,67.559,3.742,13.379,0.54,2.658,1.0,1.0,0.0,0.0,0.0,0.0,0.0,0.0,0.0,75.0,0.0
query_0034,R01312,2,0.0557,0.7314,0.0312,0.0263,1.0,0.0,12.0,0.0,0.0,0.0,0.0,0.0,0.5321,0.0,133.965,6.966,19.153,3.723,5.037,1.0,1.0,0.0,0.0,0.0,0.0,0.0,0.0,0.0,55.0,0.0
query_0034,R01014,0,0.0555,0.0,0.0303,0.0,0.0,0.0,16.0,0.0,0.0,0.0,0.0,0.0,0.4326,0.0,183.696,2.575,16.397,13.1,3.562,1.0,1.0,0.0,0.0,0.0,0.0,0.0,0.0,0.0,30.0,0.0
query_0034,R00719,0,0.0533,0.0,0.0278,0.0,0.0,0.0,7.0,0.0,0.0,0.0,0.0,0.0,0.2348,0.0,282.617,0.743,28.646,19.716,1.401,1.0,1.0,0.0,0.0,0.0,0.0,0.0,0.0,0.0,40.0,0.0
query_0034,R04123,0,0.0532,0.0,0.027,0.0,0.0,0.0,8.0,0.0,0.0,0.0,0.0,0.0,0.6654,0.0,67.305,0.289,1.431,6.995,0.772,1.0,1.0,0.0,0.0,0.0,0.0,0.0,0.0,0.0,120.0,0.0
query_0034,R02083,0,0.0528,0.0,0.0263,0.0,0.0,0.0,7.0,0.0,0.0,0.0,0.0,0.0,0.0912,0.0,354.387,9.29,47.356,17.57,4.767,1.0,1.0,0.0,0.0,0.0,0.0,0.0,0.0,0.0,35.0,0.0
query_0034,R01413,0,0.0528,0.0,0.0256,0.0,0.0,0.0,1.0,0.0,0.0,0.0,0.0,0.0,0.0,0.0,0.0,0.0,0.0,0.0,0.0,1.0,1.0,0.0,0.0,0.0,0.0,0.0,0.0,0.0,85.0,0.0
query_0034,R05020,0,0.0527,0.0,0.025,0.0,0.0,0.0,11.0,0.0,0.0,0.0,0.0,0.0,0.1219,0.0,460.971,5.171,52.708,25.599,1.213,1.0,1.0,0.0,0.0,0.0,0.0,0.0,0.0,0.0,80.0,0.0
query_0034,R01077,2,0.0,0.7773,0.0,1.0,0.0,0.0,9.0,0.0,0.0,0.0,0.0,0.0,0.2961,0.0,548.055,27.589,93.975,9.713,19.262,1.0,1.0,0.0,0.0,0.0,0.0,0.0,0.0,0.0,40.0,0.0
query_0034,R06993,2,0.0,0.7698,0.0,0.5,0.0,0.0,5.0,0.0,0.0,0.0,0.0,0.0,0.0,0.0,0.0,0.0,0.0,0.0,0.0,1.0,1.0,0.0,0.0,0.0,0.0,0.0,0.0,0.0,25.0,0.0
query_0034,R03362,2,0.0,0.7644,0.0,0.3333,0.0,0.0,16.0,0.0,0.0,0.0,0.0,0.0,0.4938,0.0,153.117,8.426,30.051,1.105,6.445,1.0,1.0,0.0,0.0,0.0,0.0,0.0,0.0,0.0,50.0,0.0
query_0034,R01861,2,0.0,0.7618,0.0,0.25,0.0,0.0,14.0,0.0,0.0,0.0,0.0,0.0,0.3775,0.0,211.226,12.799,38.735,1.409,9.487,1.0,1.0,0.0,0.0,0.0,0.0,0.0,0.0,0.0,40.0,0.0
query_0034,R08205,2,0.0,0.759,0.0,0.1667,0.0,0.0,14.0,0.0,0.0,0.0,0.0,0.0,0.3685,0.0,215.726,13.024,39.799,1.431,9.655,1.0,1.0,0.0,0.0,0.0,0.0,0.0,0.0,0.0,40.0,0.0
query_0034,R00396,2,0.0,0.7561,0.0,0.1429,0.0,0.0,19.0,0.0,0.0,0.0,0.0,0.0,0.5966,0.0,101.712,2.438,13.199,5.247,2.618,1.0,1.0,0.0,0.0,0.0,0.0,0.0,0.0,0.0,45.0,0.0
query_0034,R01969,2,0.0,0.7553,0.0,0.125,0.0,0.0,2.0,0.0,0.0,0.0,0.0,0.0,0.4205,0.0,189.742,13.047,34.241,0.629,8.913,1.0,1.0,0.0,0.0,0.0,0.0,0.0,0.0,0.0,30.0,0.0
query_0034,R06920,2,0.0,0.7527,0.0,0.1111,0.0,0.0,15.0,0.0,0.0,0.0,0.0,0.0,0.0946,0.0,352.691,19.5,60.578,5.179,14.512,1.0,1.0,0.0,0.0,0.0,0.0,0.0,0.0,0.0,35.0,0.0
query_0034,R06212,2,0.0,0.7526,0.0,0.1,0.0,0.0,7.0,0.0,0.0,0.0,0.0,0.0,0.3958,0.0,202.106,8.313,36.846,2.428,4.757,1.0,1.0,0.0,0.0,0.0,0.0,0.0,0.0,0.0,22.0,0.0
query_0035,R02729,2,0.1533,0.7576,1.0,0.0357,1.0,0.0,6.0,0.0,0.0,0.0,0.0,0.0,0.0,0.0,139.341,9.196,12.114,6.256,0.447,1.0,1.0,0.0,0.0,1.0,0.0,0.0,0.0,0.0,30.0,0.0
query_0035,R06111,2,0.1422,0.7604,0.5,0.0417,1.0,0.0,8.0,0.0,0.0,0.0,0.0,0.0,0.0,0.0,239.411,7.544,41.621,5.412,0.42,1.0,1.0,0.0,0.0,1.0,0.0,0.0,0.0,0.0,70.0,0.0
query_0035,R10280,2,0.1403,0.7746,0.3333,0.0833,1.0,0.0,17.0,0.0,0.0,0.0,0.0,0.0,0.0,0.0,345.653,3.923,66.466,6.965,0.754,1.0,1.0,0.0,0.0,1.0,0.0,0.0,0.0,0.0,50.0,0.0
query_0035,R04955,0,0.1355,0.0,0.25,0.0,0.0,0.0,5.0,0.0,0.0,0.0,0.0,0.0,0.0,0.0,451.584,19.106,64.5,14.199,1.315,1.0,1.0,0.0,0.0,1.0,0.0,0.0,0.0,0.0,55.0,0.0
query_0035,R03508,0,0.1345,0.0,0.2,0.0,0.0,0.0,7.0,0.0,0.0,0.0,0.0,0.0,0.0,0.0,175.694,4.049,37.314,2.171,1.656,1.0,1.0,0.0,0.0,1.0,0.0,0.0,0.0,0.0,40.0,0.0
query_0035,R05001,0,0.1342,0.0,0.1667,0.0,0.0,0.0,8.0,0.0,0.0,0.0,0.0,0.0,0.0,0.0,434.836,2.603,40.484,30.221,1.714,1.0,1.0,0.0,0.0,1.0,0.0,0.0,0.0,0.0,70.0,0.0
query_0035,R08022,0,0.1338,0.0,0.1429,0.0,0.0,0.0,5.0,0.0,0.0,0.0,0.0,0.0,0.0,0.0,543.375,16.488,72.219,23.481,4.696,1.0,1.0,0.0,0.0,1.0,0.0,0.0,0.0,0.0,35.0,0.0
query_0035,R01918,0,0.1294,0.0,0.125,0.0,0.0,0.0,7.0,0.0,0.0,0.0,0.0,0.0,0.0,0.0,291.736,13.082,43.735,7.728,0.222,1.0,1.0,0.0,0.0,1.0,0.0,0.0,0.0,0.0,30.0,0.0
query_0035,R03077,0,0.1278,0.0,0.1111,0.0,0.0,0.0,7.0,0.0,0.0,0.0,0.0,0.0,0.0,0.0,707.273,26.579,85.295,31.84,5.732,1.0,1.0,0.0,0.0,1.0,0.0,0.0,0.0,0.0,60.0,0.0
query_0035,R12963,2,0.1208,0.7532,0.0909,0.0278,1.0,0.0,17.0,0.0,0.0,0.0,0.0,0.0,0.0,0.0,769.548,7.092,186.114,2.018,1.855,1.0,1.0,0.0,0.0,1.0,0.0,0.0,0.0,0.0,130.0,0.0
query_0035,R00939,2,0.1195,0.7681,0.0833,0.0526,1.0,0.0,11.0,0.0,0.0,0.0,0.0,0.0,0.0,0.0,187.2,9.378,20.711,8.069,0.832,1.0,1.0,0.0,0.0,1.0,0.0,0.0,0.0,0.0,45.0,0.0
query_0035,R00251,0,0.118,0.0,0.0769,0.0,0.0,0.0,7.0,0.0,0.0,0.0,0.0,0.0,0.0,0.0,625.614,9.597,49.81,45.393,4.726,1.0,1.0,0.0,0.0,1.0,0.0,0.0,0.0,0.0,35.0,0.0
query_0035,R03509,0,0.117,0.0,0.0714,0.0,0.0,0.0,6.0,0.0,0.0,0.0,0.0,0.0,0.0,0.0,759.558,28.434,88.815,35.672,6.532,1.0,1.0,0.0,0.0,1.0,0.0,0.0,0.0,0.0,630.0,0.0
query_0035,R03126,0,0.1164,0.0,0.0667,0.0,0.0,0.0,6.0,0.0,0.0,0.0,0.0,0.0,0.0,0.0,87.297,1.208,1.309,8.79,0.563,1.0,1.0,0.0,0.0,1.0,0.0,0.0,0.0,0.0,50.0,0.0
query_0035,R02926,2,0.116,0.7646,0.0625,0.0476,1.0,0.0,8.0,0.0,0.0,0.0,0.0,0.0,0.0,0.0,154.287,3.125,15.945,9.37,2.232,1.0,1.0,0.0,0.0,1.0,0.0,0.0,0.0,0.0,35.0,0.0
query_0035,R05221,0,0.1108,0.0,0.0556,0.0,0.0,0.0,7.0,0.0,0.0,0.0,0.0,0.0,0.0,0.0,214.662,5.625,38.233,4.953,0.76,1.0,1.0,0.0,0.0,1.0,0.0,0.0,0.0,0.0,50.0,0.0
query_0035,R10987,2,0.1103,0.7871,0.0526,0.25,1.0,0.0,6.0,0.0,0.0,0.0,0.0,0.0,0.0,0.0,181.268,8.618,24.86,5.59,0.228,1.0,1.0,0.0,0.0,1.0,0.0,0.0,0.0,0.0,75.0,0.0
query_0035,R00290,0,0.1097,0.0,0.05,0.0,0.0,0.0,8.0,0.0,0.0,0.0,0.0,0.0,0.0,0.0,280.983,2.894,32.864,16.047,1.459,1.0,1.0,0.0,0.0,1.0,0.0,0.0,0.0,0.0,50.0,0.0
query_0035,R02450,0,0.1086,0.0,0.0476,0.0,0.0,0.0,5.0,0.0,0.0,0.0,0.0,0.0,0.0,0.0,326.188,8.554,64.135,4.752,0.007,1.0,1.0,0.0,0.0,1.0,0.0,0.0,0.0,0.0,35.0,0.0
query_0035,R06724,0,0.105,0.0,0.0455,0.0,0.0,0.0,6.0,0.0,0.0,0.0,0.0,0.0,0.0,0.0,95.796,3.476,4.059,8.029,1.812,1.0,1.0,0.0,0.0,1.0,0.0,0.0,0.0,0.0,20.0,0.0
query_0035,R04163,2,0.1027,0.7603,0.0435,0.04,1.0,0.0,8.0,0.0,0.0,0.0,0.0,0.0,0.0,0.0,180.034,8.815,24.907,5.357,0.222,1.0,1.0,0.0,0.0,1.0,0.0,0.0,0.0,0.0,60.0,0.0
query_0035,R02428,2,0.102,0.7739,0.0417,0.0714,1.0,0.0,8.0,0.0,0.0,0.0,0.0,0.0,0.0,0.0,317.598,0.269,26.468,24.327,0.036,1.0,1.0,0.0,0.0,1.0,0.0,0.0,0.0,0.0,45.0,0.0
query_0035,R02694,0,0.1015,0.0,0.04,0.0,0.0,0.0,1.0,0.0,0.0,0.0,0.0,0.0,0.0,0.0,8.687,0.317,0.323,0.749,0.188,1.0,1.0,0.0,0.0,1.0,0.0,0.0,0.0,0.0,20.0,0.0
query_0035,R07704,2,0.1009,0.7682,0.0385,0.0556,1.0,0.0,11.0,0.0,0.0,0.0,0.0,0.0,0.0,0.0,579.967,5.595,98.62,18.962,2.164,1.0,1.0,0.0,0.0,1.0,0.0,0.0,0.0,0.0,90.0,0.0
query_0035,R04030,2,0.1004,0.7542,0.037,0.0303,1.0,0.0,7.0,0.0,0.0,0.0,0.0,0.0,0.0,0.0,80.025,2.607,5.153,6.022,1.359,1.0,1.0,0.0,0.0,1.0,0.0,0.0,0.0,0.0,10.0,0.0
query_0035,R00167,0,0.1,0.0,0.0357,0.0,0.0,0.0,7.0,0.0,0.0,0.0,0.0,0.0,0.0,0.0,130.01,2.701,20.209,4.644,0.166,1.0,1.0,0.0,0.0,1.0,0.0,0.0,0.0,0.0,25.0,0.0
query_0035,R01827,2,0.0992,0.758,0.0345,0.037,1.0,0.0,8.0,0.0,0.0,0.0,0.0,0.0,0.0,0.0,328.89,12.2,26.911,21.1,4.689,1.0,1.0,0.0,0.0,1.0,0.0,0.0,0.0,0.0,30.0,0.0
query_0035,R01018,2,0.0973,0.7805,0.0323,0.125,1.0,0.0,20.0,0.0,0.0,0.0,0.0,0.0,0.0,0.0,327.392,20.017,31.328,14.199,1.634,1.0,1.0,0.0,0.0,1.0,0.0,0.0,0.0,0.0,60.0,0.0
query_0035,R00731,0,0.0967,0.0,0.0312,0.0,0.0,0.0,8.0,0.0,0.0,0.0,0.0,0.0,0.0,0.0,289.604,8.009,41.272,10.591,2.051,1.0,1.0,0.0,0.0,1.0,0.0,0.0,0.0,0.0,40.0,0.0
query_0035,R06919,0,0.0959,0.0,0.0303,0.0,0.0,0.0,10.0,0.0,0.0,0.0,0.0,0.0,0.0,0.0,740.052,21.402,129.82,15.461,3.952,1.0,1.0,0.0,0.0,1.0,0.0,0.0,0.0,0.0,50.0,0.0
query_0035,R02369,0,0.0958,0.0,0.0294,0.0,0.0,0.0,6.0,0.0,0.0,0.0,0.0,0.0,0.0,0.0,147.934,5.397,6.086,12.551,3.41,1.0,1.0,0.0,0.0,1.0,0.0,0.0,0.0,0.0,40.0,0.0
query_0035,R03783,0,0.0956,0.0,0.0286,0.0,0.0,0.0,9.0,0.0,0.0,0.0,0.0,0.0,0.0,0.0,358.763,11.612,55.254,11.514,2.774,1.0,1.0,0.0,0.0,1.0,0.0,0.0,0.0,0.0,40.0,0.0
query_0035,R11984,2,0.095,0.7639,0.0278,0.0435,1.0,0.0,7.0,0.0,0.0,0.0,0.0,0.0,0.0,0.0,69.678,4.568,6.274,3.046,0.121,1.0,1.0,0.0,0.0,1.0,0.0,0.0,0.0,0.0,85.0,0.0
query_0035,R01522,0,0.0947,0.0,0.027,0.0,0.0,0.0,7.0,0.0,0.0,0.0,0.0,0.0,0.0,0.0,230.436,3.188,19.08,17.75,2.704,1.0,1.0,0.0,0.0,1.0,0.0,0.0,0.0,0.0,20.0,0.0
query_0035,R04698,0,0.092,0.0,0.0263,0.0,0.0,0.0,8.0,0.0,0.0,0.0,0.0,0.0,0.0,0.0,378.791,12.019,65.132,9.247,2.752,1.0,1.0,0.0,0.0,1.0,0.0,0.0,0.0,0.0,55.0,0.0
query_0035,R02297,0,0.0903,0.0,0.0256,0.0,0.0,0.0,15.0,0.0,0.0,0.0,0.0,0.0,0.0,0.0,563.406,7.386,93.389,18.683,2.724,1.0,1.0,0.0,0.0,1.0,0.0,0.0,0.0,0.0,70.0,0.0
query_0035,R04600,0,0.0897,0.0,0.025,0.0,0.0,0.0,18.0,0.0,0.0,0.0,0.0,0.0,0.0,0.0,64.94,0.582,8.265,3.448,0.213,1.0,1.0,0.0,0.0,1.0,0.0,0.0,0.0,0.0,60.0,0.0
query_0035,R01200,2,0.0,0.7988,0.0,1.0,0.0,0.0,6.0,0.0,0.0,0.0,0.0,0.0,0.0,0.0,251.538,1.692,55.282,3.716,0.858,1.0,1.0,0.0,0.0,1.0,0.0,0.0,0.0,0.0,390.0,0.0
query_0035,R06550,2,0.0,0.7886,0.0,0.5,0.0,0.0,10.0,0.0,0.0,0.0,0.0,0.0,0.0,0.0,149.483,8.572,18.758,4.751,0.35,1.0,1.0,0.0,0.0,1.0,0.0,0.0,0.0,0.0,25.0,0.0
query_0035,R11248,2,0.0,0.7884,0.0,0.3333,0.0,0.0,8.0,0.0,0.0,0.0,0.0,0.0,0.0,0.0,182.559,12.828,17.113,7.129,0.071,1.0,1.0,0.0,0.0,1.0,0.0,0.0,0.0,0.0,30.0,0.0
query_0037,R02659,2,0.1246,0.7561,0.3333,0.2,1.0,0.0,14.0,0.0,0.0,0.0,0.0,0.0,0.1121,0.0,143.941,4.905,16.813,7.673,4.404,1.0,1.0,0.0,0.0,0.0,0.0,0.0,0.0,0.0,35.0,0.0
query_0037,R02448,0,0.1049,0.0,0.1429,0.0,0.0,0.0,4.0,0.0,0.0,0.0,0.0,0.0,0.0,0.0,0.0,0.0,0.0,0.0,0.0,1.0,1.0,0.0,0.0,0.0,0.0,0.0,0.0,0.0,70.0,0.0
query_0037,R03293,0,0.0826,0.0,0.0435,0.0,0.0,0.0,8.0,0.0,0.0,0.0,0.0,0.0,0.3786,0.0,10.697,0.413,0.56,0.869,0.244,1.0,1.0,0.0,0.0,0.0,0.0,0.0,0.0,0.0,45.0,0.0
query_0037,R03315,0,0.0804,0.0,0.0385,0.0,0.0,0.0,8.0,0.0,0.0,0.0,0.0,0.0,0.3728,0.0,13.625,0.534,1.306,0.906,0.539,1.0,1.0,0.0,0.0,0.0,0.0,0.0,0.0,0.0,45.0,0.0
query_0037,R00389,0,0.0793,0.0,0.0333,0.0,0.0,0.0,10.0,0.0,0.0,0.0,0.0,0.0,0.059,0.0,170.49,8.614,20.656,6.248,2.927,1.0,1.0,0.0,0.0,0.0,0.0,0.0,0.0,0.0,55.0,0.0
query_0037,R07278,2,0.0,0.7732,0.0,0.5,0.0,0.0,11.0,0.0,0.0,0.0,0.0,0.0,0.3438,0.0,28.085,1.086,6.615,0.174,1.794,1.0,1.0,0.0,0.0,0.0,0.0,0.0,0.0,0.0,55.0,0.0
query_0037,R00277,2,0.0,0.7557,0.0,0.1667,0.0,0.0,19.0,0.0,0.0,0.0,0.0,0.0,0.209,0.0,95.498,2.938,13.994,3.963,3.337,1.0,1.0,0.0,0.0,0.0,0.0,0.0,0.0,0.0,45.0,0.0
query_0037,R07119,2,0.0,0.7544,0.0,0.1429,0.0,0.0,10.0,0.0,0.0,0.0,0.0,0.0,0.0355,0.0,217.762,4.608,40.815,5.367,7.396,1.0,1.0,0.0,0.0,0.0,0.0,0.0,0.0,0.0,25.0,0.0
query_0037,R04768,2,0.0,0.748,0.0,0.1111,0.0,0.0,9.0,0.0,0.0,0.0,0.0,0.0,0.0406,0.0,179.677,4.684,42.026,0.786,7.617,1.0,1.0,0.0,0.0,0.0,0.0,0.0,0.0,0.0,25.0,0.0
query_0037,R02231,2,0.0,0.7465,0.0,0.1,0.0,0.0,15.0,0.0,0.0,0.0,0.0,0.0,0.2089,0.0,95.525,1.268,7.861,7.116,1.874,1.0,1.0,0.0,0.0,0.0,0.0,0.0,0.0,0.0,40.0,0.0
query_0037,R09200,2,0.0,0.7463,0.0,0.0909,0.0,0.0,6.0,0.0,0.0,0.0,0.0,0.0,0.1824,0.0,108.809,5.683,19.025,2.251,3.857,1.0,1.0,0.0,0.0,0.0,0.0,0.0,0.0,0.0,40.0,0.0
query_0037,R02037,2,0.0,0.7453,0.0,0.0833,0.0,0.0,13.0,0.0,0.0,0.0,0.0,0.0,0.378,0.0,11.0,0.302,2.568,0.028,0.468,1.0,1.0,0.0,0.0,0.0,0.0,0.0,0.0,0.0,55.0,0.0
query_0037,R05975,2,0.0,0.7437,0.0,0.0769,0.0,0.0,8.0,0.0,0.0,0.0,0.0,0.0,0.1479,0.0,126.059,5.923,11.499,7.231,2.822,1.0,1.0,0.0,0.0,0.0,0.0,0.0,0.0,0.0,30.0,0.0
query_0037,R05454,2,0.0,0.7435,0.0,0.0625,0.0,0.0,8.0,0.0,0.0,0.0,0.0,0.0,0.1281,0.0,135.947,3.644,21.458,5.326,4.936,1.0,1.0,0.0,0.0,0.0,0.0,0.0,0.0,0.0,30.0,0.0
query_0037,R01945,2,0.0,0.7426,0.0,0.0588,0.0,0.0,15.0,0.0,0.0,0.0,0.0,0.0,0.0192,0.0,190.416,6.581,23.364,8.691,4.327,1.0,1.0,0.0,0.0,0.0,0.0,0.0,0.0,0.0,40.0,0.0
query_0037,R08536,2,0.0,0.7387,0.0,0.0526,0.0,0.0,13.0,0.0,0.0,0.0,0.0,0.0,0.0224,0.0,188.804,1.816,14.825,14.434,3.326,1.0,1.0,0.0,0.0,0.0,0.0,0.0,0.0,0.0,70.0,0.0
query_0037,R05023,2,0.0,0.736,0.0,0.0435,0.0,0.0,14.0,0.0,0.0,0.0,0.0,0.0,0.3116,0.0,44.219,0.924,7.694,1.413,1.679,1.0,1.0,0.0,0.0,0.0,0.0,0.0,0.0,0.0,30.0,0.0
query_0037,R09096,2,0.0,0.7354,0.0,0.0417,0.0,0.0,10.0,0.0,0.0,0.0,0.0,0.0,0.0824,0.0,241.214,7.056,14.492,18.387,2.431,1.0,1.0,0.0,0.0,0.0,0.0,0.0,0.0,0.0,40.0,0.0
query_0037,R06658,2,0.0,0.7353,0.0,0.04,0.0,0.0,14.0,0.0,0.0,0.0,0.0,0.0,0.378,0.0,11.0,0.302,2.568,0.028,0.468,1.0,1.0,0.0,0.0,0.0,0.0,0.0,0.0,0.0,35.0,0.0
query_0037,R08919,2,0.0,0.7339,0.0,0.037,0.0,0.0,14.0,0.0,0.0,0.0,0.0,0.0,0.0218,0.0,210.914,14.755,42.691,2.198,13.881,1.0,1.0,0.0,0.0,0.0,0.0,0.0,0.0,0.0,50.0,0.0
query_0037,R06007,2,0.0,0.7337,0.0,0.0357,0.0,0.0,26.0,0.0,0.0,0.0,0.0,0.0,0.2535,0.0,73.241,2.303,13.098,2.182,2.176,1.0,1.0,0.0,0.0,0.0,0.0,0.0,0.0,0.0,50.0,0.0
query_0037,R03304,2,0.0,0.7325,0.0,0.0333,0.0,0.0,15.0,0.0,0.0,0.0,0.0,0.0,0.3245,0.0,37.772,0.514,2.351,3.233,0.413,1.0,1.0,0.0,0.0,0.0,0.0,0.0,0.0,0.0,60.0,0.0
query_0037,R01042,2,0.0,0.7321,0.0,0.0312,0.0,0.0,11.0,0.0,0.0,0.0,0.0,0.0,0.2082,0.0,95.876,2.518,21.872,0.19,2.589,1.0,1.0,0.0,0.0,0.0,0.0,0.0,0.0,0.0,40.0,0.0
query_0037,R00740,2,0.0,0.732,0.0,0.0303,0.0,0.0,11.0,0.0,0.0,0.0,0.0,0.0,0.36,0.0,20.0,0.752,4.697,0.072,0.805,1.0,1.0,0.0,0.0,0.0,0.0,0.0,0.0,0.0,25.0,0.0
query_0037,R00437,2,0.0,0.7292,0.0,0.0286,0.0,0.0,5.0,0.0,0.0,0.0,0.0,0.0,0.3304,0.0,34.816,1.702,3.475,2.042,1.341,1.0,1.0,0.0,0.0,0.0,0.0,0.0,0.0,0.0,25.0,0.0
query_0037,R06805,2,0.0,0.7291,0.0,0.0278,0.0,0.0,16.0,0.0,0.0,0.0,0.0,0.0,0.016,0.0,208.019,5.386,21.783,11.852,4.063,1.0,1.0,0.0,0.0,0.0,0.0,0.0,0.0,0.0,100.0,0.0
query_0037,R02728,2,0.0,0.7278,0.0,0.0256,0.0,0.0,24.0,0.0,0.0,0.0,0.0,0.0,0.2535,0.0,73.241,2.303,13.098,2.182,2.176,1.0,1.0,0.0,0.0,0.0,0.0,0.0,0.0,0.0,50.0,0.0
query_0038,R01722,0,0.1278,0.0,1.0,0.0,0.0,0.0,9.0,0.0,0.0,0.0,0.0,0.0,0.0,0.0,22.645,1.319,4.865,0.158,1.792,1.0,1.0,0.0,0.0,0.0,0.0,0.0,0.0,0.0,30.0,0.0
query_0038,R00388,2,0.1205,0.6748,0.5,0.0526,1.0,0.0,6.0,0.0,0.0,0.0,0.0,0.0,0.0,0.0,78.248,0.684,4.084,7.027,0.871,1.0,1.0,0.0,0.0,0.0,0.0,0.0,0.0,0.0,40.0,0.0
query_0038,R11472,0,0.1106,0.0,0.3333,0.0,0.0,0.0,17.0,0.0,0.0,0.0,0.0,0.0,0.0,0.0,781.107,11.866,90.587,43.958,10.651,1.0,1.0,0.0,0.0,0.0,0.0,0.0,0.0,0.0,30.0,0.0
query_0038,R04849,0,0.1081,0.0,0.25,0.0,0.0,0.0,13.0,0.0,0.0,0.0,0.0,0.0,0.0,0.0,113.543,2.073,18.771,3.796,2.195,1.0,1.0,0.0,0.0,0.0,0.0,0.0,0.0,0.0,40.0,0.0
query_0038,R01968,0,0.1006,0.0,0.2,0.0,0.0,0.0,10.0,0.0,0.0,0.0,0.0,0.0,0.0,0.0,84.663,1.985,10.667,4.53,2.576,1.0,1.0,0.0,0.0,0.0,0.0,0.0,0.0,0.0,15.0,0.0
query_0038,R00227,2,0.1002,0.687,0.1667,0.125,1.0,0.0,8.0,0.0,0.0,0.0,0.0,0.0,0.0,0.0,67.684,1.642,13.168,1.259,1.518,1.0,1.0,0.0,0.0,0.0,0.0,0.0,0.0,0.0,40.0,0.0
query_0038,R09889,0,0.0995,0.0,0.1429,0.0,0.0,0.0,12.0,0.0,0.0,0.0,0.0,0.0,0.0,0.0,104.005,2.788,23.764,0.151,2.65,1.0,1.0,0.0,0.0,0.0,0.0,0.0,0.0,0.0,35.0,0.0
query_0038,R08060,0,0.0969,0.0,0.125,0.0,0.0,0.0,15.0,0.0,0.0,0.0,0.0,0.0,0.0,0.0,138.781,6.528,19.156,4.561,2.968,1.0,1.0,0.0,0.0,0.0,0.0,0.0,0.0,0.0,830.0,0.0
query_0038,R09170,0,0.0894,0.0,0.1111,0.0,0.0,0.0,20.0,0.0,0.0,0.0,0.0,0.0,0.0,0.0,125.673,1.526,8.049,10.266,1.862,1.0,1.0,0.0,0.0,0.0,0.0,0.0,0.0,0.0,90.0,0.0
query_0038,R03214,0,0.0846,0.0,0.1,0.0,0.0,0.0,10.0,0.0,0.0,0.0,0.0,0.0,0.0,0.0,123.844,3.551,27.186,0.831,3.478,1.0,1.0,0.0,0.0,0.0,0.0,0.0,0.0,0.0,45.0,0.0
query_0038,R02895,0,0.0749,0.0,0.0909,0.0,0.0,0.0,9.0,0.0,0.0,0.0,0.0,0.0,0.0,0.0,253.083,6.315,5.772,23.929,2.555,1.0,1.0,0.0,0.0,0.0,0.0,0.0,0.0,0.0,15.0,0.0
query_0038,R04974,0,0.0749,0.0,0.0833,0.0,0.0,0.0,11.0,0.0,0.0,0.0,0.0,0.0,0.0,0.0,292.688,0.906,0.082,32.583,0.0,1.0,1.0,0.0,0.0,0.0,0.0,0.0,0.0,0.0,30.0,0.0
query_0038,R10547,2,0.0679,0.6805,0.0714,0.0769,1.0,0.0,7.0,0.0,0.0,0.0,0.0,0.0,0.0,0.0,172.912,0.0,0.0,19.212,0.0,1.0,1.0,0.0,0.0,0.0,0.0,0.0,0.0,0.0,45.0,0.0
query_0038,R00780,0,0.0663,0.0,0.0667,0.0,0.0,0.0,15.0,0.0,0.0,0.0,0.0,0.0,0.0,0.0,426.096,32.326,30.926,20.05,4.681,1.0,1.0,0.0,0.0,0.0,0.0,0.0,0.0,0.0,46.0,0.0
query_0038,R12873,2,0.0657,0.7019,0.0625,0.25,1.0,0.0,9.0,0.0,0.0,0.0,0.0,0.0,0.0,0.0,72.524,0.354,2.804,6.909,0.637,1.0,1.0,0.0,0.0,0.0,0.0,0.0,0.0,0.0,35.0,0.0
query_0038,R11562,0,0.0656,0.0,0.0588,0.0,0.0,0.0,5.0,0.0,0.0,0.0,0.0,0.0,0.0,0.0,245.425,4.718,6.901,22.667,0.079,1.0,1.0,0.0,0.0,0.0,0.0,0.0,0.0,0.0,20.0,0.0
query_0038,R12474,0,0.0652,0.0,0.0556,0.0,0.0,0.0,16.0,0.0,0.0,0.0,0.0,0.0,0.0,0.0,49.587,1.115,3.099,4.147,1.425,1.0,1.0,0.0,0.0,0.0,0.0,0.0,0.0,0.0,40.0,0.0
query_0038,R11962,0,0.0637,0.0,0.0526,0.0,0.0,0.0,17.0,0.0,0.0,0.0,0.0,0.0,0.0,0.0,47.444,0.888,3.894,3.317,0.367,1.0,1.0,0.0,0.0,0.0,0.0,0.0,0.0,0.0,22.0,0.0
query_0038,R06399,0,0.0633,0.0,0.05,0.0,0.0,0.0,13.0,0.0,0.0,0.0,0.0,0.0,0.0,0.0,180.164,4.413,32.635,4.693,4.928,1.0,1.0,0.0,0.0,0.0,0.0,0.0,0.0,0.0,40.0,0.0
query_0038,R08522,0,0.0607,0.0,0.0455,0.0,0.0,0.0,4.0,0.0,0.0,0.0,0.0,0.0,0.0,0.0,107.828,0.028,26.538,0.551,0.071,1.0,1.0,0.0,0.0,0.0,0.0,0.0,0.0,0.0,40.0,0.0
query_0038,R05434,0,0.0596,0.0,0.0435,0.0,0.0,0.0,11.0,0.0,0.0,0.0,0.0,0.0,0.0,0.0,82.568,2.851,10.454,3.69,3.013,1.0,1.0,0.0,0.0,0.0,0.0,0.0,0.0,0.0,35.0,0.0
query_0038,R03646,2,0.0596,0.6745,0.0417,0.05,1.0,0.0,16.0,0.0,0.0,0.0,0.0,0.0,0.0,0.0,114.796,6.137,12.645,6.144,4.984,1.0,1.0,0.0,0.0,0.0,0.0,0.0,0.0,0.0,40.0,0.0
query_0038,R05474,0,0.0579,0.0,0.0385,0.0,0.0,0.0,21.0,0.0,0.0,0.0,0.0,0.0,0.0,0.0,621.722,14.062,110.171,16.06,10.807,1.0,1.0,0.0,0.0,0.0,0.0,0.0,0.0,0.0,55.0,0.0
query_0038,R07894,0,0.0573,0.0,0.037,0.0,0.0,0.0,1.0,0.0,0.0,0.0,0.0,0.0,0.0,0.0,0.0,0.0,0.0,0.0,0.0,1.0,1.0,0.0,0.0,0.0,0.0,0.0,0.0,0.0,55.0,0.0
query_0038,R02900,0,0.0565,0.0,0.0357,0.0,0.0,0.0,9.0,0.0,0.0,0.0,0.0,0.0,0.0,0.0,56.044,0.742,5.906,3.54,1.079,1.0,1.0,0.0,0.0,0.0,0.0,0.0,0.0,0.0,55.0,0.0
query_0038,R02105,0,0.055,0.0,0.0345,0.0,0.0,0.0,16.0,0.0,0.0,0.0,0.0,0.0,0.0,0.0,221.369,5.586,9.594,19.498,2.756,1.0,1.0,0.0,0.0,0.0,0.0,0.0,0.0,0.0,20.0,0.0
query_0038,R00278,0,0.0548,0.0,0.0333,0.0,0.0,0.0,17.0,0.0,0.0,0.0,0.0,0.0,0.0,0.0,277.291,7.296,11.3,24.131,3.627,1.0,1.0,0.0,0.0,0.0,0.0,0.0,0.0,0.0,30.0,0.0
query_0038,R01111,0,0.0546,0.0,0.0323,0.0,0.0,0.0,7.0,0.0,0.0,0.0,0.0,0.0,0.0,0.0,107.954,0.507,3.667,10.457,0.469,1.0,1.0,0.0,0.0,0.0,0.0,0.0,0.0,0.0,50.0,0.0
query_0038,R01553,0,0.0542,0.0,0.0312,0.0,0.0,0.0,14.0,0.0,0.0,0.0,0.0,0.0,0.0,0.0,154.884,4.541,34.512,0.807,4.235,1.0,1.0,0.0,0.0,0.0,0.0,0.0,0.0,0.0,40.0,0.0
query_0038,R05384,0,0.0541,0.0,0.0303,0.0,0.0,0.0,21.0,0.0,0.0,0.0,0.0,0.0,0.0,0.0,90.309,1.907,7.949,6.652,1.913,1.0,1.0,0.0,0.0,0.0,0.0,0.0,0.0,0.0,50.0,0.0
query_0038,R07764,0,0.0529,0.0,0.0294,0.0,0.0,0.0,17.0,0.0,0.0,0.0,0.0,0.0,0.0,0.0,38.411,1.375,8.873,0.18,1.733,1.0,1.0,0.0,0.0,0.0,0.0,0.0,0.0,0.0,90.0,0.0
query_0038,R03371,0,0.0528,0.0,0.0286,0.0,0.0,0.0,18.0,0.0,0.0,0.0,0.0,0.0,0.0,0.0,6.346,0.241,1.403,0.034,0.152,1.0,1.0,0.0,0.0,0.0,0.0,0.0,0.0,0.0,60.0,0.0
query_0038,R01352,0,0.0523,0.0,0.0278,0.0,0.0,0.0,8.0,0.0,0.0,0.0,0.0,0.0,0.0,0.0,20.681,0.318,1.775,1.573,0.24,1.0,1.0,0.0,0.0,0.0,0.0,0.0,0.0,0.0,35.0,0.0
query_0038,R05529,0,0.0518,0.0,0.027,0.0,0.0,0.0,20.0,0.0,0.0,0.0,0.0,0.0,0.0,0.0,361.932,6.759,66.836,7.352,2.917,1.0,1.0,0.0,0.0,0.0,0.0,0.0,0.0,0.0,45.0,0.0
query_0038,R03747,0,0.0518,0.0,0.0263,0.0,0.0,0.0,13.0,0.0,0.0,0.0,0.0,0.0,0.0,0.0,88.129,2.101,8.605,5.859,2.278,1.0,1.0,0.0,0.0,0.0,0.0,0.0,0.0,0.0,10.0,0.0
query_0038,R04614,0,0.0516,0.0,0.0256,0.0,0.0,0.0,13.0,0.0,0.0,0.0,0.0,0.0,0.0,0.0,288.311,9.656,25.628,19.007,4.751,1.0,1.0,0.0,0.0,0.0,0.0,0.0,0.0,0.0,45.0,0.0
query_0038,R00405,0,0.0506,0.0,0.025,0.0,0.0,0.0,6.0,0.0,0.0,0.0,0.0,0.0,0.0,0.0,59.851,0.6,2.742,5.503,0.521,1.0,1.0,0.0,0.0,0.0,0.0,0.0,0.0,0.0,20.0,0.0
query_0038,R05037,2,0.0,0.7438,0.0,1.0,0.0,0.0,10.0,0.0,0.0,0.0,0.0,0.0,0.0,0.0,432.933,12.03,98.302,0.771,9.795,1.0,1.0,0.0,0.0,0.0,0.0,0.0,0.0,0.0,25.0,0.0
query_0038,R04839,2,0.0,0.7165,0.0,0.5,0.0,0.0,11.0,0.0,0.0,0.0,0.0,0.0,0.0,0.0,174.958,4.676,39.525,0.456,4.151,1.0,1.0,0.0,0.0,0.0,0.0,0.0,0.0,0.0,45.0,0.0
query_0038,R02277,2,0.0,0.7129,0.0,0.3333,0.0,0.0,9.0,0.0,0.0,0.0,0.0,0.0,0.0,0.0,322.107,6.886,57.444,8.132,5.321,1.0,1.0,0.0,0.0,0.0,0.0,0.0,0.0,0.0,30.0,0.0
query_0039,R03960,1,0.156,0.0,1.0,0.0,0.0,0.0,16.0,0.0,0.0,0.0,0.0,0.0,0.0,0.0,126.508,0.045,0.165,14.236,0.116,1.0,1.0,0.0,0.0,0.0,0.0,0.0,0.0,0.0,50.0,0.0
query_0039,R01200,2,0.1397,0.7269,0.5,0.0588,1.0,0.0,6.0,0.0,0.0,0.0,0.0,0.0,0.0,0.0,251.538,1.692,55.282,3.716,0.858,1.0,1.0,0.0,0.0,0.0,0.0,0.0,0.0,0.0,390.0,0.0
query_0039,R10987,0,0.1339,0.0,0.3333,0.0,0.0,0.0,6.0,0.0,0.0,0.0,0.0,0.0,0.0,0.0,181.268,8.618,24.86,5.59,0.228,1.0,1.0,0.0,0.0,0.0,0.0,0.0,0.0,0.0,75.0,0.0
query_0039,R03650,2,0.1238,0.7325,0.25,0.1429,1.0,0.0,11.0,0.0,0.0,0.0,0.0,0.0,0.0,0.0,236.02,36.448,1.938,8.447,0.661,1.0,0.0,0.0,0.0,0.0,0.0,0.0,0.0,0.0,35.0,0.0
query_0039,R05949,0,0.1219,0.0,0.2,0.0,0.0,0.0,16.0,0.0,0.0,0.0,0.0,0.0,0.0,0.0,44.407,1.489,7.62,1.49,1.711,1.0,1.0,0.0,0.0,0.0,0.0,0.0,0.0,0.0,50.0,0.0
query_0039,R10810,0,0.1209,0.0,0.1667,0.0,0.0,0.0,4.0,0.0,0.0,0.0,0.0,0.0,0.0,0.0,68.153,0.0,17.575,0.0,0.0,1.0,1.0,0.0,0.0,0.0,0.0,0.0,0.0,0.0,60.0,0.0
query_0039,R05221,2,0.1067,0.7594,0.1429,0.5,1.0,0.0,7.0,0.0,0.0,0.0,0.0,0.0,0.0,0.0,214.662,5.625,38.233,4.953,0.76,1.0,1.0,0.0,0.0,0.0,0.0,0.0,0.0,0.0,50.0,0.0
query_0039,R01760,0,0.1034,0.0,0.125,0.0,0.0,0.0,15.0,0.0,0.0,0.0,0.0,0.0,0.0,0.0,170.463,4.332,28.449,5.114,4.081,1.0,1.0,0.0,0.0,0.0,0.0,0.0,0.0,0.0,35.0,0.0
query_0039,R02724,0,0.0969,0.0,0.1111,0.0,0.0,0.0,15.0,0.0,0.0,0.0,0.0,0.0,0.0,0.0,577.178,0.251,119.108,12.889,0.452,1.0,1.0,0.0,0.0,0.0,0.0,0.0,0.0,0.0,50.0,0.0
query_0039,R02332,2,0.0967,0.7195,0.1,0.0345,1.0,0.0,17.0,0.0,0.0,0.0,0.0,0.0,0.0,0.0,265.739,6.227,58.873,0.911,3.549,1.0,0.0,0.0,0.0,0.0,0.0,0.0,0.0,0.0,65.0,0.0
query_0039,R02058,0,0.0951,0.0,0.0909,0.0,0.0,0.0,17.0,0.0,0.0,0.0,0.0,0.0,0.0,0.0,100.674,13.747,2.454,3.759,0.493,1.0,0.0,0.0,0.0,0.0,0.0,0.0,0.0,0.0,75.0,0.0
query_0039,R06992,0,0.0817,0.0,0.0833,0.0,0.0,0.0,15.0,0.0,0.0,0.0,0.0,0.0,0.0,0.0,89.394,1.914,12.194,4.564,2.365,1.0,1.0,0.0,0.0,0.0,0.0,0.0,0.0,0.0,50.0,0.0
query_0039,R09317,0,0.0796,0.0,0.0769,0.0,0.0,0.0,15.0,0.0,0.0,0.0,0.0,0.0,0.0,0.0,58.852,1.914,12.194,1.109,2.365,1.0,1.0,0.0,0.0,0.0,0.0,0.0,0.0,0.0,50.0,0.0
query_0039,R04643,0,0.0767,0.0,0.0714,0.0,0.0,0.0,16.0,0.0,0.0,0.0,0.0,0.0,0.0,0.0,264.926,4.295,45.508,7.082,1.833,1.0,1.0,0.0,0.0,0.0,0.0,0.0,0.0,0.0,70.0,0.0
query_0039,R08626,2,0.0763,0.7194,0.0667,0.0333,1.0,0.0,30.0,0.0,0.0,0.0,0.0,0.0,0.0,0.0,501.796,15.439,82.289,13.331,8.121,1.0,1.0,0.0,0.0,0.0,0.0,0.0,0.0,0.0,60.0,0.0
query_0039,R04695,0,0.0756,0.0,0.0625,0.0,0.0,0.0,4.0,0.0,0.0,0.0,0.0,0.0,0.0,0.0,0.0,0.0,0.0,0.0,0.0,1.0,1.0,0.0,0.0,0.0,0.0,0.0,0.0,0.0,13.0,0.0
query_0039,R05893,2,0.0751,0.7296,0.0588,0.0909,1.0,0.0,13.0,0.0,0.0,0.0,0.0,0.0,0.0,0.0,497.094,18.888,77.864,13.548,1.121,1.0,1.0,0.0,0.0,0.0,0.0,0.0,0.0,0.0,40.0,0.0
query_0039,R08535,0,0.0736,0.0,0.0556,0.0,0.0,0.0,25.0,0.0,0.0,0.0,0.0,0.0,0.0,0.0,412.228,9.832,67.209,11.023,1.661,1.0,1.0,0.0,0.0,0.0,0.0,0.0,0.0,0.0,65.0,0.0
query_0039,R00199,0,0.0732,0.0,0.0526,0.0,0.0,0.0,6.0,0.0,0.0,0.0,0.0,0.0,0.0,0.0,115.62,1.647,23.028,2.347,0.469,1.0,1.0,0.0,0.0,0.0,0.0,0.0,0.0,0.0,40.0,0.0
query_0039,R05136,2,0.0718,0.7151,0.05,0.0256,1.0,0.0,17.0,0.0,0.0,0.0,0.0,0.0,0.0,0.0,375.095,9.255,67.173,9.274,7.923,1.0,1.0,0.0,0.0,0.0,0.0,0.0,0.0,0.0,50.0,0.0
query_0039,R05143,0,0.0705,0.0,0.0476,0.0,0.0,0.0,18.0,0.0,0.0,0.0,0.0,0.0,0.0,0.0,77.217,3.639,15.875,0.556,4.355,1.0,1.0,0.0,0.0,0.0,0.0,0.0,0.0,0.0,30.0,0.0
query_0039,R09278,0,0.0692,0.0,0.0455,0.0,0.0,0.0,18.0,0.0,0.0,0.0,0.0,0.0,0.0,0.0,102.859,3.365,14.698,4.001,4.306,1.0,1.0,0.0,0.0,0.0,0.0,0.0,0.0,0.0,30.0,0.0
query_0039,R04955,0,0.0689,0.0,0.0435,0.0,0.0,0.0,5.0,0.0,0.0,0.0,0.0,0.0,0.0,0.0,451.584,19.106,64.5,14.199,1.315,1.0,1.0,0.0,0.0,0.0,0.0,0.0,0.0,0.0,55.0,0.0
query_0039,R04256,0,0.0679,0.0,0.0417,0.0,0.0,0.0,6.0,0.0,0.0,0.0,0.0,0.0,0.0,0.0,1.099,0.049,0.203,0.029,0.071,1.0,1.0,0.0,0.0,0.0,0.0,0.0,0.0,0.0,35.0,0.0
query_0039,R00196,0,0.0678,0.0,0.04,0.0,0.0,0.0,4.0,0.0,0.0,0.0,0.0,0.0,0.0,0.0,267.474,0.875,68.465,0.406,1.741,1.0,1.0,0.0,0.0,0.0,0.0,0.0,0.0,0.0,35.0,0.0
query_0039,R01785,0,0.0662,0.0,0.0385,0.0,0.0,0.0,9.0,0.0,0.0,0.0,0.0,0.0,0.0,0.0,148.937,5.689,25.104,3.161,0.0,1.0,1.0,0.0,0.0,0.0,0.0,0.0,0.0,0.0,40.0,0.0
query_0039,R08022,0,0.0641,0.0,0.037,0.0,0.0,0.0,5.0,0.0,0.0,0.0,0.0,0.0,0.0,0.0,543.375,16.488,72.219,23.481,4.696,1.0,1.0,0.0,0.0,0.0,0.0,0.0,0.0,0.0,35.0,0.0
query_0039,R04657,0,0.0636,0.0,0.0357,0.0,0.0,0.0,22.0,0.0,0.0,0.0,0.0,0.0,0.0,0.0,339.127,7.479,68.574,4.269,4.537,1.0,1.0,0.0,0.0,0.0,0.0,0.0,0.0,0.0,35.0,0.0
query_0039,R01113,2,0.0629,0.7287,0.0345,0.0714,1.0,0.0,8.0,0.0,0.0,0.0,0.0,0.0,0.0,0.0,246.743,0.073,23.899,17.129,0.19,1.0,1.0,0.0,0.0,0.0,0.0,0.0,0.0,0.0,85.0,0.0
query_0039,R07377,0,0.0625,0.0,0.0333,0.0,0.0,0.0,14.0,0.0,0.0,0.0,0.0,0.0,0.0,0.0,335.183,3.364,13.068,31.964,5.17,1.0,1.0,0.0,0.0,0.0,0.0,0.0,0.0,0.0,45.0,0.0
query_0039,R03670,0,0.0625,0.0,0.0323,0.0,0.0,0.0,15.0,0.0,0.0,0.0,0.0,0.0,0.0,0.0,275.178,5.466,54.657,4.15,2.425,1.0,1.0,0.0,0.0,0.0,0.0,0.0,0.0,0.0,75.0,0.0
query_0039,R10557,0,0.0624,0.0,0.0312,0.0,0.0,0.0,24.0,0.0,0.0,0.0,0.0,0.0,0.0,0.0,253.368,4.522,16.925,20.164,3.912,1.0,1.0,0.0,0.0,0.0,0.0,0.0,0.0,0.0,55.0,0.0
query_0039,R01961,0,0.0622,0.0,0.0303,0.0,0.0,0.0,4.0,0.0,0.0,0.0,0.0,0.0,0.0,0.0,1173.896,0.023,300.058,0.013,0.007,1.0,0.0,1.0,0.0,0.0,0.0,0.0,0.0,0.0,80.0,0.0
query_0039,R01688,0,0.0621,0.0,0.0294,0.0,0.0,0.0,5.0,0.0,0.0,0.0,0.0,0.0,0.0,0.0,560.469,29.007,65.47,21.665,1.724,1.0,1.0,0.0,0.0,0.0,0.0,0.0,0.0,0.0,95.0,0.0
query_0039,R06522,0,0.0619,0.0,0.0286,0.0,0.0,0.0,31.0,0.0,0.0,0.0,0.0,0.0,0.0,0.0,736.212,38.746,118.094,11.539,6.09,1.0,0.0,0.0,0.0,0.0,0.0,0.0,0.0,0.0,170.0,0.0
query_0039,R02334,2,0.0617,0.7393,0.0278,0.25,1.0,0.0,28.0,0.0,0.0,0.0,0.0,0.0,0.0,0.0,649.613,12.06,125.754,11.069,5.215,1.0,1.0,0.0,0.0,0.0,0.0,0.0,0.0,0.0,90.0,0.0
query_0039,R01980,0,0.061,0.0,0.027,0.0,0.0,0.0,24.0,0.0,0.0,0.0,0.0,0.0,0.0,0.0,93.502,3.23,21.59,0.49,4.436,1.0,0.0,0.0,0.0,0.0,0.0,0.0,0.0,0.0,100.0,0.0
query_0039,R05264,0,0.0606,0.0,0.0263,0.0,0.0,0.0,7.0,0.0,0.0,0.0,0.0,0.0,0.0,0.0,12.666,0.014,3.251,0.009,0.036,1.0,1.0,0.0,0.0,0.0,0.0,0.0,0.0,0.0,255.0,0.0
query_0039,R00251,0,0.0601,0.0,0.0256,0.0,0.0,0.0,7.0,0.0,0.0,0.0,0.0,0.0,0.0,0.0,625.614,9.597,49.81,45.393,4.726,1.0,1.0,0.0,0.0,0.0,0.0,0.0,0.0,0.0,35.0,0.0
query_0039,R09336,0,0.0599,0.0,0.025,0.0,0.0,0.0,15.0,0.0,0.0,0.0,0.0,0.0,0.0,0.0,312.762,6.715,68.642,0.789,2.824,1.0,1.0,0.0,0.0,0.0,0.0,0.0,0.0,0.0,55.0,0.0
query_0040,R04015,2,0.1572,0.7502,0.3333,0.0909,1.0,0.0,8.0,0.0,0.0,0.0,0.0,0.0,0.2156,0.0,42.192,0.555,2.659,3.553,0.756,1.0,1.0,0.0,0.0,0.0,0.0,0.0,0.0,0.0,25.0,0.0
query_0040,R02245,0,0.1468,0.0,0.2,0.0,0.0,0.0,6.0,0.0,0.0,0.0,0.0,0.0,0.1951,0.0,52.429,2.038,12.082,0.375,2.278,1.0,1.0,0.0,0.0,0.0,0.0,0.0,0.0,0.0,15.0,0.0
query_0040,R02394,2,0.1433,0.8037,0.1667,1.0,1.0,0.0,6.0,0.0,0.0,0.0,0.0,0.0,0.2665,0.0,16.728,0.712,3.441,0.338,0.936,1.0,1.0,0.0,0.0,0.0,0.0,0.0,0.0,0.0,5.0,0.0
query_0040,R00018,2,0.1309,0.718,0.1429,0.0256,1.0,0.0,7.0,0.0,0.0,0.0,0.0,0.0,0.2739,0.0,13.044,0.537,2.85,0.142,0.577,1.0,1.0,0.0,0.0,0.0,0.0,0.0,0.0,0.0,30.0,0.0
query_0040,R00634,2,0.1267,0.7775,0.125,0.25,1.0,0.0,8.0,0.0,0.0,0.0,0.0,0.0,0.1441,0.0,77.942,2.9,13.786,2.338,3.051,1.0,1.0,0.0,0.0,0.0,0.0,0.0,0.0,0.0,35.0,0.0
query_0040,R07573,2,0.1183,0.7928,0.1111,0.5,1.0,0.0,9.0,0.0,0.0,0.0,0.0,0.0,0.2102,0.0,44.913,1.829,9.915,0.482,2.498,1.0,1.0,0.0,0.0,0.0,0.0,0.0,0.0,0.0,15.0,0.0
query_0040,R01056,2,0.1063,0.7372,0.1,0.0667,1.0,0.0,7.0,0.0,0.0,0.0,0.0,0.0,0.286,0.0,6.976,0.343,1.384,0.166,0.283,1.0,1.0,0.0,0.0,0.0,0.0,0.0,0.0,0.0,35.0,0.0
query_0040,R09152,2,0.1063,0.7828,0.0909,0.3333,1.0,0.0,8.0,0.0,0.0,0.0,0.0,0.0,0.269,0.0,15.513,0.645,3.341,0.221,0.753,1.0,1.0,0.0,0.0,0.0,0.0,0.0,0.0,0.0,10.0,0.0
query_0040,R03924,0,0.0994,0.0,0.0833,0.0,0.0,0.0,10.0,0.0,0.0,0.0,0.0,0.0,0.2363,0.0,31.855,0.044,0.453,3.439,0.085,1.0,1.0,0.0,0.0,0.0,0.0,0.0,0.0,0.0,15.0,0.0
query_0040,R06715,2,0.099,0.7374,0.0714,0.0714,1.0,0.0,8.0,0.0,0.0,0.0,0.0,0.0,0.256,0.0,22.005,0.767,5.002,0.146,0.886,1.0,1.0,0.0,0.0,0.0,0.0,0.0,0.0,0.0,10.0,0.0
query_0040,R12429,0,0.0975,0.0,0.0667,0.0,0.0,0.0,6.0,0.0,0.0,0.0,0.0,0.0,0.0,0.0,0.0,0.0,0.0,0.0,0.0,1.0,1.0,0.0,0.0,0.0,0.0,0.0,0.0,0.0,30.0,0.0
query_0040,R06269,0,0.0966,0.0,0.0625,0.0,0.0,0.0,10.0,0.0,0.0,0.0,0.0,0.0,0.2203,0.0,39.848,0.649,2.637,3.432,1.288,1.0,1.0,0.0,0.0,0.0,0.0,0.0,0.0,0.0,30.0,0.0
query_0040,R00257,2,0.0898,0.7473,0.0588,0.0833,1.0,0.0,8.0,0.0,0.0,0.0,0.0,0.0,0.2178,0.0,41.087,0.95,2.634,3.309,0.831,1.0,1.0,0.0,0.0,0.0,0.0,0.0,0.0,0.0,25.0,0.0
query_0040,R02059,0,0.0848,0.0,0.0556,0.0,0.0,0.0,12.0,0.0,0.0,0.0,0.0,0.0,0.0239,0.0,138.058,4.723,20.39,4.906,2.499,1.0,1.0,0.0,0.0,0.0,0.0,0.0,0.0,0.0,15.0,0.0
query_0040,R01586,2,0.0838,0.7427,0.0526,0.0769,1.0,0.0,7.0,0.0,0.0,0.0,0.0,0.0,0.138,0.0,80.995,3.229,7.643,4.939,2.274,1.0,1.0,0.0,0.0,0.0,0.0,0.0,0.0,0.0,15.0,0.0
query_0040,R00161,0,0.0828,0.0,0.05,0.0,0.0,0.0,12.0,0.0,0.0,0.0,0.0,0.0,0.1227,0.0,88.671,2.332,14.893,3.137,3.408,1.0,1.0,0.0,0.0,0.0,0.0,0.0,0.0,0.0,30.0,0.0
query_0040,R04531,0,0.0808,0.0,0.0455,0.0,0.0,0.0,6.0,0.0,0.0,0.0,0.0,0.0,0.2718,0.0,14.077,0.6,2.756,0.307,0.572,1.0,1.0,0.0,0.0,0.0,0.0,0.0,0.0,0.0,10.0,0.0
query_0040,R04028,0,0.0786,0.0,0.0435,0.0,0.0,0.0,9.0,0.0,0.0,0.0,0.0,0.0,0.0984,0.0,100.816,1.454,8.456,7.378,1.901,1.0,1.0,0.0,0.0,0.0,0.0,0.0,0.0,0.0,10.0,0.0
query_0040,R02208,0,0.0784,0.0,0.0417,0.0,0.0,0.0,14.0,0.0,0.0,0.0,0.0,0.0,0.1318,0.0,215.909,5.274,34.088,8.857,4.791,1.0,1.0,0.0,0.0,0.0,0.0,0.0,0.0,0.0,25.0,0.0
query_0040,R02828,0,0.0783,0.0,0.04,0.0,0.0,0.0,7.0,0.0,0.0,0.0,0.0,0.0,0.2701,0.0,14.94,0.593,3.534,0.157,0.699,1.0,1.0,0.0,0.0,0.0,0.0,0.0,0.0,0.0,30.0,0.0
query_0040,R01112,0,0.0772,0.0,0.0385,0.0,0.0,0.0,4.0,0.0,0.0,0.0,0.0,0.0,0.1043,0.0,97.855,3.401,12.039,5.027,2.129,1.0,1.0,0.0,0.0,0.0,0.0,0.0,0.0,0.0,20.0,0.0
query_0040,R05424,0,0.0767,0.0,0.037,0.0,0.0,0.0,12.0,0.0,0.0,0.0,0.0,0.0,0.2624,0.0,18.792,0.664,4.402,0.139,0.487,1.0,1.0,0.0,0.0,0.0,0.0,0.0,0.0,0.0,60.0,0.0
query_0040,R04859,2,0.0762,0.7685,0.0357,0.2,1.0,0.0,6.0,0.0,0.0,0.0,0.0,0.0,0.2283,0.0,35.87,1.823,1.689,2.694,0.417,1.0,1.0,0.0,0.0,0.0,0.0,0.0,0.0,0.0,15.0,0.0
query_0040,R02010,0,0.0753,0.0,0.0345,0.0,0.0,0.0,6.0,0.0,0.0,0.0,0.0,0.0,0.1619,0.0,69.04,5.09,3.029,4.061,0.549,1.0,1.0,0.0,0.0,0.0,0.0,0.0,0.0,0.0,40.0,0.0
query_0040,R03851,2,0.0748,0.7531,0.0333,0.125,1.0,0.0,9.0,0.0,0.0,0.0,0.0,0.0,0.2427,0.0,28.626,0.668,4.035,1.368,0.808,1.0,1.0,0.0,0.0,0.0,0.0,0.0,0.0,0.0,30.0,0.0
query_0040,R05858,0,0.0748,0.0,0.0323,0.0,0.0,0.0,11.0,0.0,0.0,0.0,0.0,0.0,0.233,0.0,33.506,0.417,8.601,0.18,1.056,1.0,1.0,0.0,0.0,0.0,0.0,0.0,0.0,0.0,25.0,0.0
query_0040,R11924,2,0.0746,0.7258,0.0312,0.0385,1.0,0.0,12.0,0.0,0.0,0.0,0.0,0.0,0.2081,0.0,45.948,1.236,8.257,1.343,1.633,1.0,1.0,0.0,0.0,0.0,0.0,0.0,0.0,0.0,45.0,0.0
query_0040,R09623,0,0.0738,0.0,0.0303,0.0,0.0,0.0,11.0,0.0,0.0,0.0,0.0,0.0,0.0195,0.0,140.235,3.566,9.493,10.905,2.863,1.0,1.0,0.0,0.0,0.0,0.0,0.0,0.0,0.0,12.0,0.0
query_0040,R01559,2,0.0717,0.7255,0.0294,0.037,1.0,0.0,8.0,0.0,0.0,0.0,0.0,0.0,0.1971,0.0,51.456,2.067,11.727,0.387,2.635,1.0,1.0,0.0,0.0,0.0,0.0,0.0,0.0,0.0,15.0,0.0
query_0040,R01842,0,0.0705,0.0,0.0278,0.0,0.0,0.0,14.0,0.0,0.0,0.0,0.0,0.0,0.1223,0.0,211.143,1.127,6.893,20.805,1.474,1.0,1.0,0.0,0.0,0.0,0.0,0.0,0.0,0.0,40.0,0.0
query_0040,R04775,2,0.0703,0.7253,0.027,0.0357,1.0,0.0,7.0,0.0,0.0,0.0,0.0,0.0,0.235,0.0,32.501,1.235,7.323,0.54,2.065,1.0,1.0,0.0,0.0,0.0,0.0,0.0,0.0,0.0,10.0,0.0
query_0040,R00571,0,0.07,0.0,0.0263,0.0,0.0,0.0,7.0,0.0,0.0,0.0,0.0,0.0,0.1722,0.0,63.895,0.143,0.744,6.852,0.047,1.0,1.0,0.0,0.0,0.0,0.0,0.0,0.0,0.0,25.0,0.0
query_0040,R07669,2,0.0698,0.7302,0.0256,0.0455,1.0,0.0,5.0,0.0,0.0,0.0,0.0,0.0,0.2872,0.0,6.41,0.283,1.275,0.122,0.206,1.0,1.0,0.0,0.0,0.0,0.0,0.0,0.0,0.0,5.0,0.0
query_0040,R00813,2,0.0697,0.7594,0.025,0.1667,1.0,0.0,8.0,0.0,0.0,0.0,0.0,0.0,0.2673,0.0,16.337,1.149,3.131,0.129,0.595,1.0,1.0,0.0,0.0,0.0,0.0,0.0,0.0,0.0,25.0,0.0
query_0040,R06451,2,0.0,0.759,0.0,0.1429,0.0,0.0,6.0,0.0,0.0,0.0,0.0,0.0,0.0,0.0,0.0,0.0,0.0,0.0,0.0,1.0,1.0,0.0,0.0,0.0,0.0,0.0,0.0,0.0,5.0,0.0
query_0040,R10362,2,0.0,0.7524,0.0,0.1111,0.0,0.0,10.0,0.0,0.0,0.0,0.0,0.0,0.2373,0.0,31.36,0.757,7.424,0.226,0.564,1.0,1.0,0.0,0.0,0.0,0.0,0.0,0.0,0.0,50.0,0.0
query_0040,R00938,2,0.0,0.7503,0.0,0.1,0.0,0.0,10.0,0.0,0.0,0.0,0.0,0.0,0.209,0.0,45.518,0.779,10.807,0.307,0.896,1.0,1.0,0.0,0.0,0.0,0.0,0.0,0.0,0.0,30.0,0.0
query_0040,R10200,2,0.0,0.737,0.0,0.0625,0.0,0.0,9.0,0.0,0.0,0.0,0.0,0.0,0.2779,0.0,11.07,0.541,2.393,0.123,0.744,1.0,1.0,0.0,0.0,0.0,0.0,0.0,0.0,0.0,25.0,0.0
query_0040,R01527,2,0.0,0.7328,0.0,0.0588,0.0,0.0,7.0,0.0,0.0,0.0,0.0,0.0,0.2774,0.0,11.275,0.022,2.154,0.005,0.029,1.0,1.0,0.0,0.0,0.0,0.0,0.0,0.0,0.0,20.0,0.0
query_0040,R03679,2,0.0,0.7326,0.0,0.0556,0.0,0.0,10.0,0.0,0.0,0.0,0.0,0.0,0.0498,0.0,174.887,3.043,15.546,12.25,2.641,1.0,1.0,0.0,0.0,0.0,0.0,0.0,0.0,0.0,11.0,0.0
query_0041,R00412,2,0.43,0.7521,1.0,0.0588,1.0,4.0,14.0,0.2857,0.3158,0.0,0.0,4.0,0.7161,0.0,91.966,4.855,9.651,5.177,3.735,1.0,1.0,0.0,0.0,0.0,0.0,0.0,0.0,0.0,60.0,0.0
query_0041,R01406,2,0.3074,0.7858,0.5,0.5,1.0,4.0,13.0,0.3077,0.35,0.0,0.0,4.0,0.7165,0.0,91.73,1.733,7.623,6.813,1.973,1.0,1.0,0.0,0.0,0.0,0.0,0.0,0.0,0.0,45.0,0.0
query_0041,R13200,1,0.2515,0.0,0.25,0.0,0.0,3.0,14.0,0.2143,0.2857,0.0,0.0,3.0,0.8186,0.0,40.684,1.724,9.085,0.388,2.02,1.0,1.0,0.0,0.0,0.0,0.0,0.0,0.0,0.0,75.0,0.0
query_0041,R00354,2,0.2456,0.7513,0.2,0.0556,1.0,3.0,13.0,0.2308,0.3158,0.0,0.0,3.0,0.86,0.0,20.014,0.741,1.566,1.527,0.898,1.0,1.0,0.0,0.0,0.0,0.0,0.0,0.0,0.0,80.0,0.0
query_0041,R03998,2,0.2231,0.7743,0.1429,0.2,1.0,3.0,16.0,0.1875,0.2609,0.0,0.0,3.0,0.7505,0.0,74.731,2.217,3.232,6.355,1.024,1.0,1.0,0.0,0.0,0.0,0.0,0.0,0.0,0.0,100.0,0.0
query_0041,R00351,1,0.2177,0.0,0.125,0.0,0.0,3.0,13.0,0.2308,0.3333,0.0,0.0,3.0,0.69,0.0,105.007,2.254,13.063,5.721,2.462,1.0,1.0,0.0,0.0,0.0,0.0,0.0,0.0,0.0,65.0,0.0
query_0041,R00149,1,0.21,0.0,0.1,0.0,0.0,3.0,14.0,0.2143,0.2727,0.0,0.0,3.0,0.7092,0.0,95.409,4.832,9.793,5.461,3.829,1.0,1.0,0.0,0.0,0.0,0.0,0.0,0.0,0.0,40.0,0.0
query_0041,R02424,1,0.1984,0.0,0.0833,0.0,0.0,3.0,13.0,0.2308,0.2941,0.0,0.0,3.0,0.6972,0.0,101.419,2.142,12.143,5.714,2.381,1.0,1.0,0.0,0.0,0.0,0.0,0.0,0.0,0.0,65.0,0.0
query_0041,R01312,1,0.1962,0.0,0.0769,0.0,0.0,3.0,12.0,0.25,0.3333,0.0,0.0,3.0,0.6321,0.0,133.965,6.966,19.153,3.723,5.037,1.0,1.0,0.0,0.0,0.0,0.0,0.0,0.0,0.0,55.0,0.0
query_0041,R09453,1,0.1745,0.0,0.0714,0.0,0.0,3.0,12.0,0.25,0.2941,0.0,0.0,3.0,0.3682,0.0,265.923,13.838,38.069,7.327,10.018,1.0,1.0,0.0,0.0,0.0,0.0,0.0,0.0,0.0,50.0,0.0
query_0041,R03909,2,0.1701,0.7685,0.0625,0.1111,1.0,3.0,14.0,0.2143,0.35,0.0,0.0,3.0,0.7263,0.0,86.859,1.638,7.567,6.204,1.949,1.0,1.0,0.0,0.0,0.0,0.0,0.0,0.0,0.0,30.0,0.0
query_0041,R07398,1,0.1699,0.0,0.0588,0.0,0.0,2.0,14.0,0.1429,0.1429,0.0,0.0,2.0,0.7191,0.0,90.444,2.529,13.476,4.022,4.072,1.0,1.0,0.0,0.0,0.0,0.0,0.0,0.0,0.0,45.0,0.0
query_0041,R00655,2,0.1696,0.7495,0.0556,0.0476,1.0,3.0,18.0,0.1667,0.2069,0.0,0.0,3.0,0.6878,0.0,106.108,3.475,16.882,3.342,3.808,1.0,1.0,0.0,0.0,0.0,0.0,0.0,0.0,0.0,65.0,0.0
query_0041,R01544,1,0.1653,0.0,0.0526,0.0,0.0,2.0,16.0,0.125,0.1429,0.0,0.0,2.0,0.4947,0.0,202.667,2.042,3.705,20.491,0.083,1.0,1.0,0.0,0.0,0.0,0.0,0.0,0.0,0.0,65.0,0.0
query_0041,R08990,2,0.1603,0.7422,0.0476,0.0294,1.0,3.0,18.0,0.1667,0.2069,0.0,0.0,3.0,0.4581,0.0,220.938,6.692,39.794,5.608,6.497,1.0,1.0,0.0,0.0,0.0,0.0,0.0,0.0,0.0,55.0,0.0
query_0041,R05727,1,0.1546,0.0,0.0455,0.0,0.0,3.0,11.0,0.2727,0.3158,0.0,0.0,3.0,0.7169,0.0,91.552,1.384,5.87,7.658,2.07,1.0,1.0,0.0,0.0,0.0,0.0,0.0,0.0,0.0,30.0,0.0
query_0041,R08017,2,0.1486,0.7407,0.0435,0.027,1.0,3.0,15.0,0.2,0.24,0.0,0.0,3.0,0.586,0.0,157.0,3.465,20.98,8.05,5.452,1.0,1.0,0.0,0.0,0.0,0.0,0.0,0.0,0.0,40.0,0.0
query_0041,R01836,0,0.1465,0.0,0.0417,0.0,0.0,2.0,11.0,0.1818,0.2353,0.0,0.0,2.0,0.7643,0.0,67.867,3.055,8.154,3.183,1.985,1.0,1.0,0.0,0.0,0.0,0.0,0.0,0.0,0.0,45.0,0.0
query_0041,R10343,0,0.1443,0.0,0.04,0.0,0.0,2.0,15.0,0.1333,0.2273,0.0,0.0,2.0,0.3416,0.0,620.819,6.101,30.538,54.747,4.441,1.0,1.0,0.0,0.0,0.0,0.0,0.0,0.0,0.0,35.0,0.0
query_0041,R11006,2,0.1388,0.7479,0.0385,0.0385,1.0,3.0,15.0,0.2,0.2308,0.0,0.0,3.0,0.2121,0.0,343.971,14.828,29.896,21.908,8.68,1.0,1.0,0.0,0.0,0.0,0.0,0.0,0.0,0.0,60.0,0.0
query_0041,R08924,1,0.1384,0.0,0.037,0.0,0.0,3.0,14.0,0.2143,0.2727,0.0,0.0,3.0,0.8,0.0,49.995,2.648,4.381,2.781,1.185,1.0,1.0,0.0,0.0,0.0,0.0,0.0,0.0,0.0,60.0,0.0
query_0041,R04540,0,0.1333,0.0,0.0345,0.0,0.0,2.0,13.0,0.1538,0.1667,0.0,0.0,1.0,0.7821,0.0,58.932,1.643,9.358,2.318,1.792,1.0,1.0,0.0,0.0,0.0,0.0,0.0,0.0,0.0,50.0,0.0
query_0041,R04740,1,0.1253,0.0,0.0333,0.0,0.0,2.0,9.0,0.2222,0.2143,0.0,0.0,2.0,0.8702,0.0,14.887,0.679,2.853,0.392,1.049,1.0,1.0,0.0,0.0,0.0,0.0,0.0,0.0,0.0,40.0,0.0
query_0041,R00186,0,0.1228,0.0,0.0312,0.0,0.0,2.0,16.0,0.125,0.1538,0.0,0.0,2.0,0.462,0.0,219.0,5.846,42.797,4.186,5.582,1.0,1.0,0.0,0.0,0.0,0.0,0.0,0.0,0.0,45.0,0.0
query_0041,R05268,0,0.121,0.0,0.0303,0.0,0.0,0.0,12.0,0.0,0.1,0.0,0.0,2.0,0.8779,0.0,11.07,0.541,2.392,0.123,0.744,1.0,1.0,0.0,0.0,0.0,0.0,0.0,0.0,0.0,40.0,0.0
query_0041,R10524,1,0.1206,0.0,0.0294,0.0,0.0,3.0,14.0,0.2143,0.2381,0.0,0.0,3.0,0.7568,0.0,71.594,2.276,8.505,3.76,2.039,1.0,1.0,0.0,0.0,0.0,0.0,0.0,0.0,0.0,40.0,0.0
query_0041,R02483,0,0.1202,0.0,0.0286,0.0,0.0,2.0,16.0,0.125,0.1818,0.0,0.0,2.0,0.832,0.0,34.001,1.357,7.53,0.435,1.809,1.0,1.0,0.0,0.0,0.0,0.0,0.0,0.0,0.0,50.0,0.0
query_0041,R02207,0,0.1175,0.0,0.0278,0.0,0.0,2.0,12.0,0.1667,0.2105,0.0,0.0,2.0,0.8033,0.0,48.351,0.826,3.606,3.889,1.447,1.0,1.0,0.0,0.0,0.0,0.0,0.0,0.0,0.0,50.0,0.0
query_0041,R08450,0,0.117,0.0,0.027,0.0,0.0,0.0,11.0,0.0,0.1053,0.0,0.0,2.0,0.8579,0.0,21.035,0.798,4.829,0.112,1.008,1.0,1.0,0.0,0.0,0.0,0.0,0.0,0.0,0.0,45.0,0.0
query_0041,R02420,0,0.1165,0.0,0.0256,0.0,0.0,2.0,15.0,0.1333,0.1667,0.0,0.0,2.0,0.4847,0.0,207.651,8.351,34.92,5.634,6.654,1.0,1.0,0.0,0.0,0.0,0.0,0.0,0.0,0.0,40.0,0.0
query_0041,R07722,2,0.0,0.8125,0.0,1.0,0.0,3.0,19.0,0.1579,0.25,0.0,0.0,2.0,0.7572,0.0,71.392,2.975,16.012,0.706,3.144,1.0,1.0,0.0,0.0,0.0,0.0,0.0,0.0,0.0,35.0,0.0
query_0041,R01746,2,0.0,0.7801,0.0,0.3333,0.0,2.0,8.0,0.25,0.3,0.0,0.0,2.0,0.7933,0.0,53.344,3.259,8.844,1.052,2.332,1.0,1.0,0.0,0.0,0.0,0.0,0.0,0.0,0.0,60.0,0.0
query_0041,R08645,2,0.0,0.7741,0.0,0.1667,0.0,4.0,18.0,0.2222,0.3333,0.0,0.0,4.0,0.8269,0.0,36.567,1.615,8.068,0.43,1.986,1.0,1.0,0.0,0.0,0.0,0.0,0.0,0.0,0.0,45.0,0.0
query_0041,R05878,2,0.0,0.771,0.0,0.1429,0.0,2.0,8.0,0.25,0.3077,0.0,0.0,2.0,0.758,0.0,71.004,2.704,13.462,1.721,3.881,1.0,1.0,0.0,0.0,0.0,0.0,0.0,0.0,0.0,50.0,0.0
query_0041,R10664,2,0.0,0.7709,0.0,0.125,0.0,2.0,19.0,0.1053,0.1905,0.0,0.0,2.0,0.8282,0.0,35.89,0.935,7.113,0.8,1.212,1.0,1.0,0.0,0.0,0.0,0.0,0.0,0.0,0.0,25.0,0.0
query_0041,R06710,2,0.0,0.76,0.0,0.1,0.0,3.0,19.0,0.1579,0.2,0.0,0.0,3.0,0.2994,0.0,300.294,2.717,8.458,29.463,1.73,1.0,1.0,0.0,0.0,0.0,0.0,0.0,0.0,0.0,50.0,0.0
query_0041,R05073,2,0.0,0.7576,0.0,0.0909,0.0,3.0,23.0,0.1304,0.1818,0.0,0.0,3.0,0.5942,0.0,152.921,2.65,12.616,11.107,2.234,1.0,1.0,0.0,0.0,0.0,0.0,0.0,0.0,0.0,80.0,0.0
query_0041,R05567,2,0.0,0.7565,0.0,0.0833,0.0,3.0,15.0,0.2,0.2727,0.0,0.0,3.0,0.757,0.0,71.485,1.636,8.671,4.128,1.903,1.0,1.0,0.0,0.0,0.0,0.0,0.0,0.0,0.0,30.0,0.0
query_0041,R00361,2,0.0,0.7556,0.0,0.0769,0.0,3.0,14.0,0.2143,0.3,0.0,0.0,3.0,0.5811,0.0,159.442,2.503,13.844,11.706,3.961,1.0,1.0,0.0,0.0,0.0,0.0,0.0,0.0,0.0,45.0,0.0
query_0041,R10307,2,0.0,0.753,0.0,0.0667,0.0,2.0,15.0,0.1333,0.2105,0.0,0.0,2.0,0.7595,0.0,70.243,2.338,15.733,0.5,1.476,1.0,1.0,0.0,0.0,0.0,0.0,0.0,0.0,0.0,25.0,0.0
query_0042,R04063,1,0.3354,0.0,1.0,0.0,0.0,5.0,14.0,0.3571,0.3,0.0,0.0,5.0,0.9085,0.0,145.774,14.488,6.753,6.825,1.588,1.0,0.0,0.0,0.0,0.0,0.0,0.0,0.0,0.0,55.0,0.0
query_0042,R01929,1,0.3196,0.0,0.5,0.0,0.0,5.0,14.0,0.3571,0.3182,0.0,0.0,5.0,0.2939,0.0,453.054,30.966,14.302,32.049,2.428,1.0,1.0,0.0,0.0,0.0,0.0,0.0,0.0,0.0,55.0,0.0
query_0042,R09555,2,0.3123,0.7474,0.3333,0.0556,1.0,5.0,22.0,0.2273,0.3333,0.0,0.0,5.0,0.8946,0.0,152.68,4.466,22.063,6.734,4.466,1.0,0.0,0.0,0.0,0.0,0.0,0.0,0.0,0.0,55.0,0.0
query_0042,R08058,1,0.3101,0.0,0.25,0.0,0.0,5.0,15.0,0.3333,0.2857,0.0,0.0,5.0,0.7697,0.0,215.126,15.413,21.76,7.144,1.853,1.0,0.0,0.0,0.0,0.0,0.0,0.0,0.0,0.0,55.0,0.0
query_0042,R03866,1,0.3037,0.0,0.2,0.0,0.0,4.0,13.0,0.3077,0.2222,0.0,0.0,4.0,0.4109,0.0,394.53,57.35,22.938,8.636,5.444,1.0,0.0,0.0,0.0,0.0,0.0,0.0,0.0,0.0,30.0,0.0
query_0042,R04314,2,0.2882,0.7447,0.1667,0.0417,1.0,5.0,16.0,0.3125,0.2609,0.0,0.0,4.0,1.088,0.0,56.004,0.674,4.051,4.363,0.672,1.0,0.0,0.0,0.0,0.0,0.0,0.0,0.0,0.0,60.0,0.0
query_0042,R00555,1,0.281,0.0,0.1429,0.0,0.0,5.0,14.0,0.3571,0.3333,0.0,0.0,5.0,0.9131,0.0,143.436,16.852,5.191,6.005,1.292,1.0,0.0,0.0,0.0,0.0,0.0,0.0,0.0,0.0,50.0,0.0
query_0042,R11742,2,0.2799,0.7537,0.125,0.1,1.0,5.0,16.0,0.3125,0.2917,0.0,0.0,5.0,1.0135,0.0,93.263,14.121,4.316,2.102,0.915,1.0,0.0,0.0,0.0,0.0,0.0,0.0,0.0,0.0,60.0,0.0
query_0042,R01335,2,0.2606,0.7577,0.1111,0.1111,1.0,5.0,16.0,0.3125,0.2917,0.0,0.0,5.0,0.881,0.0,159.52,18.527,14.362,3.603,3.116,1.0,0.0,0.0,0.0,0.0,0.0,0.0,0.0,0.0,45.0,0.0
query_0042,R04795,1,0.2575,0.0,0.1,0.0,0.0,4.0,16.0,0.25,0.25,0.0,0.0,4.0,0.9731,0.0,113.462,2.735,11.204,6.774,3.221,1.0,1.0,0.0,0.0,0.0,0.0,0.0,0.0,0.0,100.0,0.0
query_0042,R08572,1,0.2506,0.0,0.0909,0.0,0.0,3.0,12.0,0.25,0.2105,0.0,0.0,3.0,1.066,0.0,67.016,1.945,6.984,3.892,2.414,1.0,1.0,0.0,0.0,0.0,0.0,0.0,0.0,0.0,40.0,0.0
query_0042,R07526,1,0.2481,0.0,0.0833,0.0,0.0,4.0,16.0,0.25,0.25,0.0,0.0,4.0,0.6643,0.0,267.825,28.93,12.668,11.502,3.162,1.0,1.0,0.0,0.0,0.0,0.0,0.0,0.0,0.0,55.0,0.0
query_0042,R02058,1,0.2444,0.0,0.0769,0.0,0.0,5.0,17.0,0.2941,0.3043,0.0,0.0,5.0,0.9987,0.0,100.674,13.747,2.454,3.759,0.493,1.0,0.0,0.0,0.0,0.0,0.0,0.0,0.0,0.0,75.0,0.0
query_0042,R01288,1,0.2441,0.0,0.0714,0.0,0.0,5.0,14.0,0.3571,0.2727,0.0,0.0,3.0,0.966,0.0,116.982,13.584,4.433,4.746,0.667,1.0,1.0,0.0,0.0,0.0,0.0,0.0,0.0,0.0,25.0,0.0
query_0042,R00293,1,0.237,0.0,0.0667,0.0,0.0,3.0,13.0,0.2308,0.2222,0.0,0.0,3.0,1.1213,0.0,39.375,1.094,8.922,0.19,1.04,1.0,1.0,0.0,0.0,0.0,0.0,0.0,0.0,0.0,30.0,0.0
query_0042,R02524,1,0.236,0.0,0.0625,0.0,0.0,5.0,17.0,0.2941,0.2143,0.0,0.0,3.0,0.0746,0.0,637.316,63.099,32.402,30.271,7.902,1.0,1.0,0.0,0.0,0.0,0.0,0.0,0.0,0.0,40.0,0.0
query_0042,R02774,1,0.2353,0.0,0.0588,0.0,0.0,2.0,13.0,0.1538,0.1579,0.0,0.0,2.0,0.8835,0.0,158.273,9.283,13.938,8.317,3.564,1.0,1.0,0.0,0.0,0.0,0.0,0.0,0.0,0.0,20.0,0.0
query_0042,R05110,1,0.2348,0.0,0.0556,0.0,0.0,5.0,14.0,0.3571,0.2727,0.0,0.0,3.0,0.9321,0.0,133.948,13.584,4.433,6.668,0.667,1.0,1.0,0.0,0.0,0.0,0.0,0.0,0.0,0.0,25.0,0.0
query_0042,R13345,1,0.2345,0.0,0.0526,0.0,0.0,4.0,14.0,0.2857,0.25,0.0,0.0,4.0,1.1129,0.0,43.526,1.345,9.941,0.125,1.232,1.0,1.0,0.0,0.0,0.0,0.0,0.0,0.0,0.0,80.0,0.0
query_0042,R01054,1,0.234,0.0,0.05,0.0,0.0,3.0,12.0,0.25,0.2222,0.0,0.0,3.0,1.129,0.0,35.522,1.897,6.76,0.432,2.378,1.0,1.0,0.0,0.0,0.0,0.0,0.0,0.0,0.0,40.0,0.0
query_0042,R04706,1,0.2291,0.0,0.0476,0.0,0.0,4.0,21.0,0.1905,0.2333,0.0,0.0,4.0,0.8746,0.0,162.691,6.41,14.11,9.838,3.484,1.0,1.0,0.0,0.0,0.0,0.0,0.0,0.0,0.0,60.0,0.0
query_0042,R01246,1,0.2268,0.0,0.0455,0.0,0.0,5.0,17.0,0.2941,0.2308,0.0,0.0,5.0,0.7672,0.0,216.397,28.714,11.564,6.195,3.494,1.0,0.0,0.0,0.0,0.0,0.0,0.0,0.0,0.0,55.0,0.0
query_0042,R13243,2,0.2251,0.7387,0.0435,0.0286,1.0,5.0,15.0,0.3333,0.3043,0.0,0.0,5.0,0.8101,0.0,194.961,24.385,17.855,3.677,3.467,1.0,0.0,0.0,0.0,0.0,0.0,0.0,0.0,0.0,70.0,0.0
query_0042,R05205,1,0.2235,0.0,0.0417,0.0,0.0,4.0,21.0,0.1905,0.2917,0.0,0.0,4.0,0.8092,0.0,195.414,11.097,15.758,10.56,3.567,1.0,1.0,0.0,0.0,0.0,0.0,0.0,0.0,0.0,60.0,0.0
query_0042,R01650,1,0.2226,0.0,0.04,0.0,0.0,3.0,9.0,0.3333,0.3333,0.0,0.0,3.0,1.1572,0.0,21.401,0.692,4.904,0.093,0.755,1.0,1.0,0.0,0.0,0.0,0.0,0.0,0.0,0.0,40.0,0.0
query_0042,R05813,2,0.2225,0.0,0.0385,0.0,0.0,4.0,9.0,0.4444,0.3333,0.0,0.0,2.0,0.638,0.0,280.991,28.119,3.195,17.011,0.747,1.0,1.0,0.0,0.0,0.0,0.0,0.0,0.0,0.0,50.0,0.0
query_0042,R04152,2,0.2194,0.7446,0.037,0.04,1.0,5.0,20.0,0.25,0.2593,0.0,0.0,3.0,0.8147,0.0,192.665,17.328,13.762,8.025,2.754,1.0,0.0,0.0,0.0,0.0,0.0,0.0,0.0,0.0,30.0,0.0
query_0042,R01126,1,0.2178,0.0,0.0357,0.0,0.0,5.0,14.0,0.3571,0.2727,0.0,0.0,4.0,0.7924,0.0,203.819,8.471,37.228,3.044,5.795,1.0,1.0,0.0,0.0,0.0,0.0,0.0,0.0,0.0,45.0,0.0
query_0042,R00780,1,0.2153,0.0,0.0345,0.0,0.0,5.0,15.0,0.3333,0.25,0.0,0.0,3.0,0.3478,0.0,426.096,32.326,30.926,20.05,4.681,1.0,1.0,0.0,0.0,0.0,0.0,0.0,0.0,0.0,46.0,0.0
query_0042,R00211,2,0.2137,0.7516,0.0333,0.0714,1.0,5.0,14.0,0.3571,0.2857,0.0,0.0,4.0,0.9215,0.0,139.24,4.387,21.824,5.539,5.178,1.0,0.0,0.0,0.0,0.0,0.0,0.0,0.0,0.0,60.0,0.0
query_0042,R05879,2,0.2087,0.7448,0.0323,0.0435,1.0,5.0,18.0,0.2778,0.28,0.0,0.0,4.0,0.9482,0.0,125.879,2.594,14.582,7.471,3.02,1.0,0.0,0.0,0.0,0.0,0.0,0.0,0.0,0.0,45.0,0.0
query_0042,R00004,1,0.2085,0.0,0.0312,0.0,0.0,5.0,18.0,0.2778,0.2609,0.0,0.0,5.0,0.6304,0.0,284.788,29.331,14.582,12.469,3.02,1.0,0.0,0.0,0.0,0.0,0.0,0.0,0.0,0.0,45.0,0.0
query_0042,R04002,2,0.2074,0.7529,0.0303,0.0909,1.0,5.0,22.0,0.2273,0.2333,0.0,0.0,4.0,0.5495,0.0,325.256,30.151,16.716,15.781,3.428,1.0,0.0,0.0,0.0,0.0,0.0,0.0,0.0,0.0,45.0,0.0
query_0042,R02604,1,0.2071,0.0,0.0294,0.0,0.0,4.0,12.0,0.3333,0.3125,0.0,0.0,4.0,1.1293,0.0,35.33,1.346,7.627,0.515,2.13,1.0,1.0,0.0,0.0,0.0,0.0,0.0,0.0,0.0,30.0,0.0
query_0042,R02165,1,0.2065,0.0,0.0286,0.0,0.0,4.0,18.0,0.2222,0.2273,0.0,0.0,4.0,0.7292,0.0,235.42,27.707,6.032,10.856,1.077,1.0,1.0,0.0,0.0,0.0,0.0,0.0,0.0,0.0,55.0,0.0
query_0042,R05811,1,0.2064,0.0,0.0278,0.0,0.0,4.0,15.0,0.2667,0.2,0.0,0.0,4.0,0.2848,0.0,457.592,11.528,89.686,7.848,10.031,1.0,1.0,0.0,0.0,0.0,0.0,0.0,0.0,0.0,40.0,0.0
query_0042,R04972,1,0.2061,0.0,0.027,0.0,0.0,4.0,13.0,0.3077,0.3,0.0,0.0,4.0,0.4909,0.0,354.571,30.002,18.932,18.191,5.295,1.0,1.0,0.0,0.0,0.0,0.0,0.0,0.0,0.0,50.0,0.0
query_0042,R03552,1,0.2048,0.0,0.0263,0.0,0.0,5.0,13.0,0.3846,0.35,0.0,0.0,5.0,0.9377,0.0,131.145,17.273,6.946,3.808,1.787,1.0,0.0,0.0,0.0,0.0,0.0,0.0,0.0,0.0,40.0,0.0
query_0042,R01808,2,0.2044,0.0,0.0256,0.0,0.0,4.0,10.0,0.4,0.2857,0.0,0.0,4.0,0.8616,0.0,169.206,27.403,4.655,3.928,0.715,1.0,0.0,0.0,0.0,0.0,0.0,0.0,0.0,0.0,55.0,0.0
query_0042,R01872,1,0.2042,0.0,0.025,0.0,0.0,4.0,14.0,0.2857,0.2381,0.0,0.0,4.0,0.7525,0.0,223.737,28.304,9.036,8.075,1.865,1.0,0.0,0.0,0.0,0.0,0.0,0.0,0.0,0.0,40.0,0.0
query_0043,R04648,1,0.225,0.0,1.0,0.0,0.0,4.0,11.0,0.3636,0.4,0.0,0.0,2.0,0.4364,0.0,131.79,7.902,24.419,1.111,6.035,1.0,1.0,0.0,0.0,0.0,0.0,0.0,0.0,0.0,35.0,0.0
query_0043,R02942,2,0.2247,0.7777,0.5,0.5,1.0,4.0,11.0,0.3636,0.4,0.0,0.0,2.0,0.1338,0.0,283.085,14.28,42.433,7.538,10.126,1.0,1.0,0.0,0.0,0.0,0.0,0.0,0.0,0.0,30.0,0.0
query_0043,R08872,2,0.2137,0.7483,0.3333,0.0714,1.0,4.0,12.0,0.3333,0.4444,0.0,0.0,2.0,0.3901,0.0,154.966,6.926,19.813,5.979,5.453,1.0,1.0,0.0,0.0,0.0,0.0,0.0,0.0,0.0,45.0,0.0
query_0043,R02406,1,0.2089,0.0,0.25,0.0,0.0,2.0,12.0,0.1667,0.4,0.0,0.0,2.0,0.3941,0.0,152.957,6.83,19.576,5.86,5.397,1.0,1.0,0.0,0.0,0.0,0.0,0.0,0.0,0.0,45.0,0.0
query_0043,R03362,1,0.1874,0.0,0.2,0.0,0.0,2.0,16.0,0.125,0.24,0.0,0.0,2.0,0.3938,0.0,153.117,8.426,30.051,1.105,6.445,1.0,1.0,0.0,0.0,0.0,0.0,0.0,0.0,0.0,50.0,0.0
query_0043,R02191,1,0.174,0.0,0.1667,0.0,0.0,3.0,17.0,0.1765,0.2083,0.0,0.0,1.0,0.3622,0.0,168.889,2.783,15.788,11.535,2.647,1.0,1.0,0.0,0.0,0.0,0.0,0.0,0.0,0.0,40.0,0.0
query_0043,R04419,1,0.1734,0.0,0.1429,0.0,0.0,4.0,27.0,0.1481,0.2571,0.0,0.0,2.0,0.3004,0.0,199.789,5.419,21.093,11.657,5.972,1.0,1.0,0.0,0.0,0.0,0.0,0.0,0.0,0.0,40.0,0.0
query_0043,R07279,1,0.1723,0.0,0.125,0.0,0.0,3.0,12.0,0.25,0.2632,0.0,0.0,1.0,0.4674,0.0,116.297,1.284,4.712,11.011,2.595,1.0,1.0,0.0,0.0,0.0,0.0,0.0,0.0,0.0,20.0,0.0
query_0043,R01591,1,0.1701,0.0,0.1111,0.0,0.0,3.0,11.0,0.2727,0.2941,0.0,0.0,1.0,0.002,0.0,351.014,5.849,63.786,7.508,1.746,1.0,1.0,0.0,0.0,0.0,0.0,0.0,0.0,0.0,65.0,0.0
query_0043,R05543,2,0.1696,0.7579,0.1,0.1,1.0,4.0,9.0,0.4444,0.5,0.0,0.0,2.0,0.1525,0.0,273.727,15.997,45.896,3.628,11.053,1.0,1.0,0.0,0.0,0.0,0.0,0.0,0.0,0.0,25.0,0.0
query_0043,R01504,1,0.1678,0.0,0.0909,0.0,0.0,4.0,16.0,0.25,0.2692,0.0,0.0,2.0,0.6135,0.0,43.241,1.046,3.949,2.717,0.749,1.0,1.0,0.0,0.0,0.0,0.0,0.0,0.0,0.0,55.0,0.0
query_0043,R13368,1,0.1661,0.0,0.0833,0.0,0.0,2.0,7.0,0.2857,0.3,0.0,0.0,1.0,0.4287,0.0,135.662,4.681,22.778,5.108,3.831,1.0,1.0,0.0,0.0,0.0,0.0,0.0,0.0,0.0,10.0,0.0
query_0043,R01118,1,0.1655,0.0,0.0769,0.0,0.0,2.0,12.0,0.1667,0.25,0.0,0.0,1.0,0.6017,0.0,49.148,0.717,2.443,4.396,0.823,1.0,1.0,0.0,0.0,0.0,0.0,0.0,0.0,0.0,40.0,0.0
query_0043,R01513,1,0.1648,0.0,0.0667,0.0,0.0,4.0,11.0,0.3636,0.4444,0.0,0.0,2.0,0.2855,0.0,207.24,12.518,38.17,1.173,8.884,1.0,1.0,0.0,0.0,0.0,0.0,0.0,0.0,0.0,25.0,0.0
query_0043,R09551,2,0.1642,0.7461,0.0625,0.0667,1.0,4.0,13.0,0.3077,0.4,0.0,0.0,2.0,0.2744,0.0,212.775,12.789,39.367,1.234,9.256,1.0,1.0,0.0,0.0,0.0,0.0,0.0,0.0,0.0,35.0,0.0
query_0043,R01643,1,0.1635,0.0,0.0588,0.0,0.0,2.0,14.0,0.1429,0.1765,0.0,0.0,0.0,0.1566,0.0,271.724,3.624,39.376,10.681,0.599,1.0,1.0,0.0,0.0,0.0,0.0,0.0,0.0,0.0,45.0,0.0
query_0043,R02760,1,0.1605,0.0,0.0556,0.0,0.0,2.0,13.0,0.1538,0.1667,0.0,0.0,1.0,0.4781,0.0,110.941,1.694,11.085,7.41,2.387,1.0,1.0,0.0,0.0,0.0,0.0,0.0,0.0,0.0,30.0,0.0
query_0043,R06920,2,0.1604,0.7759,0.0526,0.25,1.0,3.0,15.0,0.2,0.2727,0.0,0.0,2.0,0.0054,0.0,352.691,19.5,60.578,5.179,14.512,1.0,1.0,0.0,0.0,0.0,0.0,0.0,0.0,0.0,35.0,0.0
query_0043,R03459,1,0.158,0.0,0.05,0.0,0.0,2.0,10.0,0.2,0.4615,0.0,0.0,1.0,0.1294,0.0,285.301,1.404,5.673,29.526,1.208,1.0,1.0,0.0,0.0,0.0,0.0,0.0,0.0,0.0,55.0,0.0
query_0043,R00642,1,0.1549,0.0,0.0476,0.0,0.0,1.0,9.0,0.1111,0.1429,0.0,0.0,1.0,0.2757,0.0,487.846,21.697,88.731,5.676,13.283,1.0,1.0,0.0,0.0,0.0,0.0,0.0,0.0,0.0,40.0,0.0
query_0043,R06267,1,0.1546,0.0,0.0455,0.0,0.0,2.0,15.0,0.1333,0.1429,0.0,0.0,1.0,0.5523,0.0,73.831,2.185,8.999,3.634,1.805,1.0,1.0,0.0,0.0,0.0,0.0,0.0,0.0,0.0,50.0,0.0
query_0043,R08549,1,0.1542,0.0,0.0435,0.0,0.0,1.0,6.0,0.1667,0.1429,0.0,0.0,0.0,0.0,0.0,0.0,0.0,0.0,0.0,0.0,1.0,1.0,0.0,0.0,0.0,0.0,0.0,0.0,0.0,30.0,0.0
query_0043,R02251,1,0.152,0.0,0.0417,0.0,0.0,4.0,12.0,0.3333,0.4211,0.0,0.0,2.0,0.4492,0.0,125.403,6.681,21.221,2.026,5.053,1.0,1.0,0.0,0.0,0.0,0.0,0.0,0.0,0.0,30.0,0.0
query_0043,R09052,1,0.1495,0.0,0.0385,0.0,0.0,3.0,12.0,0.25,0.2857,0.0,0.0,2.0,0.5649,0.0,67.559,3.742,13.379,0.54,2.658,1.0,1.0,0.0,0.0,0.0,0.0,0.0,0.0,0.0,75.0,0.0
query_0043,R04337,1,0.1492,0.0,0.037,0.0,0.0,2.0,8.0,0.25,0.5,0.0,0.0,1.0,0.3586,0.0,170.719,3.888,7.634,14.854,2.123,1.0,1.0,0.0,0.0,0.0,0.0,0.0,0.0,0.0,30.0,0.0
query_0043,R07008,2,0.1489,0.0,0.0357,0.0,0.0,4.0,10.0,0.4,0.4444,0.0,0.0,2.0,0.2872,0.0,206.395,12.913,37.907,1.231,9.639,1.0,1.0,0.0,0.0,0.0,0.0,0.0,0.0,0.0,50.0,0.0
query_0043,R05955,0,0.1472,0.0,0.0345,0.0,0.0,1.0,9.0,0.1111,0.2727,0.0,0.0,2.0,0.1715,0.0,264.266,7.114,22.061,17.282,5.702,1.0,1.0,0.0,0.0,0.0,0.0,0.0,0.0,0.0,40.0,0.0
query_0043,R00677,1,0.1467,0.0,0.0333,0.0,0.0,3.0,11.0,0.2727,0.3,0.0,0.0,1.0,0.3924,0.0,153.813,5.381,23.11,6.15,5.74,1.0,1.0,0.0,0.0,0.0,0.0,0.0,0.0,0.0,20.0,0.0
query_0043,R03515,2,0.1458,0.7449,0.0323,0.0625,1.0,2.0,16.0,0.125,0.375,0.0,0.0,1.0,0.4721,0.0,113.956,0.964,3.842,11.054,0.778,1.0,1.0,0.0,0.0,0.0,0.0,0.0,0.0,0.0,40.0,0.0
query_0043,R11322,1,0.1451,0.0,0.0312,0.0,0.0,2.0,9.0,0.2222,0.3077,0.0,0.0,2.0,0.1715,0.0,264.266,7.114,22.061,17.282,5.702,1.0,1.0,0.0,0.0,0.0,0.0,0.0,0.0,0.0,40.0,0.0
query_0043,R06127,0,0.1437,0.0,0.0303,0.0,0.0,2.0,11.0,0.1818,0.2353,0.0,0.0,0.0,0.6067,0.0,46.673,1.61,6.32,1.848,1.031,1.0,1.0,0.0,0.0,0.0,0.0,0.0,0.0,0.0,20.0,0.0
query_0043,R01863,2,0.1435,0.0,0.0294,0.0,0.0,4.0,9.0,0.4444,0.5333,0.0,0.0,2.0,0.3304,0.0,515.179,27.692,96.919,4.384,21.181,1.0,1.0,0.0,0.0,0.0,0.0,0.0,0.0,0.0,40.0,0.0
query_0043,R05567,0,0.1431,0.0,0.0286,0.0,0.0,2.0,15.0,0.1333,0.2273,0.0,0.0,1.0,0.557,0.0,71.485,1.636,8.671,4.128,1.903,1.0,1.0,0.0,0.0,0.0,0.0,0.0,0.0,0.0,30.0,0.0
query_0043,R00347,1,0.143,0.0,0.0278,0.0,0.0,2.0,8.0,0.25,0.3,0.0,0.0,0.0,0.6093,0.0,45.328,0.923,3.611,3.265,1.044,1.0,1.0,0.0,0.0,0.0,0.0,0.0,0.0,0.0,90.0,0.0
query_0043,R05789,1,0.1423,0.0,0.027,0.0,0.0,4.0,17.0,0.2353,0.32,0.0,0.0,2.0,0.3867,0.0,156.673,5.098,19.798,7.971,5.494,1.0,1.0,0.0,0.0,0.0,0.0,0.0,0.0,0.0,30.0,0.0
query_0043,R05655,1,0.1408,0.0,0.0263,0.0,0.0,3.0,11.0,0.2727,0.3333,0.0,0.0,2.0,0.5215,0.0,89.259,4.841,14.243,1.738,3.63,1.0,1.0,0.0,0.0,0.0,0.0,0.0,0.0,0.0,185.0,0.0
query_0043,R08978,1,0.1399,0.0,0.0256,0.0,0.0,2.0,10.0,0.2,0.25,0.0,0.0,2.0,0.4667,0.0,116.661,6.025,17.596,2.864,4.37,1.0,1.0,0.0,0.0,0.0,0.0,0.0,0.0,0.0,55.0,0.0
query_0043,R04185,1,0.1397,0.0,0.025,0.0,0.0,4.0,13.0,0.3077,0.4,0.0,0.0,2.0,0.2915,0.0,204.269,12.577,37.326,1.316,8.893,1.0,1.0,0.0,0.0,0.0,0.0,0.0,0.0,0.0,35.0,0.0
query_0043,R09634,2,0.0,0.7816,0.0,1.0,0.0,1.0,14.0,0.0714,0.1364,0.0,0.0,1.0,0.2839,0.0,208.072,4.477,30.126,8.909,4.322,1.0,1.0,0.0,0.0,0.0,0.0,0.0,0.0,0.0,50.0,0.0
query_0043,R00162,2,0.0,0.7771,0.0,0.3333,0.0,1.0,14.0,0.0714,0.1364,0.0,0.0,1.0,0.2792,0.0,210.381,4.502,30.16,9.156,4.322,1.0,1.0,0.0,0.0,0.0,0.0,0.0,0.0,0.0,50.0,0.0
query_0044,R07562,2,0.4549,0.0,1.0,0.0,0.0,4.0,16.0,0.25,0.2308,0.0,0.0,4.0,0.4899,0.0,155.044,6.766,33.633,1.114,6.719,1.0,1.0,0.0,0.0,0.0,0.0,0.0,0.0,0.0,40.0,0.0
query_0044,R09106,1,0.3425,0.0,0.5,0.0,0.0,3.0,12.0,0.25,0.3,0.0,0.0,2.0,0.413,0.0,193.492,8.249,26.747,7.992,8.409,1.0,1.0,0.0,0.0,0.0,0.0,0.0,0.0,0.0,45.0,0.0
query_0044,R04134,1,0.3087,0.0,0.25,0.0,0.0,3.0,8.0,0.375,0.4286,0.0,0.0,3.0,0.5302,0.0,134.881,4.299,16.74,6.867,3.83,1.0,1.0,0.0,0.0,0.0,0.0,0.0,0.0,0.0,40.0,0.0
query_0044,R04987,1,0.2582,0.0,0.1667,0.0,0.0,2.0,18.0,0.1111,0.1538,0.0,0.0,2.0,0.4784,0.0,160.791,2.326,12.588,11.974,2.667,1.0,1.0,0.0,0.0,0.0,0.0,0.0,0.0,0.0,35.0,0.0
query_0044,R00962,1,0.2573,0.0,0.1429,0.0,0.0,1.0,9.0,0.1111,0.1176,0.0,0.0,1.0,0.6221,0.0,88.957,4.011,11.384,4.367,4.263,1.0,1.0,0.0,0.0,0.0,0.0,0.0,0.0,0.0,40.0,0.0
query_0044,R08245,1,0.2554,0.0,0.125,0.0,0.0,3.0,16.0,0.1875,0.2609,0.0,0.0,3.0,0.6869,0.0,56.55,1.883,9.111,1.934,2.392,1.0,1.0,0.0,0.0,0.0,0.0,0.0,0.0,0.0,50.0,0.0
query_0044,R00282,1,0.244,0.0,0.1111,0.0,0.0,2.0,12.0,0.1667,0.1818,0.0,0.0,2.0,0.4639,0.0,168.069,3.716,25.563,6.541,4.145,1.0,1.0,0.0,0.0,0.0,0.0,0.0,0.0,0.0,35.0,0.0
query_0044,R00121,1,0.2387,0.0,0.1,0.0,0.0,4.0,18.0,0.2222,0.2581,0.0,0.0,3.0,0.0125,0.0,406.266,10.724,77.472,7.935,9.751,1.0,1.0,0.0,0.0,0.0,0.0,0.0,0.0,0.0,30.0,0.0
query_0044,R05288,1,0.2278,0.0,0.0909,0.0,0.0,3.0,17.0,0.1765,0.1852,0.0,0.0,3.0,0.3997,0.0,200.155,5.427,32.73,6.513,6.021,1.0,1.0,0.0,0.0,0.0,0.0,0.0,0.0,0.0,30.0,0.0
query_0044,R02238,1,0.2237,0.0,0.0833,0.0,0.0,3.0,16.0,0.1875,0.1786,0.0,0.0,3.0,0.0389,0.0,419.452,17.207,53.355,19.919,15.5,1.0,1.0,0.0,0.0,0.0,0.0,0.0,0.0,0.0,71.0,0.0
query_0044,R01760,1,0.2186,0.0,0.0769,0.0,0.0,2.0,15.0,0.1333,0.1538,0.0,0.0,2.0,0.4591,0.0,170.463,4.332,28.449,5.114,4.081,1.0,1.0,0.0,0.0,0.0,0.0,0.0,0.0,0.0,35.0,0.0
query_0044,R04310,1,0.2154,0.0,0.0714,0.0,0.0,4.0,25.0,0.16,0.175,0.0,0.0,4.0,0.4939,0.0,153.056,4.594,27.01,4.045,5.217,1.0,1.0,0.0,0.0,0.0,0.0,0.0,0.0,0.0,50.0,0.0
query_0044,R05334,1,0.2127,0.0,0.0667,0.0,0.0,2.0,18.0,0.1111,0.1667,0.0,0.0,2.0,0.2337,0.0,283.171,6.819,53.631,6.402,7.147,1.0,1.0,0.0,0.0,0.0,0.0,0.0,0.0,0.0,50.0,0.0
query_0044,R00515,1,0.2115,0.0,0.0625,0.0,0.0,1.0,13.0,0.0769,0.0952,0.0,0.0,1.0,0.4663,0.0,166.874,7.098,24.646,6.952,7.781,1.0,1.0,0.0,0.0,0.0,0.0,0.0,0.0,0.0,25.0,0.0
query_0044,R06695,1,0.2047,0.0,0.0556,0.0,0.0,4.0,22.0,0.1818,0.1892,0.0,0.0,4.0,0.2255,0.0,512.728,12.143,110.185,2.803,6.765,1.0,1.0,0.0,0.0,0.0,0.0,0.0,0.0,0.0,60.0,0.0
query_0044,R02812,1,0.1891,0.0,0.0526,0.0,0.0,2.0,15.0,0.1333,0.1579,0.0,0.0,2.0,0.5688,0.0,115.58,4.563,24.218,1.215,4.309,1.0,1.0,0.0,0.0,0.0,0.0,0.0,0.0,0.0,45.0,0.0
query_0044,R02482,1,0.1889,0.0,0.05,0.0,0.0,4.0,25.0,0.16,0.1724,0.0,0.0,4.0,0.5592,0.0,120.424,4.496,26.624,0.492,4.964,1.0,1.0,0.0,0.0,0.0,0.0,0.0,0.0,0.0,50.0,0.0
query_0044,R01103,1,0.1882,0.0,0.0476,0.0,0.0,2.0,16.0,0.125,0.1111,0.0,0.0,2.0,0.4157,0.0,192.134,10.784,30.151,3.866,7.793,1.0,1.0,0.0,0.0,0.0,0.0,0.0,0.0,0.0,50.0,0.0
query_0044,R02603,1,0.1872,0.0,0.0455,0.0,0.0,4.0,27.0,0.1481,0.1591,0.0,0.0,4.0,0.4835,0.0,158.25,3.725,20.808,8.166,4.935,1.0,1.0,0.0,0.0,0.0,0.0,0.0,0.0,0.0,35.0,0.0
query_0044,R07771,1,0.1857,0.0,0.0435,0.0,0.0,2.0,20.0,0.1,0.0938,0.0,0.0,2.0,0.487,0.0,156.494,6.401,21.57,6.614,6.505,1.0,1.0,0.0,0.0,0.0,0.0,0.0,0.0,0.0,50.0,0.0
query_0044,R02674,1,0.1834,0.0,0.0417,0.0,0.0,3.0,21.0,0.1429,0.1379,0.0,0.0,3.0,0.5588,0.0,120.591,2.682,13.655,7.055,3.909,1.0,1.0,0.0,0.0,0.0,0.0,0.0,0.0,0.0,60.0,0.0
query_0044,R09174,1,0.1602,0.0,0.0385,0.0,0.0,3.0,27.0,0.1111,0.122,0.0,0.0,3.0,0.3087,0.0,554.374,10.257,94.006,15.153,5.354,1.0,1.0,0.0,0.0,0.0,0.0,0.0,0.0,0.0,65.0,0.0
query_0044,R10582,2,0.1563,0.7295,0.037,0.0357,1.0,4.0,18.0,0.2222,0.2414,0.0,0.0,4.0,0.3636,0.0,218.188,6.51,32.839,8.5,6.118,1.0,1.0,0.0,0.0,0.0,0.0,0.0,0.0,0.0,50.0,0.0
query_0044,R00166,1,0.153,0.0,0.0357,0.0,0.0,4.0,41.0,0.0976,0.1379,0.0,0.0,3.0,0.3031,0.0,551.546,14.971,119.222,2.803,10.67,1.0,1.0,0.0,0.0,0.0,0.0,0.0,0.0,0.0,90.0,0.0
query_0044,R02005,1,0.1527,0.0,0.0345,0.0,0.0,1.0,15.0,0.0667,0.087,0.0,0.0,1.0,0.558,0.0,121.007,3.47,12.775,7.082,2.774,1.0,1.0,0.0,0.0,0.0,0.0,0.0,0.0,0.0,35.0,0.0
query_0044,R09323,1,0.1428,0.0,0.0333,0.0,0.0,3.0,13.0,0.2308,0.3125,0.0,0.0,3.0,0.5551,0.0,122.451,4.673,17.22,5.331,3.918,1.0,1.0,0.0,0.0,0.0,0.0,0.0,0.0,0.0,40.0,0.0
query_0044,R07967,2,0.1404,0.7363,0.0323,0.0526,1.0,3.0,12.0,0.25,0.2632,0.0,0.0,3.0,0.4197,0.0,190.149,7.226,33.451,4.534,7.565,1.0,1.0,0.0,0.0,0.0,0.0,0.0,0.0,0.0,50.0,0.0
query_0044,R00227,1,0.1359,0.0,0.0312,0.0,0.0,3.0,8.0,0.375,0.4,0.0,0.0,3.0,0.6646,0.0,67.684,1.642,13.168,1.259,1.518,1.0,1.0,0.0,0.0,0.0,0.0,0.0,0.0,0.0,40.0,0.0
query_0044,R03576,1,0.1352,0.0,0.0303,0.0,0.0,4.0,13.0,0.3077,0.35,0.0,0.0,4.0,0.0988,0.0,350.623,11.07,65.209,6.387,8.481,1.0,1.0,0.0,0.0,0.0,0.0,0.0,0.0,0.0,60.0,0.0
query_0044,R00210,2,0.134,0.73,0.0294,0.037,1.0,3.0,16.0,0.1875,0.24,0.0,0.0,3.0,0.0881,0.0,355.937,11.951,64.293,7.262,8.755,1.0,1.0,0.0,0.0,0.0,0.0,0.0,0.0,0.0,30.0,0.0
query_0044,R03668,2,0.1337,0.7351,0.0286,0.05,1.0,3.0,20.0,0.15,0.24,0.0,0.0,2.0,0.5718,0.0,114.096,2.524,11.603,7.467,3.17,1.0,1.0,0.0,0.0,0.0,0.0,0.0,0.0,0.0,75.0,0.0
query_0044,R03897,2,0.1281,0.0,0.0256,0.0,0.0,2.0,4.0,0.5,0.6,0.0,0.0,2.0,0.797,0.0,1.52,0.054,0.348,0.011,0.047,1.0,1.0,0.0,0.0,0.0,0.0,0.0,0.0,0.0,15.0,0.0
query_0044,R00677,0,0.1263,0.0,0.025,0.0,0.0,2.0,11.0,0.1818,0.2,0.0,0.0,2.0,0.4924,0.0,153.813,5.381,23.11,6.15,5.74,1.0,1.0,0.0,0.0,0.0,0.0,0.0,0.0,0.0,20.0,0.0
query_0044,R02277,2,0.0,0.7747,0.0,1.0,0.0,2.0,9.0,0.2222,0.2308,0.0,0.0,2.0,0.1558,0.0,322.107,6.886,57.444,8.132,5.321,1.0,1.0,0.0,0.0,0.0,0.0,0.0,0.0,0.0,30.0,0.0
query_0044,R03969,2,0.0,0.7707,0.0,0.5,0.0,3.0,14.0,0.2143,0.2667,0.0,0.0,2.0,0.5889,0.0,105.569,1.823,4.988,9.294,1.139,1.0,1.0,0.0,0.0,0.0,0.0,0.0,0.0,0.0,40.0,0.0
query_0044,R03965,2,0.0,0.759,0.0,0.25,0.0,2.0,7.0,0.2857,0.3636,0.0,0.0,1.0,0.2222,0.0,288.896,4.49,38.073,13.942,3.766,1.0,1.0,0.0,0.0,0.0,0.0,0.0,0.0,0.0,70.0,0.0
query_0044,R02149,2,0.0,0.7565,0.0,0.2,0.0,2.0,7.0,0.2857,0.375,0.0,0.0,2.0,0.7975,0.0,1.228,0.023,0.147,0.073,0.019,1.0,1.0,0.0,0.0,0.0,0.0,0.0,0.0,0.0,40.0,0.0
query_0044,R06250,2,0.0,0.7502,0.0,0.1667,0.0,3.0,18.0,0.1667,0.2,0.0,0.0,2.0,0.0068,0.0,396.606,5.33,15.137,38.612,2.092,1.0,1.0,0.0,0.0,0.0,0.0,0.0,0.0,0.0,50.0,0.0
query_0044,R02229,2,0.0,0.749,0.0,0.1429,0.0,1.0,12.0,0.0833,0.1111,0.0,0.0,1.0,0.41,0.0,194.983,3.933,38.24,3.677,3.401,1.0,1.0,0.0,0.0,0.0,0.0,0.0,0.0,0.0,50.0,0.0
query_0044,R00203,2,0.0,0.747,0.0,0.1111,0.0,3.0,16.0,0.1875,0.1786,0.0,0.0,3.0,0.5557,0.0,122.149,3.147,20.342,4.064,3.39,1.0,1.0,0.0,0.0,0.0,0.0,0.0,0.0,0.0,30.0,0.0
query_0045,R05591,2,0.3949,0.8085,1.0,0.25,1.0,3.0,8.0,0.375,0.3636,0.0,0.0,3.0,0.7418,0.0,129.086,6.581,23.474,1.814,4.17,1.0,1.0,0.0,0.0,0.0,0.0,0.0,0.0,0.0,55.0,0.0
query_0045,R02831,2,0.3805,0.8152,0.5,0.5,1.0,3.0,12.0,0.25,0.25,0.0,0.0,3.0,0.6004,0.0,199.803,7.719,25.93,8.682,5.029,1.0,1.0,0.0,0.0,0.0,0.0,0.0,0.0,0.0,65.0,0.0
query_0045,R08662,2,0.3596,0.0,0.3333,0.0,0.0,3.0,15.0,0.2,0.1905,0.0,0.0,3.0,0.5775,0.0,211.258,9.705,34.143,4.949,6.057,1.0,1.0,0.0,0.0,0.0,0.0,0.0,0.0,0.0,90.0,0.0
query_0045,R02515,2,0.3192,0.7819,0.25,0.0333,1.0,3.0,18.0,0.1667,0.2,0.0,0.0,3.0,0.3759,0.0,312.046,12.761,44.798,10.569,8.235,1.0,1.0,0.0,0.0,0.0,0.0,0.0,0.0,0.0,60.0,0.0
query_0045,R04402,2,0.3073,0.8134,0.2,0.3333,1.0,3.0,12.0,0.25,0.2222,0.0,0.0,3.0,0.308,0.0,345.992,13.531,52.824,10.931,8.961,1.0,1.0,0.0,0.0,0.0,0.0,0.0,0.0,0.0,35.0,0.0
query_0045,R10121,1,0.3001,0.0,0.1667,0.0,0.0,2.0,9.0,0.2222,0.2143,0.0,0.0,2.0,0.8382,0.0,80.918,4.15,14.137,1.212,2.395,1.0,1.0,0.0,0.0,0.0,0.0,0.0,0.0,0.0,330.0,0.0
query_0045,R00391,2,0.2968,0.7929,0.1429,0.0625,1.0,3.0,14.0,0.2143,0.2174,0.0,0.0,3.0,0.6056,0.0,197.19,7.255,25.469,8.469,4.482,1.0,1.0,0.0,0.0,0.0,0.0,0.0,0.0,0.0,45.0,0.0
query_0045,R03574,2,0.2802,0.7871,0.125,0.0435,1.0,3.0,12.0,0.25,0.2667,0.0,0.0,3.0,0.546,0.0,227.012,10.417,43.126,2.535,6.698,1.0,1.0,0.0,0.0,0.0,0.0,0.0,0.0,0.0,40.0,0.0
query_0045,R00717,2,0.274,0.7888,0.1111,0.05,1.0,2.0,11.0,0.1818,0.1765,0.0,0.0,1.0,0.4202,0.0,289.911,12.188,38.126,11.367,7.705,1.0,1.0,0.0,0.0,0.0,0.0,0.0,0.0,0.0,40.0,0.0
query_0045,R00643,1,0.2615,0.0,0.1,0.0,0.0,3.0,16.0,0.1875,0.2,0.0,0.0,2.0,0.7209,0.0,139.541,3.978,17.032,6.822,3.333,1.0,1.0,0.0,0.0,0.0,0.0,0.0,0.0,0.0,35.0,0.0
query_0045,R07025,1,0.255,0.0,0.0833,0.0,0.0,3.0,16.0,0.1875,0.2174,0.0,0.0,3.0,0.2946,0.0,352.691,16.223,54.638,9.361,9.783,1.0,1.0,0.0,0.0,0.0,0.0,0.0,0.0,0.0,50.0,0.0
query_0045,R13061,2,0.2532,0.7973,0.0769,0.0769,1.0,2.0,10.0,0.2,0.2,0.0,0.0,2.0,0.7544,0.0,122.814,5.78,19.639,2.8,3.292,1.0,1.0,0.0,0.0,0.0,0.0,0.0,0.0,0.0,35.0,0.0
query_0045,R02142,1,0.2493,0.0,0.0714,0.0,0.0,3.0,17.0,0.1765,0.1667,0.0,0.0,3.0,0.2203,0.0,389.832,13.788,47.971,17.996,10.011,1.0,1.0,0.0,0.0,0.0,0.0,0.0,0.0,0.0,55.0,0.0
query_0045,R08117,1,0.2175,0.0,0.0667,0.0,0.0,3.0,15.0,0.2,0.1429,0.0,0.0,2.0,0.8759,0.0,62.057,2.493,10.906,1.587,2.898,1.0,1.0,0.0,0.0,0.0,0.0,0.0,0.0,0.0,25.0,0.0
query_0045,R08626,1,0.2123,0.0,0.0625,0.0,0.0,3.0,30.0,0.1,0.1622,0.0,0.0,3.0,0.0036,0.0,501.796,15.439,82.289,13.331,8.121,1.0,1.0,0.0,0.0,0.0,0.0,0.0,0.0,0.0,60.0,0.0
query_0045,R06851,1,0.2052,0.0,0.0588,0.0,0.0,2.0,15.0,0.1333,0.1111,0.0,0.0,2.0,0.8167,0.0,91.671,1.301,7.616,6.812,1.93,1.0,1.0,0.0,0.0,0.0,0.0,0.0,0.0,0.0,50.0,0.0
query_0045,R04480,2,0.1978,0.8008,0.0556,0.1,1.0,3.0,19.0,0.1579,0.1667,0.0,0.0,3.0,0.5764,0.0,211.794,7.532,28.622,8.516,5.228,1.0,1.0,0.0,0.0,0.0,0.0,0.0,0.0,0.0,55.0,0.0
query_0045,R04259,1,0.1947,0.0,0.0526,0.0,0.0,4.0,25.0,0.16,0.125,0.0,0.0,2.0,0.6666,0.0,166.693,1.784,9.847,14.299,2.477,1.0,1.0,0.0,0.0,0.0,0.0,0.0,0.0,0.0,50.0,0.0
query_0045,R02683,1,0.1887,0.0,0.05,0.0,0.0,4.0,14.0,0.2857,0.2632,0.0,0.0,2.0,0.8124,0.0,93.825,1.458,8.105,6.903,2.345,1.0,1.0,0.0,0.0,0.0,0.0,0.0,0.0,0.0,60.0,0.0
query_0045,R02551,1,0.1691,0.0,0.0476,0.0,0.0,3.0,15.0,0.2,0.1905,0.0,0.0,3.0,0.6941,0.0,152.952,7.487,27.058,2.762,4.96,1.0,1.0,0.0,0.0,0.0,0.0,0.0,0.0,0.0,55.0,0.0
query_0045,R01561,1,0.1652,0.0,0.0455,0.0,0.0,3.0,14.0,0.2143,0.1818,0.0,0.0,3.0,0.7301,0.0,134.929,6.967,24.088,2.013,4.545,1.0,1.0,0.0,0.0,0.0,0.0,0.0,0.0,0.0,60.0,0.0
query_0045,R00152,2,0.1638,0.8058,0.0435,0.1429,1.0,1.0,11.0,0.0909,0.0625,0.0,0.0,0.0,0.9601,0.0,19.926,0.888,3.374,1.077,2.16,1.0,1.0,0.0,0.0,0.0,0.0,0.0,0.0,0.0,40.0,0.0
query_0045,R01074,1,0.1564,0.0,0.0417,0.0,0.0,3.0,29.0,0.1034,0.1613,0.0,0.0,2.0,0.4508,0.0,274.61,12.875,44.024,7.698,9.147,1.0,1.0,0.0,0.0,0.0,0.0,0.0,0.0,0.0,55.0,0.0
query_0045,R08548,2,0.1542,0.8205,0.04,1.0,1.0,3.0,11.0,0.2727,0.2632,0.0,0.0,3.0,0.4567,0.0,271.674,12.656,42.196,7.035,7.181,1.0,1.0,0.0,0.0,0.0,0.0,0.0,0.0,0.0,60.0,0.0
query_0045,R00210,2,0.1532,0.7785,0.0385,0.0286,1.0,3.0,16.0,0.1875,0.16,0.0,0.0,3.0,0.2881,0.0,355.937,11.951,64.293,7.262,8.755,1.0,1.0,0.0,0.0,0.0,0.0,0.0,0.0,0.0,30.0,0.0
query_0045,R08377,2,0.1528,0.7743,0.037,0.025,1.0,2.0,16.0,0.125,0.1176,0.0,0.0,2.0,0.9425,0.0,28.769,1.063,6.29,0.386,1.589,1.0,1.0,0.0,0.0,0.0,0.0,0.0,0.0,0.0,50.0,0.0
query_0045,R03605,2,0.1473,0.7771,0.0357,0.027,1.0,3.0,12.0,0.25,0.2222,0.0,0.0,3.0,0.7346,0.0,132.722,6.776,23.733,1.995,4.514,1.0,1.0,0.0,0.0,0.0,0.0,0.0,0.0,0.0,90.0,0.0
query_0045,R07015,2,0.1461,0.7894,0.0345,0.0526,1.0,1.0,8.0,0.125,0.0833,0.0,0.0,0.0,0.9326,0.0,33.683,0.233,0.685,3.474,0.315,1.0,1.0,0.0,0.0,0.0,0.0,0.0,0.0,0.0,425.0,0.0
query_0045,R05113,2,0.1418,0.7872,0.0333,0.0455,1.0,3.0,13.0,0.2308,0.2105,0.0,0.0,2.0,0.9491,0.0,25.426,0.879,5.802,0.269,1.497,1.0,1.0,0.0,0.0,0.0,0.0,0.0,0.0,0.0,155.0,0.0
query_0045,R07200,0,0.1395,0.0,0.0312,0.0,0.0,3.0,16.0,0.1875,0.2222,0.0,0.0,3.0,0.6244,0.0,187.818,5.354,19.803,10.991,3.497,1.0,1.0,0.0,0.0,0.0,0.0,0.0,0.0,0.0,40.0,0.0
query_0045,R10266,0,0.1395,0.0,0.0303,0.0,0.0,2.0,12.0,0.1667,0.1905,0.0,0.0,2.0,0.2898,0.0,355.084,7.389,69.452,5.562,4.2,1.0,1.0,0.0,0.0,0.0,0.0,0.0,0.0,0.0,65.0,0.0
query_0045,R08474,2,0.1366,0.803,0.0294,0.1111,1.0,3.0,14.0,0.2143,0.2174,0.0,0.0,3.0,0.2666,0.0,633.322,25.216,109.354,14.591,17.613,1.0,1.0,0.0,0.0,0.0,0.0,0.0,0.0,0.0,75.0,0.0
query_0045,R01581,0,0.1298,0.0,0.0286,0.0,0.0,3.0,16.0,0.1875,0.1905,0.0,0.0,2.0,0.9227,0.0,38.625,1.486,8.526,0.465,2.263,1.0,1.0,0.0,0.0,0.0,0.0,0.0,0.0,0.0,50.0,0.0
query_0045,R04812,1,0.1265,0.0,0.0278,0.0,0.0,3.0,11.0,0.2727,0.2308,0.0,0.0,2.0,0.92,0.0,40.011,1.009,5.626,1.907,1.597,1.0,1.0,0.0,0.0,0.0,0.0,0.0,0.0,0.0,35.0,0.0
query_0045,R02542,0,0.1253,0.0,0.027,0.0,0.0,2.0,11.0,0.1818,0.125,0.0,0.0,2.0,0.9096,0.0,45.222,0.925,5.213,2.78,1.639,1.0,1.0,0.0,0.0,0.0,0.0,0.0,0.0,0.0,45.0,0.0
query_0045,R06799,0,0.1235,0.0,0.0263,0.0,0.0,0.0,7.0,0.0,0.1538,0.0,0.0,2.0,0.9559,0.0,22.07,0.844,4.961,0.15,1.212,1.0,1.0,0.0,0.0,0.0,0.0,0.0,0.0,0.0,35.0,0.0
query_0045,R07164,1,0.1223,0.0,0.0256,0.0,0.0,3.0,12.0,0.25,0.3,0.0,0.0,3.0,0.3845,0.0,307.73,14.656,57.489,3.7,9.109,1.0,1.0,0.0,0.0,0.0,0.0,0.0,0.0,0.0,20.0,0.0
query_0045,R03876,2,0.0,0.8082,0.0,0.2,0.0,3.0,13.0,0.2308,0.1765,0.0,0.0,1.0,0.894,0.0,53.022,0.792,5.499,3.544,1.228,1.0,1.0,0.0,0.0,0.0,0.0,0.0,0.0,0.0,20.0,0.0
query_0045,R00346,2,0.0,0.8082,0.0,0.1667,0.0,1.0,8.0,0.125,0.0909,0.0,0.0,0.0,0.987,0.0,6.479,0.256,1.484,0.051,0.352,1.0,1.0,0.0,0.0,0.0,0.0,0.0,0.0,0.0,50.0,0.0
query_0045,R02576,2,0.0,0.8045,0.0,0.125,0.0,1.0,10.0,0.1,0.1176,0.0,0.0,1.0,0.5231,0.0,238.465,11.208,34.66,7.047,6.144,1.0,1.0,0.0,0.0,0.0,0.0,0.0,0.0,0.0,180.0,0.0
query_0046,R08906,1,0.2336,0.0,1.0,0.0,0.0,1.0,12.0,0.0833,0.2778,0.0,0.0,0.0,0.8396,0.0,130.203,1.615,17.122,6.439,1.253,1.0,1.0,0.0,0.0,0.0,0.0,0.0,0.0,0.0,50.0,0.0
query_0046,R06067,1,0.1845,0.0,0.5,0.0,0.0,1.0,13.0,0.0769,0.1667,0.0,0.0,0.0,0.9429,0.0,78.573,1.105,8.864,4.994,2.52,1.0,1.0,0.0,0.0,0.0,0.0,0.0,0.0,0.0,40.0,0.0
query_0046,R03459,2,0.1844,0.7514,0.3333,0.0256,1.0,2.0,10.0,0.2,0.3846,0.0,0.0,0.0,0.5294,0.0,285.301,1.404,5.673,29.526,1.208,1.0,1.0,0.0,0.0,0.0,0.0,0.0,0.0,0.0,55.0,0.0
query_0046,R03515,2,0.1748,0.7738,0.25,0.1667,1.0,2.0,16.0,0.125,0.3125,0.0,0.0,0.0,0.8721,0.0,113.956,0.964,3.842,11.054,0.778,1.0,1.0,0.0,0.0,0.0,0.0,0.0,0.0,0.0,40.0,0.0
query_0046,R04337,1,0.1742,0.0,0.2,0.0,0.0,2.0,8.0,0.25,0.4167,0.0,0.0,0.0,0.7586,0.0,170.719,3.888,7.634,14.854,2.123,1.0,1.0,0.0,0.0,0.0,0.0,0.0,0.0,0.0,30.0,0.0
query_0046,R04617,1,0.1717,0.0,0.1667,0.0,0.0,3.0,15.0,0.2,0.4091,0.0,0.0,0.0,0.7338,0.0,183.095,1.417,6.742,17.563,1.75,1.0,1.0,0.0,0.0,0.0,0.0,0.0,0.0,0.0,100.0,0.0
query_0046,R06596,1,0.1503,0.0,0.1429,0.0,0.0,0.0,11.0,0.0,0.1538,0.0,0.0,0.0,0.8418,0.0,129.117,4.882,9.584,8.269,0.678,1.0,1.0,0.0,0.0,0.0,0.0,0.0,0.0,0.0,25.0,0.0
query_0046,R08720,1,0.1501,0.0,0.125,0.0,0.0,2.0,14.0,0.1429,0.3333,0.0,0.0,0.0,0.8904,0.0,104.814,1.596,7.796,8.325,2.579,1.0,1.0,0.0,0.0,0.0,0.0,0.0,0.0,0.0,40.0,0.0
query_0046,R08329,0,0.1493,0.0,0.1111,0.0,0.0,1.0,19.0,0.0526,0.12,0.0,0.0,0.0,0.9037,0.0,98.127,1.268,8.592,7.297,2.593,1.0,0.0,0.0,0.0,0.0,0.0,0.0,0.0,0.0,70.0,0.0
query_0046,R06626,0,0.1452,0.0,0.1,0.0,0.0,1.0,13.0,0.0769,0.1875,0.0,0.0,0.0,0.934,0.0,82.983,1.012,7.324,6.2,1.68,1.0,1.0,0.0,0.0,0.0,0.0,0.0,0.0,0.0,30.0,0.0
query_0046,R01591,0,0.1449,0.0,0.0909,0.0,0.0,2.0,11.0,0.1818,0.2941,0.0,0.0,0.0,0.398,0.0,351.014,5.849,63.786,7.508,1.746,1.0,1.0,0.0,0.0,0.0,0.0,0.0,0.0,0.0,65.0,0.0
query_0046,R01118,0,0.1402,0.0,0.0833,0.0,0.0,1.0,12.0,0.0833,0.15,0.0,0.0,0.0,1.0017,0.0,49.148,0.717,2.443,4.396,0.823,1.0,1.0,0.0,0.0,0.0,0.0,0.0,0.0,0.0,40.0,0.0
query_0046,R13368,0,0.1401,0.0,0.0769,0.0,0.0,1.0,7.0,0.1429,0.1,0.0,0.0,0.0,0.8287,0.0,135.662,4.681,22.778,5.108,3.831,1.0,1.0,0.0,0.0,0.0,0.0,0.0,0.0,0.0,10.0,0.0
query_0046,R08549,0,0.1377,0.0,0.0714,0.0,0.0,1.0,6.0,0.1667,0.1429,0.0,0.0,0.0,0.0,0.0,0.0,0.0,0.0,0.0,0.0,1.0,1.0,0.0,0.0,0.0,0.0,0.0,0.0,0.0,30.0,0.0
query_0046,R00432,0,0.1367,0.0,0.0667,0.0,0.0,0.0,6.0,0.0,0.3,0.0,0.0,0.0,0.1978,0.0,451.094,8.395,38.844,32.708,10.068,1.0,1.0,0.0,0.0,0.0,0.0,0.0,0.0,0.0,40.0,0.0
query_0046,R07664,0,0.1325,0.0,0.0625,0.0,0.0,0.0,1.0,0.0,1.0,0.0,0.0,0.0,1.0976,0.0,1.197,0.011,0.051,0.113,0.03,1.0,1.0,0.0,0.0,0.0,0.0,0.0,0.0,0.0,10.0,0.0
query_0046,R04519,0,0.1279,0.0,0.0588,0.0,0.0,1.0,11.0,0.0909,0.1875,0.0,0.0,0.0,1.0018,0.0,49.077,0.842,3.717,3.862,0.839,1.0,0.0,0.0,0.0,0.0,0.0,0.0,0.0,0.0,35.0,0.0
query_0046,R00347,1,0.1277,0.0,0.0556,0.0,0.0,2.0,8.0,0.25,0.3,0.0,0.0,0.0,1.0093,0.0,45.328,0.923,3.611,3.265,1.044,1.0,1.0,0.0,0.0,0.0,0.0,0.0,0.0,0.0,90.0,0.0
query_0046,R05194,0,0.1257,0.0,0.0526,0.0,0.0,0.0,7.0,0.0,0.3,0.0,0.0,0.0,0.4443,0.0,327.842,6.166,13.977,29.417,6.52,1.0,1.0,0.0,0.0,0.0,0.0,0.0,0.0,0.0,90.0,0.0
query_0046,R04161,0,0.1225,0.0,0.05,0.0,0.0,1.0,11.0,0.0909,0.2353,0.0,0.0,0.0,0.8477,0.0,126.138,3.755,22.371,3.72,5.266,1.0,1.0,0.0,0.0,0.0,0.0,0.0,0.0,0.0,30.0,0.0
query_0046,R05567,0,0.121,0.0,0.0476,0.0,0.0,1.0,15.0,0.0667,0.1364,0.0,0.0,0.0,0.957,0.0,71.485,1.636,8.671,4.128,1.903,1.0,1.0,0.0,0.0,0.0,0.0,0.0,0.0,0.0,30.0,0.0
query_0046,R05770,0,0.1192,0.0,0.0455,0.0,0.0,2.0,12.0,0.1667,0.3684,0.0,0.0,0.0,1.0514,0.0,24.315,0.552,3.112,1.326,0.867,1.0,1.0,0.0,0.0,0.0,0.0,0.0,0.0,0.0,18.0,0.0
query_0046,R07496,0,0.1174,0.0,0.0435,0.0,0.0,1.0,6.0,0.1667,0.3,0.0,0.0,0.0,0.8229,0.0,138.574,3.641,6.902,11.87,2.991,1.0,0.0,0.0,0.0,1.0,0.0,0.0,0.0,0.0,40.0,0.0
query_0046,R04796,0,0.117,0.0,0.0417,0.0,0.0,0.0,7.0,0.0,0.2,0.0,0.0,0.0,0.5852,0.0,257.399,1.332,36.246,13.251,3.158,1.0,1.0,0.0,0.0,0.0,0.0,0.0,0.0,0.0,30.0,0.0
query_0046,R02848,0,0.1155,0.0,0.04,0.0,0.0,0.0,19.0,0.0,0.0345,0.0,0.0,0.0,0.8108,0.0,144.602,4.505,16.384,7.791,4.566,1.0,0.0,0.0,0.0,0.0,0.0,0.0,0.0,0.0,40.0,0.0
query_0046,R04028,1,0.1153,0.0,0.0385,0.0,0.0,2.0,9.0,0.2222,0.25,0.0,0.0,0.0,0.8984,0.0,100.816,1.454,8.456,7.378,1.901,1.0,1.0,0.0,0.0,0.0,0.0,0.0,0.0,0.0,10.0,0.0
query_0046,R04262,0,0.1134,0.0,0.037,0.0,0.0,1.0,10.0,0.1,0.2308,0.0,0.0,0.0,0.784,0.0,158.0,5.561,13.314,11.089,5.575,1.0,1.0,0.0,0.0,0.0,0.0,0.0,0.0,0.0,50.0,0.0
query_0046,R00688,1,0.1122,0.0,0.0357,0.0,0.0,2.0,9.0,0.2222,0.3125,0.0,0.0,0.0,0.998,0.0,51.006,0.877,4.616,3.683,0.971,1.0,0.0,0.0,0.0,0.0,0.0,0.0,0.0,0.0,20.0,0.0
query_0046,R03051,0,0.1092,0.0,0.0345,0.0,0.0,2.0,12.0,0.1667,0.2632,0.0,0.0,0.0,0.9795,0.0,60.259,0.695,3.909,5.093,1.375,1.0,1.0,0.0,0.0,0.0,0.0,0.0,0.0,0.0,25.0,0.0
query_0046,R06111,0,0.109,0.0,0.0333,0.0,0.0,0.0,8.0,0.0,0.2308,0.0,0.0,0.0,0.6212,0.0,239.411,7.544,41.621,5.412,0.42,1.0,1.0,0.0,0.0,0.0,0.0,0.0,0.0,0.0,70.0,0.0
query_0046,R03975,0,0.107,0.0,0.0323,0.0,0.0,1.0,13.0,0.0769,0.2105,0.0,0.0,0.0,0.9762,0.0,61.913,1.927,11.509,1.757,1.818,1.0,1.0,0.0,0.0,0.0,0.0,0.0,0.0,0.0,45.0,0.0
query_0046,R00752,2,0.1068,0.7751,0.0312,0.2,1.0,2.0,17.0,0.1176,0.1304,0.0,0.0,0.0,0.3882,0.0,355.923,3.022,12.509,34.916,3.146,1.0,1.0,0.0,0.0,0.0,0.0,0.0,0.0,0.0,90.0,0.0
query_0046,R12269,0,0.1064,0.0,0.0303,0.0,0.0,1.0,10.0,0.1,0.1765,0.0,0.0,0.0,0.9978,0.0,51.077,1.134,4.322,3.734,1.123,1.0,1.0,0.0,0.0,0.0,0.0,0.0,0.0,0.0,45.0,0.0
query_0046,R03672,1,0.1063,0.0,0.0294,0.0,0.0,2.0,9.0,0.2222,0.3333,0.0,0.0,0.0,0.9599,0.0,70.039,0.462,1.728,7.137,1.002,1.0,1.0,0.0,0.0,0.0,0.0,0.0,0.0,0.0,55.0,0.0
query_0046,R00043,0,0.105,0.0,0.0286,0.0,0.0,2.0,20.0,0.1,0.2069,0.0,0.0,0.0,0.9008,0.0,99.621,1.592,8.186,7.463,2.367,1.0,1.0,0.0,0.0,0.0,0.0,0.0,0.0,0.0,25.0,0.0
query_0046,R07500,0,0.1049,0.0,0.0278,0.0,0.0,2.0,21.0,0.0952,0.2333,0.0,0.0,0.0,0.96,0.0,70.013,2.08,10.307,2.936,2.462,1.0,1.0,0.0,0.0,0.0,0.0,0.0,0.0,0.0,35.0,0.0
query_0046,R06410,0,0.1041,0.0,0.027,0.0,0.0,2.0,23.0,0.087,0.0882,0.0,0.0,0.0,0.9757,0.0,62.169,1.382,7.206,3.678,1.581,1.0,1.0,0.0,0.0,0.0,0.0,0.0,0.0,0.0,30.0,0.0
query_0046,R06860,0,0.1031,0.0,0.0263,0.0,0.0,1.0,6.0,0.1667,0.25,0.0,0.0,0.0,0.8229,0.0,138.574,3.641,6.902,11.87,2.991,1.0,0.0,0.0,0.0,1.0,0.0,0.0,0.0,0.0,40.0,0.0
query_0046,R02413,0,0.1029,0.0,0.0256,0.0,0.0,1.0,7.0,0.1429,0.0909,0.0,0.0,0.0,0.7168,0.0,191.613,3.626,40.279,1.272,1.283,1.0,1.0,0.0,0.0,0.0,0.0,0.0,0.0,0.0,35.0,0.0
query_0046,R04341,0,0.1025,0.0,0.025,0.0,0.0,2.0,11.0,0.1818,0.2778,0.0,0.0,0.0,0.7345,0.0,182.733,5.245,24.508,9.553,4.729,1.0,1.0,0.0,0.0,0.0,0.0,0.0,0.0,0.0,30.0,0.0
query_0047,R02680,1,0.3063,0.0,1.0,0.0,0.0,2.0,15.0,0.1333,0.1304,0.0,0.0,0.0,0.1263,0.0,236.848,5.053,40.381,6.399,3.417,1.0,1.0,0.0,0.0,0.0,0.0,0.0,0.0,0.0,35.0,0.0
query_0047,R02435,1,0.2147,0.0,0.3333,0.0,0.0,2.0,10.0,0.2,0.3333,0.0,0.0,1.0,0.1051,0.0,247.43,5.226,48.277,3.777,2.329,1.0,1.0,0.0,0.0,0.0,0.0,0.0,0.0,0.0,60.0,0.0
query_0047,R10946,1,0.19,0.0,0.2,0.0,0.0,2.0,8.0,0.25,0.2727,0.0,0.0,1.0,0.5634,0.0,18.293,0.57,4.314,0.089,0.754,1.0,1.0,0.0,0.0,0.0,0.0,0.0,0.0,0.0,10.0,0.0
query_0047,R05644,2,0.1894,0.7355,0.1429,0.0588,1.0,2.0,13.0,0.1538,0.3529,0.0,0.0,1.0,0.2938,0.0,153.122,4.344,20.189,7.452,3.377,1.0,1.0,0.0,0.0,0.0,0.0,0.0,0.0,0.0,35.0,0.0
query_0047,R08034,1,0.1845,0.0,0.1111,0.0,0.0,2.0,18.0,0.1111,0.3043,0.0,0.0,1.0,0.3806,0.0,109.71,2.173,10.707,7.343,2.403,1.0,1.0,0.0,0.0,0.0,0.0,0.0,0.0,0.0,60.0,0.0
query_0047,R04064,1,0.1821,0.0,0.1,0.0,0.0,2.0,16.0,0.125,0.2778,0.0,0.0,1.0,0.3491,0.0,125.463,2.878,25.764,1.532,2.115,1.0,1.0,0.0,0.0,0.0,0.0,0.0,0.0,0.0,40.0,0.0
query_0047,R04288,1,0.181,0.0,0.0909,0.0,0.0,2.0,13.0,0.1538,0.4,0.0,0.0,1.0,0.3072,0.0,146.395,9.501,4.787,10.197,0.696,1.0,1.0,0.0,0.0,0.0,0.0,0.0,0.0,0.0,50.0,0.0
query_0047,R08163,1,0.1805,0.0,0.0833,0.0,0.0,3.0,15.0,0.2,0.2174,0.0,0.0,1.0,0.5293,0.0,35.37,0.492,3.38,2.464,0.908,1.0,1.0,0.0,0.0,0.0,0.0,0.0,0.0,0.0,35.0,0.0
query_0047,R08342,1,0.1763,0.0,0.0667,0.0,0.0,2.0,21.0,0.0952,0.28,0.0,0.0,1.0,0.3293,0.0,135.339,7.092,19.473,4.689,4.713,1.0,1.0,0.0,0.0,0.0,0.0,0.0,0.0,0.0,80.0,0.0
query_0047,R00480,2,0.1761,0.7598,0.0625,1.0,1.0,3.0,16.0,0.1875,0.3333,0.0,0.0,1.0,0.4589,0.0,70.526,5.412,7.713,2.424,1.158,1.0,1.0,0.0,0.0,0.0,0.0,0.0,0.0,0.0,55.0,0.0
query_0047,R10544,1,0.1739,0.0,0.0556,0.0,0.0,1.0,13.0,0.0769,0.0952,0.0,0.0,0.0,0.3693,0.0,115.361,2.523,12.597,7.41,2.535,1.0,1.0,0.0,0.0,0.0,0.0,0.0,0.0,0.0,50.0,0.0
query_0047,R09487,1,0.1706,0.0,0.0526,0.0,0.0,1.0,18.0,0.0556,0.0385,0.0,0.0,1.0,0.1944,0.0,202.821,4.244,38.323,3.819,2.434,1.0,1.0,0.0,0.0,0.0,0.0,0.0,0.0,0.0,60.0,0.0
query_0047,R01107,1,0.1706,0.0,0.05,0.0,0.0,2.0,9.0,0.2222,0.2308,0.0,0.0,1.0,0.4765,0.0,61.742,1.09,7.3,3.666,1.573,1.0,1.0,0.0,0.0,0.0,0.0,0.0,0.0,0.0,15.0,0.0
query_0047,R02152,1,0.1704,0.0,0.0476,0.0,0.0,2.0,14.0,0.1429,0.1429,0.0,0.0,1.0,0.4865,0.0,56.754,2.407,12.069,0.654,2.938,1.0,1.0,0.0,0.0,0.0,0.0,0.0,0.0,0.0,35.0,0.0
query_0047,R09083,1,0.1698,0.0,0.0455,0.0,0.0,2.0,13.0,0.1538,0.1765,0.0,0.0,1.0,0.4623,0.0,68.843,1.827,8.537,3.706,1.84,1.0,1.0,0.0,0.0,0.0,0.0,0.0,0.0,0.0,45.0,0.0
query_0047,R05315,1,0.1688,0.0,0.0435,0.0,0.0,2.0,14.0,0.1429,0.1765,0.0,0.0,1.0,0.4056,0.0,97.22,2.358,19.988,1.14,1.228,1.0,1.0,0.0,0.0,0.0,0.0,0.0,0.0,0.0,35.0,0.0
query_0047,R07505,1,0.1673,0.0,0.0417,0.0,0.0,2.0,10.0,0.2,0.3077,0.0,0.0,1.0,0.5544,0.0,22.817,0.681,5.354,0.118,1.276,1.0,1.0,0.0,0.0,0.0,0.0,0.0,0.0,0.0,55.0,0.0
query_0047,R10327,1,0.1665,0.0,0.04,0.0,0.0,2.0,13.0,0.1538,0.25,0.0,0.0,1.0,0.4987,0.0,50.627,5.385,6.441,0.678,0.996,1.0,1.0,0.0,0.0,0.0,0.0,0.0,0.0,0.0,25.0,0.0
query_0047,R09382,1,0.1652,0.0,0.0385,0.0,0.0,2.0,12.0,0.1667,0.1667,0.0,0.0,1.0,0.4856,0.0,57.185,1.244,7.26,3.181,2.207,1.0,1.0,0.0,0.0,0.0,0.0,0.0,0.0,0.0,35.0,0.0
query_0047,R01816,1,0.1636,0.0,0.037,0.0,0.0,2.0,10.0,0.2,0.2143,0.0,0.0,1.0,0.2148,0.0,192.622,4.988,41.517,1.413,4.233,1.0,1.0,0.0,0.0,0.0,0.0,0.0,0.0,0.0,40.0,0.0
query_0047,R09294,1,0.1619,0.0,0.0357,0.0,0.0,2.0,15.0,0.1333,0.2857,0.0,0.0,1.0,0.5426,0.0,28.679,2.554,4.434,0.312,0.934,1.0,1.0,0.0,0.0,0.0,0.0,0.0,0.0,0.0,45.0,0.0
query_0047,R02373,1,0.1618,0.0,0.0345,0.0,0.0,2.0,15.0,0.1333,0.1667,0.0,0.0,1.0,0.222,0.0,188.981,9.195,30.668,4.431,7.363,1.0,1.0,0.0,0.0,0.0,0.0,0.0,0.0,0.0,40.0,0.0
query_0047,R08919,1,0.1615,0.0,0.0333,0.0,0.0,2.0,14.0,0.1429,0.2353,0.0,0.0,1.0,0.1782,0.0,210.914,14.755,42.691,2.198,13.881,1.0,1.0,0.0,0.0,0.0,0.0,0.0,0.0,0.0,50.0,0.0
query_0047,R09201,1,0.1595,0.0,0.0323,0.0,0.0,2.0,10.0,0.2,0.2,0.0,0.0,1.0,0.5033,0.0,48.327,1.424,8.136,1.714,1.694,1.0,1.0,0.0,0.0,0.0,0.0,0.0,0.0,0.0,40.0,0.0
query_0047,R01194,1,0.1591,0.0,0.0312,0.0,0.0,2.0,12.0,0.1667,0.1579,0.0,0.0,1.0,0.0604,0.0,330.186,7.329,72.655,1.085,3.806,1.0,1.0,0.0,0.0,0.0,0.0,0.0,0.0,0.0,65.0,0.0
query_0047,R01051,1,0.1589,0.0,0.0303,0.0,0.0,2.0,20.0,0.1,0.2593,0.0,0.0,1.0,0.4037,0.0,98.174,4.022,19.528,1.216,3.372,1.0,1.0,0.0,0.0,0.0,0.0,0.0,0.0,0.0,55.0,0.0
query_0047,R13036,1,0.1588,0.0,0.0294,0.0,0.0,2.0,14.0,0.1429,0.1875,0.0,0.0,1.0,0.5285,0.0,35.73,1.609,7.827,0.34,1.891,1.0,1.0,0.0,0.0,0.0,0.0,0.0,0.0,0.0,55.0,0.0
query_0047,R02478,2,0.1583,0.7431,0.0286,0.1429,1.0,3.0,12.0,0.25,0.2778,0.0,0.0,1.0,0.4903,0.0,54.829,1.577,9.249,1.853,2.132,1.0,1.0,0.0,0.0,0.0,0.0,0.0,0.0,0.0,45.0,0.0
query_0047,R09026,1,0.157,0.0,0.0263,0.0,0.0,2.0,12.0,0.1667,0.3125,0.0,0.0,1.0,0.4778,0.0,61.09,1.77,13.915,0.192,1.826,1.0,1.0,0.0,0.0,0.0,0.0,0.0,0.0,0.0,35.0,0.0
query_0047,R01207,1,0.1566,0.0,0.0256,0.0,0.0,2.0,13.0,0.1538,0.1667,0.0,0.0,1.0,0.222,0.0,188.976,7.644,29.622,5.694,5.681,1.0,1.0,0.0,0.0,0.0,0.0,0.0,0.0,0.0,70.0,0.0
query_0047,R07608,1,0.1557,0.0,0.025,0.0,0.0,3.0,20.0,0.15,0.2222,0.0,0.0,1.0,0.0537,0.0,326.865,13.998,27.14,19.934,5.957,1.0,1.0,0.0,0.0,0.0,0.0,0.0,0.0,0.0,13.0,0.0
query_0047,R05062,2,0.0,0.7577,0.0,0.5,0.0,2.0,14.0,0.1429,0.2857,0.0,0.0,0.0,0.3873,0.0,106.337,2.321,6.049,8.786,1.298,1.0,1.0,0.0,0.0,0.0,0.0,0.0,0.0,0.0,45.0,0.0
query_0047,R01706,2,0.0,0.7507,0.0,0.3333,0.0,3.0,9.0,0.3333,0.3846,0.0,0.0,1.0,0.4179,0.0,91.061,4.758,3.068,6.746,0.494,1.0,1.0,0.0,0.0,0.0,0.0,0.0,0.0,0.0,30.0,0.0
query_0047,R07063,2,0.0,0.7481,0.0,0.25,0.0,1.0,8.0,0.125,0.1,0.0,0.0,0.0,0.3693,0.0,115.351,1.391,28.532,0.127,0.185,1.0,1.0,0.0,0.0,0.0,0.0,0.0,0.0,0.0,5.0,0.0
query_0047,R12873,2,0.0,0.7461,0.0,0.2,0.0,2.0,9.0,0.2222,0.2308,0.0,0.0,1.0,0.455,0.0,72.524,0.354,2.804,6.909,0.637,1.0,1.0,0.0,0.0,0.0,0.0,0.0,0.0,0.0,35.0,0.0
query_0047,R01625,2,0.0,0.7445,0.0,0.1667,0.0,2.0,14.0,0.1429,0.2105,0.0,0.0,0.0,0.3673,0.0,116.33,2.078,11.047,7.932,2.274,1.0,1.0,0.0,0.0,0.0,0.0,0.0,0.0,0.0,55.0,0.0
query_0047,R07806,2,0.0,0.7418,0.0,0.125,0.0,1.0,13.0,0.0769,0.1176,0.0,0.0,0.0,0.429,0.0,85.493,4.069,10.842,3.07,1.342,1.0,1.0,0.0,0.0,0.0,0.0,0.0,0.0,0.0,70.0,0.0
query_0047,R07878,2,0.0,0.741,0.0,0.1,0.0,3.0,16.0,0.1875,0.32,0.0,0.0,1.0,0.202,0.0,401.002,5.184,48.146,21.196,2.119,1.0,1.0,0.0,0.0,0.0,0.0,0.0,0.0,0.0,15.0,0.0
query_0047,R03867,2,0.0,0.7408,0.0,0.0909,0.0,1.0,9.0,0.1111,0.1667,0.0,0.0,0.0,0.5753,0.0,12.358,0.531,2.866,0.108,0.752,1.0,1.0,0.0,0.0,0.0,0.0,0.0,0.0,0.0,20.0,0.0
query_0047,R03174,2,0.0,0.7395,0.0,0.0833,0.0,2.0,7.0,0.2857,0.3,0.0,0.0,0.0,0.4814,0.0,59.285,1.204,6.955,3.721,1.928,1.0,1.0,0.0,0.0,0.0,0.0,0.0,0.0,0.0,35.0,0.0
query_0048,R10919,2,0.3057,0.6936,1.0,0.0303,1.0,5.0,23.0,0.2174,0.2571,0.0,0.0,5.0,0.6888,0.0,355.6,3.78,22.631,30.073,5.628,1.0,0.0,0.0,0.0,0.0,0.0,0.0,0.0,0.0,55.0,0.0
query_0048,R02612,1,0.3047,0.0,0.5,0.0,0.0,5.0,15.0,0.3333,0.3333,0.0,0.0,4.0,1.2814,0.0,59.282,1.204,6.218,3.779,1.802,1.0,0.0,0.0,0.0,0.0,0.0,0.0,0.0,0.0,55.0,0.0
query_0048,R01657,2,0.2987,0.6977,0.3333,0.0476,1.0,5.0,17.0,0.2941,0.3462,0.0,0.0,5.0,1.1979,0.0,101.036,1.117,8.732,7.323,1.759,1.0,1.0,0.0,0.0,0.0,0.0,0.0,0.0,0.0,180.0,0.0
query_0048,R02622,2,0.2803,0.6971,0.25,0.0435,1.0,5.0,19.0,0.2632,0.35,0.0,0.0,4.0,1.2926,0.0,53.676,2.01,11.926,0.509,2.531,1.0,0.0,0.0,0.0,0.0,0.0,0.0,0.0,0.0,70.0,0.0
query_0048,R03682,1,0.2753,0.0,0.2,0.0,0.0,5.0,13.0,0.3846,0.3636,0.0,0.0,4.0,1.1932,0.0,103.382,0.622,4.274,9.714,1.053,1.0,1.0,0.0,0.0,0.0,0.0,0.0,0.0,0.0,30.0,0.0
query_0048,R02453,2,0.275,0.7351,0.1667,0.3333,1.0,3.0,8.0,0.375,0.4167,0.0,0.0,2.0,1.0841,0.0,157.945,3.035,17.842,9.409,3.034,1.0,0.0,0.0,0.0,0.0,0.0,0.0,0.0,0.0,60.0,0.0
query_0048,R04964,2,0.2654,0.7221,0.1429,0.1667,1.0,3.0,17.0,0.1765,0.16,0.0,0.0,2.0,1.1476,0.0,126.21,1.237,7.988,10.573,1.587,1.0,0.0,0.0,0.0,0.0,0.0,0.0,0.0,0.0,85.0,0.0
query_0048,R07742,1,0.2633,0.0,0.125,0.0,0.0,4.0,20.0,0.2,0.2727,0.0,0.0,4.0,1.1853,0.0,107.35,2.071,15.396,5.159,3.587,1.0,0.0,0.0,0.0,0.0,0.0,0.0,0.0,0.0,70.0,0.0
query_0048,R12253,1,0.2497,0.0,0.1111,0.0,0.0,5.0,15.0,0.3333,0.3478,0.0,0.0,5.0,1.258,0.0,70.996,2.472,12.748,2.039,2.508,1.0,0.0,0.0,0.0,0.0,0.0,0.0,0.0,0.0,60.0,0.0
query_0048,R10059,2,0.2489,0.7234,0.1,0.2,1.0,5.0,24.0,0.2083,0.2353,0.0,0.0,4.0,1.0066,0.0,196.718,3.346,16.735,14.739,5.054,1.0,0.0,0.0,0.0,0.0,0.0,0.0,0.0,0.0,80.0,0.0
query_0048,R02566,1,0.2423,0.0,0.0909,0.0,0.0,5.0,19.0,0.2632,0.28,0.0,0.0,4.0,1.2167,0.0,91.655,1.671,11.718,4.808,2.103,1.0,1.0,0.0,0.0,0.0,0.0,0.0,0.0,0.0,55.0,0.0
query_0048,R02888,1,0.237,0.0,0.0833,0.0,0.0,4.0,24.0,0.1667,0.2258,0.0,0.0,3.0,1.1318,0.0,134.105,2.768,15.569,8.128,4.494,1.0,0.0,0.0,0.0,0.0,0.0,0.0,0.0,0.0,70.0,0.0
query_0048,R01307,2,0.2318,0.7646,0.0769,0.5,1.0,5.0,16.0,0.3125,0.3478,0.0,0.0,4.0,1.0765,0.0,161.76,4.776,29.45,4.52,6.627,1.0,0.0,0.0,0.0,0.0,0.0,0.0,0.0,0.0,45.0,0.0
query_0048,R02993,2,0.2259,0.0,0.0714,0.0,0.0,5.0,12.0,0.4167,0.45,0.0,0.0,4.0,1.2934,0.0,53.287,0.364,2.926,4.677,0.707,1.0,0.0,0.0,0.0,0.0,0.0,0.0,0.0,0.0,30.0,0.0
query_0048,R02582,2,0.2229,0.7057,0.0667,0.0909,1.0,5.0,20.0,0.25,0.2812,0.0,0.0,5.0,0.7515,0.0,324.226,2.84,15.587,29.484,3.677,1.0,0.0,0.0,0.0,0.0,0.0,0.0,0.0,0.0,50.0,0.0
query_0048,R09841,1,0.2221,0.0,0.0625,0.0,0.0,3.0,21.0,0.1429,0.1111,0.0,0.0,1.0,1.2708,0.0,64.608,2.129,10.191,2.638,2.654,1.0,1.0,0.0,0.0,0.0,0.0,0.0,0.0,0.0,80.0,0.0
query_0048,R02204,1,0.2173,0.0,0.0588,0.0,0.0,5.0,20.0,0.25,0.2667,0.0,0.0,5.0,0.4998,0.0,450.111,8.323,85.972,7.592,2.56,1.0,0.0,0.0,0.0,0.0,0.0,0.0,0.0,0.0,95.0,0.0
query_0048,R07113,1,0.2165,0.0,0.0556,0.0,0.0,3.0,8.0,0.375,0.5,0.0,0.0,3.0,1.3588,0.0,20.591,1.218,2.763,0.676,0.618,1.0,1.0,0.0,0.0,0.0,0.0,0.0,0.0,0.0,15.0,0.0
query_0048,R01696,1,0.2143,0.0,0.0526,0.0,0.0,5.0,29.0,0.1724,0.2093,0.0,0.0,5.0,0.3247,0.0,537.659,10.482,97.032,12.367,4.976,1.0,0.0,0.0,0.0,0.0,0.0,0.0,0.0,0.0,85.0,0.0
query_0048,R00622,1,0.2131,0.0,0.05,0.0,0.0,5.0,22.0,0.2273,0.2571,0.0,0.0,5.0,1.1189,0.0,140.527,4.047,24.284,4.807,5.678,1.0,0.0,0.0,0.0,0.0,0.0,0.0,0.0,0.0,70.0,0.0
query_0048,R04056,1,0.2131,0.0,0.0476,0.0,0.0,3.0,12.0,0.25,0.2632,0.0,0.0,3.0,0.6997,0.0,350.159,8.328,23.878,28.315,6.449,1.0,1.0,0.0,0.0,0.0,0.0,0.0,0.0,0.0,40.0,0.0
query_0048,R02317,2,0.211,0.6937,0.0455,0.0312,1.0,3.0,18.0,0.1667,0.125,0.0,0.0,3.0,1.2913,0.0,54.334,0.829,4.329,4.204,1.044,1.0,0.0,0.0,0.0,0.0,0.0,0.0,0.0,0.0,60.0,0.0
query_0048,R05657,2,0.21,0.7258,0.0435,0.25,1.0,3.0,18.0,0.1667,0.1304,0.0,0.0,3.0,1.3105,0.0,44.748,1.4,9.668,0.533,1.503,1.0,1.0,0.0,0.0,0.0,0.0,0.0,0.0,0.0,70.0,0.0
query_0048,R01344,2,0.2074,0.697,0.0417,0.0417,1.0,4.0,19.0,0.2105,0.2083,0.0,0.0,4.0,1.2253,0.0,87.326,3.137,8.883,4.866,1.219,1.0,0.0,0.0,0.0,0.0,0.0,0.0,0.0,0.0,30.0,0.0
query_0048,R04274,1,0.2017,0.0,0.04,0.0,0.0,5.0,23.0,0.2174,0.2286,0.0,0.0,4.0,1.0291,0.0,185.447,2.318,9.435,16.36,2.036,1.0,0.0,0.0,0.0,0.0,0.0,0.0,0.0,0.0,30.0,0.0
query_0048,R08019,1,0.1961,0.0,0.0385,0.0,0.0,5.0,22.0,0.2273,0.2727,0.0,0.0,5.0,0.6287,0.0,385.635,2.946,20.223,34.127,4.339,1.0,0.0,0.0,0.0,0.0,0.0,0.0,0.0,0.0,70.0,0.0
query_0048,R11746,2,0.195,0.696,0.037,0.0385,1.0,3.0,13.0,0.2308,0.1667,0.0,0.0,3.0,1.2714,0.0,64.302,1.362,7.795,3.651,1.548,1.0,0.0,0.0,0.0,0.0,0.0,0.0,0.0,0.0,35.0,0.0
query_0048,R08891,1,0.1874,0.0,0.0357,0.0,0.0,3.0,15.0,0.2,0.1739,0.0,0.0,3.0,1.0998,0.0,150.115,3.196,16.379,9.197,3.76,1.0,0.0,0.0,0.0,0.0,0.0,0.0,0.0,0.0,40.0,0.0
query_0048,R10287,1,0.1852,0.0,0.0345,0.0,0.0,3.0,23.0,0.1304,0.1471,0.0,0.0,3.0,1.1852,0.0,107.382,2.443,13.346,6.131,3.086,1.0,1.0,0.0,0.0,0.0,0.0,0.0,0.0,0.0,80.0,0.0
query_0048,R03083,1,0.1841,0.0,0.0333,0.0,0.0,4.0,12.0,0.3333,0.4375,0.0,0.0,3.0,1.2748,0.0,62.595,0.364,2.573,5.864,0.468,1.0,1.0,0.0,0.0,0.0,0.0,0.0,0.0,0.0,25.0,0.0
query_0048,R06052,1,0.182,0.0,0.0323,0.0,0.0,3.0,10.0,0.3,0.3333,0.0,0.0,3.0,1.2122,0.0,93.924,1.067,7.505,7.058,1.446,1.0,0.0,0.0,0.0,0.0,0.0,0.0,0.0,0.0,25.0,0.0
query_0048,R01944,1,0.1816,0.0,0.0312,0.0,0.0,5.0,19.0,0.2632,0.3448,0.0,0.0,4.0,1.3131,0.0,43.443,1.347,9.372,0.617,2.192,1.0,0.0,0.0,0.0,0.0,0.0,0.0,0.0,0.0,50.0,0.0
query_0048,R12754,1,0.1791,0.0,0.0303,0.0,0.0,4.0,15.0,0.2667,0.25,0.0,0.0,3.0,1.3715,0.0,14.253,0.676,2.432,0.51,1.341,1.0,0.0,0.0,0.0,0.0,0.0,0.0,0.0,0.0,35.0,0.0
query_0048,R01934,1,0.1781,0.0,0.0294,0.0,0.0,3.0,13.0,0.2308,0.2,0.0,0.0,3.0,0.6695,0.0,365.25,19.905,52.505,9.582,10.555,1.0,1.0,0.0,0.0,0.0,0.0,0.0,0.0,0.0,40.0,0.0
query_0048,R06812,1,0.1781,0.0,0.0286,0.0,0.0,3.0,13.0,0.2308,0.1667,0.0,0.0,3.0,1.2712,0.0,64.421,1.331,7.609,3.734,1.474,1.0,0.0,0.0,0.0,0.0,0.0,0.0,0.0,0.0,35.0,0.0
query_0048,R00182,1,0.1748,0.0,0.0278,0.0,0.0,4.0,19.0,0.2105,0.2667,0.0,0.0,3.0,0.6528,0.0,373.609,8.891,75.825,4.197,5.617,1.0,1.0,0.0,0.0,0.0,0.0,0.0,0.0,0.0,25.0,0.0
query_0048,R00864,1,0.1743,0.0,0.027,0.0,0.0,5.0,26.0,0.1923,0.2105,0.0,0.0,5.0,1.0663,0.0,166.841,6.114,11.649,11.045,1.809,1.0,0.0,0.0,0.0,0.0,0.0,0.0,0.0,0.0,35.0,0.0
query_0048,R00531,1,0.17,0.0,0.0263,0.0,0.0,5.0,24.0,0.2083,0.2903,0.0,0.0,5.0,1.2575,0.0,71.257,0.349,2.192,7.153,0.875,1.0,0.0,0.0,0.0,0.0,0.0,0.0,0.0,0.0,135.0,0.0
query_0048,R02136,2,0.1665,0.7678,0.0256,1.0,1.0,5.0,25.0,0.2,0.2727,0.0,0.0,5.0,1.0312,0.0,184.42,2.29,14.937,13.815,2.983,1.0,0.0,0.0,0.0,0.0,0.0,0.0,0.0,0.0,60.0,0.0
query_0048,R06682,1,0.1639,0.0,0.025,0.0,0.0,3.0,20.0,0.15,0.2083,0.0,0.0,3.0,1.1068,0.0,146.624,7.364,9.996,9.041,0.827,1.0,1.0,0.0,0.0,0.0,0.0,0.0,0.0,0.0,545.0,0.0
query_0049,R07056,2,0.3175,0.0,1.0,0.0,0.0,3.0,4.0,0.75,0.8,0.0,0.0,2.0,0.06,0.0,319.989,4.9,52.727,9.281,0.782,1.0,1.0,0.0,0.0,0.0,0.0,0.0,0.0,0.0,30.0,0.0
query_0049,R01474,3,0.2903,0.7852,0.5,1.0,1.0,3.0,4.0,0.75,0.8,0.0,0.0,2.0,0.06,0.0,319.989,4.9,52.727,9.281,0.782,1.0,1.0,0.0,0.0,0.0,0.0,0.0,0.0,0.0,30.0,0.0
query_0049,R02619,1,0.196,0.0,0.25,0.0,0.0,1.0,6.0,0.1667,0.125,0.0,0.0,1.0,0.208,0.0,245.987,7.934,8.084,21.929,4.689,1.0,1.0,0.0,0.0,0.0,0.0,0.0,0.0,0.0,30.0,0.0
query_0049,R09448,1,0.1744,0.0,0.1667,0.0,0.0,2.0,10.0,0.2,0.2857,0.0,0.0,1.0,0.4304,0.0,134.824,2.048,32.834,1.335,3.83,1.0,1.0,0.0,0.0,0.0,0.0,0.0,0.0,0.0,20.0,0.0
query_0049,R00345,1,0.1717,0.0,0.1429,0.0,0.0,2.0,8.0,0.25,0.3333,0.0,0.0,1.0,0.127,0.0,286.491,4.061,53.608,5.665,1.625,1.0,1.0,0.0,0.0,0.0,0.0,0.0,0.0,0.0,70.0,0.0
query_0049,R01194,2,0.1691,0.7213,0.125,0.0769,1.0,3.0,12.0,0.25,0.2632,0.0,0.0,2.0,0.0396,0.0,330.186,7.329,72.655,1.085,3.806,1.0,1.0,0.0,0.0,0.0,0.0,0.0,0.0,0.0,65.0,0.0
query_0049,R00939,1,0.1645,0.0,0.1111,0.0,0.0,1.0,11.0,0.0909,0.0667,0.0,0.0,1.0,0.3256,0.0,187.2,9.378,20.711,8.069,0.832,1.0,1.0,0.0,0.0,0.0,0.0,0.0,0.0,0.0,45.0,0.0
query_0049,R01852,1,0.151,0.0,0.0909,0.0,0.0,1.0,7.0,0.1429,0.25,0.0,0.0,0.0,0.0,0.0,0.0,0.0,0.0,0.0,0.0,1.0,1.0,0.0,0.0,0.0,0.0,0.0,0.0,0.0,10.0,0.0
query_0049,R03140,1,0.1509,0.0,0.0833,0.0,0.0,2.0,11.0,0.1818,0.2105,0.0,0.0,1.0,0.6364,0.0,31.816,0.814,4.392,1.468,0.759,1.0,1.0,0.0,0.0,0.0,0.0,0.0,0.0,0.0,25.0,0.0
query_0049,R01023,1,0.1505,0.0,0.0769,0.0,0.0,1.0,12.0,0.0833,0.0667,0.0,0.0,0.0,0.5936,0.0,53.209,1.103,6.306,3.071,1.266,1.0,1.0,0.0,0.0,0.0,0.0,0.0,0.0,0.0,40.0,0.0
query_0049,R00314,1,0.1498,0.0,0.0714,0.0,0.0,2.0,9.0,0.2222,0.2667,0.0,0.0,1.0,0.3397,0.0,180.125,3.587,39.322,1.056,2.524,1.0,1.0,0.0,0.0,0.0,0.0,0.0,0.0,0.0,175.0,0.0
query_0049,R03474,0,0.1484,0.0,0.0667,0.0,0.0,1.0,13.0,0.0769,0.0667,0.0,0.0,0.0,0.5934,0.0,53.277,0.608,2.162,5.006,1.11,1.0,1.0,0.0,0.0,0.0,0.0,0.0,0.0,0.0,35.0,0.0
query_0049,R07116,0,0.1477,0.0,0.0625,0.0,0.0,1.0,22.0,0.0455,0.1034,0.0,0.0,1.0,0.5416,0.0,79.187,1.823,10.898,3.913,2.201,1.0,1.0,0.0,0.0,0.0,0.0,0.0,0.0,0.0,30.0,0.0
query_0049,R03015,0,0.1434,0.0,0.0588,0.0,0.0,2.0,16.0,0.125,0.0833,0.0,0.0,1.0,0.6017,0.0,49.161,2.036,10.876,0.376,2.445,1.0,1.0,0.0,0.0,0.0,0.0,0.0,0.0,0.0,35.0,0.0
query_0049,R00114,0,0.1432,0.0,0.0556,0.0,0.0,1.0,13.0,0.0769,0.0625,0.0,0.0,0.0,0.5155,0.0,92.27,1.028,4.434,8.445,2.18,1.0,1.0,0.0,0.0,0.0,0.0,0.0,0.0,0.0,380.0,0.0
query_0049,R02406,0,0.1402,0.0,0.0526,0.0,0.0,1.0,12.0,0.0833,0.0667,0.0,0.0,0.0,0.3941,0.0,152.957,6.83,19.576,5.86,5.397,1.0,1.0,0.0,0.0,0.0,0.0,0.0,0.0,0.0,45.0,0.0
query_0049,R02393,0,0.1392,0.0,0.05,0.0,0.0,2.0,15.0,0.1333,0.1818,0.0,0.0,1.0,0.2488,0.0,225.578,4.081,42.815,3.935,1.458,1.0,1.0,0.0,0.0,0.0,0.0,0.0,0.0,0.0,50.0,0.0
query_0049,R04684,0,0.1378,0.0,0.0476,0.0,0.0,3.0,17.0,0.1765,0.1818,0.0,0.0,1.0,0.4563,0.0,121.874,1.764,15.602,6.944,2.627,1.0,1.0,0.0,0.0,0.0,0.0,0.0,0.0,0.0,45.0,0.0
query_0049,R05615,0,0.1271,0.0,0.0417,0.0,0.0,1.0,19.0,0.0526,0.0417,0.0,0.0,0.0,0.0205,0.0,339.762,6.192,47.14,15.933,7.492,1.0,1.0,0.0,0.0,0.0,0.0,0.0,0.0,0.0,40.0,0.0
query_0049,R03670,1,0.1243,0.0,0.04,0.0,0.0,3.0,15.0,0.2,0.2174,0.0,0.0,2.0,0.1496,0.0,275.178,5.466,54.657,4.15,2.425,1.0,1.0,0.0,0.0,0.0,0.0,0.0,0.0,0.0,75.0,0.0
query_0049,R01038,0,0.1241,0.0,0.0385,0.0,0.0,2.0,12.0,0.1667,0.1538,0.0,0.0,1.0,0.696,0.0,2.006,0.043,0.433,0.014,0.03,1.0,1.0,0.0,0.0,0.0,0.0,0.0,0.0,0.0,100.0,0.0
query_0049,R06779,0,0.1198,0.0,0.037,0.0,0.0,2.0,20.0,0.1,0.1471,0.0,0.0,1.0,0.2858,0.0,207.109,7.794,45.924,1.497,7.298,1.0,1.0,0.0,0.0,0.0,0.0,0.0,0.0,0.0,45.0,0.0
query_0049,R10231,0,0.1166,0.0,0.0357,0.0,0.0,1.0,16.0,0.0625,0.0455,0.0,0.0,0.0,0.1839,0.0,258.075,16.971,46.479,5.115,18.056,1.0,1.0,0.0,0.0,0.0,0.0,0.0,0.0,0.0,45.0,0.0
query_0049,R04034,0,0.1045,0.0,0.0333,0.0,0.0,1.0,14.0,0.0714,0.0526,0.0,0.0,0.0,0.2703,0.0,214.845,8.338,12.95,15.636,3.591,1.0,1.0,0.0,0.0,0.0,0.0,0.0,0.0,0.0,100.0,0.0
query_0049,R08021,0,0.0905,0.0,0.0323,0.0,0.0,1.0,24.0,0.0417,0.037,0.0,0.0,0.0,0.1149,0.0,292.574,11.302,3.421,26.215,0.431,1.0,1.0,0.0,0.0,0.0,0.0,0.0,0.0,0.0,55.0,0.0
query_0049,R03097,1,0.0831,0.0,0.0312,0.0,0.0,2.0,6.0,0.3333,0.25,0.0,0.0,1.0,0.6939,0.0,3.049,0.217,0.551,0.06,0.232,1.0,1.0,0.0,0.0,0.0,0.0,0.0,0.0,0.0,390.0,0.0
query_0049,R02357,2,0.0733,0.7072,0.0278,0.0256,1.0,2.0,7.0,0.2857,0.1818,0.0,0.0,1.0,0.1459,0.0,277.036,0.165,23.23,20.829,0.025,1.0,1.0,0.0,0.0,0.0,0.0,0.0,0.0,0.0,30.0,0.0
query_0049,R08839,1,0.0703,0.0,0.027,0.0,0.0,1.0,4.0,0.25,0.2,0.0,0.0,0.0,0.311,0.0,194.5,8.445,33.135,3.45,5.3,1.0,1.0,0.0,0.0,0.0,0.0,0.0,0.0,0.0,40.0,0.0
query_0049,R09467,0,0.0691,0.0,0.0263,0.0,0.0,1.0,8.0,0.125,0.2308,0.0,0.0,1.0,0.6943,0.0,2.874,0.137,0.448,0.154,0.259,1.0,1.0,0.0,0.0,0.0,0.0,0.0,0.0,0.0,10.0,0.0
query_0049,R03130,2,0.0684,0.7252,0.0256,0.0909,1.0,1.0,9.0,0.1111,0.0909,0.0,0.0,0.0,0.6809,0.0,9.53,0.106,0.404,0.872,0.052,1.0,1.0,0.0,0.0,0.0,0.0,0.0,0.0,0.0,40.0,0.0
query_0049,R05612,1,0.0674,0.0,0.025,0.0,0.0,2.0,9.0,0.2222,0.2308,0.0,0.0,2.0,0.569,0.0,65.485,1.004,13.447,0.703,0.429,1.0,1.0,0.0,0.0,0.0,0.0,0.0,0.0,0.0,70.0,0.0
query_0049,R07110,2,0.0,0.7444,0.0,0.5,0.0,3.0,14.0,0.2143,0.2222,0.0,0.0,2.0,0.2296,0.0,464.783,6.208,63.31,20.222,1.318,1.0,1.0,0.0,0.0,0.0,0.0,0.0,0.0,0.0,20.0,0.0
query_0049,R11111,2,0.0,0.7285,0.0,0.1667,0.0,2.0,26.0,0.0769,0.0857,0.0,0.0,1.0,0.5439,0.0,78.049,2.828,11.431,3.614,3.729,1.0,1.0,0.0,0.0,0.0,0.0,0.0,0.0,0.0,80.0,0.0
query_0049,R01380,2,0.0,0.7277,0.0,0.1429,0.0,1.0,9.0,0.1111,0.1429,0.0,0.0,0.0,0.3467,0.0,176.638,3.96,33.163,3.743,3.571,1.0,1.0,0.0,0.0,0.0,0.0,0.0,0.0,0.0,70.0,0.0
query_0049,R00185,2,0.0,0.7276,0.0,0.125,0.0,1.0,17.0,0.0588,0.0741,0.0,0.0,0.0,0.5473,0.0,76.342,1.339,5.192,6.181,2.032,1.0,1.0,0.0,0.0,0.0,0.0,0.0,0.0,0.0,60.0,0.0
query_0049,R02373,2,0.0,0.7197,0.0,0.0714,0.0,1.0,15.0,0.0667,0.1667,0.0,0.0,1.0,0.322,0.0,188.981,9.195,30.668,4.431,7.363,1.0,1.0,0.0,0.0,0.0,0.0,0.0,0.0,0.0,40.0,0.0
query_0049,R00717,2,0.0,0.7192,0.0,0.0667,0.0,1.0,11.0,0.0909,0.1765,0.0,0.0,0.0,0.1202,0.0,289.911,12.188,38.126,11.367,7.705,1.0,1.0,0.0,0.0,0.0,0.0,0.0,0.0,0.0,40.0,0.0
query_0049,R12269,2,0.0,0.7179,0.0,0.0625,0.0,0.0,10.0,0.0,0.0,0.0,0.0,0.0,0.5978,0.0,51.077,1.134,4.322,3.734,1.123,1.0,1.0,0.0,0.0,0.0,0.0,0.0,0.0,0.0,45.0,0.0
query_0049,R00134,2,0.0,0.7159,0.0,0.0588,0.0,2.0,17.0,0.1176,0.1667,0.0,0.0,1.0,0.4976,0.0,101.21,2.723,8.794,6.982,2.668,1.0,1.0,0.0,0.0,0.0,0.0,0.0,0.0,0.0,50.0,0.0
query_0049,R06005,2,0.0,0.7135,0.0,0.05,0.0,1.0,15.0,0.0667,0.0952,0.0,0.0,0.0,0.6486,0.0,25.675,0.475,5.435,0.524,0.369,1.0,1.0,0.0,0.0,0.0,0.0,0.0,0.0,0.0,20.0,0.0
query_0050,R05907,1,0.3039,0.0,0.5,0.0,0.0,3.0,8.0,0.375,0.3636,0.0,0.0,3.0,0.2541,0.0,222.949,13.592,7.833,15.371,1.296,1.0,0.0,0.0,0.0,0.0,0.0,0.0,0.0,0.0,25.0,0.0
query_0050,R01742,2,0.3017,0.0,0.3333,0.0,0.0,4.0,8.0,0.5,0.5455,0.0,0.0,4.0,0.5324,0.0,83.817,4.633,3.131,5.916,0.67,1.0,0.0,0.0,0.0,0.0,0.0,0.0,0.0,0.0,30.0,0.0
query_0050,R01554,1,0.3004,0.0,0.25,0.0,0.0,3.0,8.0,0.375,0.4167,0.0,0.0,3.0,0.3839,0.0,158.06,6.939,5.319,12.302,0.908,1.0,1.0,0.0,0.0,0.0,0.0,0.0,0.0,0.0,30.0,0.0
query_0050,R12208,2,0.2937,0.0,0.2,0.0,0.0,4.0,10.0,0.4,0.4615,0.0,0.0,4.0,0.3388,0.0,180.619,7.79,10.428,12.456,2.164,1.0,1.0,0.0,0.0,0.0,0.0,0.0,0.0,0.0,25.0,0.0
query_0050,R05886,1,0.281,0.0,0.1667,0.0,0.0,3.0,8.0,0.375,0.4545,0.0,0.0,3.0,0.2932,0.0,203.395,7.189,3.369,18.235,1.093,1.0,0.0,0.0,0.0,0.0,0.0,0.0,0.0,0.0,20.0,0.0
query_0050,R03190,1,0.2586,0.0,0.1429,0.0,0.0,3.0,10.0,0.3,0.3077,0.0,0.0,3.0,0.0495,0.0,325.239,14.314,12.579,24.696,2.354,1.0,1.0,0.0,0.0,0.0,0.0,0.0,0.0,0.0,20.0,0.0
query_0050,R01298,1,0.2533,0.0,0.125,0.0,0.0,3.0,8.0,0.375,0.4615,0.0,0.0,3.0,0.2094,0.0,245.285,11.664,17.029,15.136,3.123,1.0,0.0,0.0,0.0,0.0,0.0,0.0,0.0,0.0,20.0,0.0
query_0050,R02547,1,0.2527,0.0,0.1111,0.0,0.0,3.0,9.0,0.3333,0.3077,0.0,0.0,3.0,0.2598,0.0,220.089,10.909,8.398,16.129,1.272,1.0,0.0,0.0,0.0,0.0,0.0,0.0,0.0,0.0,30.0,0.0
query_0050,R02952,1,0.2482,0.0,0.1,0.0,0.0,3.0,9.0,0.3333,0.3571,0.0,0.0,3.0,0.5155,0.0,92.241,3.975,5.764,6.206,0.984,1.0,0.0,0.0,0.0,0.0,0.0,0.0,0.0,0.0,20.0,0.0
query_0050,R02079,1,0.2477,0.0,0.0909,0.0,0.0,3.0,10.0,0.3,0.3125,0.0,0.0,3.0,0.5209,0.0,89.543,2.654,13.642,3.742,3.638,1.0,1.0,0.0,0.0,0.0,0.0,0.0,0.0,0.0,50.0,0.0
query_0050,R07381,1,0.2443,0.0,0.0769,0.0,0.0,3.0,10.0,0.3,0.4286,0.0,0.0,3.0,0.5412,0.0,79.409,3.513,2.712,6.164,0.492,1.0,0.0,0.0,0.0,0.0,0.0,0.0,0.0,0.0,45.0,0.0
query_0050,R01846,1,0.2441,0.0,0.0714,0.0,0.0,4.0,15.0,0.2667,0.2917,0.0,0.0,4.0,0.3965,0.0,151.728,8.137,11.752,8.686,2.615,1.0,0.0,0.0,0.0,0.0,0.0,0.0,0.0,0.0,70.0,0.0
query_0050,R08638,1,0.241,0.0,0.0667,0.0,0.0,3.0,9.0,0.3333,0.375,0.0,0.0,3.0,0.1741,0.0,262.953,16.661,26.236,11.354,5.219,1.0,0.0,0.0,0.0,0.0,0.0,0.0,0.0,0.0,65.0,0.0
query_0050,R01006,1,0.2405,0.0,0.0625,0.0,0.0,4.0,19.0,0.2105,0.2069,0.0,0.0,4.0,0.4416,0.0,129.179,2.144,10.768,9.866,3.996,1.0,0.0,0.0,0.0,0.0,0.0,0.0,0.0,0.0,50.0,0.0
query_0050,R12620,1,0.2369,0.0,0.0588,0.0,0.0,3.0,8.0,0.375,0.4615,0.0,0.0,3.0,0.2513,0.0,475.647,15.084,41.781,28.146,4.276,1.0,0.0,0.0,0.0,0.0,0.0,0.0,0.0,0.0,40.0,0.0
query_0050,R02425,1,0.235,0.0,0.0556,0.0,0.0,3.0,15.0,0.2,0.2353,0.0,0.0,3.0,0.4732,0.0,113.411,5.551,6.043,7.654,1.238,1.0,0.0,0.0,0.0,0.0,0.0,0.0,0.0,0.0,50.0,0.0
query_0050,R07425,1,0.229,0.0,0.0526,0.0,0.0,3.0,13.0,0.2308,0.2,0.0,0.0,3.0,0.4137,0.0,143.14,7.629,7.877,9.384,1.869,1.0,0.0,0.0,0.0,0.0,0.0,0.0,0.0,0.0,25.0,0.0
query_0050,R04265,1,0.2226,0.0,0.05,0.0,0.0,2.0,9.0,0.2222,0.2308,0.0,0.0,2.0,0.2582,0.0,220.915,7.607,9.163,18.115,1.956,1.0,1.0,0.0,0.0,0.0,0.0,0.0,0.0,0.0,40.0,0.0
query_0050,R01503,1,0.2197,0.0,0.0476,0.0,0.0,3.0,10.0,0.3,0.3571,0.0,0.0,3.0,0.1824,0.0,258.796,6.923,58.89,0.34,5.787,1.0,0.0,0.0,0.0,0.0,0.0,0.0,0.0,0.0,45.0,0.0
query_0050,R11520,1,0.2138,0.0,0.0455,0.0,0.0,4.0,25.0,0.16,0.1935,0.0,0.0,4.0,0.3096,0.0,195.208,6.306,18.612,11.969,4.839,1.0,0.0,0.0,0.0,0.0,0.0,0.0,0.0,0.0,60.0,0.0
query_0050,R06942,1,0.209,0.0,0.0435,0.0,0.0,3.0,9.0,0.3333,0.4167,0.0,0.0,3.0,0.6605,0.0,19.752,0.67,4.688,0.098,1.091,1.0,1.0,0.0,0.0,0.0,0.0,0.0,0.0,0.0,545.0,0.0
query_0050,R05935,2,0.2081,0.7015,0.0417,0.0312,1.0,3.0,10.0,0.3,0.3125,0.0,0.0,3.0,0.498,0.0,100.981,5.021,3.137,7.601,0.558,1.0,0.0,0.0,0.0,0.0,0.0,0.0,0.0,0.0,35.0,0.0
query_0050,R00897,1,0.208,0.0,0.04,0.0,0.0,3.0,16.0,0.1875,0.1905,0.0,0.0,2.0,0.4386,0.0,130.723,3.398,19.817,5.401,2.291,1.0,1.0,0.0,0.0,0.0,0.0,0.0,0.0,0.0,30.0,0.0
query_0050,R11830,2,0.2025,0.7,0.0385,0.0263,1.0,3.0,12.0,0.25,0.2857,0.0,0.0,3.0,0.3047,0.0,197.647,8.118,14.1,12.655,3.203,1.0,0.0,0.0,0.0,0.0,0.0,0.0,0.0,0.0,35.0,0.0
query_0050,R07801,1,0.2019,0.0,0.037,0.0,0.0,4.0,20.0,0.2,0.2353,0.0,0.0,4.0,0.2498,0.0,225.103,4.157,18.935,17.009,4.087,1.0,0.0,0.0,0.0,0.0,0.0,0.0,0.0,0.0,65.0,0.0
query_0050,R03518,1,0.2012,0.0,0.0357,0.0,0.0,4.0,22.0,0.1818,0.2353,0.0,0.0,4.0,0.284,0.0,207.978,3.564,14.736,17.07,4.114,1.0,0.0,0.0,0.0,0.0,0.0,0.0,0.0,0.0,60.0,0.0
query_0050,R00311,1,0.2012,0.0,0.0345,0.0,0.0,3.0,12.0,0.25,0.2778,0.0,0.0,3.0,0.2884,0.0,205.824,9.352,18.185,10.298,0.771,1.0,0.0,0.0,0.0,0.0,0.0,0.0,0.0,0.0,30.0,0.0
query_0050,R00755,1,0.1985,0.0,0.0333,0.0,0.0,3.0,14.0,0.2143,0.2727,0.0,0.0,3.0,0.0072,0.0,353.597,8.977,66.552,8.249,9.223,1.0,1.0,0.0,0.0,0.0,0.0,0.0,0.0,0.0,35.0,0.0
query_0050,R09848,1,0.1963,0.0,0.0323,0.0,0.0,3.0,19.0,0.1579,0.1852,0.0,0.0,3.0,0.3555,0.0,172.273,20.114,13.349,4.742,2.93,1.0,0.0,0.0,0.0,0.0,0.0,0.0,0.0,0.0,70.0,0.0
query_0050,R08116,1,0.1956,0.0,0.0312,0.0,0.0,2.0,12.0,0.1667,0.1875,0.0,0.0,2.0,0.0442,0.0,327.901,11.319,14.709,25.767,3.712,1.0,0.0,0.0,0.0,0.0,0.0,0.0,0.0,0.0,45.0,0.0
query_0050,R01659,1,0.1955,0.0,0.0303,0.0,0.0,3.0,12.0,0.25,0.2778,0.0,0.0,3.0,0.3387,0.0,180.663,10.726,8.521,11.876,1.572,1.0,0.0,0.0,0.0,0.0,0.0,0.0,0.0,0.0,30.0,0.0
query_0050,R07137,1,0.1943,0.0,0.0294,0.0,0.0,3.0,12.0,0.25,0.3333,0.0,0.0,3.0,0.3364,0.0,181.778,8.22,12.186,11.761,2.354,1.0,0.0,0.0,0.0,0.0,0.0,0.0,0.0,0.0,20.0,0.0
query_0050,R00083,1,0.1925,0.0,0.0286,0.0,0.0,3.0,20.0,0.15,0.2,0.0,0.0,2.0,0.3794,0.0,160.311,7.036,16.434,8.312,3.224,1.0,1.0,0.0,0.0,0.0,0.0,0.0,0.0,0.0,65.0,0.0
query_0050,R05472,1,0.1919,0.0,0.0278,0.0,0.0,3.0,16.0,0.1875,0.3889,0.0,0.0,3.0,0.2347,0.0,467.344,8.529,6.171,46.251,0.729,1.0,0.0,0.0,0.0,0.0,0.0,0.0,0.0,0.0,100.0,0.0
query_0050,R03789,1,0.1891,0.0,0.027,0.0,0.0,2.0,12.0,0.1667,0.1875,0.0,0.0,2.0,0.2519,0.0,475.941,13.881,73.8,15.391,6.851,1.0,1.0,0.0,0.0,0.0,0.0,0.0,0.0,0.0,55.0,0.0
query_0050,R00406,2,0.1847,0.7002,0.0263,0.0278,1.0,2.0,6.0,0.3333,0.375,0.0,0.0,2.0,0.3045,0.0,197.75,14.488,11.095,10.851,2.16,1.0,0.0,0.0,0.0,0.0,0.0,0.0,0.0,0.0,15.0,0.0
query_0050,R01611,1,0.1838,0.0,0.0256,0.0,0.0,3.0,12.0,0.25,0.25,0.0,0.0,2.0,0.632,0.0,34.011,1.341,2.345,2.284,0.545,1.0,0.0,0.0,0.0,0.0,0.0,0.0,0.0,0.0,40.0,0.0
query_0050,R01057,1,0.1797,0.0,0.025,0.0,0.0,4.0,25.0,0.16,0.28,0.0,0.0,4.0,0.3827,0.0,158.637,9.17,18.919,6.018,4.136,1.0,0.0,0.0,0.0,0.0,0.0,0.0,0.0,0.0,75.0,0.0
query_0050,R04143,2,0.0,0.728,0.0,1.0,0.0,2.0,7.0,0.2857,0.2222,0.0,0.0,1.0,0.4723,0.0,113.854,0.791,5.3,10.372,1.017,1.0,0.0,1.0,0.0,0.0,0.0,0.0,0.0,0.0,25.0,0.0
query_0050,R07789,2,0.0,0.725,0.0,0.5,0.0,2.0,15.0,0.1333,0.125,0.0,0.0,2.0,0.4972,0.0,101.422,2.302,13.229,5.249,2.729,1.0,1.0,0.0,0.0,0.0,0.0,0.0,0.0,0.0,30.0,0.0
query_0051,R02896,1,0.1929,0.0,1.0,0.0,0.0,0.0,4.0,0.0,0.0,0.0,0.0,0.0,0.0,0.9893,11.157,0.214,2.375,0.119,0.226,1.0,1.0,0.0,0.0,0.0,0.0,0.0,0.0,0.0,30.0,0.0
query_0051,R05368,1,0.1867,0.0,0.5,0.0,0.0,0.0,1.0,0.0,0.0,0.0,0.0,0.0,0.0,0.0,0.0,0.0,0.0,0.0,0.0,1.0,1.0,0.0,0.0,0.0,0.0,0.0,0.0,0.0,850.0,0.0
query_0051,R00011,1,0.1851,0.0,0.3333,0.0,0.0,0.0,10.0,0.0,0.0,0.0,0.0,0.0,0.0,0.9198,48.268,1.603,8.262,1.589,2.272,1.0,1.0,0.0,0.0,0.0,0.0,0.0,0.0,0.0,120.0,0.0
query_0051,R04095,1,0.1702,0.0,0.25,0.0,0.0,0.0,9.0,0.0,0.0,0.0,0.0,0.0,0.0,0.7069,235.561,5.862,18.404,15.998,2.846,1.0,1.0,0.0,0.0,0.0,0.0,0.0,0.0,0.0,50.0,0.0
query_0051,R06125,1,0.1588,0.0,0.2,0.0,0.0,0.0,4.0,0.0,0.0,0.0,0.0,0.0,0.0,0.7317,274.695,5.366,60.17,0.497,0.73,1.0,1.0,0.0,0.0,0.0,0.0,0.0,0.0,0.0,20.0,0.0
query_0051,R05975,1,0.155,0.0,0.1667,0.0,0.0,0.0,8.0,0.0,0.0,0.0,0.0,0.0,0.0,0.7038,126.059,5.923,11.499,7.231,2.822,1.0,1.0,0.0,0.0,0.0,0.0,0.0,0.0,0.0,30.0,0.0
query_0051,R01552,1,0.1546,0.0,0.1429,0.0,0.0,0.0,2.0,0.0,0.0,0.0,0.0,0.0,0.0,0.9743,7.339,0.513,0.699,0.285,0.001,1.0,1.0,0.0,0.0,0.0,0.0,0.0,0.0,0.0,70.0,0.0
query_0051,R06193,1,0.1524,0.0,0.125,0.0,0.0,0.0,5.0,0.0,0.0,0.0,0.0,0.0,0.0,0.993,14.962,0.141,0.644,1.415,0.38,1.0,1.0,0.0,0.0,0.0,0.0,0.0,0.0,0.0,45.0,0.0
query_0051,R03453,0,0.1483,0.0,0.1111,0.0,0.0,0.0,6.0,0.0,0.0,0.0,0.0,0.0,0.0,0.6165,162.425,7.669,19.253,6.552,0.75,1.0,1.0,0.0,0.0,0.0,0.0,0.0,0.0,0.0,25.0,0.0
query_0051,R06129,2,0.1471,0.7633,0.1,0.1111,1.0,0.0,6.0,0.0,0.0,0.0,0.0,0.0,0.0,0.9069,114.568,1.863,25.083,0.445,0.751,1.0,1.0,0.0,0.0,0.0,0.0,0.0,0.0,0.0,30.0,0.0
query_0051,R03543,2,0.1425,0.7813,0.0909,0.3333,1.0,0.0,9.0,0.0,0.0,0.0,0.0,0.0,0.0,0.693,138.018,6.14,23.803,2.382,2.979,1.0,1.0,0.0,0.0,0.0,0.0,0.0,0.0,0.0,35.0,0.0
query_0051,R07167,0,0.1424,0.0,0.0833,0.0,0.0,0.0,4.0,0.0,0.0,0.0,0.0,0.0,0.0,0.9979,0.614,0.042,0.111,0.002,0.029,1.0,1.0,0.0,0.0,0.0,0.0,0.0,0.0,0.0,480.0,0.0
query_0051,R11445,2,0.1411,0.8109,0.0769,1.0,1.0,0.0,9.0,0.0,0.0,0.0,0.0,0.0,0.0,0.8874,29.818,2.251,2.378,1.714,1.403,1.0,1.0,0.0,0.0,0.0,0.0,0.0,0.0,0.0,60.0,0.0
query_0051,R07849,0,0.1398,0.0,0.0714,0.0,0.0,0.0,7.0,0.0,0.0,0.0,0.0,0.0,0.0,0.5446,459.57,9.108,94.937,3.664,1.763,1.0,1.0,0.0,0.0,0.0,0.0,0.0,0.0,0.0,55.0,0.0
query_0051,R04197,0,0.1391,0.0,0.0667,0.0,0.0,0.0,6.0,0.0,0.0,0.0,0.0,0.0,0.0,0.9527,20.0,0.946,4.702,0.109,0.725,1.0,1.0,0.0,0.0,0.0,0.0,0.0,0.0,0.0,25.0,0.0
query_0051,R09605,2,0.1364,0.7767,0.0625,0.25,1.0,0.0,7.0,0.0,0.0,0.0,0.0,0.0,0.0,0.9892,3.049,0.217,0.551,0.06,0.232,1.0,1.0,0.0,0.0,0.0,0.0,0.0,0.0,0.0,500.0,0.0
query_0051,R00565,0,0.1362,0.0,0.0588,0.0,0.0,0.0,7.0,0.0,0.0,0.0,0.0,0.0,0.0,0.5634,247.998,8.733,12.592,18.672,0.555,1.0,1.0,0.0,0.0,0.0,0.0,0.0,0.0,0.0,65.0,0.0
query_0051,R01418,2,0.1358,0.7725,0.0556,0.1429,1.0,0.0,6.0,0.0,0.0,0.0,0.0,0.0,0.0,0.9999,0.012,0.001,0.002,0.0,0.001,1.0,1.0,0.0,0.0,0.0,0.0,0.0,0.0,0.0,480.0,0.0
query_0051,R02538,0,0.1335,0.0,0.0526,0.0,0.0,0.0,6.0,0.0,0.0,0.0,0.0,0.0,0.0,0.9507,33.172,0.987,7.766,0.14,1.593,1.0,1.0,0.0,0.0,0.0,0.0,0.0,0.0,0.0,50.0,0.0
query_0051,R06865,2,0.1335,0.7349,0.05,0.0476,1.0,0.0,10.0,0.0,0.0,0.0,0.0,0.0,0.0,0.9384,65.537,1.231,8.028,3.638,1.507,1.0,1.0,0.0,0.0,0.0,0.0,0.0,0.0,0.0,50.0,0.0
query_0051,R01939,2,0.1332,0.7761,0.0476,0.2,1.0,0.0,8.0,0.0,0.0,0.0,0.0,0.0,0.0,0.9964,1.016,0.072,0.184,0.02,0.077,1.0,1.0,0.0,0.0,0.0,0.0,0.0,0.0,0.0,405.0,0.0
query_0051,R09271,0,0.133,0.0,0.0455,0.0,0.0,0.0,6.0,0.0,0.0,0.0,0.0,0.0,0.0,0.3368,192.791,13.264,34.792,0.689,9.145,1.0,1.0,0.0,0.0,0.0,0.0,0.0,0.0,0.0,415.0,0.0
query_0051,R02895,0,0.1326,0.0,0.0435,0.0,0.0,0.0,9.0,0.0,0.0,0.0,0.0,0.0,0.0,0.6842,253.083,6.315,5.772,23.929,2.555,1.0,1.0,0.0,0.0,0.0,0.0,0.0,0.0,0.0,15.0,0.0
query_0051,R04096,0,0.1321,0.0,0.0417,0.0,0.0,0.0,12.0,0.0,0.0,0.0,0.0,0.0,0.0,0.9859,7.54,0.282,1.393,0.36,0.867,1.0,1.0,0.0,0.0,0.0,0.0,0.0,0.0,0.0,10.0,0.0
query_0051,R03296,0,0.1315,0.0,0.04,0.0,0.0,0.0,11.0,0.0,0.0,0.0,0.0,0.0,0.0,0.937,62.343,1.259,6.856,3.873,1.915,1.0,1.0,0.0,0.0,0.0,0.0,0.0,0.0,0.0,50.0,0.0
query_0051,R04604,0,0.1313,0.0,0.0385,0.0,0.0,0.0,7.0,0.0,0.0,0.0,0.0,0.0,0.0,0.9907,4.87,0.186,0.707,0.187,0.227,1.0,1.0,0.0,0.0,0.0,0.0,0.0,0.0,0.0,35.0,0.0
query_0051,R04195,2,0.1304,0.7871,0.037,0.5,1.0,0.0,10.0,0.0,0.0,0.0,0.0,0.0,0.0,0.7479,226.439,5.043,17.127,16.198,3.385,1.0,1.0,0.0,0.0,0.0,0.0,0.0,0.0,0.0,75.0,0.0
query_0051,R02358,0,0.1303,0.0,0.0357,0.0,0.0,0.0,5.0,0.0,0.0,0.0,0.0,0.0,0.0,0.9783,6.098,0.434,1.102,0.121,0.465,1.0,1.0,0.0,0.0,0.0,0.0,0.0,0.0,0.0,500.0,0.0
query_0051,R00134,0,0.1302,0.0,0.0345,0.0,0.0,0.0,17.0,0.0,0.0,0.0,0.0,0.0,0.0,0.8639,101.21,2.723,8.794,6.982,2.668,1.0,1.0,0.0,0.0,0.0,0.0,0.0,0.0,0.0,50.0,0.0
query_0051,R01886,0,0.1299,0.0,0.0333,0.0,0.0,0.0,9.0,0.0,0.0,0.0,0.0,0.0,0.0,0.9576,32.191,0.848,4.934,1.343,0.861,1.0,1.0,0.0,0.0,0.0,0.0,0.0,0.0,0.0,50.0,0.0
query_0051,R09491,0,0.1277,0.0,0.0323,0.0,0.0,0.0,9.0,0.0,0.0,0.0,0.0,0.0,0.0,0.5706,141.981,8.589,11.642,6.91,0.143,1.0,1.0,0.0,0.0,0.0,0.0,0.0,0.0,0.0,20.0,0.0
query_0051,R00069,0,0.1265,0.0,0.0312,0.0,0.0,0.0,10.0,0.0,0.0,0.0,0.0,0.0,0.0,0.9516,59.688,0.968,4.057,4.961,1.244,1.0,1.0,0.0,0.0,0.0,0.0,0.0,0.0,0.0,35.0,0.0
query_0051,R02619,0,0.1264,0.0,0.0303,0.0,0.0,0.0,6.0,0.0,0.0,0.0,0.0,0.0,0.0,0.6033,245.987,7.934,8.084,21.929,4.689,1.0,1.0,0.0,0.0,0.0,0.0,0.0,0.0,0.0,30.0,0.0
query_0051,R00422,0,0.1253,0.0,0.0294,0.0,0.0,0.0,7.0,0.0,0.0,0.0,0.0,0.0,0.0,0.6408,336.674,7.185,73.37,0.722,1.502,1.0,1.0,0.0,0.0,0.0,0.0,0.0,0.0,0.0,55.0,0.0
query_0051,R02189,0,0.1235,0.0,0.0286,0.0,0.0,0.0,10.0,0.0,0.0,0.0,0.0,0.0,0.0,0.8841,59.035,2.317,13.587,0.333,2.74,1.0,1.0,0.0,0.0,0.0,0.0,0.0,0.0,0.0,20.0,0.0
query_0051,R12468,0,0.1231,0.0,0.0278,0.0,0.0,0.0,8.0,0.0,0.0,0.0,0.0,0.0,0.0,0.3543,351.956,12.915,67.138,3.015,4.327,1.0,1.0,0.0,0.0,0.0,0.0,0.0,0.0,0.0,50.0,0.0
query_0051,R01621,0,0.1225,0.0,0.027,0.0,0.0,0.0,8.0,0.0,0.0,0.0,0.0,0.0,0.0,0.7619,77.593,4.763,14.331,0.466,3.631,1.0,1.0,0.0,0.0,0.0,0.0,0.0,0.0,0.0,45.0,0.0
query_0051,R03405,0,0.1215,0.0,0.0263,0.0,0.0,0.0,10.0,0.0,0.0,0.0,0.0,0.0,0.0,0.9566,30.564,0.868,3.408,1.819,0.575,1.0,1.0,0.0,0.0,0.0,0.0,0.0,0.0,0.0,40.0,0.0
query_0051,R06372,0,0.121,0.0,0.0256,0.0,0.0,0.0,4.0,0.0,0.0,0.0,0.0,0.0,0.0,0.0,0.0,0.0,0.0,0.0,0.0,1.0,1.0,0.0,0.0,0.0,0.0,0.0,0.0,0.0,480.0,0.0
query_0051,R01542,0,0.121,0.0,0.025,0.0,0.0,0.0,6.0,0.0,0.0,0.0,0.0,0.0,0.0,0.9841,8.41,0.319,2.703,0.087,0.812,1.0,1.0,0.0,0.0,0.0,0.0,0.0,0.0,0.0,10.0,0.0
query_0052,R13118,2,0.2097,0.7895,1.0,0.1111,1.0,0.0,10.0,0.0,0.0,0.0,0.0,0.0,0.0,0.0,22.384,0.815,5.004,0.143,0.98,1.0,1.0,0.0,0.0,0.0,1.0,0.0,0.0,0.0,40.0,0.0
query_0052,R07123,0,0.1453,0.0,0.5,0.0,0.0,0.0,13.0,0.0,0.0,0.0,0.0,0.0,0.0,0.0,252.993,4.293,29.806,14.388,5.875,1.0,1.0,0.0,0.0,0.0,0.0,0.0,0.0,0.0,75.0,0.0
query_0052,R07894,0,0.1335,0.0,0.25,0.0,0.0,0.0,1.0,0.0,0.0,0.0,0.0,0.0,0.0,0.0,0.0,0.0,0.0,0.0,0.0,1.0,1.0,0.0,0.0,0.0,1.0,0.0,0.0,0.0,55.0,0.0
query_0052,R03036,0,0.1174,0.0,0.2,0.0,0.0,0.0,11.0,0.0,0.0,0.0,0.0,0.0,0.0,0.0,164.007,3.805,36.054,0.512,1.734,1.0,1.0,0.0,0.0,0.0,0.0,0.0,0.0,0.0,65.0,0.0
query_0052,R01467,2,0.1152,0.7595,0.1667,0.0323,1.0,0.0,7.0,0.0,0.0,0.0,0.0,0.0,0.0,0.0,4.276,0.22,0.236,0.305,0.103,1.0,1.0,0.0,0.0,0.0,1.0,0.0,0.0,0.0,50.0,0.0
query_0052,R02700,0,0.1132,0.0,0.125,0.0,0.0,0.0,20.0,0.0,0.0,0.0,0.0,0.0,0.0,0.0,230.088,12.887,39.421,3.507,10.543,1.0,1.0,0.0,0.0,0.0,0.0,0.0,0.0,0.0,60.0,0.0
query_0052,R03283,0,0.107,0.0,0.1111,0.0,0.0,0.0,11.0,0.0,0.0,0.0,0.0,0.0,0.0,0.0,57.886,1.315,5.588,3.861,1.635,1.0,1.0,0.0,0.0,0.0,1.0,0.0,0.0,0.0,30.0,0.0
query_0052,R11713,0,0.1064,0.0,0.0909,0.0,0.0,0.0,17.0,0.0,0.0,0.0,0.0,0.0,0.0,0.0,166.971,1.146,9.638,14.264,1.042,1.0,1.0,0.0,0.0,0.0,0.0,0.0,0.0,0.0,50.0,0.0
query_0052,R06907,2,0.1059,0.7628,0.0833,0.0385,1.0,0.0,12.0,0.0,0.0,0.0,0.0,0.0,0.0,0.0,198.215,12.402,36.239,1.099,8.906,1.0,1.0,0.0,0.0,0.0,0.0,0.0,0.0,0.0,40.0,0.0
query_0052,R02693,0,0.1049,0.0,0.0769,0.0,0.0,0.0,9.0,0.0,0.0,0.0,0.0,0.0,0.0,0.0,33.397,0.164,0.256,3.614,0.109,1.0,1.0,0.0,0.0,0.0,1.0,0.0,0.0,0.0,50.0,0.0
query_0052,R03173,0,0.1048,0.0,0.0714,0.0,0.0,0.0,16.0,0.0,0.0,0.0,0.0,0.0,0.0,0.0,58.554,1.372,5.742,3.804,1.629,1.0,1.0,0.0,0.0,0.0,1.0,0.0,0.0,0.0,35.0,0.0
query_0052,R00607,0,0.1015,0.0,0.0625,0.0,0.0,0.0,11.0,0.0,0.0,0.0,0.0,0.0,0.0,0.0,79.43,2.171,11.47,3.526,2.619,1.0,1.0,0.0,0.0,0.0,0.0,0.0,0.0,0.0,45.0,0.0
query_0052,R10216,0,0.1005,0.0,0.0588,0.0,0.0,0.0,11.0,0.0,0.0,0.0,0.0,0.0,0.0,0.0,79.43,2.171,11.47,3.526,2.619,1.0,1.0,0.0,0.0,0.0,0.0,0.0,0.0,0.0,45.0,0.0
query_0052,R04344,0,0.1004,0.0,0.0556,0.0,0.0,0.0,9.0,0.0,0.0,0.0,0.0,0.0,0.0,0.0,17.214,0.165,1.129,1.441,0.251,1.0,1.0,0.0,0.0,0.0,1.0,0.0,0.0,0.0,30.0,0.0
query_0052,R07342,0,0.0994,0.0,0.0526,0.0,0.0,0.0,12.0,0.0,0.0,0.0,0.0,0.0,0.0,0.0,47.695,0.763,3.598,3.701,0.864,1.0,1.0,0.0,0.0,0.0,0.0,0.0,0.0,0.0,40.0,0.0
query_0052,R07719,2,0.0994,0.7833,0.05,0.0714,1.0,0.0,11.0,0.0,0.0,0.0,0.0,0.0,0.0,0.0,532.124,20.943,19.176,45.487,7.237,1.0,1.0,0.0,0.0,0.0,1.0,0.0,0.0,0.0,40.0,0.0
query_0052,R03548,0,0.0987,0.0,0.0476,0.0,0.0,0.0,11.0,0.0,0.0,0.0,0.0,0.0,0.0,0.0,190.354,4.001,8.508,16.785,3.955,1.0,1.0,0.0,0.0,0.0,0.0,0.0,0.0,0.0,15.0,0.0
query_0052,R11222,0,0.0983,0.0,0.0455,0.0,0.0,0.0,15.0,0.0,0.0,0.0,0.0,0.0,0.0,0.0,117.221,2.017,9.45,9.093,3.547,1.0,1.0,0.0,0.0,0.0,0.0,0.0,0.0,0.0,460.0,0.0
query_0052,R07552,2,0.0981,0.7614,0.0435,0.037,1.0,0.0,13.0,0.0,0.0,0.0,0.0,0.0,0.0,0.0,41.221,0.518,1.893,3.775,0.738,1.0,1.0,0.0,0.0,0.0,1.0,0.0,0.0,0.0,50.0,0.0
query_0052,R01280,0,0.098,0.0,0.0417,0.0,0.0,0.0,14.0,0.0,0.0,0.0,0.0,0.0,0.0,0.0,52.786,1.343,6.76,2.842,1.624,1.0,1.0,0.0,0.0,0.0,1.0,0.0,0.0,0.0,160.0,0.0
query_0052,R10396,0,0.0977,0.0,0.04,0.0,0.0,0.0,14.0,0.0,0.0,0.0,0.0,0.0,0.0,0.0,29.89,1.186,6.535,0.369,1.648,1.0,1.0,0.0,0.0,0.0,1.0,0.0,0.0,0.0,40.0,0.0
query_0052,R07426,0,0.097,0.0,0.0385,0.0,0.0,0.0,9.0,0.0,0.0,0.0,0.0,0.0,0.0,0.0,77.316,0.564,2.832,7.26,0.741,1.0,1.0,0.0,0.0,0.0,1.0,0.0,0.0,0.0,20.0,0.0
query_0052,R03321,0,0.0944,0.0,0.037,0.0,0.0,0.0,14.0,0.0,0.0,0.0,0.0,0.0,0.0,0.0,62.867,1.419,7.147,3.788,1.7,1.0,1.0,0.0,0.0,0.0,1.0,0.0,0.0,0.0,20.0,0.0
query_0052,R03074,0,0.0939,0.0,0.0357,0.0,0.0,0.0,10.0,0.0,0.0,0.0,0.0,0.0,0.0,0.0,213.808,3.717,39.402,4.044,0.609,1.0,1.0,0.0,0.0,0.0,1.0,0.0,0.0,0.0,50.0,0.0
query_0052,R01384,0,0.0916,0.0,0.0345,0.0,0.0,0.0,10.0,0.0,0.0,0.0,0.0,0.0,0.0,0.0,13.5,0.675,3.193,0.068,0.506,1.0,1.0,0.0,0.0,0.0,0.0,0.0,0.0,0.0,50.0,0.0
query_0052,R01565,0,0.0914,0.0,0.0333,0.0,0.0,0.0,11.0,0.0,0.0,0.0,0.0,0.0,0.0,0.0,1464.865,13.635,66.67,136.987,36.158,1.0,1.0,0.0,0.0,0.0,1.0,0.0,0.0,0.0,45.0,0.0
query_0052,R13242,2,0.0903,0.7747,0.0323,0.0526,1.0,0.0,18.0,0.0,0.0,0.0,0.0,0.0,0.0,0.0,244.7,13.253,46.43,1.794,9.832,1.0,1.0,0.0,0.0,0.0,0.0,0.0,0.0,0.0,40.0,0.0
query_0052,R00190,0,0.0899,0.0,0.0312,0.0,0.0,0.0,12.0,0.0,0.0,0.0,0.0,0.0,0.0,0.0,79.35,0.881,2.923,7.646,1.656,1.0,1.0,0.0,0.0,0.0,0.0,0.0,0.0,0.0,60.0,0.0
query_0052,R00799,0,0.0894,0.0,0.0303,0.0,0.0,0.0,3.0,0.0,0.0,0.0,0.0,0.0,0.0,0.0,356.747,6.969,78.142,0.645,0.948,1.0,1.0,0.0,0.0,0.0,1.0,0.0,0.0,0.0,150.0,0.0
query_0052,R01865,0,0.0894,0.0,0.0294,0.0,0.0,0.0,11.0,0.0,0.0,0.0,0.0,0.0,0.0,0.0,91.441,2.646,13.777,4.174,3.131,1.0,1.0,0.0,0.0,0.0,0.0,0.0,0.0,0.0,25.0,0.0
query_0052,R00857,0,0.0885,0.0,0.0286,0.0,0.0,0.0,10.0,0.0,0.0,0.0,0.0,0.0,0.0,0.0,30.202,0.924,4.449,1.38,1.06,1.0,1.0,0.0,0.0,0.0,0.0,0.0,0.0,0.0,50.0,0.0
query_0052,R00068,2,0.0882,0.7776,0.0278,0.0625,1.0,0.0,11.0,0.0,0.0,0.0,0.0,0.0,0.0,0.0,266.905,15.961,45.645,3.013,10.968,1.0,1.0,0.0,0.0,0.0,1.0,0.0,0.0,0.0,55.0,0.0
query_0052,R09995,0,0.087,0.0,0.027,0.0,0.0,0.0,9.0,0.0,0.0,0.0,0.0,0.0,0.0,0.0,4.199,0.174,0.84,0.081,0.192,1.0,1.0,0.0,0.0,0.0,1.0,0.0,0.0,0.0,170.0,0.0
query_0052,R09375,0,0.0863,0.0,0.0263,0.0,0.0,0.0,12.0,0.0,0.0,0.0,0.0,0.0,0.0,0.0,88.503,3.409,20.509,0.512,4.106,1.0,1.0,0.0,0.0,0.0,1.0,0.0,0.0,0.0,40.0,0.0
query_0052,R04108,2,0.0862,0.7776,0.0256,0.0588,1.0,0.0,20.0,0.0,0.0,0.0,0.0,0.0,0.0,0.0,221.633,12.855,42.0,1.083,9.675,1.0,1.0,0.0,0.0,0.0,0.0,0.0,0.0,0.0,230.0,0.0
query_0052,R06164,2,0.0,0.8517,0.0,1.0,0.0,0.0,17.0,0.0,0.0,0.0,0.0,0.0,0.0,0.0,174.004,7.901,26.372,5.097,6.894,1.0,1.0,0.0,0.0,0.0,0.0,0.0,0.0,0.0,45.0,0.0
query_0052,R01195,2,0.0,0.8019,0.0,0.25,0.0,0.0,27.0,0.0,0.0,0.0,0.0,0.0,0.0,0.0,282.043,5.08,46.667,8.436,2.682,1.0,1.0,0.0,0.0,0.0,1.0,0.0,0.0,0.0,65.0,0.0
query_0052,R00024,2,0.0,0.8005,0.0,0.2,0.0,0.0,10.0,0.0,0.0,0.0,0.0,0.0,0.0,0.0,72.037,1.048,4.163,6.172,1.455,1.0,1.0,0.0,0.0,0.0,1.0,0.0,0.0,0.0,45.0,0.0
query_0052,R07163,2,0.0,0.7999,0.0,0.1667,0.0,0.0,13.0,0.0,0.0,0.0,0.0,0.0,0.0,0.0,240.912,13.271,41.723,3.393,10.018,1.0,1.0,0.0,0.0,0.0,1.0,0.0,0.0,0.0,45.0,0.0
query_0052,R09103,2,0.0,0.7918,0.0,0.1429,0.0,0.0,10.0,0.0,0.0,0.0,0.0,0.0,0.0,0.0,23.116,0.845,5.191,0.152,1.054,1.0,1.0,0.0,0.0,0.0,1.0,0.0,0.0,0.0,40.0,0.0
query_0053,R00483,0,0.1474,0.0,1.0,0.0,0.0,0.0,11.0,0.0,0.0,0.0,0.0,0.0,0.0,0.0,78.122,2.824,7.845,4.224,0.824,1.0,0.0,0.0,0.0,0.0,0.0,0.0,0.0,0.0,25.0,0.0
query_0053,R07595,0,0.1393,0.0,0.5,0.0,0.0,0.0,9.0,0.0,0.0,0.0,0.0,0.0,0.0,0.0,223.469,22.194,5.268,12.425,1.218,1.0,1.0,0.0,0.0,0.0,0.0,0.0,0.0,0.0,25.0,0.0
query_0053,R00434,2,0.1357,0.7323,0.3333,0.0714,1.0,0.0,14.0,0.0,0.0,0.0,0.0,0.0,0.0,0.0,90.109,1.766,7.254,6.95,1.7,1.0,0.0,0.0,0.0,0.0,0.0,0.0,0.0,0.0,55.0,0.0
query_0053,R10735,0,0.1246,0.0,0.25,0.0,0.0,0.0,17.0,0.0,0.0,0.0,0.0,0.0,0.0,0.0,115.177,2.216,13.426,6.883,3.569,1.0,1.0,0.0,0.0,0.0,1.0,0.0,0.0,0.0,50.0,0.0
query_0053,R04950,0,0.1217,0.0,0.2,0.0,0.0,0.0,15.0,0.0,0.0,0.0,0.0,0.0,0.0,0.0,287.716,21.695,6.077,19.733,0.715,1.0,0.0,0.0,0.0,0.0,0.0,0.0,0.0,0.0,40.0,0.0
query_0053,R01864,2,0.1199,0.7949,0.1667,1.0,1.0,0.0,10.0,0.0,0.0,0.0,0.0,0.0,0.0,0.0,254.211,28.154,4.006,13.52,0.31,1.0,0.0,0.0,0.0,0.0,1.0,0.0,0.0,0.0,42.0,0.0
query_0053,R05096,2,0.1155,0.7914,0.1429,0.5,1.0,0.0,10.0,0.0,0.0,0.0,0.0,0.0,0.0,0.0,253.36,28.154,4.006,13.427,0.31,1.0,0.0,0.0,0.0,0.0,1.0,0.0,0.0,0.0,42.0,0.0
query_0053,R09586,0,0.1133,0.0,0.125,0.0,0.0,0.0,16.0,0.0,0.0,0.0,0.0,0.0,0.0,0.0,73.399,1.745,8.551,4.266,1.99,1.0,1.0,0.0,0.0,0.0,0.0,0.0,0.0,0.0,70.0,0.0
query_0053,R09796,0,0.1129,0.0,0.1111,0.0,0.0,0.0,12.0,0.0,0.0,0.0,0.0,0.0,0.0,0.0,24.691,0.957,6.126,0.127,1.27,1.0,0.0,0.0,0.0,0.0,0.0,0.0,0.0,0.0,30.0,0.0
query_0053,R08742,2,0.1039,0.7196,0.1,0.0417,1.0,0.0,21.0,0.0,0.0,0.0,0.0,0.0,0.0,0.0,471.332,38.693,10.555,31.411,2.615,1.0,0.0,0.0,0.0,0.0,0.0,0.0,0.0,0.0,60.0,0.0
query_0053,R09848,2,0.1038,0.7349,0.0909,0.0769,1.0,0.0,19.0,0.0,0.0,0.0,0.0,0.0,0.0,0.0,172.273,20.114,13.349,4.742,2.93,1.0,0.0,0.0,0.0,0.0,1.0,0.0,0.0,0.0,70.0,0.0
query_0053,R01147,0,0.1035,0.0,0.0833,0.0,0.0,0.0,14.0,0.0,0.0,0.0,0.0,0.0,0.0,0.0,71.508,1.595,8.445,4.32,2.113,1.0,0.0,0.0,0.0,0.0,0.0,0.0,0.0,0.0,30.0,0.0
query_0053,R00884,0,0.1013,0.0,0.0769,0.0,0.0,0.0,14.0,0.0,0.0,0.0,0.0,0.0,0.0,0.0,307.853,6.004,47.531,10.179,3.632,1.0,1.0,0.0,0.0,0.0,0.0,0.0,0.0,0.0,50.0,0.0
query_0053,R09438,0,0.1008,0.0,0.0714,0.0,0.0,0.0,6.0,0.0,0.0,0.0,0.0,0.0,0.0,0.0,58.573,2.785,13.156,0.504,2.454,1.0,1.0,0.0,0.0,0.0,0.0,0.0,0.0,0.0,50.0,0.0
query_0053,R13243,2,0.1007,0.7499,0.0667,0.1667,1.0,0.0,15.0,0.0,0.0,0.0,0.0,0.0,0.0,0.0,194.961,24.385,17.855,3.677,3.467,1.0,0.0,0.0,0.0,0.0,0.0,0.0,0.0,0.0,70.0,0.0
query_0053,R06991,2,0.1006,0.7641,0.0625,0.25,1.0,0.0,19.0,0.0,0.0,0.0,0.0,0.0,0.0,0.0,118.691,2.321,8.193,9.392,1.972,1.0,1.0,0.0,0.0,0.0,1.0,0.0,0.0,0.0,45.0,0.0
query_0053,R00128,2,0.0984,0.7531,0.0588,0.2,1.0,0.0,13.0,0.0,0.0,0.0,0.0,0.0,0.0,0.0,37.425,1.04,5.954,1.482,1.724,1.0,0.0,0.0,0.0,0.0,0.0,0.0,0.0,0.0,40.0,0.0
query_0053,R07526,2,0.0969,0.7299,0.0556,0.0625,1.0,0.0,16.0,0.0,0.0,0.0,0.0,0.0,0.0,0.0,267.825,28.93,12.668,11.502,3.162,1.0,1.0,0.0,0.0,0.0,0.0,0.0,0.0,0.0,55.0,0.0
query_0053,R10817,2,0.0932,0.7452,0.0526,0.125,1.0,0.0,30.0,0.0,0.0,0.0,0.0,0.0,0.0,0.0,260.469,3.957,18.407,20.961,5.171,1.0,1.0,0.0,0.0,0.0,1.0,0.0,0.0,0.0,180.0,0.0
query_0053,R04972,0,0.0929,0.0,0.05,0.0,0.0,0.0,13.0,0.0,0.0,0.0,0.0,0.0,0.0,0.0,354.571,30.002,18.932,18.191,5.295,1.0,1.0,0.0,0.0,0.0,0.0,0.0,0.0,0.0,50.0,0.0
query_0053,R03552,2,0.0906,0.7645,0.0476,0.3333,1.0,0.0,13.0,0.0,0.0,0.0,0.0,0.0,0.0,0.0,131.145,17.273,6.946,3.808,1.787,1.0,0.0,0.0,0.0,0.0,0.0,0.0,0.0,0.0,40.0,0.0
query_0053,R01262,0,0.0883,0.0,0.0455,0.0,0.0,0.0,14.0,0.0,0.0,0.0,0.0,0.0,0.0,0.0,35.48,1.45,7.853,0.5,2.179,1.0,1.0,0.0,0.0,0.0,0.0,0.0,0.0,0.0,60.0,0.0
query_0053,R02943,2,0.0822,0.7189,0.0435,0.037,1.0,0.0,18.0,0.0,0.0,0.0,0.0,0.0,0.0,0.0,525.142,40.711,21.13,32.805,5.778,1.0,0.0,0.0,0.0,0.0,0.0,0.0,0.0,0.0,40.0,0.0
query_0053,R02524,0,0.082,0.0,0.0417,0.0,0.0,0.0,17.0,0.0,0.0,0.0,0.0,0.0,0.0,0.0,637.316,63.099,32.402,30.271,7.902,1.0,1.0,0.0,0.0,0.0,0.0,0.0,0.0,0.0,40.0,0.0
query_0053,R10643,2,0.0788,0.7138,0.04,0.0263,1.0,0.0,22.0,0.0,0.0,0.0,0.0,0.0,0.0,0.0,498.903,58.27,23.551,19.931,6.971,1.0,0.0,0.0,0.0,0.0,0.0,0.0,0.0,0.0,45.0,0.0
query_0053,R09799,0,0.0785,0.0,0.0385,0.0,0.0,0.0,17.0,0.0,0.0,0.0,0.0,0.0,0.0,0.0,606.943,58.604,27.756,30.27,8.761,1.0,0.0,0.0,0.0,0.0,0.0,0.0,0.0,0.0,60.0,0.0
query_0053,R02136,0,0.0764,0.0,0.037,0.0,0.0,0.0,25.0,0.0,0.0,0.0,0.0,0.0,0.0,0.0,184.42,2.29,14.937,13.815,2.983,1.0,0.0,0.0,0.0,0.0,1.0,0.0,0.0,0.0,60.0,0.0
query_0053,R04204,0,0.0745,0.0,0.0357,0.0,0.0,0.0,18.0,0.0,0.0,0.0,0.0,0.0,0.0,0.0,277.125,28.479,7.669,15.178,3.044,1.0,0.0,0.0,0.0,0.0,0.0,0.0,0.0,0.0,55.0,0.0
query_0053,R11686,0,0.0741,0.0,0.0345,0.0,0.0,0.0,15.0,0.0,0.0,0.0,0.0,0.0,0.0,0.0,236.991,22.588,13.052,11.085,3.643,1.0,1.0,0.0,0.0,0.0,1.0,0.0,0.0,0.0,70.0,0.0
query_0053,R04976,2,0.0729,0.7268,0.0333,0.05,1.0,0.0,16.0,0.0,0.0,0.0,0.0,0.0,0.0,0.0,194.432,24.01,11.931,5.5,2.793,1.0,0.0,0.0,0.0,0.0,0.0,0.0,0.0,0.0,70.0,0.0
query_0053,R03103,2,0.0729,0.7449,0.0323,0.1111,1.0,0.0,26.0,0.0,0.0,0.0,0.0,0.0,0.0,0.0,21.241,0.278,1.251,1.87,0.407,1.0,0.0,0.0,0.0,0.0,0.0,0.0,0.0,0.0,50.0,0.0
query_0053,R05502,0,0.071,0.0,0.0312,0.0,0.0,0.0,11.0,0.0,0.0,0.0,0.0,0.0,0.0,0.0,223.329,17.765,5.46,15.096,0.555,1.0,0.0,0.0,0.0,0.0,0.0,0.0,0.0,0.0,25.0,0.0
query_0053,R02271,0,0.0709,0.0,0.0303,0.0,0.0,0.0,22.0,0.0,0.0,0.0,0.0,0.0,0.0,0.0,115.837,2.774,17.035,5.218,3.784,1.0,0.0,0.0,0.0,0.0,1.0,0.0,0.0,0.0,100.0,0.0
query_0053,R09733,0,0.0704,0.0,0.0294,0.0,0.0,0.0,12.0,0.0,0.0,0.0,0.0,0.0,0.0,0.0,320.341,18.818,5.219,26.241,0.621,1.0,0.0,0.0,0.0,0.0,0.0,0.0,0.0,0.0,35.0,0.0
query_0053,R08830,0,0.0696,0.0,0.0286,0.0,0.0,0.0,25.0,0.0,0.0,0.0,0.0,0.0,0.0,0.0,281.534,33.687,8.222,12.448,2.078,1.0,1.0,0.0,0.0,0.0,0.0,0.0,0.0,0.0,70.0,0.0
query_0053,R02332,0,0.0689,0.0,0.0278,0.0,0.0,0.0,17.0,0.0,0.0,0.0,0.0,0.0,0.0,0.0,265.739,6.227,58.873,0.911,3.549,1.0,0.0,0.0,0.0,0.0,0.0,0.0,0.0,0.0,65.0,0.0
query_0053,R06642,2,0.0683,0.7269,0.027,0.0526,1.0,0.0,26.0,0.0,0.0,0.0,0.0,0.0,0.0,0.0,549.81,10.767,97.13,13.775,5.222,1.0,0.0,0.0,0.0,0.0,1.0,0.0,0.0,0.0,35.0,0.0
query_0053,R12573,2,0.068,0.7238,0.0263,0.0476,1.0,0.0,18.0,0.0,0.0,0.0,0.0,0.0,0.0,0.0,201.623,28.836,10.793,4.816,2.904,1.0,0.0,0.0,0.0,0.0,1.0,0.0,0.0,0.0,45.0,0.0
query_0053,R09659,2,0.0679,0.7152,0.0256,0.0294,1.0,0.0,18.0,0.0,0.0,0.0,0.0,0.0,0.0,0.0,269.621,30.501,13.053,10.567,2.42,1.0,1.0,0.0,0.0,0.0,0.0,0.0,0.0,0.0,75.0,0.0
query_0053,R06229,0,0.0678,0.0,0.025,0.0,0.0,0.0,16.0,0.0,0.0,0.0,0.0,0.0,0.0,0.0,114.6,4.668,16.692,3.986,3.877,1.0,1.0,0.0,0.0,0.0,0.0,0.0,0.0,0.0,25.0,0.0
query_0056,R06629,1,0.2198,0.0,0.3333,0.0,0.0,0.0,11.0,0.0,0.0,0.0,0.0,0.0,0.0,0.0,139.042,4.267,12.742,8.914,2.241,1.0,1.0,0.0,1.0,0.0,0.0,0.0,0.0,0.0,55.0,0.0
query_0056,R07035,1,0.1929,0.0,0.25,0.0,0.0,0.0,11.0,0.0,0.0,0.0,0.0,0.0,0.0,0.0,139.042,4.267,12.742,8.914,2.241,1.0,1.0,0.0,1.0,0.0,0.0,0.0,0.0,0.0,55.0,0.0
query_0056,R06102,0,0.0744,0.0,0.0909,0.0,0.0,0.0,3.0,0.0,0.0,0.0,0.0,0.0,0.0,0.0,0.0,0.0,0.0,0.0,0.0,1.0,1.0,0.0,1.0,0.0,0.0,0.0,0.0,0.0,380.0,0.0
query_0056,R01532,0,0.0674,0.0,0.0625,0.0,0.0,0.0,8.0,0.0,0.0,0.0,0.0,0.0,0.0,0.0,90.755,1.466,6.567,7.399,2.647,1.0,1.0,0.0,1.0,0.0,0.0,0.0,0.0,0.0,40.0,0.0
query_0056,R06923,0,0.0666,0.0,0.0556,0.0,0.0,0.0,17.0,0.0,0.0,0.0,0.0,0.0,0.0,0.0,55.447,2.037,12.445,0.649,1.846,1.0,1.0,0.0,1.0,0.0,0.0,0.0,0.0,0.0,45.0,0.0
query_0056,R03077,0,0.0575,0.0,0.0263,0.0,0.0,0.0,7.0,0.0,0.0,0.0,0.0,0.0,0.0,0.0,707.273,26.579,85.295,31.84,5.732,1.0,1.0,0.0,1.0,0.0,0.0,0.0,0.0,0.0,60.0,0.0
query_0056,R02055,2,0.0,0.7935,0.0,0.5,0.0,0.0,12.0,0.0,0.0,0.0,0.0,0.0,0.0,0.0,46.176,0.996,3.096,3.545,0.51,1.0,1.0,0.0,1.0,0.0,0.0,0.0,0.0,0.0,35.0,0.0
query_0056,R01552,2,0.0,0.7759,0.0,0.125,0.0,0.0,2.0,0.0,0.0,0.0,0.0,0.0,0.0,0.0,7.339,0.513,0.699,0.285,0.001,1.0,1.0,0.0,1.0,0.0,0.0,0.0,0.0,0.0,70.0,0.0
query_0056,R07333,2,0.0,0.7587,0.0,0.0312,0.0,0.0,13.0,0.0,0.0,0.0,0.0,0.0,0.0,0.0,11.0,0.302,2.568,0.028,0.468,1.0,1.0,0.0,1.0,0.0,0.0,0.0,0.0,0.0,50.0,0.0
query_0056,R01907,2,0.0,0.7559,0.0,0.027,0.0,0.0,7.0,0.0,0.0,0.0,0.0,0.0,0.0,0.0,8.219,0.007,0.016,0.92,0.008,1.0,1.0,0.0,1.0,0.0,0.0,0.0,0.0,0.0,30.0,0.0
query_0057,R02659,2,0.1246,0.7561,0.3333,0.2,1.0,0.0,14.0,0.0,0.0,0.0,0.0,0.0,0.1121,0.0,143.941,4.905,16.813,7.673,4.404,1.0,1.0,0.0,0.0,0.0,0.0,0.0,0.0,0.0,35.0,0.0
query_0057,R02448,0,0.1049,0.0,0.1429,0.0,0.0,0.0,4.0,0.0,0.0,0.0,0.0,0.0,0.0,0.0,0.0,0.0,0.0,0.0,0.0,1.0,1.0,0.0,0.0,0.0,0.0,0.0,0.0,0.0,70.0,0.0
query_0057,R03293,0,0.0826,0.0,0.0435,0.0,0.0,0.0,8.0,0.0,0.0,0.0,0.0,0.0,0.3786,0.0,10.697,0.413,0.56,0.869,0.244,1.0,1.0,0.0,0.0,0.0,0.0,0.0,0.0,0.0,45.0,0.0
query_0057,R03315,0,0.0804,0.0,0.0385,0.0,0.0,0.0,8.0,0.0,0.0,0.0,0.0,0.0,0.3728,0.0,13.625,0.534,1.306,0.906,0.539,1.0,1.0,0.0,0.0,0.0,0.0,0.0,0.0,0.0,45.0,0.0
query_0057,R00389,0,0.0793,0.0,0.0333,0.0,0.0,0.0,10.0,0.0,0.0,0.0,0.0,0.0,0.059,0.0,170.49,8.614,20.656,6.248,2.927,1.0,1.0,0.0,0.0,0.0,0.0,0.0,0.0,0.0,55.0,0.0
query_0057,R07278,2,0.0,0.7732,0.0,0.5,0.0,0.0,11.0,0.0,0.0,0.0,0.0,0.0,0.3438,0.0,28.085,1.086,6.615,0.174,1.794,1.0,1.0,0.0,0.0,0.0,0.0,0.0,0.0,0.0,55.0,0.0
query_0057,R00277,2,0.0,0.7557,0.0,0.1667,0.0,0.0,19.0,0.0,0.0,0.0,0.0,0.0,0.209,0.0,95.498,2.938,13.994,3.963,3.337,1.0,1.0,0.0,0.0,0.0,0.0,0.0,0.0,0.0,45.0,0.0
query_0057,R07119,2,0.0,0.7544,0.0,0.1429,0.0,0.0,10.0,0.0,0.0,0.0,0.0,0.0,0.0355,0.0,217.762,4.608,40.815,5.367,7.396,1.0,1.0,0.0,0.0,0.0,0.0,0.0,0.0,0.0,25.0,0.0
query_0057,R04768,2,0.0,0.748,0.0,0.1111,0.0,0.0,9.0,0.0,0.0,0.0,0.0,0.0,0.0406,0.0,179.677,4.684,42.026,0.786,7.617,1.0,1.0,0.0,0.0,0.0,0.0,0.0,0.0,0.0,25.0,0.0
query_0057,R02231,2,0.0,0.7465,0.0,0.1,0.0,0.0,15.0,0.0,0.0,0.0,0.0,0.0,0.2089,0.0,95.525,1.268,7.861,7.116,1.874,1.0,1.0,0.0,0.0,0.0,0.0,0.0,0.0,0.0,40.0,0.0
query_0057,R09200,2,0.0,0.7463,0.0,0.0909,0.0,0.0,6.0,0.0,0.0,0.0,0.0,0.0,0.1824,0.0,108.809,5.683,19.025,2.251,3.857,1.0,1.0,0.0,0.0,0.0,0.0,0.0,0.0,0.0,40.0,0.0
query_0057,R02037,2,0.0,0.7453,0.0,0.0833,0.0,0.0,13.0,0.0,0.0,0.0,0.0,0.0,0.378,0.0,11.0,0.302,2.568,0.028,0.468,1.0,1.0,0.0,0.0,0.0,0.0,0.0,0.0,0.0,55.0,0.0
query_0057,R05975,2,0.0,0.7437,0.0,0.0769,0.0,0.0,8.0,0.0,0.0,0.0,0.0,0.0,0.1479,0.0,126.059,5.923,11.499,7.231,2.822,1.0,1.0,0.0,0.0,0.0,0.0,0.0,0.0,0.0,30.0,0.0
query_0057,R05454,2,0.0,0.7435,0.0,0.0625,0.0,0.0,8.0,0.0,0.0,0.0,0.0,0.0,0.1281,0.0,135.947,3.644,21.458,5.326,4.936,1.0,1.0,0.0,0.0,0.0,0.0,0.0,0.0,0.0,30.0,0.0
query_0057,R01945,2,0.0,0.7426,0.0,0.0588,0.0,0.0,15.0,0.0,0.0,0.0,0.0,0.0,0.0192,0.0,190.416,6.581,23.364,8.691,4.327,1.0,1.0,0.0,0.0,0.0,0.0,0.0,0.0,0.0,40.0,0.0
query_0057,R08536,2,0.0,0.7387,0.0,0.0526,0.0,0.0,13.0,0.0,0.0,0.0,0.0,0.0,0.0224,0.0,188.804,1.816,14.825,14.434,3.326,1.0,1.0,0.0,0.0,0.0,0.0,0.0,0.0,0.0,70.0,0.0
query_0057,R05023,2,0.0,0.736,0.0,0.0435,0.0,0.0,14.0,0.0,0.0,0.0,0.0,0.0,0.3116,0.0,44.219,0.924,7.694,1.413,1.679,1.0,1.0,0.0,0.0,0.0,0.0,0.0,0.0,0.0,30.0,0.0
query_0057,R09096,2,0.0,0.7354,0.0,0.0417,0.0,0.0,10.0,0.0,0.0,0.0,0.0,0.0,0.0824,0.0,241.214,7.056,14.492,18.387,2.431,1.0,1.0,0.0,0.0,0.0,0.0,0.0,0.0,0.0,40.0,0.0
query_0057,R06658,2,0.0,0.7353,0.0,0.04,0.0,0.0,14.0,0.0,0.0,0.0,0.0,0.0,0.378,0.0,11.0,0.302,2.568,0.028,0.468,1.0,1.0,0.0,0.0,0.0,0.0,0.0,0.0,0.0,35.0,0.0
query_0057,R08919,2,0.0,0.7339,0.0,0.037,0.0,0.0,14.0,0.0,0.0,0.0,0.0,0.0,0.0218,0.0,210.914,14.755,42.691,2.198,13.881,1.0,1.0,0.0,0.0,0.0,0.0,0.0,0.0,0.0,50.0,0.0
query_0057,R06007,2,0.0,0.7337,0.0,0.0357,0.0,0.0,26.0,0.0,0.0,0.0,0.0,0.0,0.2535,0.0,73.241,2.303,13.098,2.182,2.176,1.0,1.0,0.0,0.0,0.0,0.0,0.0,0.0,0.0,50.0,0.0
query_0057,R03304,2,0.0,0.7325,0.0,0.0333,0.0,0.0,15.0,0.0,0.0,0.0,0.0,0.0,0.3245,0.0,37.772,0.514,2.351,3.233,0.413,1.0,1.0,0.0,0.0,0.0,0.0,0.0,0.0,0.0,60.0,0.0
query_0057,R01042,2,0.0,0.7321,0.0,0.0312,0.0,0.0,11.0,0.0,0.0,0.0,0.0,0.0,0.2082,0.0,95.876,2.518,21.872,0.19,2.589,1.0,1.0,0.0,0.0,0.0,0.0,0.0,0.0,0.0,40.0,0.0
query_0057,R00740,2,0.0,0.732,0.0,0.0303,0.0,0.0,11.0,0.0,0.0,0.0,0.0,0.0,0.36,0.0,20.0,0.752,4.697,0.072,0.805,1.0,1.0,0.0,0.0,0.0,0.0,0.0,0.0,0.0,25.0,0.0
query_0057,R00437,2,0.0,0.7292,0.0,0.0286,0.0,0.0,5.0,0.0,0.0,0.0,0.0,0.0,0.3304,0.0,34.816,1.702,3.475,2.042,1.341,1.0,1.0,0.0,0.0,0.0,0.0,0.0,0.0,0.0,25.0,0.0
query_0057,R06805,2,0.0,0.7291,0.0,0.0278,0.0,0.0,16.0,0.0,0.0,0.0,0.0,0.0,0.016,0.0,208.019,5.386,21.783,11.852,4.063,1.0,1.0,0.0,0.0,0.0,0.0,0.0,0.0,0.0,100.0,0.0
query_0057,R02728,2,0.0,0.7278,0.0,0.0256,0.0,0.0,24.0,0.0,0.0,0.0,0.0,0.0,0.2535,0.0,73.241,2.303,13.098,2.182,2.176,1.0,1.0,0.0,0.0,0.0,0.0,0.0,0.0,0.0,50.0,0.0
query_0059,R03960,1,0.156,0.0,1.0,0.0,0.0,0.0,16.0,0.0,0.0,0.0,0.0,0.0,0.0,0.0,126.508,0.045,0.165,14.236,0.116,1.0,1.0,0.0,0.0,0.0,0.0,0.0,0.0,0.0,50.0,0.0
query_0059,R01200,2,0.1397,0.7269,0.5,0.0588,1.0,0.0,6.0,0.0,0.0,0.0,0.0,0.0,0.0,0.0,251.538,1.692,55.282,3.716,0.858,1.0,1.0,0.0,0.0,0.0,0.0,0.0,0.0,0.0,390.0,0.0
query_0059,R10987,0,0.1339,0.0,0.3333,0.0,0.0,0.0,6.0,0.0,0.0,0.0,0.0,0.0,0.0,0.0,181.268,8.618,24.86,5.59,0.228,1.0,1.0,0.0,0.0,0.0,0.0,0.0,0.0,0.0,75.0,0.0
query_0059,R03650,2,0.1238,0.7325,0.25,0.1429,1.0,0.0,11.0,0.0,0.0,0.0,0.0,0.0,0.0,0.0,236.02,36.448,1.938,8.447,0.661,1.0,0.0,0.0,0.0,0.0,0.0,0.0,0.0,0.0,35.0,0.0
query_0059,R05949,0,0.1219,0.0,0.2,0.0,0.0,0.0,16.0,0.0,0.0,0.0,0.0,0.0,0.0,0.0,44.407,1.489,7.62,1.49,1.711,1.0,1.0,0.0,0.0,0.0,0.0,0.0,0.0,0.0,50.0,0.0
query_0059,R10810,0,0.1209,0.0,0.1667,0.0,0.0,0.0,4.0,0.0,0.0,0.0,0.0,0.0,0.0,0.0,68.153,0.0,17.575,0.0,0.0,1.0,1.0,0.0,0.0,0.0,0.0,0.0,0.0,0.0,60.0,0.0
query_0059,R05221,2,0.1067,0.7594,0.1429,0.5,1.0,0.0,7.0,0.0,0.0,0.0,0.0,0.0,0.0,0.0,214.662,5.625,38.233,4.953,0.76,1.0,1.0,0.0,0.0,0.0,0.0,0.0,0.0,0.0,50.0,0.0
query_0059,R01760,0,0.1034,0.0,0.125,0.0,0.0,0.0,15.0,0.0,0.0,0.0,0.0,0.0,0.0,0.0,170.463,4.332,28.449,5.114,4.081,1.0,1.0,0.0,0.0,0.0,0.0,0.0,0.0,0.0,35.0,0.0
query_0059,R02724,0,0.0969,0.0,0.1111,0.0,0.0,0.0,15.0,0.0,0.0,0.0,0.0,0.0,0.0,0.0,577.178,0.251,119.108,12.889,0.452,1.0,1.0,0.0,0.0,0.0,0.0,0.0,0.0,0.0,50.0,0.0
query_0059,R02332,2,0.0967,0.7195,0.1,0.0345,1.0,0.0,17.0,0.0,0.0,0.0,0.0,0.0,0.0,0.0,265.739,6.227,58.873,0.911,3.549,1.0,0.0,0.0,0.0,0.0,0.0,0.0,0.0,0.0,65.0,0.0
query_0059,R02058,0,0.0951,0.0,0.0909,0.0,0.0,0.0,17.0,0.0,0.0,0.0,0.0,0.0,0.0,0.0,100.674,13.747,2.454,3.759,0.493,1.0,0.0,0.0,0.0,0.0,0.0,0.0,0.0,0.0,75.0,0.0
query_0059,R06992,0,0.0817,0.0,0.0833,0.0,0.0,0.0,15.0,0.0,0.0,0.0,0.0,0.0,0.0,0.0,89.394,1.914,12.194,4.564,2.365,1.0,1.0,0.0,0.0,0.0,0.0,0.0,0.0,0.0,50.0,0.0
query_0059,R09317,0,0.0796,0.0,0.0769,0.0,0.0,0.0,15.0,0.0,0.0,0.0,0.0,0.0,0.0,0.0,58.852,1.914,12.194,1.109,2.365,1.0,1.0,0.0,0.0,0.0,0.0,0.0,0.0,0.0,50.0,0.0
query_0059,R04643,0,0.0767,0.0,0.0714,0.0,0.0,0.0,16.0,0.0,0.0,0.0,0.0,0.0,0.0,0.0,264.926,4.295,45.508,7.082,1.833,1.0,1.0,0.0,0.0,0.0,0.0,0.0,0.0,0.0,70.0,0.0
query_0059,R08626,2,0.0763,0.7194,0.0667,0.0333,1.0,0.0,30.0,0.0,0.0,0.0,0.0,0.0,0.0,0.0,501.796,15.439,82.289,13.331,8.121,1.0,1.0,0.0,0.0,0.0,0.0,0.0,0.0,0.0,60.0,0.0
query_0059,R04695,0,0.0756,0.0,0.0625,0.0,0.0,0.0,4.0,0.0,0.0,0.0,0.0,0.0,0.0,0.0,0.0,0.0,0.0,0.0,0.0,1.0,1.0,0.0,0.0,0.0,0.0,0.0,0.0,0.0,13.0,0.0
query_0059,R05893,2,0.0751,0.7296,0.0588,0.0909,1.0,0.0,13.0,0.0,0.0,0.0,0.0,0.0,0.0,0.0,497.094,18.888,77.864,13.548,1.121,1.0,1.0,0.0,0.0,0.0,0.0,0.0,0.0,0.0,40.0,0.0
query_0059,R08535,0,0.0736,0.0,0.0556,0.0,0.0,0.0,25.0,0.0,0.0,0.0,0.0,0.0,0.0,0.0,412.228,9.832,67.209,11.023,1.661,1.0,1.0,0.0,0.0,0.0,0.0,0.0,0.0,0.0,65.0,0.0
query_0059,R00199,0,0.0732,0.0,0.0526,0.0,0.0,0.0,6.0,0.0,0.0,0.0,0.0,0.0,0.0,0.0,115.62,1.647,23.028,2.347,0.469,1.0,1.0,0.0,0.0,0.0,0.0,0.0,0.0,0.0,40.0,0.0
query_0059,R05136,2,0.0718,0.7151,0.05,0.0256,1.0,0.0,17.0,0.0,0.0,0.0,0.0,0.0,0.0,0.0,375.095,9.255,67.173,9.274,7.923,1.0,1.0,0.0,0.0,0.0,0.0,0.0,0.0,0.0,50.0,0.0
query_0059,R05143,0,0.0705,0.0,0.0476,0.0,0.0,0.0,18.0,0.0,0.0,0.0,0.0,0.0,0.0,0.0,77.217,3.639,15.875,0.556,4.355,1.0,1.0,0.0,0.0,0.0,0.0,0.0,0.0,0.0,30.0,0.0
query_0059,R09278,0,0.0692,0.0,0.0455,0.0,0.0,0.0,18.0,0.0,0.0,0.0,0.0,0.0,0.0,0.0,102.859,3.365,14.698,4.001,4.306,1.0,1.0,0.0,0.0,0.0,0.0,0.0,0.0,0.0,30.0,0.0
query_0059,R04955,0,0.0689,0.0,0.0435,0.0,0.0,0.0,5.0,0.0,0.0,0.0,0.0,0.0,0.0,0.0,451.584,19.106,64.5,14.199,1.315,1.0,1.0,0.0,0.0,0.0,0.0,0.0,0.0,0.0,55.0,0.0
query_0059,R04256,0,0.0679,0.0,0.0417,0.0,0.0,0.0,6.0,0.0,0.0,0.0,0.0,0.0,0.0,0.0,1.099,0.049,0.203,0.029,0.071,1.0,1.0,0.0,0.0,0.0,0.0,0.0,0.0,0.0,35.0,0.0
query_0059,R00196,0,0.0678,0.0,0.04,0.0,0.0,0.0,4.0,0.0,0.0,0.0,0.0,0.0,0.0,0.0,267.474,0.875,68.465,0.406,1.741,1.0,1.0,0.0,0.0,0.0,0.0,0.0,0.0,0.0,35.0,0.0
query_0059,R01785,0,0.0662,0.0,0.0385,0.0,0.0,0.0,9.0,0.0,0.0,0.0,0.0,0.0,0.0,0.0,148.937,5.689,25.104,3.161,0.0,1.0,1.0,0.0,0.0,0.0,0.0,0.0,0.0,0.0,40.0,0.0
query_0059,R08022,0,0.0641,0.0,0.037,0.0,0.0,0.0,5.0,0.0,0.0,0.0,0.0,0.0,0.0,0.0,543.375,16.488,72.219,23.481,4.696,1.0,1.0,0.0,0.0,0.0,0.0,0.0,0.0,0.0,35.0,0.0
query_0059,R04657,0,0.0636,0.0,0.0357,0.0,0.0,0.0,22.0,0.0,0.0,0.0,0.0,0.0,0.0,0.0,339.127,7.479,68.574,4.269,4.537,1.0,1.0,0.0,0.0,0.0,0.0,0.0,0.0,0.0,35.0,0.0
query_0059,R01113,2,0.0629,0.7287,0.0345,0.0714,1.0,0.0,8.0,0.0,0.0,0.0,0.0,0.0,0.0,0.0,246.743,0.073,23.899,17.129,0.19,1.0,1.0,0.0,0.0,0.0,0.0,0.0,0.0,0.0,85.0,0.0
query_0059,R07377,0,0.0625,0.0,0.0333,0.0,0.0,0.0,14.0,0.0,0.0,0.0,0.0,0.0,0.0,0.0,335.183,3.364,13.068,31.964,5.17,1.0,1.0,0.0,0.0,0.0,0.0,0.0,0.0,0.0,45.0,0.0
query_0059,R03670,0,0.0625,0.0,0.0323,0.0,0.0,0.0,15.0,0.0,0.0,0.0,0.0,0.0,0.0,0.0,275.178,5.466,54.657,4.15,2.425,1.0,1.0,0.0,0.0,0.0,0.0,0.0,0.0,0.0,75.0,0.0
query_0059,R10557,0,0.0624,0.0,0.0312,0.0,0.0,0.0,24.0,0.0,0.0,0.0,0.0,0.0,0.0,0.0,253.368,4.522,16.925,20.164,3.912,1.0,1.0,0.0,0.0,0.0,0.0,0.0,0.0,0.0,55.0,0.0
query_0059,R01961,0,0.0622,0.0,0.0303,0.0,0.0,0.0,4.0,0.0,0.0,0.0,0.0,0.0,0.0,0.0,1173.896,0.023,300.058,0.013,0.007,1.0,0.0,1.0,0.0,0.0,0.0,0.0,0.0,0.0,80.0,0.0
query_0059,R01688,0,0.0621,0.0,0.0294,0.0,0.0,0.0,5.0,0.0,0.0,0.0,0.0,0.0,0.0,0.0,560.469,29.007,65.47,21.665,1.724,1.0,1.0,0.0,0.0,0.0,0.0,0.0,0.0,0.0,95.0,0.0
query_0059,R06522,0,0.0619,0.0,0.0286,0.0,0.0,0.0,31.0,0.0,0.0,0.0,0.0,0.0,0.0,0.0,736.212,38.746,118.094,11.539,6.09,1.0,0.0,0.0,0.0,0.0,0.0,0.0,0.0,0.0,170.0,0.0
query_0059,R02334,2,0.0617,0.7393,0.0278,0.25,1.0,0.0,28.0,0.0,0.0,0.0,0.0,0.0,0.0,0.0,649.613,12.06,125.754,11.069,5.215,1.0,1.0,0.0,0.0,0.0,0.0,0.0,0.0,0.0,90.0,0.0
query_0059,R01980,0,0.061,0.0,0.027,0.0,0.0,0.0,24.0,0.0,0.0,0.0,0.0,0.0,0.0,0.0,93.502,3.23,21.59,0.49,4.436,1.0,0.0,0.0,0.0,0.0,0.0,0.0,0.0,0.0,100.0,0.0
query_0059,R05264,0,0.0606,0.0,0.0263,0.0,0.0,0.0,7.0,0.0,0.0,0.0,0.0,0.0,0.0,0.0,12.666,0.014,3.251,0.009,0.036,1.0,1.0,0.0,0.0,0.0,0.0,0.0,0.0,0.0,255.0,0.0
query_0059,R00251,0,0.0601,0.0,0.0256,0.0,0.0,0.0,7.0,0.0,0.0,0.0,0.0,0.0,0.0,0.0,625.614,9.597,49.81,45.393,4.726,1.0,1.0,0.0,0.0,0.0,0.0,0.0,0.0,0.0,35.0,0.0
query_0059,R09336,0,0.0599,0.0,0.025,0.0,0.0,0.0,15.0,0.0,0.0,0.0,0.0,0.0,0.0,0.0,312.762,6.715,68.642,0.789,2.824,1.0,1.0,0.0,0.0,0.0,0.0,0.0,0.0,0.0,55.0,0.0
query_0060,R04015,2,0.1572,0.7502,0.3333,0.0909,1.0,0.0,8.0,0.0,0.0,0.0,0.0,0.0,0.2156,0.0,42.192,0.555,2.659,3.553,0.756,1.0,1.0,0.0,0.0,0.0,0.0,0.0,0.0,0.0,25.0,0.0
query_0060,R02245,0,0.1468,0.0,0.2,0.0,0.0,0.0,6.0,0.0,0.0,0.0,0.0,0.0,0.1951,0.0,52.429,2.038,12.082,0.375,2.278,1.0,1.0,0.0,0.0,0.0,0.0,0.0,0.0,0.0,15.0,0.0
query_0060,R02394,2,0.1433,0.8037,0.1667,1.0,1.0,0.0,6.0,0.0,0.0,0.0,0.0,0.0,0.2665,0.0,16.728,0.712,3.441,0.338,0.936,1.0,1.0,0.0,0.0,0.0,0.0,0.0,0.0,0.0,5.0,0.0
query_0060,R00018,2,0.1309,0.718,0.1429,0.0256,1.0,0.0,7.0,0.0,0.0,0.0,0.0,0.0,0.2739,0.0,13.044,0.537,2.85,0.142,0.577,1.0,1.0,0.0,0.0,0.0,0.0,0.0,0.0,0.0,30.0,0.0
query_0060,R00634,2,0.1267,0.7775,0.125,0.25,1.0,0.0,8.0,0.0,0.0,0.0,0.0,0.0,0.1441,0.0,77.942,2.9,13.786,2.338,3.051,1.0,1.0,0.0,0.0,0.0,0.0,0.0,0.0,0.0,35.0,0.0
query_0060,R07573,2,0.1183,0.7928,0.1111,0.5,1.0,0.0,9.0,0.0,0.0,0.0,0.0,0.0,0.2102,0.0,44.913,1.829,9.915,0.482,2.498,1.0,1.0,0.0,0.0,0.0,0.0,0.0,0.0,0.0,15.0,0.0
query_0060,R01056,2,0.1063,0.7372,0.1,0.0667,1.0,0.0,7.0,0.0,0.0,0.0,0.0,0.0,0.286,0.0,6.976,0.343,1.384,0.166,0.283,1.0,1.0,0.0,0.0,0.0,0.0,0.0,0.0,0.0,35.0,0.0
query_0060,R09152,2,0.1063,0.7828,0.0909,0.3333,1.0,0.0,8.0,0.0,0.0,0.0,0.0,0.0,0.269,0.0,15.513,0.645,3.341,0.221,0.753,1.0,1.0,0.0,0.0,0.0,0.0,0.0,0.0,0.0,10.0,0.0
query_0060,R03924,0,0.0994,0.0,0.0833,0.0,0.0,0.0,10.0,0.0,0.0,0.0,0.0,0.0,0.2363,0.0,31.855,0.044,0.453,3.439,0.085,1.0,1.0,0.0,0.0,0.0,0.0,0.0,0.0,0.0,15.0,0.0
query_0060,R06715,2,0.099,0.7374,0.0714,0.0714,1.0,0.0,8.0,0.0,0.0,0.0,0.0,0.0,0.256,0.0,22.005,0.767,5.002,0.146,0.886,1.0,1.0,0.0,0.0,0.0,0.0,0.0,0.0,0.0,10.0,0.0
query_0060,R12429,0,0.0975,0.0,0.0667,0.0,0.0,0.0,6.0,0.0,0.0,0.0,0.0,0.0,0.0,0.0,0.0,0.0,0.0,0.0,0.0,1.0,1.0,0.0,0.0,0.0,0.0,0.0,0.0,0.0,30.0,0.0
query_0060,R06269,0,0.0966,0.0,0.0625,0.0,0.0,0.0,10.0,0.0,0.0,0.0,0.0,0.0,0.2203,0.0,39.848,0.649,2.637,3.432,1.288,1.0,1.0,0.0,0.0,0.0,0.0,0.0,0.0,0.0,30.0,0.0
query_0060,R00257,2,0.0898,0.7473,0.0588,0.0833,1.0,0.0,8.0,0.0,0.0,0.0,0.0,0.0,0.2178,0.0,41.087,0.95,2.634,3.309,0.831,1.0,1.0,0.0,0.0,0.0,0.0,0.0,0.0,0.0,25.0,0.0
query_0060,R02059,0,0.0848,0.0,0.0556,0.0,0.0,0.0,12.0,0.0,0.0,0.0,0.0,0.0,0.0239,0.0,138.058,4.723,20.39,4.906,2.499,1.0,1.0,0.0,0.0,0.0,0.0,0.0,0.0,0.0,15.0,0.0
query_0060,R01586,2,0.0838,0.7427,0.0526,0.0769,1.0,0.0,7.0,0.0,0.0,0.0,0.0,0.0,0.138,0.0,80.995,3.229,7.643,4.939,2.274,1.0,1.0,0.0,0.0,0.0,0.0,0.0,0.0,0.0,15.0,0.0
query_0060,R00161,0,0.0828,0.0,0.05,0.0,0.0,0.0,12.0,0.0,0.0,0.0,0.0,0.0,0.1227,0.0,88.671,2.332,14.893,3.137,3.408,1.0,1.0,0.0,0.0,0.0,0.0,0.0,0.0,0.0,30.0,0.0
query_0060,R04531,0,0.0808,0.0,0.0455,0.0,0.0,0.0,6.0,0.0,0.0,0.0,0.0,0.0,0.2718,0.0,14.077,0.6,2.756,0.307,0.572,1.0,1.0,0.0,0.0,0.0,0.0,0.0,0.0,0.0,10.0,0.0
query_0060,R04028,0,0.0786,0.0,0.0435,0.0,0.0,0.0,9.0,0.0,0.0,0.0,0.0,0.0,0.0984,0.0,100.816,1.454,8.456,7.378,1.901,1.0,1.0,0.0,0.0,0.0,0.0,0.0,0.0,0.0,10.0,0.0
query_0060,R02208,0,0.0784,0.0,0.0417,0.0,0.0,0.0,14.0,0.0,0.0,0.0,0.0,0.0,0.1318,0.0,215.909,5.274,34.088,8.857,4.791,1.0,1.0,0.0,0.0,0.0,0.0,0.0,0.0,0.0,25.0,0.0
query_0060,R02828,0,0.0783,0.0,0.04,0.0,0.0,0.0,7.0,0.0,0.0,0.0,0.0,0.0,0.2701,0.0,14.94,0.593,3.534,0.157,0.699,1.0,1.0,0.0,0.0,0.0,0.0,0.0,0.0,0.0,30.0,0.0
query_0060,R01112,0,0.0772,0.0,0.0385,0.0,0.0,0.0,4.0,0.0,0.0,0.0,0.0,0.0,0.1043,0.0,97.855,3.401,12.039,5.027,2.129,1.0,1.0,0.0,0.0,0.0,0.0,0.0,0.0,0.0,20.0,0.0
query_0060,R05424,0,0.0767,0.0,0.037,0.0,0.0,0.0,12.0,0.0,0.0,0.0,0.0,0.0,0.2624,0.0,18.792,0.664,4.402,0.139,0.487,1.0,1.0,0.0,0.0,0.0,0.0,0.0,0.0,0.0,60.0,0.0
query_0060,R04859,2,0.0762,0.7685,0.0357,0.2,1.0,0.0,6.0,0.0,0.0,0.0,0.0,0.0,0.2283,0.0,35.87,1.823,1.689,2.694,0.417,1.0,1.0,0.0,0.0,0.0,0.0,0.0,0.0,0.0,15.0,0.0
query_0060,R02010,0,0.0753,0.0,0.0345,0.0,0.0,0.0,6.0,0.0,0.0,0.0,0.0,0.0,0.1619,0.0,69.04,5.09,3.029,4.061,0.549,1.0,1.0,0.0,0.0,0.0,0.0,0.0,0.0,0.0,40.0,0.0
query_0060,R03851,2,0.0748,0.7531,0.0333,0.125,1.0,0.0,9.0,0.0,0.0,0.0,0.0,0.0,0.2427,0.0,28.626,0.668,4.035,1.368,0.808,1.0,1.0,0.0,0.0,0.0,0.0,0.0,0.0,0.0,30.0,0.0
query_0060,R05858,0,0.0748,0.0,0.0323,0.0,0.0,0.0,11.0,0.0,0.0,0.0,0.0,0.0,0.233,0.0,33.506,0.417,8.601,0.18,1.056,1.0,1.0,0.0,0.0,0.0,0.0,0.0,0.0,0.0,25.0,0.0
query_0060,R11924,2,0.0746,0.7258,0.0312,0.0385,1.0,0.0,12.0,0.0,0.0,0.0,0.0,0.0,0.2081,0.0,45.948,1.236,8.257,1.343,1.633,1.0,1.0,0.0,0.0,0.0,0.0,0.0,0.0,0.0,45.0,0.0
query_0060,R09623,0,0.0738,0.0,0.0303,0.0,0.0,0.0,11.0,0.0,0.0,0.0,0.0,0.0,0.0195,0.0,140.235,3.566,9.493,10.905,2.863,1.0,1.0,0.0,0.0,0.0,0.0,0.0,0.0,0.0,12.0,0.0
query_0060,R01559,2,0.0717,0.7255,0.0294,0.037,1.0,0.0,8.0,0.0,0.0,0.0,0.0,0.0,0.1971,0.0,51.456,2.067,11.727,0.387,2.635,1.0,1.0,0.0,0.0,0.0,0.0,0.0,0.0,0.0,15.0,0.0
query_0060,R01842,0,0.0705,0.0,0.0278,0.0,0.0,0.0,14.0,0.0,0.0,0.0,0.0,0.0,0.1223,0.0,211.143,1.127,6.893,20.805,1.474,1.0,1.0,0.0,0.0,0.0,0.0,0.0,0.0,0.0,40.0,0.0
query_0060,R04775,2,0.0703,0.7253,0.027,0.0357,1.0,0.0,7.0,0.0,0.0,0.0,0.0,0.0,0.235,0.0,32.501,1.235,7.323,0.54,2.065,1.0,1.0,0.0,0.0,0.0,0.0,0.0,0.0,0.0,10.0,0.0
query_0060,R00571,0,0.07,0.0,0.0263,0.0,0.0,0.0,7.0,0.0,0.0,0.0,0.0,0.0,0.1722,0.0,63.895,0.143,0.744,6.852,0.047,1.0,1.0,0.0,0.0,0.0,0.0,0.0,0.0,0.0,25.0,0.0
query_0060,R07669,2,0.0698,0.7302,0.0256,0.0455,1.0,0.0,5.0,0.0,0.0,0.0,0.0,0.0,0.2872,0.0,6.41,0.283,1.275,0.122,0.206,1.0,1.0,0.0,0.0,0.0,0.0,0.0,0.0,0.0,5.0,0.0
query_0060,R00813,2,0.0697,0.7594,0.025,0.1667,1.0,0.0,8.0,0.0,0.0,0.0,0.0,0.0,0.2673,0.0,16.337,1.149,3.131,0.129,0.595,1.0,1.0,0.0,0.0,0.0,0.0,0.0,0.0,0.0,25.0,0.0
query_0060,R06451,2,0.0,0.759,0.0,0.1429,0.0,0.0,6.0,0.0,0.0,0.0,0.0,0.0,0.0,0.0,0.0,0.0,0.0,0.0,0.0,1.0,1.0,0.0,0.0,0.0,0.0,0.0,0.0,0.0,5.0,0.0
query_0060,R10362,2,0.0,0.7524,0.0,0.1111,0.0,0.0,10.0,0.0,0.0,0.0,0.0,0.0,0.2373,0.0,31.36,0.757,7.424,0.226,0.564,1.0,1.0,0.0,0.0,0.0,0.0,0.0,0.0,0.0,50.0,0.0
query_0060,R00938,2,0.0,0.7503,0.0,0.1,0.0,0.0,10.0,0.0,0.0,0.0,0.0,0.0,0.209,0.0,45.518,0.779,10.807,0.307,0.896,1.0,1.0,0.0,0.0,0.0,0.0,0.0,0.0,0.0,30.0,0.0
query_0060,R10200,2,0.0,0.737,0.0,0.0625,0.0,0.0,9.0,0.0,0.0,0.0,0.0,0.0,0.2779,0.0,11.07,0.541,2.393,0.123,0.744,1.0,1.0,0.0,0.0,0.0,0.0,0.0,0.0,0.0,25.0,0.0
query_0060,R01527,2,0.0,0.7328,0.0,0.0588,0.0,0.0,7.0,0.0,0.0,0.0,0.0,0.0,0.2774,0.0,11.275,0.022,2.154,0.005,0.029,1.0,1.0,0.0,0.0,0.0,0.0,0.0,0.0,0.0,20.0,0.0
query_0060,R03679,2,0.0,0.7326,0.0,0.0556,0.0,0.0,10.0,0.0,0.0,0.0,0.0,0.0,0.0498,0.0,174.887,3.043,15.546,12.25,2.641,1.0,1.0,0.0,0.0,0.0,0.0,0.0,0.0,0.0,11.0,0.0
query_0061,R00412,2,0.43,0.7521,1.0,0.0588,1.0,4.0,14.0,0.2857,0.3158,0.0,0.0,4.0,0.7161,0.0,91.966,4.855,9.651,5.177,3.735,1.0,1.0,0.0,0.0,0.0,0.0,0.0,0.0,0.0,60.0,0.0
query_0061,R01406,2,0.3074,0.7858,0.5,0.5,1.0,4.0,13.0,0.3077,0.35,0.0,0.0,4.0,0.7165,0.0,91.73,1.733,7.623,6.813,1.973,1.0,1.0,0.0,0.0,0.0,0.0,0.0,0.0,0.0,45.0,0.0
query_0061,R13200,1,0.2515,0.0,0.25,0.0,0.0,3.0,14.0,0.2143,0.2857,0.0,0.0,3.0,0.8186,0.0,40.684,1.724,9.085,0.388,2.02,1.0,1.0,0.0,0.0,0.0,0.0,0.0,0.0,0.0,75.0,0.0
query_0061,R00354,2,0.2456,0.7513,0.2,0.0556,1.0,3.0,13.0,0.2308,0.3158,0.0,0.0,3.0,0.86,0.0,20.014,0.741,1.566,1.527,0.898,1.0,1.0,0.0,0.0,0.0,0.0,0.0,0.0,0.0,80.0,0.0
query_0061,R03998,2,0.2231,0.7743,0.1429,0.2,1.0,3.0,16.0,0.1875,0.2609,0.0,0.0,3.0,0.7505,0.0,74.731,2.217,3.232,6.355,1.024,1.0,1.0,0.0,0.0,0.0,0.0,0.0,0.0,0.0,100.0,0.0
query_0061,R00351,1,0.2177,0.0,0.125,0.0,0.0,3.0,13.0,0.2308,0.3333,0.0,0.0,3.0,0.69,0.0,105.007,2.254,13.063,5.721,2.462,1.0,1.0,0.0,0.0,0.0,0.0,0.0,0.0,0.0,65.0,0.0
query_0061,R00149,1,0.21,0.0,0.1,0.0,0.0,3.0,14.0,0.2143,0.2727,0.0,0.0,3.0,0.7092,0.0,95.409,4.832,9.793,5.461,3.829,1.0,1.0,0.0,0.0,0.0,0.0,0.0,0.0,0.0,40.0,0.0
query_0061,R02424,1,0.1984,0.0,0.0833,0.0,0.0,3.0,13.0,0.2308,0.2941,0.0,0.0,3.0,0.6972,0.0,101.419,2.142,12.143,5.714,2.381,1.0,1.0,0.0,0.0,0.0,0.0,0.0,0.0,0.0,65.0,0.0
query_0061,R01312,1,0.1962,0.0,0.0769,0.0,0.0,3.0,12.0,0.25,0.3333,0.0,0.0,3.0,0.6321,0.0,133.965,6.966,19.153,3.723,5.037,1.0,1.0,0.0,0.0,0.0,0.0,0.0,0.0,0.0,55.0,0.0
query_0061,R09453,1,0.1745,0.0,0.0714,0.0,0.0,3.0,12.0,0.25,0.2941,0.0,0.0,3.0,0.3682,0.0,265.923,13.838,38.069,7.327,10.018,1.0,1.0,0.0,0.0,0.0,0.0,0.0,0.0,0.0,50.0,0.0
query_0061,R03909,2,0.1701,0.7685,0.0625,0.1111,1.0,3.0,14.0,0.2143,0.35,0.0,0.0,3.0,0.7263,0.0,86.859,1.638,7.567,6.204,1.949,1.0,1.0,0.0,0.0,0.0,0.0,0.0,0.0,0.0,30.0,0.0
query_0061,R07398,1,0.1699,0.0,0.0588,0.0,0.0,2.0,14.0,0.1429,0.1429,0.0,0.0,2.0,0.7191,0.0,90.444,2.529,13.476,4.022,4.072,1.0,1.0,0.0,0.0,0.0,0.0,0.0,0.0,0.0,45.0,0.0
query_0061,R00655,2,0.1696,0.7495,0.0556,0.0476,1.0,3.0,18.0,0.1667,0.2069,0.0,0.0,3.0,0.6878,0.0,106.108,3.475,16.882,3.342,3.808,1.0,1.0,0.0,0.0,0.0,0.0,0.0,0.0,0.0,65.0,0.0
query_0061,R01544,1,0.1653,0.0,0.0526,0.0,0.0,2.0,16.0,0.125,0.1429,0.0,0.0,2.0,0.4947,0.0,202.667,2.042,3.705,20.491,0.083,1.0,1.0,0.0,0.0,0.0,0.0,0.0,0.0,0.0,65.0,0.0
query_0061,R08990,2,0.1603,0.7422,0.0476,0.0294,1.0,3.0,18.0,0.1667,0.2069,0.0,0.0,3.0,0.4581,0.0,220.938,6.692,39.794,5.608,6.497,1.0,1.0,0.0,0.0,0.0,0.0,0.0,0.0,0.0,55.0,0.0
query_0061,R05727,1,0.1546,0.0,0.0455,0.0,0.0,3.0,11.0,0.2727,0.3158,0.0,0.0,3.0,0.7169,0.0,91.552,1.384,5.87,7.658,2.07,1.0,1.0,0.0,0.0,0.0,0.0,0.0,0.0,0.0,30.0,0.0
query_0061,R08017,2,0.1486,0.7407,0.0435,0.027,1.0,3.0,15.0,0.2,0.24,0.0,0.0,3.0,0.586,0.0,157.0,3.465,20.98,8.05,5.452,1.0,1.0,0.0,0.0,0.0,0.0,0.0,0.0,0.0,40.0,0.0
query_0061,R01836,0,0.1465,0.0,0.0417,0.0,0.0,2.0,11.0,0.1818,0.2353,0.0,0.0,2.0,0.7643,0.0,67.867,3.055,8.154,3.183,1.985,1.0,1.0,0.0,0.0,0.0,0.0,0.0,0.0,0.0,45.0,0.0
query_0061,R10343,0,0.1443,0.0,0.04,0.0,0.0,2.0,15.0,0.1333,0.2273,0.0,0.0,2.0,0.3416,0.0,620.819,6.101,30.538,54.747,4.441,1.0,1.0,0.0,0.0,0.0,0.0,0.0,0.0,0.0,35.0,0.0
query_0061,R11006,2,0.1388,0.7479,0.0385,0.0385,1.0,3.0,15.0,0.2,0.2308,0.0,0.0,3.0,0.2121,0.0,343.971,14.828,29.896,21.908,8.68,1.0,1.0,0.0,0.0,0.0,0.0,0.0,0.0,0.0,60.0,0.0
query_0061,R08924,1,0.1384,0.0,0.037,0.0,0.0,3.0,14.0,0.2143,0.2727,0.0,0.0,3.0,0.8,0.0,49.995,2.648,4.381,2.781,1.185,1.0,1.0,0.0,0.0,0.0,0.0,0.0,0.0,0.0,60.0,0.0
query_0061,R04540,0,0.1333,0.0,0.0345,0.0,0.0,2.0,13.0,0.1538,0.1667,0.0,0.0,1.0,0.7821,0.0,58.932,1.643,9.358,2.318,1.792,1.0,1.0,0.0,0.0,0.0,0.0,0.0,0.0,0.0,50.0,0.0
query_0061,R04740,1,0.1253,0.0,0.0333,0.0,0.0,2.0,9.0,0.2222,0.2143,0.0,0.0,2.0,0.8702,0.0,14.887,0.679,2.853,0.392,1.049,1.0,1.0,0.0,0.0,0.0,0.0,0.0,0.0,0.0,40.0,0.0
query_0061,R00186,0,0.1228,0.0,0.0312,0.0,0.0,2.0,16.0,0.125,0.1538,0.0,0.0,2.0,0.462,0.0,219.0,5.846,42.797,4.186,5.582,1.0,1.0,0.0,0.0,0.0,0.0,0.0,0.0,0.0,45.0,0.0
query_0061,R05268,0,0.121,0.0,0.0303,0.0,0.0,0.0,12.0,0.0,0.1,0.0,0.0,2.0,0.8779,0.0,11.07,0.541,2.392,0.123,0.744,1.0,1.0,0.0,0.0,0.0,0.0,0.0,0.0,0.0,40.0,0.0
query_0061,R10524,1,0.1206,0.0,0.0294,0.0,0.0,3.0,14.0,0.2143,0.2381,0.0,0.0,3.0,0.7568,0.0,71.594,2.276,8.505,3.76,2.039,1.0,1.0,0.0,0.0,0.0,0.0,0.0,0.0,0.0,40.0,0.0
query_0061,R02483,0,0.1202,0.0,0.0286,0.0,0.0,2.0,16.0,0.125,0.1818,0.0,0.0,2.0,0.832,0.0,34.001,1.357,7.53,0.435,1.809,1.0,1.0,0.0,0.0,0.0,0.0,0.0,0.0,0.0,50.0,0.0
query_0061,R02207,0,0.1175,0.0,0.0278,0.0,0.0,2.0,12.0,0.1667,0.2105,0.0,0.0,2.0,0.8033,0.0,48.351,0.826,3.606,3.889,1.447,1.0,1.0,0.0,0.0,0.0,0.0,0.0,0.0,0.0,50.0,0.0
query_0061,R08450,0,0.117,0.0,0.027,0.0,0.0,0.0,11.0,0.0,0.1053,0.0,0.0,2.0,0.8579,0.0,21.035,0.798,4.829,0.112,1.008,1.0,1.0,0.0,0.0,0.0,0.0,0.0,0.0,0.0,45.0,0.0
query_0061,R02420,0,0.1165,0.0,0.0256,0.0,0.0,2.0,15.0,0.1333,0.1667,0.0,0.0,2.0,0.4847,0.0,207.651,8.351,34.92,5.634,6.654,1.0,1.0,0.0,0.0,0.0,0.0,0.0,0.0,0.0,40.0,0.0
query_0061,R07722,2,0.0,0.8125,0.0,1.0,0.0,3.0,19.0,0.1579,0.25,0.0,0.0,2.0,0.7572,0.0,71.392,2.975,16.012,0.706,3.144,1.0,1.0,0.0,0.0,0.0,0.0,0.0,0.0,0.0,35.0,0.0
query_0061,R01746,2,0.0,0.7801,0.0,0.3333,0.0,2.0,8.0,0.25,0.3,0.0,0.0,2.0,0.7933,0.0,53.344,3.259,8.844,1.052,2.332,1.0,1.0,0.0,0.0,0.0,0.0,0.0,0.0,0.0,60.0,0.0
query_0061,R08645,2,0.0,0.7741,0.0,0.1667,0.0,4.0,18.0,0.2222,0.3333,0.0,0.0,4.0,0.8269,0.0,36.567,1.615,8.068,0.43,1.986,1.0,1.0,0.0,0.0,0.0,0.0,0.0,0.0,0.0,45.0,0.0
query_0061,R05878,2,0.0,0.771,0.0,0.1429,0.0,2.0,8.0,0.25,0.3077,0.0,0.0,2.0,0.758,0.0,71.004,2.704,13.462,1.721,3.881,1.0,1.0,0.0,0.0,0.0,0.0,0.0,0.0,0.0,50.0,0.0
query_0061,R10664,2,0.0,0.7709,0.0,0.125,0.0,2.0,19.0,0.1053,0.1905,0.0,0.0,2.0,0.8282,0.0,35.89,0.935,7.113,0.8,1.212,1.0,1.0,0.0,0.0,0.0,0.0,0.0,0.0,0.0,25.0,0.0
query_0061,R06710,2,0.0,0.76,0.0,0.1,0.0,3.0,19.0,0.1579,0.2,0.0,0.0,3.0,0.2994,0.0,300.294,2.717,8.458,29.463,1.73,1.0,1.0,0.0,0.0,0.0,0.0,0.0,0.0,0.0,50.0,0.0
query_0061,R05073,2,0.0,0.7576,0.0,0.0909,0.0,3.0,23.0,0.1304,0.1818,0.0,0.0,3.0,0.5942,0.0,152.921,2.65,12.616,11.107,2.234,1.0,1.0,0.0,0.0,0.0,0.0,0.0,0.0,0.0,80.0,0.0
query_0061,R05567,2,0.0,0.7565,0.0,0.0833,0.0,3.0,15.0,0.2,0.2727,0.0,0.0,3.0,0.757,0.0,71.485,1.636,8.671,4.128,1.903,1.0,1.0,0.0,0.0,0.0,0.0,0.0,0.0,0.0,30.0,0.0
query_0061,R00361,2,0.0,0.7556,0.0,0.0769,0.0,3.0,14.0,0.2143,0.3,0.0,0.0,3.0,0.5811,0.0,159.442,2.503,13.844,11.706,3.961,1.0,1.0,0.0,0.0,0.0,0.0,0.0,0.0,0.0,45.0,0.0
query_0061,R10307,2,0.0,0.753,0.0,0.0667,0.0,2.0,15.0,0.1333,0.2105,0.0,0.0,2.0,0.7595,0.0,70.243,2.338,15.733,0.5,1.476,1.0,1.0,0.0,0.0,0.0,0.0,0.0,0.0,0.0,25.0,0.0
query_0062,R04063,1,0.3354,0.0,1.0,0.0,0.0,5.0,14.0,0.3571,0.3,0.0,0.0,5.0,0.9085,0.0,145.774,14.488,6.753,6.825,1.588,1.0,0.0,0.0,0.0,0.0,0.0,0.0,0.0,0.0,55.0,0.0
query_0062,R01929,1,0.3196,0.0,0.5,0.0,0.0,5.0,14.0,0.3571,0.3182,0.0,0.0,5.0,0.2939,0.0,453.054,30.966,14.302,32.049,2.428,1.0,1.0,0.0,0.0,0.0,0.0,0.0,0.0,0.0,55.0,0.0
query_0062,R09555,2,0.3123,0.7474,0.3333,0.0556,1.0,5.0,22.0,0.2273,0.3333,0.0,0.0,5.0,0.8946,0.0,152.68,4.466,22.063,6.734,4.466,1.0,0.0,0.0,0.0,0.0,0.0,0.0,0.0,0.0,55.0,0.0
query_0062,R08058,1,0.3101,0.0,0.25,0.0,0.0,5.0,15.0,0.3333,0.2857,0.0,0.0,5.0,0.7697,0.0,215.126,15.413,21.76,7.144,1.853,1.0,0.0,0.0,0.0,0.0,0.0,0.0,0.0,0.0,55.0,0.0
query_0062,R03866,1,0.3037,0.0,0.2,0.0,0.0,4.0,13.0,0.3077,0.2222,0.0,0.0,4.0,0.4109,0.0,394.53,57.35,22.938,8.636,5.444,1.0,0.0,0.0,0.0,0.0,0.0,0.0,0.0,0.0,30.0,0.0
query_0062,R04314,2,0.2882,0.7447,0.1667,0.0417,1.0,5.0,16.0,0.3125,0.2609,0.0,0.0,4.0,1.088,0.0,56.004,0.674,4.051,4.363,0.672,1.0,0.0,0.0,0.0,0.0,0.0,0.0,0.0,0.0,60.0,0.0
query_0062,R00555,1,0.281,0.0,0.1429,0.0,0.0,5.0,14.0,0.3571,0.3333,0.0,0.0,5.0,0.9131,0.0,143.436,16.852,5.191,6.005,1.292,1.0,0.0,0.0,0.0,0.0,0.0,0.0,0.0,0.0,50.0,0.0
query_0062,R11742,2,0.2799,0.7537,0.125,0.1,1.0,5.0,16.0,0.3125,0.2917,0.0,0.0,5.0,1.0135,0.0,93.263,14.121,4.316,2.102,0.915,1.0,0.0,0.0,0.0,0.0,0.0,0.0,0.0,0.0,60.0,0.0
query_0062,R01335,2,0.2606,0.7577,0.1111,0.1111,1.0,5.0,16.0,0.3125,0.2917,0.0,0.0,5.0,0.881,0.0,159.52,18.527,14.362,3.603,3.116,1.0,0.0,0.0,0.0,0.0,0.0,0.0,0.0,0.0,45.0,0.0
query_0062,R04795,1,0.2575,0.0,0.1,0.0,0.0,4.0,16.0,0.25,0.25,0.0,0.0,4.0,0.9731,0.0,113.462,2.735,11.204,6.774,3.221,1.0,1.0,0.0,0.0,0.0,0.0,0.0,0.0,0.0,100.0,0.0
query_0062,R08572,1,0.2506,0.0,0.0909,0.0,0.0,3.0,12.0,0.25,0.2105,0.0,0.0,3.0,1.066,0.0,67.016,1.945,6.984,3.892,2.414,1.0,1.0,0.0,0.0,0.0,0.0,0.0,0.0,0.0,40.0,0.0
query_0062,R07526,1,0.2481,0.0,0.0833,0.0,0.0,4.0,16.0,0.25,0.25,0.0,0.0,4.0,0.6643,0.0,267.825,28.93,12.668,11.502,3.162,1.0,1.0,0.0,0.0,0.0,0.0,0.0,0.0,0.0,55.0,0.0
query_0062,R02058,1,0.2444,0.0,0.0769,0.0,0.0,5.0,17.0,0.2941,0.3043,0.0,0.0,5.0,0.9987,0.0,100.674,13.747,2.454,3.759,0.493,1.0,0.0,0.0,0.0,0.0,0.0,0.0,0.0,0.0,75.0,0.0
query_0062,R01288,1,0.2441,0.0,0.0714,0.0,0.0,5.0,14.0,0.3571,0.2727,0.0,0.0,3.0,0.966,0.0,116.982,13.584,4.433,4.746,0.667,1.0,1.0,0.0,0.0,0.0,0.0,0.0,0.0,0.0,25.0,0.0
query_0062,R00293,1,0.237,0.0,0.0667,0.0,0.0,3.0,13.0,0.2308,0.2222,0.0,0.0,3.0,1.1213,0.0,39.375,1.094,8.922,0.19,1.04,1.0,1.0,0.0,0.0,0.0,0.0,0.0,0.0,0.0,30.0,0.0
query_0062,R02524,1,0.236,0.0,0.0625,0.0,0.0,5.0,17.0,0.2941,0.2143,0.0,0.0,3.0,0.0746,0.0,637.316,63.099,32.402,30.271,7.902,1.0,1.0,0.0,0.0,0.0,0.0,0.0,0.0,0.0,40.0,0.0
query_0062,R02774,1,0.2353,0.0,0.0588,0.0,0.0,2.0,13.0,0.1538,0.1579,0.0,0.0,2.0,0.8835,0.0,158.273,9.283,13.938,8.317,3.564,1.0,1.0,0.0,0.0,0.0,0.0,0.0,0.0,0.0,20.0,0.0
query_0062,R05110,1,0.2348,0.0,0.0556,0.0,0.0,5.0,14.0,0.3571,0.2727,0.0,0.0,3.0,0.9321,0.0,133.948,13.584,4.433,6.668,0.667,1.0,1.0,0.0,0.0,0.0,0.0,0.0,0.0,0.0,25.0,0.0
query_0062,R13345,1,0.2345,0.0,0.0526,0.0,0.0,4.0,14.0,0.2857,0.25,0.0,0.0,4.0,1.1129,0.0,43.526,1.345,9.941,0.125,1.232,1.0,1.0,0.0,0.0,0.0,0.0,0.0,0.0,0.0,80.0,0.0
query_0062,R01054,1,0.234,0.0,0.05,0.0,0.0,3.0,12.0,0.25,0.2222,0.0,0.0,3.0,1.129,0.0,35.522,1.897,6.76,0.432,2.378,1.0,1.0,0.0,0.0,0.0,0.0,0.0,0.0,0.0,40.0,0.0
query_0062,R04706,1,0.2291,0.0,0.0476,0.0,0.0,4.0,21.0,0.1905,0.2333,0.0,0.0,4.0,0.8746,0.0,162.691,6.41,14.11,9.838,3.484,1.0,1.0,0.0,0.0,0.0,0.0,0.0,0.0,0.0,60.0,0.0
query_0062,R01246,1,0.2268,0.0,0.0455,0.0,0.0,5.0,17.0,0.2941,0.2308,0.0,0.0,5.0,0.7672,0.0,216.397,28.714,11.564,6.195,3.494,1.0,0.0,0.0,0.0,0.0,0.0,0.0,0.0,0.0,55.0,0.0
query_0062,R13243,2,0.2251,0.7387,0.0435,0.0286,1.0,5.0,15.0,0.3333,0.3043,0.0,0.0,5.0,0.8101,0.0,194.961,24.385,17.855,3.677,3.467,1.0,0.0,0.0,0.0,0.0,0.0,0.0,0.0,0.0,70.0,0.0
query_0062,R05205,1,0.2235,0.0,0.0417,0.0,0.0,4.0,21.0,0.1905,0.2917,0.0,0.0,4.0,0.8092,0.0,195.414,11.097,15.758,10.56,3.567,1.0,1.0,0.0,0.0,0.0,0.0,0.0,0.0,0.0,60.0,0.0
query_0062,R01650,1,0.2226,0.0,0.04,0.0,0.0,3.0,9.0,0.3333,0.3333,0.0,0.0,3.0,1.1572,0.0,21.401,0.692,4.904,0.093,0.755,1.0,1.0,0.0,0.0,0.0,0.0,0.0,0.0,0.0,40.0,0.0
query_0062,R05813,2,0.2225,0.0,0.0385,0.0,0.0,4.0,9.0,0.4444,0.3333,0.0,0.0,2.0,0.638,0.0,280.991,28.119,3.195,17.011,0.747,1.0,1.0,0.0,0.0,0.0,0.0,0.0,0.0,0.0,50.0,0.0
query_0062,R04152,2,0.2194,0.7446,0.037,0.04,1.0,5.0,20.0,0.25,0.2593,0.0,0.0,3.0,0.8147,0.0,192.665,17.328,13.762,8.025,2.754,1.0,0.0,0.0,0.0,0.0,0.0,0.0,0.0,0.0,30.0,0.0
query_0062,R01126,1,0.2178,0.0,0.0357,0.0,0.0,5.0,14.0,0.3571,0.2727,0.0,0.0,4.0,0.7924,0.0,203.819,8.471,37.228,3.044,5.795,1.0,1.0,0.0,0.0,0.0,0.0,0.0,0.0,0.0,45.0,0.0
query_0062,R00780,1,0.2153,0.0,0.0345,0.0,0.0,5.0,15.0,0.3333,0.25,0.0,0.0,3.0,0.3478,0.0,426.096,32.326,30.926,20.05,4.681,1.0,1.0,0.0,0.0,0.0,0.0,0.0,0.0,0.0,46.0,0.0
query_0062,R00211,2,0.2137,0.7516,0.0333,0.0714,1.0,5.0,14.0,0.3571,0.2857,0.0,0.0,4.0,0.9215,0.0,139.24,4.387,21.824,5.539,5.178,1.0,0.0,0.0,0.0,0.0,0.0,0.0,0.0,0.0,60.0,0.0
query_0062,R05879,2,0.2087,0.7448,0.0323,0.0435,1.0,5.0,18.0,0.2778,0.28,0.0,0.0,4.0,0.9482,0.0,125.879,2.594,14.582,7.471,3.02,1.0,0.0,0.0,0.0,0.0,0.0,0.0,0.0,0.0,45.0,0.0
query_0062,R00004,1,0.2085,0.0,0.0312,0.0,0.0,5.0,18.0,0.2778,0.2609,0.0,0.0,5.0,0.6304,0.0,284.788,29.331,14.582,12.469,3.02,1.0,0.0,0.0,0.0,0.0,0.0,0.0,0.0,0.0,45.0,0.0
query_0062,R04002,2,0.2074,0.7529,0.0303,0.0909,1.0,5.0,22.0,0.2273,0.2333,0.0,0.0,4.0,0.5495,0.0,325.256,30.151,16.716,15.781,3.428,1.0,0.0,0.0,0.0,0.0,0.0,0.0,0.0,0.0,45.0,0.0
query_0062,R02604,1,0.2071,0.0,0.0294,0.0,0.0,4.0,12.0,0.3333,0.3125,0.0,0.0,4.0,1.1293,0.0,35.33,1.346,7.627,0.515,2.13,1.0,1.0,0.0,0.0,0.0,0.0,0.0,0.0,0.0,30.0,0.0
query_0062,R02165,1,0.2065,0.0,0.0286,0.0,0.0,4.0,18.0,0.2222,0.2273,0.0,0.0,4.0,0.7292,0.0,235.42,27.707,6.032,10.856,1.077,1.0,1.0,0.0,0.0,0.0,0.0,0.0,0.0,0.0,55.0,0.0
query_0062,R05811,1,0.2064,0.0,0.0278,0.0,0.0,4.0,15.0,0.2667,0.2,0.0,0.0,4.0,0.2848,0.0,457.592,11.528,89.686,7.848,10.031,1.0,1.0,0.0,0.0,0.0,0.0,0.0,0.0,0.0,40.0,0.0
query_0062,R04972,1,0.2061,0.0,0.027,0.0,0.0,4.0,13.0,0.3077,0.3,0.0,0.0,4.0,0.4909,0.0,354.571,30.002,18.932,18.191,5.295,1.0,1.0,0.0,0.0,0.0,0.0,0.0,0.0,0.0,50.0,0.0
query_0062,R03552,1,0.2048,0.0,0.0263,0.0,0.0,5.0,13.0,0.3846,0.35,0.0,0.0,5.0,0.9377,0.0,131.145,17.273,6.946,3.808,1.787,1.0,0.0,0.0,0.0,0.0,0.0,0.0,0.0,0.0,40.0,0.0
query_0062,R01808,2,0.2044,0.0,0.0256,0.0,0.0,4.0,10.0,0.4,0.2857,0.0,0.0,4.0,0.8616,0.0,169.206,27.403,4.655,3.928,0.715,1.0,0.0,0.0,0.0,0.0,0.0,0.0,0.0,0.0,55.0,0.0
query_0062,R01872,1,0.2042,0.0,0.025,0.0,0.0,4.0,14.0,0.2857,0.2381,0.0,0.0,4.0,0.7525,0.0,223.737,28.304,9.036,8.075,1.865,1.0,0.0,0.0,0.0,0.0,0.0,0.0,0.0,0.0,40.0,0.0
query_0063,R04648,1,0.225,0.0,1.0,0.0,0.0,4.0,11.0,0.3636,0.4,0.0,0.0,2.0,0.4364,0.0,131.79,7.902,24.419,1.111,6.035,1.0,1.0,0.0,0.0,0.0,0.0,0.0,0.0,0.0,35.0,0.0
query_0063,R02942,2,0.2247,0.7777,0.5,0.5,1.0,4.0,11.0,0.3636,0.4,0.0,0.0,2.0,0.1338,0.0,283.085,14.28,42.433,7.538,10.126,1.0,1.0,0.0,0.0,0.0,0.0,0.0,0.0,0.0,30.0,0.0
query_0063,R08872,2,0.2137,0.7483,0.3333,0.0714,1.0,4.0,12.0,0.3333,0.4444,0.0,0.0,2.0,0.3901,0.0,154.966,6.926,19.813,5.979,5.453,1.0,1.0,0.0,0.0,0.0,0.0,0.0,0.0,0.0,45.0,0.0
query_0063,R02406,1,0.2089,0.0,0.25,0.0,0.0,2.0,12.0,0.1667,0.4,0.0,0.0,2.0,0.3941,0.0,152.957,6.83,19.576,5.86,5.397,1.0,1.0,0.0,0.0,0.0,0.0,0.0,0.0,0.0,45.0,0.0
query_0063,R03362,1,0.1874,0.0,0.2,0.0,0.0,2.0,16.0,0.125,0.24,0.0,0.0,2.0,0.3938,0.0,153.117,8.426,30.051,1.105,6.445,1.0,1.0,0.0,0.0,0.0,0.0,0.0,0.0,0.0,50.0,0.0
query_0063,R02191,1,0.174,0.0,0.1667,0.0,0.0,3.0,17.0,0.1765,0.2083,0.0,0.0,1.0,0.3622,0.0,168.889,2.783,15.788,11.535,2.647,1.0,1.0,0.0,0.0,0.0,0.0,0.0,0.0,0.0,40.0,0.0
query_0063,R04419,1,0.1734,0.0,0.1429,0.0,0.0,4.0,27.0,0.1481,0.2571,0.0,0.0,2.0,0.3004,0.0,199.789,5.419,21.093,11.657,5.972,1.0,1.0,0.0,0.0,0.0,0.0,0.0,0.0,0.0,40.0,0.0
query_0063,R07279,1,0.1723,0.0,0.125,0.0,0.0,3.0,12.0,0.25,0.2632,0.0,0.0,1.0,0.4674,0.0,116.297,1.284,4.712,11.011,2.595,1.0,1.0,0.0,0.0,0.0,0.0,0.0,0.0,0.0,20.0,0.0
query_0063,R01591,1,0.1701,0.0,0.1111,0.0,0.0,3.0,11.0,0.2727,0.2941,0.0,0.0,1.0,0.002,0.0,351.014,5.849,63.786,7.508,1.746,1.0,1.0,0.0,0.0,0.0,0.0,0.0,0.0,0.0,65.0,0.0
query_0063,R05543,2,0.1696,0.7579,0.1,0.1,1.0,4.0,9.0,0.4444,0.5,0.0,0.0,2.0,0.1525,0.0,273.727,15.997,45.896,3.628,11.053,1.0,1.0,0.0,0.0,0.0,0.0,0.0,0.0,0.0,25.0,0.0
query_0063,R01504,1,0.1678,0.0,0.0909,0.0,0.0,4.0,16.0,0.25,0.2692,0.0,0.0,2.0,0.6135,0.0,43.241,1.046,3.949,2.717,0.749,1.0,1.0,0.0,0.0,0.0,0.0,0.0,0.0,0.0,55.0,0.0
query_0063,R13368,1,0.1661,0.0,0.0833,0.0,0.0,2.0,7.0,0.2857,0.3,0.0,0.0,1.0,0.4287,0.0,135.662,4.681,22.778,5.108,3.831,1.0,1.0,0.0,0.0,0.0,0.0,0.0,0.0,0.0,10.0,0.0
query_0063,R01118,1,0.1655,0.0,0.0769,0.0,0.0,2.0,12.0,0.1667,0.25,0.0,0.0,1.0,0.6017,0.0,49.148,0.717,2.443,4.396,0.823,1.0,1.0,0.0,0.0,0.0,0.0,0.0,0.0,0.0,40.0,0.0
query_0063,R01513,1,0.1648,0.0,0.0667,0.0,0.0,4.0,11.0,0.3636,0.4444,0.0,0.0,2.0,0.2855,0.0,207.24,12.518,38.17,1.173,8.884,1.0,1.0,0.0,0.0,0.0,0.0,0.0,0.0,0.0,25.0,0.0
query_0063,R09551,2,0.1642,0.7461,0.0625,0.0667,1.0,4.0,13.0,0.3077,0.4,0.0,0.0,2.0,0.2744,0.0,212.775,12.789,39.367,1.234,9.256,1.0,1.0,0.0,0.0,0.0,0.0,0.0,0.0,0.0,35.0,0.0
query_0063,R01643,1,0.1635,0.0,0.0588,0.0,0.0,2.0,14.0,0.1429,0.1765,0.0,0.0,0.0,0.1566,0.0,271.724,3.624,39.376,10.681,0.599,1.0,1.0,0.0,0.0,0.0,0.0,0.0,0.0,0.0,45.0,0.0
query_0063,R02760,1,0.1605,0.0,0.0556,0.0,0.0,2.0,13.0,0.1538,0.1667,0.0,0.0,1.0,0.4781,0.0,110.941,1.694,11.085,7.41,2.387,1.0,1.0,0.0,0.0,0.0,0.0,0.0,0.0,0.0,30.0,0.0
query_0063,R06920,2,0.1604,0.7759,0.0526,0.25,1.0,3.0,15.0,0.2,0.2727,0.0,0.0,2.0,0.0054,0.0,352.691,19.5,60.578,5.179,14.512,1.0,1.0,0.0,0.0,0.0,0.0,0.0,0.0,0.0,35.0,0.0
query_0063,R03459,1,0.158,0.0,0.05,0.0,0.0,2.0,10.0,0.2,0.4615,0.0,0.0,1.0,0.1294,0.0,285.301,1.404,5.673,29.526,1.208,1.0,1.0,0.0,0.0,0.0,0.0,0.0,0.0,0.0,55.0,0.0
query_0063,R00642,1,0.1549,0.0,0.0476,0.0,0.0,1.0,9.0,0.1111,0.1429,0.0,0.0,1.0,0.2757,0.0,487.846,21.697,88.731,5.676,13.283,1.0,1.0,0.0,0.0,0.0,0.0,0.0,0.0,0.0,40.0,0.0
query_0063,R06267,1,0.1546,0.0,0.0455,0.0,0.0,2.0,15.0,0.1333,0.1429,0.0,0.0,1.0,0.5523,0.0,73.831,2.185,8.999,3.634,1.805,1.0,1.0,0.0,0.0,0.0,0.0,0.0,0.0,0.0,50.0,0.0
query_0063,R08549,1,0.1542,0.0,0.0435,0.0,0.0,1.0,6.0,0.1667,0.1429,0.0,0.0,0.0,0.0,0.0,0.0,0.0,0.0,0.0,0.0,1.0,1.0,0.0,0.0,0.0,0.0,0.0,0.0,0.0,30.0,0.0
query_0063,R02251,1,0.152,0.0,0.0417,0.0,0.0,4.0,12.0,0.3333,0.4211,0.0,0.0,2.0,0.4492,0.0,125.403,6.681,21.221,2.026,5.053,1.0,1.0,0.0,0.0,0.0,0.0,0.0,0.0,0.0,30.0,0.0
query_0063,R09052,1,0.1495,0.0,0.0385,0.0,0.0,3.0,12.0,0.25,0.2857,0.0,0.0,2.0,0.5649,0.0,67.559,3.742,13.379,0.54,2.658,1.0,1.0,0.0,0.0,0.0,0.0,0.0,0.0,0.0,75.0,0.0
query_0063,R04337,1,0.1492,0.0,0.037,0.0,0.0,2.0,8.0,0.25,0.5,0.0,0.0,1.0,0.3586,0.0,170.719,3.888,7.634,14.854,2.123,1.0,1.0,0.0,0.0,0.0,0.0,0.0,0.0,0.0,30.0,0.0
query_0063,R07008,2,0.1489,0.0,0.0357,0.0,0.0,4.0,10.0,0.4,0.4444,0.0,0.0,2.0,0.2872,0.0,206.395,12.913,37.907,1.231,9.639,1.0,1.0,0.0,0.0,0.0,0.0,0.0,0.0,0.0,50.0,0.0
query_0063,R05955,0,0.1472,0.0,0.0345,0.0,0.0,1.0,9.0,0.1111,0.2727,0.0,0.0,2.0,0.1715,0.0,264.266,7.114,22.061,17.282,5.702,1.0,1.0,0.0,0.0,0.0,0.0,0.0,0.0,0.0,40.0,0.0
query_0063,R00677,1,0.1467,0.0,0.0333,0.0,0.0,3.0,11.0,0.2727,0.3,0.0,0.0,1.0,0.3924,0.0,153.813,5.381,23.11,6.15,5.74,1.0,1.0,0.0,0.0,0.0,0.0,0.0,0.0,0.0,20.0,0.0
query_0063,R03515,2,0.1458,0.7449,0.0323,0.0625,1.0,2.0,16.0,0.125,0.375,0.0,0.0,1.0,0.4721,0.0,113.956,0.964,3.842,11.054,0.778,1.0,1.0,0.0,0.0,0.0,0.0,0.0,0.0,0.0,40.0,0.0
query_0063,R11322,1,0.1451,0.0,0.0312,0.0,0.0,2.0,9.0,0.2222,0.3077,0.0,0.0,2.0,0.1715,0.0,264.266,7.114,22.061,17.282,5.702,1.0,1.0,0.0,0.0,0.0,0.0,0.0,0.0,0.0,40.0,0.0
query_0063,R06127,0,0.1437,0.0,0.0303,0.0,0.0,2.0,11.0,0.1818,0.2353,0.0,0.0,0.0,0.6067,0.0,46.673,1.61,6.32,1.848,1.031,1.0,1.0,0.0,0.0,0.0,0.0,0.0,0.0,0.0,20.0,0.0
query_0063,R01863,2,0.1435,0.0,0.0294,0.0,0.0,4.0,9.0,0.4444,0.5333,0.0,0.0,2.0,0.3304,0.0,515.179,27.692,96.919,4.384,21.181,1.0,1.0,0.0,0.0,0.0,0.0,0.0,0.0,0.0,40.0,0.0
query_0063,R05567,0,0.1431,0.0,0.0286,0.0,0.0,2.0,15.0,0.1333,0.2273,0.0,0.0,1.0,0.557,0.0,71.485,1.636,8.671,4.128,1.903,1.0,1.0,0.0,0.0,0.0,0.0,0.0,0.0,0.0,30.0,0.0
query_0063,R00347,1,0.143,0.0,0.0278,0.0,0.0,2.0,8.0,0.25,0.3,0.0,0.0,0.0,0.6093,0.0,45.328,0.923,3.611,3.265,1.044,1.0,1.0,0.0,0.0,0.0,0.0,0.0,0.0,0.0,90.0,0.0
query_0063,R05789,1,0.1423,0.0,0.027,0.0,0.0,4.0,17.0,0.2353,0.32,0.0,0.0,2.0,0.3867,0.0,156.673,5.098,19.798,7.971,5.494,1.0,1.0,0.0,0.0,0.0,0.0,0.0,0.0,0.0,30.0,0.0
query_0063,R05655,1,0.1408,0.0,0.0263,0.0,0.0,3.0,11.0,0.2727,0.3333,0.0,0.0,2.0,0.5215,0.0,89.259,4.841,14.243,1.738,3.63,1.0,1.0,0.0,0.0,0.0,0.0,0.0,0.0,0.0,185.0,0.0
query_0063,R08978,1,0.1399,0.0,0.0256,0.0,0.0,2.0,10.0,0.2,0.25,0.0,0.0,2.0,0.4667,0.0,116.661,6.025,17.596,2.864,4.37,1.0,1.0,0.0,0.0,0.0,0.0,0.0,0.0,0.0,55.0,0.0
query_0063,R04185,1,0.1397,0.0,0.025,0.0,0.0,4.0,13.0,0.3077,0.4,0.0,0.0,2.0,0.2915,0.0,204.269,12.577,37.326,1.316,8.893,1.0,1.0,0.0,0.0,0.0,0.0,0.0,0.0,0.0,35.0,0.0
query_0063,R09634,2,0.0,0.7816,0.0,1.0,0.0,1.0,14.0,0.0714,0.1364,0.0,0.0,1.0,0.2839,0.0,208.072,4.477,30.126,8.909,4.322,1.0,1.0,0.0,0.0,0.0,0.0,0.0,0.0,0.0,50.0,0.0
query_0063,R00162,2,0.0,0.7771,0.0,0.3333,0.0,1.0,14.0,0.0714,0.1364,0.0,0.0,1.0,0.2792,0.0,210.381,4.502,30.16,9.156,4.322,1.0,1.0,0.0,0.0,0.0,0.0,0.0,0.0,0.0,50.0,0.0
query_0064,R07562,2,0.4549,0.0,1.0,0.0,0.0,4.0,16.0,0.25,0.2308,0.0,0.0,4.0,0.4899,0.0,155.044,6.766,33.633,1.114,6.719,1.0,1.0,0.0,0.0,0.0,0.0,0.0,0.0,0.0,40.0,0.0
query_0064,R09106,1,0.3425,0.0,0.5,0.0,0.0,3.0,12.0,0.25,0.3,0.0,0.0,2.0,0.413,0.0,193.492,8.249,26.747,7.992,8.409,1.0,1.0,0.0,0.0,0.0,0.0,0.0,0.0,0.0,45.0,0.0
query_0064,R04134,1,0.3087,0.0,0.25,0.0,0.0,3.0,8.0,0.375,0.4286,0.0,0.0,3.0,0.5302,0.0,134.881,4.299,16.74,6.867,3.83,1.0,1.0,0.0,0.0,0.0,0.0,0.0,0.0,0.0,40.0,0.0
query_0064,R04987,1,0.2582,0.0,0.1667,0.0,0.0,2.0,18.0,0.1111,0.1538,0.0,0.0,2.0,0.4784,0.0,160.791,2.326,12.588,11.974,2.667,1.0,1.0,0.0,0.0,0.0,0.0,0.0,0.0,0.0,35.0,0.0
query_0064,R00962,1,0.2573,0.0,0.1429,0.0,0.0,1.0,9.0,0.1111,0.1176,0.0,0.0,1.0,0.6221,0.0,88.957,4.011,11.384,4.367,4.263,1.0,1.0,0.0,0.0,0.0,0.0,0.0,0.0,0.0,40.0,0.0
query_0064,R08245,1,0.2554,0.0,0.125,0.0,0.0,3.0,16.0,0.1875,0.2609,0.0,0.0,3.0,0.6869,0.0,56.55,1.883,9.111,1.934,2.392,1.0,1.0,0.0,0.0,0.0,0.0,0.0,0.0,0.0,50.0,0.0
query_0064,R00282,1,0.244,0.0,0.1111,0.0,0.0,2.0,12.0,0.1667,0.1818,0.0,0.0,2.0,0.4639,0.0,168.069,3.716,25.563,6.541,4.145,1.0,1.0,0.0,0.0,0.0,0.0,0.0,0.0,0.0,35.0,0.0
query_0064,R00121,1,0.2387,0.0,0.1,0.0,0.0,4.0,18.0,0.2222,0.2581,0.0,0.0,3.0,0.0125,0.0,406.266,10.724,77.472,7.935,9.751,1.0,1.0,0.0,0.0,0.0,0.0,0.0,0.0,0.0,30.0,0.0
query_0064,R05288,1,0.2278,0.0,0.0909,0.0,0.0,3.0,17.0,0.1765,0.1852,0.0,0.0,3.0,0.3997,0.0,200.155,5.427,32.73,6.513,6.021,1.0,1.0,0.0,0.0,0.0,0.0,0.0,0.0,0.0,30.0,0.0
query_0064,R02238,1,0.2237,0.0,0.0833,0.0,0.0,3.0,16.0,0.1875,0.1786,0.0,0.0,3.0,0.0389,0.0,419.452,17.207,53.355,19.919,15.5,1.0,1.0,0.0,0.0,0.0,0.0,0.0,0.0,0.0,71.0,0.0
query_0064,R01760,1,0.2186,0.0,0.0769,0.0,0.0,2.0,15.0,0.1333,0.1538,0.0,0.0,2.0,0.4591,0.0,170.463,4.332,28.449,5.114,4.081,1.0,1.0,0.0,0.0,0.0,0.0,0.0,0.0,0.0,35.0,0.0
query_0064,R04310,1,0.2154,0.0,0.0714,0.0,0.0,4.0,25.0,0.16,0.175,0.0,0.0,4.0,0.4939,0.0,153.056,4.594,27.01,4.045,5.217,1.0,1.0,0.0,0.0,0.0,0.0,0.0,0.0,0.0,50.0,0.0
query_0064,R05334,1,0.2127,0.0,0.0667,0.0,0.0,2.0,18.0,0.1111,0.1667,0.0,0.0,2.0,0.2337,0.0,283.171,6.819,53.631,6.402,7.147,1.0,1.0,0.0,0.0,0.0,0.0,0.0,0.0,0.0,50.0,0.0
query_0064,R00515,1,0.2115,0.0,0.0625,0.0,0.0,1.0,13.0,0.0769,0.0952,0.0,0.0,1.0,0.4663,0.0,166.874,7.098,24.646,6.952,7.781,1.0,1.0,0.0,0.0,0.0,0.0,0.0,0.0,0.0,25.0,0.0
query_0064,R06695,1,0.2047,0.0,0.0556,0.0,0.0,4.0,22.0,0.1818,0.1892,0.0,0.0,4.0,0.2255,0.0,512.728,12.143,110.185,2.803,6.765,1.0,1.0,0.0,0.0,0.0,0.0,0.0,0.0,0.0,60.0,0.0
query_0064,R02812,1,0.1891,0.0,0.0526,0.0,0.0,2.0,15.0,0.1333,0.1579,0.0,0.0,2.0,0.5688,0.0,115.58,4.563,24.218,1.215,4.309,1.0,1.0,0.0,0.0,0.0,0.0,0.0,0.0,0.0,45.0,0.0
query_0064,R02482,1,0.1889,0.0,0.05,0.0,0.0,4.0,25.0,0.16,0.1724,0.0,0.0,4.0,0.5592,0.0,120.424,4.496,26.624,0.492,4.964,1.0,1.0,0.0,0.0,0.0,0.0,0.0,0.0,0.0,50.0,0.0
query_0064,R01103,1,0.1882,0.0,0.0476,0.0,0.0,2.0,16.0,0.125,0.1111,0.0,0.0,2.0,0.4157,0.0,192.134,10.784,30.151,3.866,7.793,1.0,1.0,0.0,0.0,0.0,0.0,0.0,0.0,0.0,50.0,0.0
query_0064,R02603,1,0.1872,0.0,0.0455,0.0,0.0,4.0,27.0,0.1481,0.1591,0.0,0.0,4.0,0.4835,0.0,158.25,3.725,20.808,8.166,4.935,1.0,1.0,0.0,0.0,0.0,0.0,0.0,0.0,0.0,35.0,0.0
query_0064,R07771,1,0.1857,0.0,0.0435,0.0,0.0,2.0,20.0,0.1,0.0938,0.0,0.0,2.0,0.487,0.0,156.494,6.401,21.57,6.614,6.505,1.0,1.0,0.0,0.0,0.0,0.0,0.0,0.0,0.0,50.0,0.0
query_0064,R02674,1,0.1834,0.0,0.0417,0.0,0.0,3.0,21.0,0.1429,0.1379,0.0,0.0,3.0,0.5588,0.0,120.591,2.682,13.655,7.055,3.909,1.0,1.0,0.0,0.0,0.0,0.0,0.0,0.0,0.0,60.0,0.0
query_0064,R09174,1,0.1602,0.0,0.0385,0.0,0.0,3.0,27.0,0.1111,0.122,0.0,0.0,3.0,0.3087,0.0,554.374,10.257,94.006,15.153,5.354,1.0,1.0,0.0,0.0,0.0,0.0,0.0,0.0,0.0,65.0,0.0
query_0064,R10582,2,0.1563,0.7295,0.037,0.0357,1.0,4.0,18.0,0.2222,0.2414,0.0,0.0,4.0,0.3636,0.0,218.188,6.51,32.839,8.5,6.118,1.0,1.0,0.0,0.0,0.0,0.0,0.0,0.0,0.0,50.0,0.0
query_0064,R00166,1,0.153,0.0,0.0357,0.0,0.0,4.0,41.0,0.0976,0.1379,0.0,0.0,3.0,0.3031,0.0,551.546,14.971,119.222,2.803,10.67,1.0,1.0,0.0,0.0,0.0,0.0,0.0,0.0,0.0,90.0,0.0
query_0064,R02005,1,0.1527,0.0,0.0345,0.0,0.0,1.0,15.0,0.0667,0.087,0.0,0.0,1.0,0.558,0.0,121.007,3.47,12.775,7.082,2.774,1.0,1.0,0.0,0.0,0.0,0.0,0.0,0.0,0.0,35.0,0.0
query_0064,R09323,1,0.1428,0.0,0.0333,0.0,0.0,3.0,13.0,0.2308,0.3125,0.0,0.0,3.0,0.5551,0.0,122.451,4.673,17.22,5.331,3.918,1.0,1.0,0.0,0.0,0.0,0.0,0.0,0.0,0.0,40.0,0.0
query_0064,R07967,2,0.1404,0.7363,0.0323,0.0526,1.0,3.0,12.0,0.25,0.2632,0.0,0.0,3.0,0.4197,0.0,190.149,7.226,33.451,4.534,7.565,1.0,1.0,0.0,0.0,0.0,0.0,0.0,0.0,0.0,50.0,0.0
query_0064,R00227,1,0.1359,0.0,0.0312,0.0,0.0,3.0,8.0,0.375,0.4,0.0,0.0,3.0,0.6646,0.0,67.684,1.642,13.168,1.259,1.518,1.0,1.0,0.0,0.0,0.0,0.0,0.0,0.0,0.0,40.0,0.0
query_0064,R03576,1,0.1352,0.0,0.0303,0.0,0.0,4.0,13.0,0.3077,0.35,0.0,0.0,4.0,0.0988,0.0,350.623,11.07,65.209,6.387,8.481,1.0,1.0,0.0,0.0,0.0,0.0,0.0,0.0,0.0,60.0,0.0
query_0064,R00210,2,0.134,0.73,0.0294,0.037,1.0,3.0,16.0,0.1875,0.24,0.0,0.0,3.0,0.0881,0.0,355.937,11.951,64.293,7.262,8.755,1.0,1.0,0.0,0.0,0.0,0.0,0.0,0.0,0.0,30.0,0.0
query_0064,R03668,2,0.1337,0.7351,0.0286,0.05,1.0,3.0,20.0,0.15,0.24,0.0,0.0,2.0,0.5718,0.0,114.096,2.524,11.603,7.467,3.17,1.0,1.0,0.0,0.0,0.0,0.0,0.0,0.0,0.0,75.0,0.0
query_0064,R03897,2,0.1281,0.0,0.0256,0.0,0.0,2.0,4.0,0.5,0.6,0.0,0.0,2.0,0.797,0.0,1.52,0.054,0.348,0.011,0.047,1.0,1.0,0.0,0.0,0.0,0.0,0.0,0.0,0.0,15.0,0.0
query_0064,R00677,0,0.1263,0.0,0.025,0.0,0.0,2.0,11.0,0.1818,0.2,0.0,0.0,2.0,0.4924,0.0,153.813,5.381,23.11,6.15,5.74,1.0,1.0,0.0,0.0,0.0,0.0,0.0,0.0,0.0,20.0,0.0
query_0064,R02277,2,0.0,0.7747,0.0,1.0,0.0,2.0,9.0,0.2222,0.2308,0.0,0.0,2.0,0.1558,0.0,322.107,6.886,57.444,8.132,5.321,1.0,1.0,0.0,0.0,0.0,0.0,0.0,0.0,0.0,30.0,0.0
query_0064,R03969,2,0.0,0.7707,0.0,0.5,0.0,3.0,14.0,0.2143,0.2667,0.0,0.0,2.0,0.5889,0.0,105.569,1.823,4.988,9.294,1.139,1.0,1.0,0.0,0.0,0.0,0.0,0.0,0.0,0.0,40.0,0.0
query_0064,R03965,2,0.0,0.759,0.0,0.25,0.0,2.0,7.0,0.2857,0.3636,0.0,0.0,1.0,0.2222,0.0,288.896,4.49,38.073,13.942,3.766,1.0,1.0,0.0,0.0,0.0,0.0,0.0,0.0,0.0,70.0,0.0
query_0064,R02149,2,0.0,0.7565,0.0,0.2,0.0,2.0,7.0,0.2857,0.375,0.0,0.0,2.0,0.7975,0.0,1.228,0.023,0.147,0.073,0.019,1.0,1.0,0.0,0.0,0.0,0.0,0.0,0.0,0.0,40.0,0.0
query_0064,R06250,2,0.0,0.7502,0.0,0.1667,0.0,3.0,18.0,0.1667,0.2,0.0,0.0,2.0,0.0068,0.0,396.606,5.33,15.137,38.612,2.092,1.0,1.0,0.0,0.0,0.0,0.0,0.0,0.0,0.0,50.0,0.0
query_0064,R02229,2,0.0,0.749,0.0,0.1429,0.0,1.0,12.0,0.0833,0.1111,0.0,0.0,1.0,0.41,0.0,194.983,3.933,38.24,3.677,3.401,1.0,1.0,0.0,0.0,0.0,0.0,0.0,0.0,0.0,50.0,0.0
query_0064,R00203,2,0.0,0.747,0.0,0.1111,0.0,3.0,16.0,0.1875,0.1786,0.0,0.0,3.0,0.5557,0.0,122.149,3.147,20.342,4.064,3.39,1.0,1.0,0.0,0.0,0.0,0.0,0.0,0.0,0.0,30.0,0.0
query_0066,R08906,1,0.2336,0.0,1.0,0.0,0.0,1.0,12.0,0.0833,0.2778,0.0,0.0,0.0,0.8396,0.0,130.203,1.615,17.122,6.439,1.253,1.0,1.0,0.0,0.0,0.0,0.0,0.0,0.0,0.0,50.0,0.0
query_0066,R06067,1,0.1845,0.0,0.5,0.0,0.0,1.0,13.0,0.0769,0.1667,0.0,0.0,0.0,0.9429,0.0,78.573,1.105,8.864,4.994,2.52,1.0,1.0,0.0,0.0,0.0,0.0,0.0,0.0,0.0,40.0,0.0
query_0066,R03459,2,0.1844,0.7514,0.3333,0.0256,1.0,2.0,10.0,0.2,0.3846,0.0,0.0,0.0,0.5294,0.0,285.301,1.404,5.673,29.526,1.208,1.0,1.0,0.0,0.0,0.0,0.0,0.0,0.0,0.0,55.0,0.0
query_0066,R03515,2,0.1748,0.7738,0.25,0.1667,1.0,2.0,16.0,0.125,0.3125,0.0,0.0,0.0,0.8721,0.0,113.956,0.964,3.842,11.054,0.778,1.0,1.0,0.0,0.0,0.0,0.0,0.0,0.0,0.0,40.0,0.0
query_0066,R04337,1,0.1742,0.0,0.2,0.0,0.0,2.0,8.0,0.25,0.4167,0.0,0.0,0.0,0.7586,0.0,170.719,3.888,7.634,14.854,2.123,1.0,1.0,0.0,0.0,0.0,0.0,0.0,0.0,0.0,30.0,0.0
query_0066,R04617,1,0.1717,0.0,0.1667,0.0,0.0,3.0,15.0,0.2,0.4091,0.0,0.0,0.0,0.7338,0.0,183.095,1.417,6.742,17.563,1.75,1.0,1.0,0.0,0.0,0.0,0.0,0.0,0.0,0.0,100.0,0.0
query_0066,R06596,1,0.1503,0.0,0.1429,0.0,0.0,0.0,11.0,0.0,0.1538,0.0,0.0,0.0,0.8418,0.0,129.117,4.882,9.584,8.269,0.678,1.0,1.0,0.0,0.0,0.0,0.0,0.0,0.0,0.0,25.0,0.0
query_0066,R08720,1,0.1501,0.0,0.125,0.0,0.0,2.0,14.0,0.1429,0.3333,0.0,0.0,0.0,0.8904,0.0,104.814,1.596,7.796,8.325,2.579,1.0,1.0,0.0,0.0,0.0,0.0,0.0,0.0,0.0,40.0,0.0
query_0066,R08329,0,0.1493,0.0,0.1111,0.0,0.0,1.0,19.0,0.0526,0.12,0.0,0.0,0.0,0.9037,0.0,98.127,1.268,8.592,7.297,2.593,1.0,0.0,0.0,0.0,0.0,0.0,0.0,0.0,0.0,70.0,0.0
query_0066,R06626,0,0.1452,0.0,0.1,0.0,0.0,1.0,13.0,0.0769,0.1875,0.0,0.0,0.0,0.934,0.0,82.983,1.012,7.324,6.2,1.68,1.0,1.0,0.0,0.0,0.0,0.0,0.0,0.0,0.0,30.0,0.0
query_0066,R01591,0,0.1449,0.0,0.0909,0.0,0.0,2.0,11.0,0.1818,0.2941,0.0,0.0,0.0,0.398,0.0,351.014,5.849,63.786,7.508,1.746,1.0,1.0,0.0,0.0,0.0,0.0,0.0,0.0,0.0,65.0,0.0
query_0066,R01118,0,0.1402,0.0,0.0833,0.0,0.0,1.0,12.0,0.0833,0.15,0.0,0.0,0.0,1.0017,0.0,49.148,0.717,2.443,4.396,0.823,1.0,1.0,0.0,0.0,0.0,0.0,0.0,0.0,0.0,40.0,0.0
query_0066,R13368,0,0.1401,0.0,0.0769,0.0,0.0,1.0,7.0,0.1429,0.1,0.0,0.0,0.0,0.8287,0.0,135.662,4.681,22.778,5.108,3.831,1.0,1.0,0.0,0.0,0.0,0.0,0.0,0.0,0.0,10.0,0.0
query_0066,R08549,0,0.1377,0.0,0.0714,0.0,0.0,1.0,6.0,0.1667,0.1429,0.0,0.0,0.0,0.0,0.0,0.0,0.0,0.0,0.0,0.0,1.0,1.0,0.0,0.0,0.0,0.0,0.0,0.0,0.0,30.0,0.0
query_0066,R00432,0,0.1367,0.0,0.0667,0.0,0.0,0.0,6.0,0.0,0.3,0.0,0.0,0.0,0.1978,0.0,451.094,8.395,38.844,32.708,10.068,1.0,1.0,0.0,0.0,0.0,0.0,0.0,0.0,0.0,40.0,0.0
query_0066,R07664,0,0.1325,0.0,0.0625,0.0,0.0,0.0,1.0,0.0,1.0,0.0,0.0,0.0,1.0976,0.0,1.197,0.011,0.051,0.113,0.03,1.0,1.0,0.0,0.0,0.0,0.0,0.0,0.0,0.0,10.0,0.0
query_0066,R04519,0,0.1279,0.0,0.0588,0.0,0.0,1.0,11.0,0.0909,0.1875,0.0,0.0,0.0,1.0018,0.0,49.077,0.842,3.717,3.862,0.839,1.0,0.0,0.0,0.0,0.0,0.0,0.0,0.0,0.0,35.0,0.0
query_0066,R00347,1,0.1277,0.0,0.0556,0.0,0.0,2.0,8.0,0.25,0.3,0.0,0.0,0.0,1.0093,0.0,45.328,0.923,3.611,3.265,1.044,1.0,1.0,0.0,0.0,0.0,0.0,0.0,0.0,0.0,90.0,0.0
query_0066,R05194,0,0.1257,0.0,0.0526,0.0,0.0,0.0,7.0,0.0,0.3,0.0,0.0,0.0,0.4443,0.0,327.842,6.166,13.977,29.417,6.52,1.0,1.0,0.0,0.0,0.0,0.0,0.0,0.0,0.0,90.0,0.0
query_0066,R04161,0,0.1225,0.0,0.05,0.0,0.0,1.0,11.0,0.0909,0.2353,0.0,0.0,0.0,0.8477,0.0,126.138,3.755,22.371,3.72,5.266,1.0,1.0,0.0,0.0,0.0,0.0,0.0,0.0,0.0,30.0,0.0
query_0066,R05567,0,0.121,0.0,0.0476,0.0,0.0,1.0,15.0,0.0667,0.1364,0.0,0.0,0.0,0.957,0.0,71.485,1.636,8.671,4.128,1.903,1.0,1.0,0.0,0.0,0.0,0.0,0.0,0.0,0.0,30.0,0.0
query_0066,R05770,0,0.1192,0.0,0.0455,0.0,0.0,2.0,12.0,0.1667,0.3684,0.0,0.0,0.0,1.0514,0.0,24.315,0.552,3.112,1.326,0.867,1.0,1.0,0.0,0.0,0.0,0.0,0.0,0.0,0.0,18.0,0.0
query_0066,R07496,0,0.1174,0.0,0.0435,0.0,0.0,1.0,6.0,0.1667,0.3,0.0,0.0,0.0,0.8229,0.0,138.574,3.641,6.902,11.87,2.991,1.0,0.0,0.0,0.0,1.0,0.0,0.0,0.0,0.0,40.0,0.0
query_0066,R04796,0,0.117,0.0,0.0417,0.0,0.0,0.0,7.0,0.0,0.2,0.0,0.0,0.0,0.5852,0.0,257.399,1.332,36.246,13.251,3.158,1.0,1.0,0.0,0.0,0.0,0.0,0.0,0.0,0.0,30.0,0.0
query_0066,R02848,0,0.1155,0.0,0.04,0.0,0.0,0.0,19.0,0.0,0.0345,0.0,0.0,0.0,0.8108,0.0,144.602,4.505,16.384,7.791,4.566,1.0,0.0,0.0,0.0,0.0,0.0,0.0,0.0,0.0,40.0,0.0
query_0066,R04028,1,0.1153,0.0,0.0385,0.0,0.0,2.0,9.0,0.2222,0.25,0.0,0.0,0.0,0.8984,0.0,100.816,1.454,8.456,7.378,1.901,1.0,1.0,0.0,0.0,0.0,0.0,0.0,0.0,0.0,10.0,0.0
query_0066,R04262,0,0.1134,0.0,0.037,0.0,0.0,1.0,10.0,0.1,0.2308,0.0,0.0,0.0,0.784,0.0,158.0,5.561,13.314,11.089,5.575,1.0,1.0,0.0,0.0,0.0,0.0,0.0,0.0,0.0,50.0,0.0
query_0066,R00688,1,0.1122,0.0,0.0357,0.0,0.0,2.0,9.0,0.2222,0.3125,0.0,0.0,0.0,0.998,0.0,51.006,0.877,4.616,3.683,0.971,1.0,0.0,0.0,0.0,0.0,0.0,0.0,0.0,0.0,20.0,0.0
query_0066,R03051,0,0.1092,0.0,0.0345,0.0,0.0,2.0,12.0,0.1667,0.2632,0.0,0.0,0.0,0.9795,0.0,60.259,0.695,3.909,5.093,1.375,1.0,1.0,0.0,0.0,0.0,0.0,0.0,0.0,0.0,25.0,0.0
query_0066,R06111,0,0.109,0.0,0.0333,0.0,0.0,0.0,8.0,0.0,0.2308,0.0,0.0,0.0,0.6212,0.0,239.411,7.544,41.621,5.412,0.42,1.0,1.0,0.0,0.0,0.0,0.0,0.0,0.0,0.0,70.0,0.0
query_0066,R03975,0,0.107,0.0,0.0323,0.0,0.0,1.0,13.0,0.0769,0.2105,0.0,0.0,0.0,0.9762,0.0,61.913,1.927,11.509,1.757,1.818,1.0,1.0,0.0,0.0,0.0,0.0,0.0,0.0,0.0,45.0,0.0
query_0066,R00752,2,0.1068,0.7751,0.0312,0.2,1.0,2.0,17.0,0.1176,0.1304,0.0,0.0,0.0,0.3882,0.0,355.923,3.022,12.509,34.916,3.146,1.0,1.0,0.0,0.0,0.0,0.0,0.0,0.0,0.0,90.0,0.0
query_0066,R12269,0,0.1064,0.0,0.0303,0.0,0.0,1.0,10.0,0.1,0.1765,0.0,0.0,0.0,0.9978,0.0,51.077,1.134,4.322,3.734,1.123,1.0,1.0,0.0,0.0,0.0,0.0,0.0,0.0,0.0,45.0,0.0
query_0066,R03672,1,0.1063,0.0,0.0294,0.0,0.0,2.0,9.0,0.2222,0.3333,0.0,0.0,0.0,0.9599,0.0,70.039,0.462,1.728,7.137,1.002,1.0,1.0,0.0,0.0,0.0,0.0,0.0,0.0,0.0,55.0,0.0
query_0066,R00043,0,0.105,0.0,0.0286,0.0,0.0,2.0,20.0,0.1,0.2069,0.0,0.0,0.0,0.9008,0.0,99.621,1.592,8.186,7.463,2.367,1.0,1.0,0.0,0.0,0.0,0.0,0.0,0.0,0.0,25.0,0.0
query_0066,R07500,0,0.1049,0.0,0.0278,0.0,0.0,2.0,21.0,0.0952,0.2333,0.0,0.0,0.0,0.96,0.0,70.013,2.08,10.307,2.936,2.462,1.0,1.0,0.0,0.0,0.0,0.0,0.0,0.0,0.0,35.0,0.0
query_0066,R06410,0,0.1041,0.0,0.027,0.0,0.0,2.0,23.0,0.087,0.0882,0.0,0.0,0.0,0.9757,0.0,62.169,1.382,7.206,3.678,1.581,1.0,1.0,0.0,0.0,0.0,0.0,0.0,0.0,0.0,30.0,0.0
query_0066,R06860,0,0.1031,0.0,0.0263,0.0,0.0,1.0,6.0,0.1667,0.25,0.0,0.0,0.0,0.8229,0.0,138.574,3.641,6.902,11.87,2.991,1.0,0.0,0.0,0.0,1.0,0.0,0.0,0.0,0.0,40.0,0.0
query_0066,R02413,0,0.1029,0.0,0.0256,0.0,0.0,1.0,7.0,0.1429,0.0909,0.0,0.0,0.0,0.7168,0.0,191.613,3.626,40.279,1.272,1.283,1.0,1.0,0.0,0.0,0.0,0.0,0.0,0.0,0.0,35.0,0.0
query_0066,R04341,0,0.1025,0.0,0.025,0.0,0.0,2.0,11.0,0.1818,0.2778,0.0,0.0,0.0,0.7345,0.0,182.733,5.245,24.508,9.553,4.729,1.0,1.0,0.0,0.0,0.0,0.0,0.0,0.0,0.0,30.0,0.0
query_0067,R02680,1,0.3063,0.0,1.0,0.0,0.0,2.0,15.0,0.1333,0.1304,0.0,0.0,0.0,0.1263,0.0,236.848,5.053,40.381,6.399,3.417,1.0,1.0,0.0,0.0,0.0,0.0,0.0,0.0,0.0,35.0,0.0
query_0067,R02435,1,0.2147,0.0,0.3333,0.0,0.0,2.0,10.0,0.2,0.3333,0.0,0.0,1.0,0.1051,0.0,247.43,5.226,48.277,3.777,2.329,1.0,1.0,0.0,0.0,0.0,0.0,0.0,0.0,0.0,60.0,0.0
query_0067,R10946,1,0.19,0.0,0.2,0.0,0.0,2.0,8.0,0.25,0.2727,0.0,0.0,1.0,0.5634,0.0,18.293,0.57,4.314,0.089,0.754,1.0,1.0,0.0,0.0,0.0,0.0,0.0,0.0,0.0,10.0,0.0
query_0067,R05644,2,0.1894,0.7355,0.1429,0.0588,1.0,2.0,13.0,0.1538,0.3529,0.0,0.0,1.0,0.2938,0.0,153.122,4.344,20.189,7.452,3.377,1.0,1.0,0.0,0.0,0.0,0.0,0.0,0.0,0.0,35.0,0.0
query_0067,R08034,1,0.1845,0.0,0.1111,0.0,0.0,2.0,18.0,0.1111,0.3043,0.0,0.0,1.0,0.3806,0.0,109.71,2.173,10.707,7.343,2.403,1.0,1.0,0.0,0.0,0.0,0.0,0.0,0.0,0.0,60.0,0.0
query_0067,R04064,1,0.1821,0.0,0.1,0.0,0.0,2.0,16.0,0.125,0.2778,0.0,0.0,1.0,0.3491,0.0,125.463,2.878,25.764,1.532,2.115,1.0,1.0,0.0,0.0,0.0,0.0,0.0,0.0,0.0,40.0,0.0
query_0067,R04288,1,0.181,0.0,0.0909,0.0,0.0,2.0,13.0,0.1538,0.4,0.0,0.0,1.0,0.3072,0.0,146.395,9.501,4.787,10.197,0.696,1.0,1.0,0.0,0.0,0.0,0.0,0.0,0.0,0.0,50.0,0.0
query_0067,R08163,1,0.1805,0.0,0.0833,0.0,0.0,3.0,15.0,0.2,0.2174,0.0,0.0,1.0,0.5293,0.0,35.37,0.492,3.38,2.464,0.908,1.0,1.0,0.0,0.0,0.0,0.0,0.0,0.0,0.0,35.0,0.0
query_0067,R08342,1,0.1763,0.0,0.0667,0.0,0.0,2.0,21.0,0.0952,0.28,0.0,0.0,1.0,0.3293,0.0,135.339,7.092,19.473,4.689,4.713,1.0,1.0,0.0,0.0,0.0,0.0,0.0,0.0,0.0,80.0,0.0
query_0067,R00480,2,0.1761,0.7598,0.0625,1.0,1.0,3.0,16.0,0.1875,0.3333,0.0,0.0,1.0,0.4589,0.0,70.526,5.412,7.713,2.424,1.158,1.0,1.0,0.0,0.0,0.0,0.0,0.0,0.0,0.0,55.0,0.0
query_0067,R10544,1,0.1739,0.0,0.0556,0.0,0.0,1.0,13.0,0.0769,0.0952,0.0,0.0,0.0,0.3693,0.0,115.361,2.523,12.597,7.41,2.535,1.0,1.0,0.0,0.0,0.0,0.0,0.0,0.0,0.0,50.0,0.0
query_0067,R09487,1,0.1706,0.0,0.0526,0.0,0.0,1.0,18.0,0.0556,0.0385,0.0,0.0,1.0,0.1944,0.0,202.821,4.244,38.323,3.819,2.434,1.0,1.0,0.0,0.0,0.0,0.0,0.0,0.0,0.0,60.0,0.0
query_0067,R01107,1,0.1706,0.0,0.05,0.0,0.0,2.0,9.0,0.2222,0.2308,0.0,0.0,1.0,0.4765,0.0,61.742,1.09,7.3,3.666,1.573,1.0,1.0,0.0,0.0,0.0,0.0,0.0,0.0,0.0,15.0,0.0
query_0067,R02152,1,0.1704,0.0,0.0476,0.0,0.0,2.0,14.0,0.1429,0.1429,0.0,0.0,1.0,0.4865,0.0,56.754,2.407,12.069,0.654,2.938,1.0,1.0,0.0,0.0,0.0,0.0,0.0,0.0,0.0,35.0,0.0
query_0067,R09083,1,0.1698,0.0,0.0455,0.0,0.0,2.0,13.0,0.1538,0.1765,0.0,0.0,1.0,0.4623,0.0,68.843,1.827,8.537,3.706,1.84,1.0,1.0,0.0,0.0,0.0,0.0,0.0,0.0,0.0,45.0,0.0
query_0067,R05315,1,0.1688,0.0,0.0435,0.0,0.0,2.0,14.0,0.1429,0.1765,0.0,0.0,1.0,0.4056,0.0,97.22,2.358,19.988,1.14,1.228,1.0,1.0,0.0,0.0,0.0,0.0,0.0,0.0,0.0,35.0,0.0
query_0067,R07505,1,0.1673,0.0,0.0417,0.0,0.0,2.0,10.0,0.2,0.3077,0.0,0.0,1.0,0.5544,0.0,22.817,0.681,5.354,0.118,1.276,1.0,1.0,0.0,0.0,0.0,0.0,0.0,0.0,0.0,55.0,0.0
query_0067,R10327,1,0.1665,0.0,0.04,0.0,0.0,2.0,13.0,0.1538,0.25,0.0,0.0,1.0,0.4987,0.0,50.627,5.385,6.441,0.678,0.996,1.0,1.0,0.0,0.0,0.0,0.0,0.0,0.0,0.0,25.0,0.0
query_0067,R09382,1,0.1652,0.0,0.0385,0.0,0.0,2.0,12.0,0.1667,0.1667,0.0,0.0,1.0,0.4856,0.0,57.185,1.244,7.26,3.181,2.207,1.0,1.0,0.0,0.0,0.0,0.0,0.0,0.0,0.0,35.0,0.0
query_0067,R01816,1,0.1636,0.0,0.037,0.0,0.0,2.0,10.0,0.2,0.2143,0.0,0.0,1.0,0.2148,0.0,192.622,4.988,41.517,1.413,4.233,1.0,1.0,0.0,0.0,0.0,0.0,0.0,0.0,0.0,40.0,0.0
query_0067,R09294,1,0.1619,0.0,0.0357,0.0,0.0,2.0,15.0,0.1333,0.2857,0.0,0.0,1.0,0.5426,0.0,28.679,2.554,4.434,0.312,0.934,1.0,1.0,0.0,0.0,0.0,0.0,0.0,0.0,0.0,45.0,0.0
query_0067,R02373,1,0.1618,0.0,0.0345,0.0,0.0,2.0,15.0,0.1333,0.1667,0.0,0.0,1.0,0.222,0.0,188.981,9.195,30.668,4.431,7.363,1.0,1.0,0.0,0.0,0.0,0.0,0.0,0.0,0.0,40.0,0.0
query_0067,R08919,1,0.1615,0.0,0.0333,0.0,0.0,2.0,14.0,0.1429,0.2353,0.0,0.0,1.0,0.1782,0.0,210.914,14.755,42.691,2.198,13.881,1.0,1.0,0.0,0.0,0.0,0.0,0.0,0.0,0.0,50.0,0.0
query_0067,R09201,1,0.1595,0.0,0.0323,0.0,0.0,2.0,10.0,0.2,0.2,0.0,0.0,1.0,0.5033,0.0,48.327,1.424,8.136,1.714,1.694,1.0,1.0,0.0,0.0,0.0,0.0,0.0,0.0,0.0,40.0,0.0
query_0067,R01194,1,0.1591,0.0,0.0312,0.0,0.0,2.0,12.0,0.1667,0.1579,0.0,0.0,1.0,0.0604,0.0,330.186,7.329,72.655,1.085,3.806,1.0,1.0,0.0,0.0,0.0,0.0,0.0,0.0,0.0,65.0,0.0
query_0067,R01051,1,0.1589,0.0,0.0303,0.0,0.0,2.0,20.0,0.1,0.2593,0.0,0.0,1.0,0.4037,0.0,98.174,4.022,19.528,1.216,3.372,1.0,1.0,0.0,0.0,0.0,0.0,0.0,0.0,0.0,55.0,0.0
query_0067,R13036,1,0.1588,0.0,0.0294,0.0,0.0,2.0,14.0,0.1429,0.1875,0.0,0.0,1.0,0.5285,0.0,35.73,1.609,7.827,0.34,1.891,1.0,1.0,0.0,0.0,0.0,0.0,0.0,0.0,0.0,55.0,0.0
query_0067,R02478,2,0.1583,0.7431,0.0286,0.1429,1.0,3.0,12.0,0.25,0.2778,0.0,0.0,1.0,0.4903,0.0,54.829,1.577,9.249,1.853,2.132,1.0,1.0,0.0,0.0,0.0,0.0,0.0,0.0,0.0,45.0,0.0
query_0067,R09026,1,0.157,0.0,0.0263,0.0,0.0,2.0,12.0,0.1667,0.3125,0.0,0.0,1.0,0.4778,0.0,61.09,1.77,13.915,0.192,1.826,1.0,1.0,0.0,0.0,0.0,0.0,0.0,0.0,0.0,35.0,0.0
query_0067,R01207,1,0.1566,0.0,0.0256,0.0,0.0,2.0,13.0,0.1538,0.1667,0.0,0.0,1.0,0.222,0.0,188.976,7.644,29.622,5.694,5.681,1.0,1.0,0.0,0.0,0.0,0.0,0.0,0.0,0.0,70.0,0.0
query_0067,R07608,1,0.1557,0.0,0.025,0.0,0.0,3.0,20.0,0.15,0.2222,0.0,0.0,1.0,0.0537,0.0,326.865,13.998,27.14,19.934,5.957,1.0,1.0,0.0,0.0,0.0,0.0,0.0,0.0,0.0,13.0,0.0
query_0067,R05062,2,0.0,0.7577,0.0,0.5,0.0,2.0,14.0,0.1429,0.2857,0.0,0.0,0.0,0.3873,0.0,106.337,2.321,6.049,8.786,1.298,1.0,1.0,0.0,0.0,0.0,0.0,0.0,0.0,0.0,45.0,0.0
query_0067,R01706,2,0.0,0.7507,0.0,0.3333,0.0,3.0,9.0,0.3333,0.3846,0.0,0.0,1.0,0.4179,0.0,91.061,4.758,3.068,6.746,0.494,1.0,1.0,0.0,0.0,0.0,0.0,0.0,0.0,0.0,30.0,0.0
query_0067,R07063,2,0.0,0.7481,0.0,0.25,0.0,1.0,8.0,0.125,0.1,0.0,0.0,0.0,0.3693,0.0,115.351,1.391,28.532,0.127,0.185,1.0,1.0,0.0,0.0,0.0,0.0,0.0,0.0,0.0,5.0,0.0
query_0067,R12873,2,0.0,0.7461,0.0,0.2,0.0,2.0,9.0,0.2222,0.2308,0.0,0.0,1.0,0.455,0.0,72.524,0.354,2.804,6.909,0.637,1.0,1.0,0.0,0.0,0.0,0.0,0.0,0.0,0.0,35.0,0.0
query_0067,R01625,2,0.0,0.7445,0.0,0.1667,0.0,2.0,14.0,0.1429,0.2105,0.0,0.0,0.0,0.3673,0.0,116.33,2.078,11.047,7.932,2.274,1.0,1.0,0.0,0.0,0.0,0.0,0.0,0.0,0.0,55.0,0.0
query_0067,R07806,2,0.0,0.7418,0.0,0.125,0.0,1.0,13.0,0.0769,0.1176,0.0,0.0,0.0,0.429,0.0,85.493,4.069,10.842,3.07,1.342,1.0,1.0,0.0,0.0,0.0,0.0,0.0,0.0,0.0,70.0,0.0
query_0067,R07878,2,0.0,0.741,0.0,0.1,0.0,3.0,16.0,0.1875,0.32,0.0,0.0,1.0,0.202,0.0,401.002,5.184,48.146,21.196,2.119,1.0,1.0,0.0,0.0,0.0,0.0,0.0,0.0,0.0,15.0,0.0
query_0067,R03867,2,0.0,0.7408,0.0,0.0909,0.0,1.0,9.0,0.1111,0.1667,0.0,0.0,0.0,0.5753,0.0,12.358,0.531,2.866,0.108,0.752,1.0,1.0,0.0,0.0,0.0,0.0,0.0,0.0,0.0,20.0,0.0
query_0067,R03174,2,0.0,0.7395,0.0,0.0833,0.0,2.0,7.0,0.2857,0.3,0.0,0.0,0.0,0.4814,0.0,59.285,1.204,6.955,3.721,1.928,1.0,1.0,0.0,0.0,0.0,0.0,0.0,0.0,0.0,35.0,0.0
query_0068,R10919,2,0.3057,0.6936,1.0,0.0303,1.0,5.0,23.0,0.2174,0.2571,0.0,0.0,5.0,0.6888,0.0,355.6,3.78,22.631,30.073,5.628,1.0,0.0,0.0,0.0,0.0,0.0,0.0,0.0,0.0,55.0,0.0
query_0068,R02612,1,0.3047,0.0,0.5,0.0,0.0,5.0,15.0,0.3333,0.3333,0.0,0.0,4.0,1.2814,0.0,59.282,1.204,6.218,3.779,1.802,1.0,0.0,0.0,0.0,0.0,0.0,0.0,0.0,0.0,55.0,0.0
query_0068,R01657,2,0.2987,0.6977,0.3333,0.0476,1.0,5.0,17.0,0.2941,0.3462,0.0,0.0,5.0,1.1979,0.0,101.036,1.117,8.732,7.323,1.759,1.0,1.0,0.0,0.0,0.0,0.0,0.0,0.0,0.0,180.0,0.0
query_0068,R02622,2,0.2803,0.6971,0.25,0.0435,1.0,5.0,19.0,0.2632,0.35,0.0,0.0,4.0,1.2926,0.0,53.676,2.01,11.926,0.509,2.531,1.0,0.0,0.0,0.0,0.0,0.0,0.0,0.0,0.0,70.0,0.0
query_0068,R03682,1,0.2753,0.0,0.2,0.0,0.0,5.0,13.0,0.3846,0.3636,0.0,0.0,4.0,1.1932,0.0,103.382,0.622,4.274,9.714,1.053,1.0,1.0,0.0,0.0,0.0,0.0,0.0,0.0,0.0,30.0,0.0
query_0068,R02453,2,0.275,0.7351,0.1667,0.3333,1.0,3.0,8.0,0.375,0.4167,0.0,0.0,2.0,1.0841,0.0,157.945,3.035,17.842,9.409,3.034,1.0,0.0,0.0,0.0,0.0,0.0,0.0,0.0,0.0,60.0,0.0
query_0068,R04964,2,0.2654,0.7221,0.1429,0.1667,1.0,3.0,17.0,0.1765,0.16,0.0,0.0,2.0,1.1476,0.0,126.21,1.237,7.988,10.573,1.587,1.0,0.0,0.0,0.0,0.0,0.0,0.0,0.0,0.0,85.0,0.0
query_0068,R07742,1,0.2633,0.0,0.125,0.0,0.0,4.0,20.0,0.2,0.2727,0.0,0.0,4.0,1.1853,0.0,107.35,2.071,15.396,5.159,3.587,1.0,0.0,0.0,0.0,0.0,0.0,0.0,0.0,0.0,70.0,0.0
query_0068,R12253,1,0.2497,0.0,0.1111,0.0,0.0,5.0,15.0,0.3333,0.3478,0.0,0.0,5.0,1.258,0.0,70.996,2.472,12.748,2.039,2.508,1.0,0.0,0.0,0.0,0.0,0.0,0.0,0.0,0.0,60.0,0.0
query_0068,R10059,2,0.2489,0.7234,0.1,0.2,1.0,5.0,24.0,0.2083,0.2353,0.0,0.0,4.0,1.0066,0.0,196.718,3.346,16.735,14.739,5.054,1.0,0.0,0.0,0.0,0.0,0.0,0.0,0.0,0.0,80.0,0.0
query_0068,R02566,1,0.2423,0.0,0.0909,0.0,0.0,5.0,19.0,0.2632,0.28,0.0,0.0,4.0,1.2167,0.0,91.655,1.671,11.718,4.808,2.103,1.0,1.0,0.0,0.0,0.0,0.0,0.0,0.0,0.0,55.0,0.0
query_0068,R02888,1,0.237,0.0,0.0833,0.0,0.0,4.0,24.0,0.1667,0.2258,0.0,0.0,3.0,1.1318,0.0,134.105,2.768,15.569,8.128,4.494,1.0,0.0,0.0,0.0,0.0,0.0,0.0,0.0,0.0,70.0,0.0
query_0068,R01307,2,0.2318,0.7646,0.0769,0.5,1.0,5.0,16.0,0.3125,0.3478,0.0,0.0,4.0,1.0765,0.0,161.76,4.776,29.45,4.52,6.627,1.0,0.0,0.0,0.0,0.0,0.0,0.0,0.0,0.0,45.0,0.0
query_0068,R02993,2,0.2259,0.0,0.0714,0.0,0.0,5.0,12.0,0.4167,0.45,0.0,0.0,4.0,1.2934,0.0,53.287,0.364,2.926,4.677,0.707,1.0,0.0,0.0,0.0,0.0,0.0,0.0,0.0,0.0,30.0,0.0
query_0068,R02582,2,0.2229,0.7057,0.0667,0.0909,1.0,5.0,20.0,0.25,0.2812,0.0,0.0,5.0,0.7515,0.0,324.226,2.84,15.587,29.484,3.677,1.0,0.0,0.0,0.0,0.0,0.0,0.0,0.0,0.0,50.0,0.0
query_0068,R09841,1,0.2221,0.0,0.0625,0.0,0.0,3.0,21.0,0.1429,0.1111,0.0,0.0,1.0,1.2708,0.0,64.608,2.129,10.191,2.638,2.654,1.0,1.0,0.0,0.0,0.0,0.0,0.0,0.0,0.0,80.0,0.0
query_0068,R02204,1,0.2173,0.0,0.0588,0.0,0.0,5.0,20.0,0.25,0.2667,0.0,0.0,5.0,0.4998,0.0,450.111,8.323,85.972,7.592,2.56,1.0,0.0,0.0,0.0,0.0,0.0,0.0,0.0,0.0,95.0,0.0
query_0068,R07113,1,0.2165,0.0,0.0556,0.0,0.0,3.0,8.0,0.375,0.5,0.0,0.0,3.0,1.3588,0.0,20.591,1.218,2.763,0.676,0.618,1.0,1.0,0.0,0.0,0.0,0.0,0.0,0.0,0.0,15.0,0.0
query_0068,R01696,1,0.2143,0.0,0.0526,0.0,0.0,5.0,29.0,0.1724,0.2093,0.0,0.0,5.0,0.3247,0.0,537.659,10.482,97.032,12.367,4.976,1.0,0.0,0.0,0.0,0.0,0.0,0.0,0.0,0.0,85.0,0.0
query_0068,R00622,1,0.2131,0.0,0.05,0.0,0.0,5.0,22.0,0.2273,0.2571,0.0,0.0,5.0,1.1189,0.0,140.527,4.047,24.284,4.807,5.678,1.0,0.0,0.0,0.0,0.0,0.0,0.0,0.0,0.0,70.0,0.0
query_0068,R04056,1,0.2131,0.0,0.0476,0.0,0.0,3.0,12.0,0.25,0.2632,0.0,0.0,3.0,0.6997,0.0,350.159,8.328,23.878,28.315,6.449,1.0,1.0,0.0,0.0,0.0,0.0,0.0,0.0,0.0,40.0,0.0
query_0068,R02317,2,0.211,0.6937,0.0455,0.0312,1.0,3.0,18.0,0.1667,0.125,0.0,0.0,3.0,1.2913,0.0,54.334,0.829,4.329,4.204,1.044,1.0,0.0,0.0,0.0,0.0,0.0,0.0,0.0,0.0,60.0,0.0
query_0068,R05657,2,0.21,0.7258,0.0435,0.25,1.0,3.0,18.0,0.1667,0.1304,0.0,0.0,3.0,1.3105,0.0,44.748,1.4,9.668,0.533,1.503,1.0,1.0,0.0,0.0,0.0,0.0,0.0,0.0,0.0,70.0,0.0
query_0068,R01344,2,0.2074,0.697,0.0417,0.0417,1.0,4.0,19.0,0.2105,0.2083,0.0,0.0,4.0,1.2253,0.0,87.326,3.137,8.883,4.866,1.219,1.0,0.0,0.0,0.0,0.0,0.0,0.0,0.0,0.0,30.0,0.0
query_0068,R04274,1,0.2017,0.0,0.04,0.0,0.0,5.0,23.0,0.2174,0.2286,0.0,0.0,4.0,1.0291,0.0,185.447,2.318,9.435,16.36,2.036,1.0,0.0,0.0,0.0,0.0,0.0,0.0,0.0,0.0,30.0,0.0
query_0068,R08019,1,0.1961,0.0,0.0385,0.0,0.0,5.0,22.0,0.2273,0.2727,0.0,0.0,5.0,0.6287,0.0,385.635,2.946,20.223,34.127,4.339,1.0,0.0,0.0,0.0,0.0,0.0,0.0,0.0,0.0,70.0,0.0
query_0068,R11746,2,0.195,0.696,0.037,0.0385,1.0,3.0,13.0,0.2308,0.1667,0.0,0.0,3.0,1.2714,0.0,64.302,1.362,7.795,3.651,1.548,1.0,0.0,0.0,0.0,0.0,0.0,0.0,0.0,0.0,35.0,0.0
query_0068,R08891,1,0.1874,0.0,0.0357,0.0,0.0,3.0,15.0,0.2,0.1739,0.0,0.0,3.0,1.0998,0.0,150.115,3.196,16.379,9.197,3.76,1.0,0.0,0.0,0.0,0.0,0.0,0.0,0.0,0.0,40.0,0.0
query_0068,R10287,1,0.1852,0.0,0.0345,0.0,0.0,3.0,23.0,0.1304,0.1471,0.0,0.0,3.0,1.1852,0.0,107.382,2.443,13.346,6.131,3.086,1.0,1.0,0.0,0.0,0.0,0.0,0.0,0.0,0.0,80.0,0.0
query_0068,R03083,1,0.1841,0.0,0.0333,0.0,0.0,4.0,12.0,0.3333,0.4375,0.0,0.0,3.0,1.2748,0.0,62.595,0.364,2.573,5.864,0.468,1.0,1.0,0.0,0.0,0.0,0.0,0.0,0.0,0.0,25.0,0.0
query_0068,R06052,1,0.182,0.0,0.0323,0.0,0.0,3.0,10.0,0.3,0.3333,0.0,0.0,3.0,1.2122,0.0,93.924,1.067,7.505,7.058,1.446,1.0,0.0,0.0,0.0,0.0,0.0,0.0,0.0,0.0,25.0,0.0
query_0068,R01944,1,0.1816,0.0,0.0312,0.0,0.0,5.0,19.0,0.2632,0.3448,0.0,0.0,4.0,1.3131,0.0,43.443,1.347,9.372,0.617,2.192,1.0,0.0,0.0,0.0,0.0,0.0,0.0,0.0,0.0,50.0,0.0
query_0068,R12754,1,0.1791,0.0,0.0303,0.0,0.0,4.0,15.0,0.2667,0.25,0.0,0.0,3.0,1.3715,0.0,14.253,0.676,2.432,0.51,1.341,1.0,0.0,0.0,0.0,0.0,0.0,0.0,0.0,0.0,35.0,0.0
query_0068,R01934,1,0.1781,0.0,0.0294,0.0,0.0,3.0,13.0,0.2308,0.2,0.0,0.0,3.0,0.6695,0.0,365.25,19.905,52.505,9.582,10.555,1.0,1.0,0.0,0.0,0.0,0.0,0.0,0.0,0.0,40.0,0.0
query_0068,R06812,1,0.1781,0.0,0.0286,0.0,0.0,3.0,13.0,0.2308,0.1667,0.0,0.0,3.0,1.2712,0.0,64.421,1.331,7.609,3.734,1.474,1.0,0.0,0.0,0.0,0.0,0.0,0.0,0.0,0.0,35.0,0.0
query_0068,R00182,1,0.1748,0.0,0.0278,0.0,0.0,4.0,19.0,0.2105,0.2667,0.0,0.0,3.0,0.6528,0.0,373.609,8.891,75.825,4.197,5.617,1.0,1.0,0.0,0.0,0.0,0.0,0.0,0.0,0.0,25.0,0.0
query_0068,R00864,1,0.1743,0.0,0.027,0.0,0.0,5.0,26.0,0.1923,0.2105,0.0,0.0,5.0,1.0663,0.0,166.841,6.114,11.649,11.045,1.809,1.0,0.0,0.0,0.0,0.0,0.0,0.0,0.0,0.0,35.0,0.0
query_0068,R00531,1,0.17,0.0,0.0263,0.0,0.0,5.0,24.0,0.2083,0.2903,0.0,0.0,5.0,1.2575,0.0,71.257,0.349,2.192,7.153,0.875,1.0,0.0,0.0,0.0,0.0,0.0,0.0,0.0,0.0,135.0,0.0
query_0068,R02136,2,0.1665,0.7678,0.0256,1.0,1.0,5.0,25.0,0.2,0.2727,0.0,0.0,5.0,1.0312,0.0,184.42,2.29,14.937,13.815,2.983,1.0,0.0,0.0,0.0,0.0,0.0,0.0,0.0,0.0,60.0,0.0
query_0068,R06682,1,0.1639,0.0,0.025,0.0,0.0,3.0,20.0,0.15,0.2083,0.0,0.0,3.0,1.1068,0.0,146.624,7.364,9.996,9.041,0.827,1.0,1.0,0.0,0.0,0.0,0.0,0.0,0.0,0.0,545.0,0.0
query_0069,R07056,2,0.3175,0.0,1.0,0.0,0.0,3.0,4.0,0.75,0.8,0.0,0.0,2.0,0.06,0.0,319.989,4.9,52.727,9.281,0.782,1.0,1.0,0.0,0.0,0.0,0.0,0.0,0.0,0.0,30.0,0.0
query_0069,R01474,3,0.2903,0.7852,0.5,1.0,1.0,3.0,4.0,0.75,0.8,0.0,0.0,2.0,0.06,0.0,319.989,4.9,52.727,9.281,0.782,1.0,1.0,0.0,0.0,0.0,0.0,0.0,0.0,0.0,30.0,0.0
query_0069,R02619,1,0.196,0.0,0.25,0.0,0.0,1.0,6.0,0.1667,0.125,0.0,0.0,1.0,0.208,0.0,245.987,7.934,8.084,21.929,4.689,1.0,1.0,0.0,0.0,0.0,0.0,0.0,0.0,0.0,30.0,0.0
query_0069,R09448,1,0.1744,0.0,0.1667,0.0,0.0,2.0,10.0,0.2,0.2857,0.0,0.0,1.0,0.4304,0.0,134.824,2.048,32.834,1.335,3.83,1.0,1.0,0.0,0.0,0.0,0.0,0.0,0.0,0.0,20.0,0.0
query_0069,R00345,1,0.1717,0.0,0.1429,0.0,0.0,2.0,8.0,0.25,0.3333,0.0,0.0,1.0,0.127,0.0,286.491,4.061,53.608,5.665,1.625,1.0,1.0,0.0,0.0,0.0,0.0,0.0,0.0,0.0,70.0,0.0
query_0069,R01194,2,0.1691,0.7213,0.125,0.0769,1.0,3.0,12.0,0.25,0.2632,0.0,0.0,2.0,0.0396,0.0,330.186,7.329,72.655,1.085,3.806,1.0,1.0,0.0,0.0,0.0,0.0,0.0,0.0,0.0,65.0,0.0
query_0069,R00939,1,0.1645,0.0,0.1111,0.0,0.0,1.0,11.0,0.0909,0.0667,0.0,0.0,1.0,0.3256,0.0,187.2,9.378,20.711,8.069,0.832,1.0,1.0,0.0,0.0,0.0,0.0,0.0,0.0,0.0,45.0,0.0
query_0069,R01852,1,0.151,0.0,0.0909,0.0,0.0,1.0,7.0,0.1429,0.25,0.0,0.0,0.0,0.0,0.0,0.0,0.0,0.0,0.0,0.0,1.0,1.0,0.0,0.0,0.0,0.0,0.0,0.0,0.0,10.0,0.0
query_0069,R03140,1,0.1509,0.0,0.0833,0.0,0.0,2.0,11.0,0.1818,0.2105,0.0,0.0,1.0,0.6364,0.0,31.816,0.814,4.392,1.468,0.759,1.0,1.0,0.0,0.0,0.0,0.0,0.0,0.0,0.0,25.0,0.0
query_0069,R01023,1,0.1505,0.0,0.0769,0.0,0.0,1.0,12.0,0.0833,0.0667,0.0,0.0,0.0,0.5936,0.0,53.209,1.103,6.306,3.071,1.266,1.0,1.0,0.0,0.0,0.0,0.0,0.0,0.0,0.0,40.0,0.0
query_0069,R00314,1,0.1498,0.0,0.0714,0.0,0.0,2.0,9.0,0.2222,0.2667,0.0,0.0,1.0,0.3397,0.0,180.125,3.587,39.322,1.056,2.524,1.0,1.0,0.0,0.0,0.0,0.0,0.0,0.0,0.0,175.0,0.0
query_0069,R03474,0,0.1484,0.0,0.0667,0.0,0.0,1.0,13.0,0.0769,0.0667,0.0,0.0,0.0,0.5934,0.0,53.277,0.608,2.162,5.006,1.11,1.0,1.0,0.0,0.0,0.0,0.0,0.0,0.0,0.0,35.0,0.0
query_0069,R07116,0,0.1477,0.0,0.0625,0.0,0.0,1.0,22.0,0.0455,0.1034,0.0,0.0,1.0,0.5416,0.0,79.187,1.823,10.898,3.913,2.201,1.0,1.0,0.0,0.0,0.0,0.0,0.0,0.0,0.0,30.0,0.0
query_0069,R03015,0,0.1434,0.0,0.0588,0.0,0.0,2.0,16.0,0.125,0.0833,0.0,0.0,1.0,0.6017,0.0,49.161,2.036,10.876,0.376,2.445,1.0,1.0,0.0,0.0,0.0,0.0,0.0,0.0,0.0,35.0,0.0
query_0069,R00114,0,0.1432,0.0,0.0556,0.0,0.0,1.0,13.0,0.0769,0.0625,0.0,0.0,0.0,0.5155,0.0,92.27,1.028,4.434,8.445,2.18,1.0,1.0,0.0,0.0,0.0,0.0,0.0,0.0,0.0,380.0,0.0
query_0069,R02406,0,0.1402,0.0,0.0526,0.0,0.0,1.0,12.0,0.0833,0.0667,0.0,0.0,0.0,0.3941,0.0,152.957,6.83,19.576,5.86,5.397,1.0,1.0,0.0,0.0,0.0,0.0,0.0,0.0,0.0,45.0,0.0
query_0069,R02393,0,0.1392,0.0,0.05,0.0,0.0,2.0,15.0,0.1333,0.1818,0.0,0.0,1.0,0.2488,0.0,225.578,4.081,42.815,3.935,1.458,1.0,1.0,0.0,0.0,0.0,0.0,0.0,0.0,0.0,50.0,0.0
query_0069,R04684,0,0.1378,0.0,0.0476,0.0,0.0,3.0,17.0,0.1765,0.1818,0.0,0.0,1.0,0.4563,0.0,121.874,1.764,15.602,6.944,2.627,1.0,1.0,0.0,0.0,0.0,0.0,0.0,0.0,0.0,45.0,0.0
query_0069,R05615,0,0.1271,0.0,0.0417,0.0,0.0,1.0,19.0,0.0526,0.0417,0.0,0.0,0.0,0.0205,0.0,339.762,6.192,47.14,15.933,7.492,1.0,1.0,0.0,0.0,0.0,0.0,0.0,0.0,0.0,40.0,0.0
query_0069,R03670,1,0.1243,0.0,0.04,0.0,0.0,3.0,15.0,0.2,0.2174,0.0,0.0,2.0,0.1496,0.0,275.178,5.466,54.657,4.15,2.425,1.0,1.0,0.0,0.0,0.0,0.0,0.0,0.0,0.0,75.0,0.0
query_0069,R01038,0,0.1241,0.0,0.0385,0.0,0.0,2.0,12.0,0.1667,0.1538,0.0,0.0,1.0,0.696,0.0,2.006,0.043,0.433,0.014,0.03,1.0,1.0,0.0,0.0,0.0,0.0,0.0,0.0,0.0,100.0,0.0
query_0069,R06779,0,0.1198,0.0,0.037,0.0,0.0,2.0,20.0,0.1,0.1471,0.0,0.0,1.0,0.2858,0.0,207.109,7.794,45.924,1.497,7.298,1.0,1.0,0.0,0.0,0.0,0.0,0.0,0.0,0.0,45.0,0.0
query_0069,R10231,0,0.1166,0.0,0.0357,0.0,0.0,1.0,16.0,0.0625,0.0455,0.0,0.0,0.0,0.1839,0.0,258.075,16.971,46.479,5.115,18.056,1.0,1.0,0.0,0.0,0.0,0.0,0.0,0.0,0.0,45.0,0.0
query_0069,R04034,0,0.1045,0.0,0.0333,0.0,0.0,1.0,14.0,0.0714,0.0526,0.0,0.0,0.0,0.2703,0.0,214.845,8.338,12.95,15.636,3.591,1.0,1.0,0.0,0.0,0.0,0.0,0.0,0.0,0.0,100.0,0.0
query_0069,R08021,0,0.0905,0.0,0.0323,0.0,0.0,1.0,24.0,0.0417,0.037,0.0,0.0,0.0,0.1149,0.0,292.574,11.302,3.421,26.215,0.431,1.0,1.0,0.0,0.0,0.0,0.0,0.0,0.0,0.0,55.0,0.0
query_0069,R03097,1,0.0831,0.0,0.0312,0.0,0.0,2.0,6.0,0.3333,0.25,0.0,0.0,1.0,0.6939,0.0,3.049,0.217,0.551,0.06,0.232,1.0,1.0,0.0,0.0,0.0,0.0,0.0,0.0,0.0,390.0,0.0
query_0069,R02357,2,0.0733,0.7072,0.0278,0.0256,1.0,2.0,7.0,0.2857,0.1818,0.0,0.0,1.0,0.1459,0.0,277.036,0.165,23.23,20.829,0.025,1.0,1.0,0.0,0.0,0.0,0.0,0.0,0.0,0.0,30.0,0.0
query_0069,R08839,1,0.0703,0.0,0.027,0.0,0.0,1.0,4.0,0.25,0.2,0.0,0.0,0.0,0.311,0.0,194.5,8.445,33.135,3.45,5.3,1.0,1.0,0.0,0.0,0.0,0.0,0.0,0.0,0.0,40.0,0.0
query_0069,R09467,0,0.0691,0.0,0.0263,0.0,0.0,1.0,8.0,0.125,0.2308,0.0,0.0,1.0,0.6943,0.0,2.874,0.137,0.448,0.154,0.259,1.0,1.0,0.0,0.0,0.0,0.0,0.0,0.0,0.0,10.0,0.0
query_0069,R03130,2,0.0684,0.7252,0.0256,0.0909,1.0,1.0,9.0,0.1111,0.0909,0.0,0.0,0.0,0.6809,0.0,9.53,0.106,0.404,0.872,0.052,1.0,1.0,0.0,0.0,0.0,0.0,0.0,0.0,0.0,40.0,0.0
query_0069,R05612,1,0.0674,0.0,0.025,0.0,0.0,2.0,9.0,0.2222,0.2308,0.0,0.0,2.0,0.569,0.0,65.485,1.004,13.447,0.703,0.429,1.0,1.0,0.0,0.0,0.0,0.0,0.0,0.0,0.0,70.0,0.0
query_0069,R07110,2,0.0,0.7444,0.0,0.5,0.0,3.0,14.0,0.2143,0.2222,0.0,0.0,2.0,0.2296,0.0,464.783,6.208,63.31,20.222,1.318,1.0,1.0,0.0,0.0,0.0,0.0,0.0,0.0,0.0,20.0,0.0
query_0069,R11111,2,0.0,0.7285,0.0,0.1667,0.0,2.0,26.0,0.0769,0.0857,0.0,0.0,1.0,0.5439,0.0,78.049,2.828,11.431,3.614,3.729,1.0,1.0,0.0,0.0,0.0,0.0,0.0,0.0,0.0,80.0,0.0
query_0069,R01380,2,0.0,0.7277,0.0,0.1429,0.0,1.0,9.0,0.1111,0.1429,0.0,0.0,0.0,0.3467,0.0,176.638,3.96,33.163,3.743,3.571,1.0,1.0,0.0,0.0,0.0,0.0,0.0,0.0,0.0,70.0,0.0
query_0069,R00185,2,0.0,0.7276,0.0,0.125,0.0,1.0,17.0,0.0588,0.0741,0.0,0.0,0.0,0.5473,0.0,76.342,1.339,5.192,6.181,2.032,1.0,1.0,0.0,0.0,0.0,0.0,0.0,0.0,0.0,60.0,0.0
query_0069,R02373,2,0.0,0.7197,0.0,0.0714,0.0,1.0,15.0,0.0667,0.1667,0.0,0.0,1.0,0.322,0.0,188.981,9.195,30.668,4.431,7.363,1.0,1.0,0.0,0.0,0.0,0.0,0.0,0.0,0.0,40.0,0.0
query_0069,R00717,2,0.0,0.7192,0.0,0.0667,0.0,1.0,11.0,0.0909,0.1765,0.0,0.0,0.0,0.1202,0.0,289.911,12.188,38.126,11.367,7.705,1.0,1.0,0.0,0.0,0.0,0.0,0.0,0.0,0.0,40.0,0.0
query_0069,R12269,2,0.0,0.7179,0.0,0.0625,0.0,0.0,10.0,0.0,0.0,0.0,0.0,0.0,0.5978,0.0,51.077,1.134,4.322,3.734,1.123,1.0,1.0,0.0,0.0,0.0,0.0,0.0,0.0,0.0,45.0,0.0
query_0069,R00134,2,0.0,0.7159,0.0,0.0588,0.0,2.0,17.0,0.1176,0.1667,0.0,0.0,1.0,0.4976,0.0,101.21,2.723,8.794,6.982,2.668,1.0,1.0,0.0,0.0,0.0,0.0,0.0,0.0,0.0,50.0,0.0
query_0069,R06005,2,0.0,0.7135,0.0,0.05,0.0,1.0,15.0,0.0667,0.0952,0.0,0.0,0.0,0.6486,0.0,25.675,0.475,5.435,0.524,0.369,1.0,1.0,0.0,0.0,0.0,0.0,0.0,0.0,0.0,20.0,0.0
query_0071,R02896,1,0.1929,0.0,1.0,0.0,0.0,0.0,4.0,0.0,0.0,0.0,0.0,0.0,0.0,0.9893,11.157,0.214,2.375,0.119,0.226,1.0,1.0,0.0,0.0,0.0,0.0,0.0,0.0,0.0,30.0,0.0
query_0071,R05368,1,0.1867,0.0,0.5,0.0,0.0,0.0,1.0,0.0,0.0,0.0,0.0,0.0,0.0,0.0,0.0,0.0,0.0,0.0,0.0,1.0,1.0,0.0,0.0,0.0,0.0,0.0,0.0,0.0,850.0,0.0
query_0071,R00011,1,0.1851,0.0,0.3333,0.0,0.0,0.0,10.0,0.0,0.0,0.0,0.0,0.0,0.0,0.9198,48.268,1.603,8.262,1.589,2.272,1.0,1.0,0.0,0.0,0.0,0.0,0.0,0.0,0.0,120.0,0.0
query_0071,R04095,1,0.1702,0.0,0.25,0.0,0.0,0.0,9.0,0.0,0.0,0.0,0.0,0.0,0.0,0.7069,235.561,5.862,18.404,15.998,2.846,1.0,1.0,0.0,0.0,0.0,0.0,0.0,0.0,0.0,50.0,0.0
query_0071,R06125,1,0.1588,0.0,0.2,0.0,0.0,0.0,4.0,0.0,0.0,0.0,0.0,0.0,0.0,0.7317,274.695,5.366,60.17,0.497,0.73,1.0,1.0,0.0,0.0,0.0,0.0,0.0,0.0,0.0,20.0,0.0
query_0071,R05975,1,0.155,0.0,0.1667,0.0,0.0,0.0,8.0,0.0,0.0,0.0,0.0,0.0,0.0,0.7038,126.059,5.923,11.499,7.231,2.822,1.0,1.0,0.0,0.0,0.0,0.0,0.0,0.0,0.0,30.0,0.0
query_0071,R01552,1,0.1546,0.0,0.1429,0.0,0.0,0.0,2.0,0.0,0.0,0.0,0.0,0.0,0.0,0.9743,7.339,0.513,0.699,0.285,0.001,1.0,1.0,0.0,0.0,0.0,0.0,0.0,0.0,0.0,70.0,0.0
query_0071,R06193,1,0.1524,0.0,0.125,0.0,0.0,0.0,5.0,0.0,0.0,0.0,0.0,0.0,0.0,0.993,14.962,0.141,0.644,1.415,0.38,1.0,1.0,0.0,0.0,0.0,0.0,0.0,0.0,0.0,45.0,0.0
query_0071,R03453,0,0.1483,0.0,0.1111,0.0,0.0,0.0,6.0,0.0,0.0,0.0,0.0,0.0,0.0,0.6165,162.425,7.669,19.253,6.552,0.75,1.0,1.0,0.0,0.0,0.0,0.0,0.0,0.0,0.0,25.0,0.0
query_0071,R06129,2,0.1471,0.7633,0.1,0.1111,1.0,0.0,6.0,0.0,0.0,0.0,0.0,0.0,0.0,0.9069,114.568,1.863,25.083,0.445,0.751,1.0,1.0,0.0,0.0,0.0,0.0,0.0,0.0,0.0,30.0,0.0
query_0071,R03543,2,0.1425,0.7813,0.0909,0.3333,1.0,0.0,9.0,0.0,0.0,0.0,0.0,0.0,0.0,0.693,138.018,6.14,23.803,2.382,2.979,1.0,1.0,0.0,0.0,0.0,0.0,0.0,0.0,0.0,35.0,0.0
query_0071,R07167,0,0.1424,0.0,0.0833,0.0,0.0,0.0,4.0,0.0,0.0,0.0,0.0,0.0,0.0,0.9979,0.614,0.042,0.111,0.002,0.029,1.0,1.0,0.0,0.0,0.0,0.0,0.0,0.0,0.0,480.0,0.0
query_0071,R11445,2,0.1411,0.8109,0.0769,1.0,1.0,0.0,9.0,0.0,0.0,0.0,0.0,0.0,0.0,0.8874,29.818,2.251,2.378,1.714,1.403,1.0,1.0,0.0,0.0,0.0,0.0,0.0,0.0,0.0,60.0,0.0
query_0071,R07849,0,0.1398,0.0,0.0714,0.0,0.0,0.0,7.0,0.0,0.0,0.0,0.0,0.0,0.0,0.5446,459.57,9.108,94.937,3.664,1.763,1.0,1.0,0.0,0.0,0.0,0.0,0.0,0.0,0.0,55.0,0.0
query_0071,R04197,0,0.1391,0.0,0.0667,0.0,0.0,0.0,6.0,0.0,0.0,0.0,0.0,0.0,0.0,0.9527,20.0,0.946,4.702,0.109,0.725,1.0,1.0,0.0,0.0,0.0,0.0,0.0,0.0,0.0,25.0,0.0
query_0071,R09605,2,0.1364,0.7767,0.0625,0.25,1.0,0.0,7.0,0.0,0.0,0.0,0.0,0.0,0.0,0.9892,3.049,0.217,0.551,0.06,0.232,1.0,1.0,0.0,0.0,0.0,0.0,0.0,0.0,0.0,500.0,0.0
query_0071,R00565,0,0.1362,0.0,0.0588,0.0,0.0,0.0,7.0,0.0,0.0,0.0,0.0,0.0,0.0,0.5634,247.998,8.733,12.592,18.672,0.555,1.0,1.0,0.0,0.0,0.0,0.0,0.0,0.0,0.0,65.0,0.0
query_0071,R01418,2,0.1358,0.7725,0.0556,0.1429,1.0,0.0,6.0,0.0,0.0,0.0,0.0,0.0,0.0,0.9999,0.012,0.001,0.002,0.0,0.001,1.0,1.0,0.0,0.0,0.0,0.0,0.0,0.0,0.0,480.0,0.0
query_0071,R02538,0,0.1335,0.0,0.0526,0.0,0.0,0.0,6.0,0.0,0.0,0.0,0.0,0.0,0.0,0.9507,33.172,0.987,7.766,0.14,1.593,1.0,1.0,0.0,0.0,0.0,0.0,0.0,0.0,0.0,50.0,0.0
query_0071,R06865,2,0.1335,0.7349,0.05,0.0476,1.0,0.0,10.0,0.0,0.0,0.0,0.0,0.0,0.0,0.9384,65.537,1.231,8.028,3.638,1.507,1.0,1.0,0.0,0.0,0.0,0.0,0.0,0.0,0.0,50.0,0.0
query_0071,R01939,2,0.1332,0.7761,0.0476,0.2,1.0,0.0,8.0,0.0,0.0,0.0,0.0,0.0,0.0,0.9964,1.016,0.072,0.184,0.02,0.077,1.0,1.0,0.0,0.0,0.0,0.0,0.0,0.0,0.0,405.0,0.0
query_0071,R09271,0,0.133,0.0,0.0455,0.0,0.0,0.0,6.0,0.0,0.0,0.0,0.0,0.0,0.0,0.3368,192.791,13.264,34.792,0.689,9.145,1.0,1.0,0.0,0.0,0.0,0.0,0.0,0.0,0.0,415.0,0.0
query_0071,R02895,0,0.1326,0.0,0.0435,0.0,0.0,0.0,9.0,0.0,0.0,0.0,0.0,0.0,0.0,0.6842,253.083,6.315,5.772,23.929,2.555,1.0,1.0,0.0,0.0,0.0,0.0,0.0,0.0,0.0,15.0,0.0
query_0071,R04096,0,0.1321,0.0,0.0417,0.0,0.0,0.0,12.0,0.0,0.0,0.0,0.0,0.0,0.0,0.9859,7.54,0.282,1.393,0.36,0.867,1.0,1.0,0.0,0.0,0.0,0.0,0.0,0.0,0.0,10.0,0.0
query_0071,R03296,0,0.1315,0.0,0.04,0.0,0.0,0.0,11.0,0.0,0.0,0.0,0.0,0.0,0.0,0.937,62.343,1.259,6.856,3.873,1.915,1.0,1.0,0.0,0.0,0.0,0.0,0.0,0.0,0.0,50.0,0.0
query_0071,R04604,0,0.1313,0.0,0.0385,0.0,0.0,0.0,7.0,0.0,0.0,0.0,0.0,0.0,0.0,0.9907,4.87,0.186,0.707,0.187,0.227,1.0,1.0,0.0,0.0,0.0,0.0,0.0,0.0,0.0,35.0,0.0
query_0071,R04195,2,0.1304,0.7871,0.037,0.5,1.0,0.0,10.0,0.0,0.0,0.0,0.0,0.0,0.0,0.7479,226.439,5.043,17.127,16.198,3.385,1.0,1.0,0.0,0.0,0.0,0.0,0.0,0.0,0.0,75.0,0.0
query_0071,R02358,0,0.1303,0.0,0.0357,0.0,0.0,0.0,5.0,0.0,0.0,0.0,0.0,0.0,0.0,0.9783,6.098,0.434,1.102,0.121,0.465,1.0,1.0,0.0,0.0,0.0,0.0,0.0,0.0,0.0,500.0,0.0
query_0071,R00134,0,0.1302,0.0,0.0345,0.0,0.0,0.0,17.0,0.0,0.0,0.0,0.0,0.0,0.0,0.8639,101.21,2.723,8.794,6.982,2.668,1.0,1.0,0.0,0.0,0.0,0.0,0.0,0.0,0.0,50.0,0.0
query_0071,R01886,0,0.1299,0.0,0.0333,0.0,0.0,0.0,9.0,0.0,0.0,0.0,0.0,0.0,0.0,0.9576,32.191,0.848,4.934,1.343,0.861,1.0,1.0,0.0,0.0,0.0,0.0,0.0,0.0,0.0,50.0,0.0
query_0071,R09491,0,0.1277,0.0,0.0323,0.0,0.0,0.0,9.0,0.0,0.0,0.0,0.0,0.0,0.0,0.5706,141.981,8.589,11.642,6.91,0.143,1.0,1.0,0.0,0.0,0.0,0.0,0.0,0.0,0.0,20.0,0.0
query_0071,R00069,0,0.1265,0.0,0.0312,0.0,0.0,0.0,10.0,0.0,0.0,0.0,0.0,0.0,0.0,0.9516,59.688,0.968,4.057,4.961,1.244,1.0,1.0,0.0,0.0,0.0,0.0,0.0,0.0,0.0,35.0,0.0
query_0071,R02619,0,0.1264,0.0,0.0303,0.0,0.0,0.0,6.0,0.0,0.0,0.0,0.0,0.0,0.0,0.6033,245.987,7.934,8.084,21.929,4.689,1.0,1.0,0.0,0.0,0.0,0.0,0.0,0.0,0.0,30.0,0.0
query_0071,R00422,0,0.1253,0.0,0.0294,0.0,0.0,0.0,7.0,0.0,0.0,0.0,0.0,0.0,0.0,0.6408,336.674,7.185,73.37,0.722,1.502,1.0,1.0,0.0,0.0,0.0,0.0,0.0,0.0,0.0,55.0,0.0
query_0071,R02189,0,0.1235,0.0,0.0286,0.0,0.0,0.0,10.0,0.0,0.0,0.0,0.0,0.0,0.0,0.8841,59.035,2.317,13.587,0.333,2.74,1.0,1.0,0.0,0.0,0.0,0.0,0.0,0.0,0.0,20.0,0.0
query_0071,R12468,0,0.1231,0.0,0.0278,0.0,0.0,0.0,8.0,0.0,0.0,0.0,0.0,0.0,0.0,0.3543,351.956,12.915,67.138,3.015,4.327,1.0,1.0,0.0,0.0,0.0,0.0,0.0,0.0,0.0,50.0,0.0
query_0071,R01621,0,0.1225,0.0,0.027,0.0,0.0,0.0,8.0,0.0,0.0,0.0,0.0,0.0,0.0,0.7619,77.593,4.763,14.331,0.466,3.631,1.0,1.0,0.0,0.0,0.0,0.0,0.0,0.0,0.0,45.0,0.0
query_0071,R03405,0,0.1215,0.0,0.0263,0.0,0.0,0.0,10.0,0.0,0.0,0.0,0.0,0.0,0.0,0.9566,30.564,0.868,3.408,1.819,0.575,1.0,1.0,0.0,0.0,0.0,0.0,0.0,0.0,0.0,40.0,0.0
query_0071,R06372,0,0.121,0.0,0.0256,0.0,0.0,0.0,4.0,0.0,0.0,0.0,0.0,0.0,0.0,0.0,0.0,0.0,0.0,0.0,0.0,1.0,1.0,0.0,0.0,0.0,0.0,0.0,0.0,0.0,480.0,0.0
query_0071,R01542,0,0.121,0.0,0.025,0.0,0.0,0.0,6.0,0.0,0.0,0.0,0.0,0.0,0.0,0.9841,8.41,0.319,2.703,0.087,0.812,1.0,1.0,0.0,0.0,0.0,0.0,0.0,0.0,0.0,10.0,0.0
query_0073,R00483,0,0.1474,0.0,1.0,0.0,0.0,0.0,11.0,0.0,0.0,0.0,0.0,0.0,0.0,0.0,78.122,2.824,7.845,4.224,0.824,1.0,0.0,0.0,0.0,0.0,0.0,0.0,0.0,0.0,25.0,0.0
query_0073,R07595,0,0.1393,0.0,0.5,0.0,0.0,0.0,9.0,0.0,0.0,0.0,0.0,0.0,0.0,0.0,223.469,22.194,5.268,12.425,1.218,1.0,1.0,0.0,0.0,0.0,0.0,0.0,0.0,0.0,25.0,0.0
query_0073,R00434,2,0.1357,0.7323,0.3333,0.0714,1.0,0.0,14.0,0.0,0.0,0.0,0.0,0.0,0.0,0.0,90.109,1.766,7.254,6.95,1.7,1.0,0.0,0.0,0.0,0.0,0.0,0.0,0.0,0.0,55.0,0.0
query_0073,R10735,0,0.1246,0.0,0.25,0.0,0.0,0.0,17.0,0.0,0.0,0.0,0.0,0.0,0.0,0.0,115.177,2.216,13.426,6.883,3.569,1.0,1.0,0.0,0.0,0.0,1.0,0.0,0.0,0.0,50.0,0.0
query_0073,R04950,0,0.1217,0.0,0.2,0.0,0.0,0.0,15.0,0.0,0.0,0.0,0.0,0.0,0.0,0.0,287.716,21.695,6.077,19.733,0.715,1.0,0.0,0.0,0.0,0.0,0.0,0.0,0.0,0.0,40.0,0.0
query_0073,R01864,2,0.1199,0.7949,0.1667,1.0,1.0,0.0,10.0,0.0,0.0,0.0,0.0,0.0,0.0,0.0,254.211,28.154,4.006,13.52,0.31,1.0,0.0,0.0,0.0,0.0,1.0,0.0,0.0,0.0,42.0,0.0
query_0073,R05096,2,0.1155,0.7914,0.1429,0.5,1.0,0.0,10.0,0.0,0.0,0.0,0.0,0.0,0.0,0.0,253.36,28.154,4.006,13.427,0.31,1.0,0.0,0.0,0.0,0.0,1.0,0.0,0.0,0.0,42.0,0.0
query_0073,R09586,0,0.1133,0.0,0.125,0.0,0.0,0.0,16.0,0.0,0.0,0.0,0.0,0.0,0.0,0.0,73.399,1.745,8.551,4.266,1.99,1.0,1.0,0.0,0.0,0.0,0.0,0.0,0.0,0.0,70.0,0.0
query_0073,R09796,0,0.1129,0.0,0.1111,0.0,0.0,0.0,12.0,0.0,0.0,0.0,0.0,0.0,0.0,0.0,24.691,0.957,6.126,0.127,1.27,1.0,0.0,0.0,0.0,0.0,0.0,0.0,0.0,0.0,30.0,0.0
query_0073,R08742,2,0.1039,0.7196,0.1,0.0417,1.0,0.0,21.0,0.0,0.0,0.0,0.0,0.0,0.0,0.0,471.332,38.693,10.555,31.411,2.615,1.0,0.0,0.0,0.0,0.0,0.0,0.0,0.0,0.0,60.0,0.0
query_0073,R09848,2,0.1038,0.7349,0.0909,0.0769,1.0,0.0,19.0,0.0,0.0,0.0,0.0,0.0,0.0,0.0,172.273,20.114,13.349,4.742,2.93,1.0,0.0,0.0,0.0,0.0,1.0,0.0,0.0,0.0,70.0,0.0
query_0073,R01147,0,0.1035,0.0,0.0833,0.0,0.0,0.0,14.0,0.0,0.0,0.0,0.0,0.0,0.0,0.0,71.508,1.595,8.445,4.32,2.113,1.0,0.0,0.0,0.0,0.0,0.0,0.0,0.0,0.0,30.0,0.0
query_0073,R00884,0,0.1013,0.0,0.0769,0.0,0.0,0.0,14.0,0.0,0.0,0.0,0.0,0.0,0.0,0.0,307.853,6.004,47.531,10.179,3.632,1.0,1.0,0.0,0.0,0.0,0.0,0.0,0.0,0.0,50.0,0.0
query_0073,R09438,0,0.1008,0.0,0.0714,0.0,0.0,0.0,6.0,0.0,0.0,0.0,0.0,0.0,0.0,0.0,58.573,2.785,13.156,0.504,2.454,1.0,1.0,0.0,0.0,0.0,0.0,0.0,0.0,0.0,50.0,0.0
query_0073,R13243,2,0.1007,0.7499,0.0667,0.1667,1.0,0.0,15.0,0.0,0.0,0.0,0.0,0.0,0.0,0.0,194.961,24.385,17.855,3.677,3.467,1.0,0.0,0.0,0.0,0.0,0.0,0.0,0.0,0.0,70.0,0.0
query_0073,R06991,2,0.1006,0.7641,0.0625,0.25,1.0,0.0,19.0,0.0,0.0,0.0,0.0,0.0,0.0,0.0,118.691,2.321,8.193,9.392,1.972,1.0,1.0,0.0,0.0,0.0,1.0,0.0,0.0,0.0,45.0,0.0
query_0073,R00128,2,0.0984,0.7531,0.0588,0.2,1.0,0.0,13.0,0.0,0.0,0.0,0.0,0.0,0.0,0.0,37.425,1.04,5.954,1.482,1.724,1.0,0.0,0.0,0.0,0.0,0.0,0.0,0.0,0.0,40.0,0.0
query_0073,R07526,2,0.0969,0.7299,0.0556,0.0625,1.0,0.0,16.0,0.0,0.0,0.0,0.0,0.0,0.0,0.0,267.825,28.93,12.668,11.502,3.162,1.0,1.0,0.0,0.0,0.0,0.0,0.0,0.0,0.0,55.0,0.0
query_0073,R10817,2,0.0932,0.7452,0.0526,0.125,1.0,0.0,30.0,0.0,0.0,0.0,0.0,0.0,0.0,0.0,260.469,3.957,18.407,20.961,5.171,1.0,1.0,0.0,0.0,0.0,1.0,0.0,0.0,0.0,180.0,0.0
query_0073,R04972,0,0.0929,0.0,0.05,0.0,0.0,0.0,13.0,0.0,0.0,0.0,0.0,0.0,0.0,0.0,354.571,30.002,18.932,18.191,5.295,1.0,1.0,0.0,0.0,0.0,0.0,0.0,0.0,0.0,50.0,0.0
query_0073,R03552,2,0.0906,0.7645,0.0476,0.3333,1.0,0.0,13.0,0.0,0.0,0.0,0.0,0.0,0.0,0.0,131.145,17.273,6.946,3.808,1.787,1.0,0.0,0.0,0.0,0.0,0.0,0.0,0.0,0.0,40.0,0.0
query_0073,R01262,0,0.0883,0.0,0.0455,0.0,0.0,0.0,14.0,0.0,0.0,0.0,0.0,0.0,0.0,0.0,35.48,1.45,7.853,0.5,2.179,1.0,1.0,0.0,0.0,0.0,0.0,0.0,0.0,0.0,60.0,0.0
query_0073,R02943,2,0.0822,0.7189,0.0435,0.037,1.0,0.0,18.0,0.0,0.0,0.0,0.0,0.0,0.0,0.0,525.142,40.711,21.13,32.805,5.778,1.0,0.0,0.0,0.0,0.0,0.0,0.0,0.0,0.0,40.0,0.0
query_0073,R02524,0,0.082,0.0,0.0417,0.0,0.0,0.0,17.0,0.0,0.0,0.0,0.0,0.0,0.0,0.0,637.316,63.099,32.402,30.271,7.902,1.0,1.0,0.0,0.0,0.0,0.0,0.0,0.0,0.0,40.0,0.0
query_0073,R10643,2,0.0788,0.7138,0.04,0.0263,1.0,0.0,22.0,0.0,0.0,0.0,0.0,0.0,0.0,0.0,498.903,58.27,23.551,19.931,6.971,1.0,0.0,0.0,0.0,0.0,0.0,0.0,0.0,0.0,45.0,0.0
query_0073,R09799,0,0.0785,0.0,0.0385,0.0,0.0,0.0,17.0,0.0,0.0,0.0,0.0,0.0,0.0,0.0,606.943,58.604,27.756,30.27,8.761,1.0,0.0,0.0,0.0,0.0,0.0,0.0,0.0,0.0,60.0,0.0
query_0073,R02136,0,0.0764,0.0,0.037,0.0,0.0,0.0,25.0,0.0,0.0,0.0,0.0,0.0,0.0,0.0,184.42,2.29,14.937,13.815,2.983,1.0,0.0,0.0,0.0,0.0,1.0,0.0,0.0,0.0,60.0,0.0
query_0073,R04204,0,0.0745,0.0,0.0357,0.0,0.0,0.0,18.0,0.0,0.0,0.0,0.0,0.0,0.0,0.0,277.125,28.479,7.669,15.178,3.044,1.0,0.0,0.0,0.0,0.0,0.0,0.0,0.0,0.0,55.0,0.0
query_0073,R11686,0,0.0741,0.0,0.0345,0.0,0.0,0.0,15.0,0.0,0.0,0.0,0.0,0.0,0.0,0.0,236.991,22.588,13.052,11.085,3.643,1.0,1.0,0.0,0.0,0.0,1.0,0.0,0.0,0.0,70.0,0.0
query_0073,R04976,2,0.0729,0.7268,0.0333,0.05,1.0,0.0,16.0,0.0,0.0,0.0,0.0,0.0,0.0,0.0,194.432,24.01,11.931,5.5,2.793,1.0,0.0,0.0,0.0,0.0,0.0,0.0,0.0,0.0,70.0,0.0
query_0073,R03103,2,0.0729,0.7449,0.0323,0.1111,1.0,0.0,26.0,0.0,0.0,0.0,0.0,0.0,0.0,0.0,21.241,0.278,1.251,1.87,0.407,1.0,0.0,0.0,0.0,0.0,0.0,0.0,0.0,0.0,50.0,0.0
query_0073,R05502,0,0.071,0.0,0.0312,0.0,0.0,0.0,11.0,0.0,0.0,0.0,0.0,0.0,0.0,0.0,223.329,17.765,5.46,15.096,0.555,1.0,0.0,0.0,0.0,0.0,0.0,0.0,0.0,0.0,25.0,0.0
query_0073,R02271,0,0.0709,0.0,0.0303,0.0,0.0,0.0,22.0,0.0,0.0,0.0,0.0,0.0,0.0,0.0,115.837,2.774,17.035,5.218,3.784,1.0,0.0,0.0,0.0,0.0,1.0,0.0,0.0,0.0,100.0,0.0
query_0073,R09733,0,0.0704,0.0,0.0294,0.0,0.0,0.0,12.0,0.0,0.0,0.0,0.0,0.0,0.0,0.0,320.341,18.818,5.219,26.241,0.621,1.0,0.0,0.0,0.0,0.0,0.0,0.0,0.0,0.0,35.0,0.0
query_0073,R08830,0,0.0696,0.0,0.0286,0.0,0.0,0.0,25.0,0.0,0.0,0.0,0.0,0.0,0.0,0.0,281.534,33.687,8.222,12.448,2.078,1.0,1.0,0.0,0.0,0.0,0.0,0.0,0.0,0.0,70.0,0.0
query_0073,R02332,0,0.0689,0.0,0.0278,0.0,0.0,0.0,17.0,0.0,0.0,0.0,0.0,0.0,0.0,0.0,265.739,6.227,58.873,0.911,3.549,1.0,0.0,0.0,0.0,0.0,0.0,0.0,0.0,0.0,65.0,0.0
query_0073,R06642,2,0.0683,0.7269,0.027,0.0526,1.0,0.0,26.0,0.0,0.0,0.0,0.0,0.0,0.0,0.0,549.81,10.767,97.13,13.775,5.222,1.0,0.0,0.0,0.0,0.0,1.0,0.0,0.0,0.0,35.0,0.0
query_0073,R12573,2,0.068,0.7238,0.0263,0.0476,1.0,0.0,18.0,0.0,0.0,0.0,0.0,0.0,0.0,0.0,201.623,28.836,10.793,4.816,2.904,1.0,0.0,0.0,0.0,0.0,1.0,0.0,0.0,0.0,45.0,0.0
query_0073,R09659,2,0.0679,0.7152,0.0256,0.0294,1.0,0.0,18.0,0.0,0.0,0.0,0.0,0.0,0.0,0.0,269.621,30.501,13.053,10.567,2.42,1.0,1.0,0.0,0.0,0.0,0.0,0.0,0.0,0.0,75.0,0.0
query_0073,R06229,0,0.0678,0.0,0.025,0.0,0.0,0.0,16.0,0.0,0.0,0.0,0.0,0.0,0.0,0.0,114.6,4.668,16.692,3.986,3.877,1.0,1.0,0.0,0.0,0.0,0.0,0.0,0.0,0.0,25.0,0.0
query_0074,R05009,1,0.1659,0.0,1.0,0.0,0.0,0.0,9.0,0.0,0.0,0.0,0.0,0.0,0.1283,0.0,464.125,19.961,19.142,38.0,6.164,1.0,1.0,0.0,0.0,0.0,0.0,0.0,0.0,0.0,30.0,0.0
query_0074,R02967,2,0.1326,0.7405,0.5,0.0476,1.0,0.0,13.0,0.0,0.0,0.0,0.0,0.0,0.54,0.0,129.977,17.468,8.844,2.767,1.678,1.0,1.0,0.0,0.0,0.0,0.0,0.0,0.0,0.0,55.0,0.0
query_0074,R10372,0,0.1292,0.0,0.3333,0.0,0.0,0.0,20.0,0.0,0.0,0.0,0.0,0.0,0.2601,0.0,530.038,7.542,54.602,33.116,2.305,1.0,1.0,0.0,0.0,0.0,0.0,0.0,0.0,0.0,70.0,0.0
query_0074,R12448,0,0.1207,0.0,0.25,0.0,0.0,0.0,11.0,0.0,0.0,0.0,0.0,0.0,0.2871,0.0,256.472,2.877,6.369,26.006,2.886,1.0,1.0,0.0,0.0,0.0,0.0,0.0,0.0,0.0,40.0,0.0
query_0074,R03026,0,0.1161,0.0,0.2,0.0,0.0,0.0,19.0,0.0,0.0,0.0,0.0,0.0,0.4793,0.0,160.364,3.199,14.948,11.339,5.42,1.0,1.0,0.0,0.0,0.0,0.0,0.0,0.0,0.0,60.0,0.0
query_0074,R07475,0,0.1093,0.0,0.1667,0.0,0.0,0.0,26.0,0.0,0.0,0.0,0.0,0.0,0.5283,0.0,135.845,5.135,7.805,9.59,0.595,1.0,1.0,0.0,0.0,0.0,0.0,0.0,0.0,0.0,160.0,0.0
query_0074,R03012,0,0.1035,0.0,0.1429,0.0,0.0,0.0,22.0,0.0,0.0,0.0,0.0,0.0,0.6184,0.0,90.821,3.575,10.559,4.918,3.612,1.0,1.0,0.0,0.0,0.0,0.0,0.0,0.0,0.0,80.0,0.0
query_0074,R00459,0,0.0924,0.0,0.125,0.0,0.0,0.0,15.0,0.0,0.0,0.0,0.0,0.0,0.5306,0.0,134.702,4.935,16.937,5.889,4.056,1.0,1.0,0.0,0.0,0.0,0.0,0.0,0.0,0.0,40.0,0.0
query_0074,R03897,0,0.0806,0.0,0.1,0.0,0.0,0.0,4.0,0.0,0.0,0.0,0.0,0.0,0.797,0.0,1.52,0.054,0.348,0.011,0.047,1.0,1.0,0.0,0.0,0.0,0.0,0.0,0.0,0.0,15.0,0.0
query_0074,R05468,0,0.0756,0.0,0.0909,0.0,0.0,0.0,5.0,0.0,0.0,0.0,0.0,0.0,0.6275,0.0,86.254,0.751,10.419,4.843,0.0,1.0,1.0,0.0,0.0,0.0,0.0,0.0,0.0,0.0,320.0,0.0
query_0074,R07879,0,0.0749,0.0,0.0833,0.0,0.0,0.0,9.0,0.0,0.0,0.0,0.0,0.0,0.7269,0.0,36.569,0.283,1.146,3.598,0.219,1.0,1.0,0.0,0.0,0.0,0.0,0.0,0.0,0.0,25.0,0.0
query_0074,R00084,0,0.0705,0.0,0.0769,0.0,0.0,0.0,11.0,0.0,0.0,0.0,0.0,0.0,0.3021,0.0,248.946,4.243,40.663,7.692,2.465,1.0,1.0,0.0,0.0,0.0,0.0,0.0,0.0,0.0,60.0,0.0
query_0074,R07415,0,0.0656,0.0,0.0667,0.0,0.0,0.0,9.0,0.0,0.0,0.0,0.0,0.0,0.5386,0.0,130.698,6.769,18.591,3.684,4.985,1.0,1.0,0.0,0.0,0.0,0.0,0.0,0.0,0.0,55.0,0.0
query_0074,R02710,0,0.0634,0.0,0.0526,0.0,0.0,0.0,12.0,0.0,0.0,0.0,0.0,0.0,0.5195,0.0,140.27,3.287,24.114,4.061,2.736,1.0,1.0,0.0,0.0,0.0,0.0,0.0,0.0,0.0,55.0,0.0
query_0074,R02613,0,0.0632,0.0,0.05,0.0,0.0,0.0,10.0,0.0,0.0,0.0,0.0,0.0,0.5613,0.0,119.353,1.701,4.057,11.775,0.644,1.0,1.0,0.0,0.0,0.0,0.0,0.0,0.0,0.0,50.0,0.0
query_0074,R08416,0,0.0624,0.0,0.0476,0.0,0.0,0.0,10.0,0.0,0.0,0.0,0.0,0.0,0.4845,0.0,157.77,3.057,31.598,1.923,0.741,1.0,1.0,0.0,0.0,0.0,0.0,0.0,0.0,0.0,20.0,0.0
query_0074,R03007,0,0.061,0.0,0.0455,0.0,0.0,0.0,8.0,0.0,0.0,0.0,0.0,0.0,0.4265,0.0,186.746,3.8,41.153,0.357,0.825,1.0,1.0,0.0,0.0,0.0,0.0,0.0,0.0,0.0,40.0,0.0
query_0074,R00878,0,0.0584,0.0,0.04,0.0,0.0,0.0,8.0,0.0,0.0,0.0,0.0,0.0,0.4211,0.0,189.457,4.014,41.552,0.438,0.908,1.0,1.0,0.0,0.0,0.0,0.0,0.0,0.0,0.0,40.0,0.0
query_0074,R06939,0,0.0577,0.0,0.0385,0.0,0.0,0.0,12.0,0.0,0.0,0.0,0.0,0.0,0.4623,0.0,168.832,3.99,37.206,0.633,2.155,1.0,1.0,0.0,0.0,0.0,0.0,0.0,0.0,0.0,45.0,0.0
query_0074,R07162,0,0.057,0.0,0.037,0.0,0.0,0.0,9.0,0.0,0.0,0.0,0.0,0.0,0.4694,0.0,165.295,7.236,6.396,13.721,2.602,1.0,1.0,0.0,0.0,0.0,0.0,0.0,0.0,0.0,30.0,0.0
query_0074,R05644,0,0.0567,0.0,0.0357,0.0,0.0,0.0,13.0,0.0,0.0,0.0,0.0,0.0,0.4938,0.0,153.122,4.344,20.189,7.452,3.377,1.0,1.0,0.0,0.0,0.0,0.0,0.0,0.0,0.0,35.0,0.0
query_0074,R01908,0,0.0566,0.0,0.0345,0.0,0.0,0.0,12.0,0.0,0.0,0.0,0.0,0.0,0.6872,0.0,56.393,1.079,5.925,3.65,1.629,1.0,1.0,0.0,0.0,0.0,0.0,0.0,0.0,0.0,40.0,0.0
query_0074,R05520,0,0.0562,0.0,0.0333,0.0,0.0,0.0,9.0,0.0,0.0,0.0,0.0,0.0,0.7284,0.0,35.791,0.249,0.469,3.761,0.169,1.0,1.0,0.0,0.0,0.0,0.0,0.0,0.0,0.0,35.0,0.0
query_0074,R09052,0,0.0562,0.0,0.0323,0.0,0.0,0.0,12.0,0.0,0.0,0.0,0.0,0.0,0.6649,0.0,67.559,3.742,13.379,0.54,2.658,1.0,1.0,0.0,0.0,0.0,0.0,0.0,0.0,0.0,75.0,0.0
query_0074,R01312,2,0.0557,0.7314,0.0312,0.0263,1.0,0.0,12.0,0.0,0.0,0.0,0.0,0.0,0.5321,0.0,133.965,6.966,19.153,3.723,5.037,1.0,1.0,0.0,0.0,0.0,0.0,0.0,0.0,0.0,55.0,0.0
query_0074,R01014,0,0.0555,0.0,0.0303,0.0,0.0,0.0,16.0,0.0,0.0,0.0,0.0,0.0,0.4326,0.0,183.696,2.575,16.397,13.1,3.562,1.0,1.0,0.0,0.0,0.0,0.0,0.0,0.0,0.0,30.0,0.0
query_0074,R00719,0,0.0533,0.0,0.0278,0.0,0.0,0.0,7.0,0.0,0.0,0.0,0.0,0.0,0.2348,0.0,282.617,0.743,28.646,19.716,1.401,1.0,1.0,0.0,0.0,0.0,0.0,0.0,0.0,0.0,40.0,0.0
query_0074,R04123,0,0.0532,0.0,0.027,0.0,0.0,0.0,8.0,0.0,0.0,0.0,0.0,0.0,0.6654,0.0,67.305,0.289,1.431,6.995,0.772,1.0,1.0,0.0,0.0,0.0,0.0,0.0,0.0,0.0,120.0,0.0
query_0074,R02083,0,0.0528,0.0,0.0263,0.0,0.0,0.0,7.0,0.0,0.0,0.0,0.0,0.0,0.0912,0.0,354.387,9.29,47.356,17.57,4.767,1.0,1.0,0.0,0.0,0.0,0.0,0.0,0.0,0.0,35.0,0.0
query_0074,R01413,0,0.0528,0.0,0.0256,0.0,0.0,0.0,1.0,0.0,0.0,0.0,0.0,0.0,0.0,0.0,0.0,0.0,0.0,0.0,0.0,1.0,1.0,0.0,0.0,0.0,0.0,0.0,0.0,0.0,85.0,0.0
query_0074,R05020,0,0.0527,0.0,0.025,0.0,0.0,0.0,11.0,0.0,0.0,0.0,0.0,0.0,0.1219,0.0,460.971,5.171,52.708,25.599,1.213,1.0,1.0,0.0,0.0,0.0,0.0,0.0,0.0,0.0,80.0,0.0
query_0074,R01077,2,0.0,0.7773,0.0,1.0,0.0,0.0,9.0,0.0,0.0,0.0,0.0,0.0,0.2961,0.0,548.055,27.589,93.975,9.713,19.262,1.0,1.0,0.0,0.0,0.0,0.0,0.0,0.0,0.0,40.0,0.0
query_0074,R06993,2,0.0,0.7698,0.0,0.5,0.0,0.0,5.0,0.0,0.0,0.0,0.0,0.0,0.0,0.0,0.0,0.0,0.0,0.0,0.0,1.0,1.0,0.0,0.0,0.0,0.0,0.0,0.0,0.0,25.0,0.0
query_0074,R03362,2,0.0,0.7644,0.0,0.3333,0.0,0.0,16.0,0.0,0.0,0.0,0.0,0.0,0.4938,0.0,153.117,8.426,30.051,1.105,6.445,1.0,1.0,0.0,0.0,0.0,0.0,0.0,0.0,0.0,50.0,0.0
query_0074,R01861,2,0.0,0.7618,0.0,0.25,0.0,0.0,14.0,0.0,0.0,0.0,0.0,0.0,0.3775,0.0,211.226,12.799,38.735,1.409,9.487,1.0,1.0,0.0,0.0,0.0,0.0,0.0,0.0,0.0,40.0,0.0
query_0074,R08205,2,0.0,0.759,0.0,0.1667,0.0,0.0,14.0,0.0,0.0,0.0,0.0,0.0,0.3685,0.0,215.726,13.024,39.799,1.431,9.655,1.0,1.0,0.0,0.0,0.0,0.0,0.0,0.0,0.0,40.0,0.0
query_0074,R00396,2,0.0,0.7561,0.0,0.1429,0.0,0.0,19.0,0.0,0.0,0.0,0.0,0.0,0.5966,0.0,101.712,2.438,13.199,5.247,2.618,1.0,1.0,0.0,0.0,0.0,0.0,0.0,0.0,0.0,45.0,0.0
query_0074,R01969,2,0.0,0.7553,0.0,0.125,0.0,0.0,2.0,0.0,0.0,0.0,0.0,0.0,0.4205,0.0,189.742,13.047,34.241,0.629,8.913,1.0,1.0,0.0,0.0,0.0,0.0,0.0,0.0,0.0,30.0,0.0
query_0074,R06920,2,0.0,0.7527,0.0,0.1111,0.0,0.0,15.0,0.0,0.0,0.0,0.0,0.0,0.0946,0.0,352.691,19.5,60.578,5.179,14.512,1.0,1.0,0.0,0.0,0.0,0.0,0.0,0.0,0.0,35.0,0.0
query_0074,R06212,2,0.0,0.7526,0.0,0.1,0.0,0.0,7.0,0.0,0.0,0.0,0.0,0.0,0.3958,0.0,202.106,8.313,36.846,2.428,4.757,1.0,1.0,0.0,0.0,0.0,0.0,0.0,0.0,0.0,22.0,0.0
query_0075,R02729,2,0.1533,0.7576,1.0,0.0357,1.0,0.0,6.0,0.0,0.0,0.0,0.0,0.0,0.0,0.0,139.341,9.196,12.114,6.256,0.447,1.0,1.0,0.0,0.0,1.0,0.0,0.0,0.0,0.0,30.0,0.0
query_0075,R06111,2,0.1422,0.7604,0.5,0.0417,1.0,0.0,8.0,0.0,0.0,0.0,0.0,0.0,0.0,0.0,239.411,7.544,41.621,5.412,0.42,1.0,1.0,0.0,0.0,1.0,0.0,0.0,0.0,0.0,70.0,0.0
query_0075,R10280,2,0.1403,0.7746,0.3333,0.0833,1.0,0.0,17.0,0.0,0.0,0.0,0.0,0.0,0.0,0.0,345.653,3.923,66.466,6.965,0.754,1.0,1.0,0.0,0.0,1.0,0.0,0.0,0.0,0.0,50.0,0.0
query_0075,R04955,0,0.1355,0.0,0.25,0.0,0.0,0.0,5.0,0.0,0.0,0.0,0.0,0.0,0.0,0.0,451.584,19.106,64.5,14.199,1.315,1.0,1.0,0.0,0.0,1.0,0.0,0.0,0.0,0.0,55.0,0.0
query_0075,R03508,0,0.1345,0.0,0.2,0.0,0.0,0.0,7.0,0.0,0.0,0.0,0.0,0.0,0.0,0.0,175.694,4.049,37.314,2.171,1.656,1.0,1.0,0.0,0.0,1.0,0.0,0.0,0.0,0.0,40.0,0.0
query_0075,R05001,0,0.1342,0.0,0.1667,0.0,0.0,0.0,8.0,0.0,0.0,0.0,0.0,0.0,0.0,0.0,434.836,2.603,40.484,30.221,1.714,1.0,1.0,0.0,0.0,1.0,0.0,0.0,0.0,0.0,70.0,0.0
query_0075,R08022,0,0.1338,0.0,0.1429,0.0,0.0,0.0,5.0,0.0,0.0,0.0,0.0,0.0,0.0,0.0,543.375,16.488,72.219,23.481,4.696,1.0,1.0,0.0,0.0,1.0,0.0,0.0,0.0,0.0,35.0,0.0
query_0075,R01918,0,0.1294,0.0,0.125,0.0,0.0,0.0,7.0,0.0,0.0,0.0,0.0,0.0,0.0,0.0,291.736,13.082,43.735,7.728,0.222,1.0,1.0,0.0,0.0,1.0,0.0,0.0,0.0,0.0,30.0,0.0
query_0075,R03077,0,0.1278,0.0,0.1111,0.0,0.0,0.0,7.0,0.0,0.0,0.0,0.0,0.0,0.0,0.0,707.273,26.579,85.295,31.84,5.732,1.0,1.0,0.0,0.0,1.0,0.0,0.0,0.0,0.0,60.0,0.0
query_0075,R12963,2,0.1208,0.7532,0.0909,0.0278,1.0,0.0,17.0,0.0,0.0,0.0,0.0,0.0,0.0,0.0,769.548,7.092,186.114,2.018,1.855,1.0,1.0,0.0,0.0,1.0,0.0,0.0,0.0,0.0,130.0,0.0
query_0075,R00939,2,0.1195,0.7681,0.0833,0.0526,1.0,0.0,11.0,0.0,0.0,0.0,0.0,0.0,0.0,0.0,187.2,9.378,20.711,8.069,0.832,1.0,1.0,0.0,0.0,1.0,0.0,0.0,0.0,0.0,45.0,0.0
query_0075,R00251,0,0.118,0.0,0.0769,0.0,0.0,0.0,7.0,0.0,0.0,0.0,0.0,0.0,0.0,0.0,625.614,9.597,49.81,45.393,4.726,1.0,1.0,0.0,0.0,1.0,0.0,0.0,0.0,0.0,35.0,0.0
query_0075,R03509,0,0.117,0.0,0.0714,0.0,0.0,0.0,6.0,0.0,0.0,0.0,0.0,0.0,0.0,0.0,759.558,28.434,88.815,35.672,6.532,1.0,1.0,0.0,0.0,1.0,0.0,0.0,0.0,0.0,630.0,0.0
query_0075,R03126,0,0.1164,0.0,0.0667,0.0,0.0,0.0,6.0,0.0,0.0,0.0,0.0,0.0,0.0,0.0,87.297,1.208,1.309,8.79,0.563,1.0,1.0,0.0,0.0,1.0,0.0,0.0,0.0,0.0,50.0,0.0
query_0075,R02926,2,0.116,0.7646,0.0625,0.0476,1.0,0.0,8.0,0.0,0.0,0.0,0.0,0.0,0.0,0.0,154.287,3.125,15.945,9.37,2.232,1.0,1.0,0.0,0.0,1.0,0.0,0.0,0.0,0.0,35.0,0.0
query_0075,R05221,0,0.1108,0.0,0.0556,0.0,0.0,0.0,7.0,0.0,0.0,0.0,0.0,0.0,0.0,0.0,214.662,5.625,38.233,4.953,0.76,1.0,1.0,0.0,0.0,1.0,0.0,0.0,0.0,0.0,50.0,0.0
query_0075,R10987,2,0.1103,0.7871,0.0526,0.25,1.0,0.0,6.0,0.0,0.0,0.0,0.0,0.0,0.0,0.0,181.268,8.618,24.86,5.59,0.228,1.0,1.0,0.0,0.0,1.0,0.0,0.0,0.0,0.0,75.0,0.0
query_0075,R00290,0,0.1097,0.0,0.05,0.0,0.0,0.0,8.0,0.0,0.0,0.0,0.0,0.0,0.0,0.0,280.983,2.894,32.864,16.047,1.459,1.0,1.0,0.0,0.0,1.0,0.0,0.0,0.0,0.0,50.0,0.0
query_0075,R02450,0,0.1086,0.0,0.0476,0.0,0.0,0.0,5.0,0.0,0.0,0.0,0.0,0.0,0.0,0.0,326.188,8.554,64.135,4.752,0.007,1.0,1.0,0.0,0.0,1.0,0.0,0.0,0.0,0.0,35.0,0.0
query_0075,R06724,0,0.105,0.0,0.0455,0.0,0.0,0.0,6.0,0.0,0.0,0.0,0.0,0.0,0.0,0.0,95.796,3.476,4.059,8.029,1.812,1.0,1.0,0.0,0.0,1.0,0.0,0.0,0.0,0.0,20.0,0.0
query_0075,R04163,2,0.1027,0.7603,0.0435,0.04,1.0,0.0,8.0,0.0,0.0,0.0,0.0,0.0,0.0,0.0,180.034,8.815,24.907,5.357,0.222,1.0,1.0,0.0,0.0,1.0,0.0,0.0,0.0,0.0,60.0,0.0
query_0075,R02428,2,0.102,0.7739,0.0417,0.0714,1.0,0.0,8.0,0.0,0.0,0.0,0.0,0.0,0.0,0.0,317.598,0.269,26.468,24.327,0.036,1.0,1.0,0.0,0.0,1.0,0.0,0.0,0.0,0.0,45.0,0.0
query_0075,R02694,0,0.1015,0.0,0.04,0.0,0.0,0.0,1.0,0.0,0.0,0.0,0.0,0.0,0.0,0.0,8.687,0.317,0.323,0.749,0.188,1.0,1.0,0.0,0.0,1.0,0.0,0.0,0.0,0.0,20.0,0.0
query_0075,R07704,2,0.1009,0.7682,0.0385,0.0556,1.0,0.0,11.0,0.0,0.0,0.0,0.0,0.0,0.0,0.0,579.967,5.595,98.62,18.962,2.164,1.0,1.0,0.0,0.0,1.0,0.0,0.0,0.0,0.0,90.0,0.0
query_0075,R04030,2,0.1004,0.7542,0.037,0.0303,1.0,0.0,7.0,0.0,0.0,0.0,0.0,0.0,0.0,0.0,80.025,2.607,5.153,6.022,1.359,1.0,1.0,0.0,0.0,1.0,0.0,0.0,0.0,0.0,10.0,0.0
query_0075,R00167,0,0.1,0.0,0.0357,0.0,0.0,0.0,7.0,0.0,0.0,0.0,0.0,0.0,0.0,0.0,130.01,2.701,20.209,4.644,0.166,1.0,1.0,0.0,0.0,1.0,0.0,0.0,0.0,0.0,25.0,0.0
query_0075,R01827,2,0.0992,0.758,0.0345,0.037,1.0,0.0,8.0,0.0,0.0,0.0,0.0,0.0,0.0,0.0,328.89,12.2,26.911,21.1,4.689,1.0,1.0,0.0,0.0,1.0,0.0,0.0,0.0,0.0,30.0,0.0
query_0075,R01018,2,0.0973,0.7805,0.0323,0.125,1.0,0.0,20.0,0.0,0.0,0.0,0.0,0.0,0.0,0.0,327.392,20.017,31.328,14.199,1.634,1.0,1.0,0.0,0.0,1.0,0.0,0.0,0.0,0.0,60.0,0.0
query_0075,R00731,0,0.0967,0.0,0.0312,0.0,0.0,0.0,8.0,0.0,0.0,0.0,0.0,0.0,0.0,0.0,289.604,8.009,41.272,10.591,2.051,1.0,1.0,0.0,0.0,1.0,0.0,0.0,0.0,0.0,40.0,0.0
query_0075,R06919,0,0.0959,0.0,0.0303,0.0,0.0,0.0,10.0,0.0,0.0,0.0,0.0,0.0,0.0,0.0,740.052,21.402,129.82,15.461,3.952,1.0,1.0,0.0,0.0,1.0,0.0,0.0,0.0,0.0,50.0,0.0
query_0075,R02369,0,0.0958,0.0,0.0294,0.0,0.0,0.0,6.0,0.0,0.0,0.0,0.0,0.0,0.0,0.0,147.934,5.397,6.086,12.551,3.41,1.0,1.0,0.0,0.0,1.0,0.0,0.0,0.0,0.0,40.0,0.0
query_0075,R03783,0,0.0956,0.0,0.0286,0.0,0.0,0.0,9.0,0.0,0.0,0.0,0.0,0.0,0.0,0.0,358.763,11.612,55.254,11.514,2.774,1.0,1.0,0.0,0.0,1.0,0.0,0.0,0.0,0.0,40.0,0.0
query_0075,R11984,2,0.095,0.7639,0.0278,0.0435,1.0,0.0,7.0,0.0,0.0,0.0,0.0,0.0,0.0,0.0,69.678,4.568,6.274,3.046,0.121,1.0,1.0,0.0,0.0,1.0,0.0,0.0,0.0,0.0,85.0,0.0
query_0075,R01522,0,0.0947,0.0,0.027,0.0,0.0,0.0,7.0,0.0,0.0,0.0,0.0,0.0,0.0,0.0,230.436,3.188,19.08,17.75,2.704,1.0,1.0,0.0,0.0,1.0,0.0,0.0,0.0,0.0,20.0,0.0
query_0075,R04698,0,0.092,0.0,0.0263,0.0,0.0,0.0,8.0,0.0,0.0,0.0,0.0,0.0,0.0,0.0,378.791,12.019,65.132,9.247,2.752,1.0,1.0,0.0,0.0,1.0,0.0,0.0,0.0,0.0,55.0,0.0
query_0075,R02297,0,0.0903,0.0,0.0256,0.0,0.0,0.0,15.0,0.0,0.0,0.0,0.0,0.0,0.0,0.0,563.406,7.386,93.389,18.683,2.724,1.0,1.0,0.0,0.0,1.0,0.0,0.0,0.0,0.0,70.0,0.0
query_0075,R04600,0,0.0897,0.0,0.025,0.0,0.0,0.0,18.0,0.0,0.0,0.0,0.0,0.0,0.0,0.0,64.94,0.582,8.265,3.448,0.213,1.0,1.0,0.0,0.0,1.0,0.0,0.0,0.0,0.0,60.0,0.0
query_0075,R01200,2,0.0,0.7988,0.0,1.0,0.0,0.0,6.0,0.0,0.0,0.0,0.0,0.0,0.0,0.0,251.538,1.692,55.282,3.716,0.858,1.0,1.0,0.0,0.0,1.0,0.0,0.0,0.0,0.0,390.0,0.0
query_0075,R06550,2,0.0,0.7886,0.0,0.5,0.0,0.0,10.0,0.0,0.0,0.0,0.0,0.0,0.0,0.0,149.483,8.572,18.758,4.751,0.35,1.0,1.0,0.0,0.0,1.0,0.0,0.0,0.0,0.0,25.0,0.0
query_0075,R11248,2,0.0,0.7884,0.0,0.3333,0.0,0.0,8.0,0.0,0.0,0.0,0.0,0.0,0.0,0.0,182.559,12.828,17.113,7.129,0.071,1.0,1.0,0.0,0.0,1.0,0.0,0.0,0.0,0.0,30.0,0.0
query_0077,R02659,2,0.1246,0.7561,0.3333,0.2,1.0,0.0,14.0,0.0,0.0,0.0,0.0,0.0,0.1121,0.0,143.941,4.905,16.813,7.673,4.404,1.0,1.0,0.0,0.0,0.0,0.0,0.0,0.0,0.0,35.0,0.0
query_0077,R02448,0,0.1049,0.0,0.1429,0.0,0.0,0.0,4.0,0.0,0.0,0.0,0.0,0.0,0.0,0.0,0.0,0.0,0.0,0.0,0.0,1.0,1.0,0.0,0.0,0.0,0.0,0.0,0.0,0.0,70.0,0.0
query_0077,R03293,0,0.0826,0.0,0.0435,0.0,0.0,0.0,8.0,0.0,0.0,0.0,0.0,0.0,0.3786,0.0,10.697,0.413,0.56,0.869,0.244,1.0,1.0,0.0,0.0,0.0,0.0,0.0,0.0,0.0,45.0,0.0
query_0077,R03315,0,0.0804,0.0,0.0385,0.0,0.0,0.0,8.0,0.0,0.0,0.0,0.0,0.0,0.3728,0.0,13.625,0.534,1.306,0.906,0.539,1.0,1.0,0.0,0.0,0.0,0.0,0.0,0.0,0.0,45.0,0.0
query_0077,R00389,0,0.0793,0.0,0.0333,0.0,0.0,0.0,10.0,0.0,0.0,0.0,0.0,0.0,0.059,0.0,170.49,8.614,20.656,6.248,2.927,1.0,1.0,0.0,0.0,0.0,0.0,0.0,0.0,0.0,55.0,0.0
query_0077,R07278,2,0.0,0.7732,0.0,0.5,0.0,0.0,11.0,0.0,0.0,0.0,0.0,0.0,0.3438,0.0,28.085,1.086,6.615,0.174,1.794,1.0,1.0,0.0,0.0,0.0,0.0,0.0,0.0,0.0,55.0,0.0
query_0077,R00277,2,0.0,0.7557,0.0,0.1667,0.0,0.0,19.0,0.0,0.0,0.0,0.0,0.0,0.209,0.0,95.498,2.938,13.994,3.963,3.337,1.0,1.0,0.0,0.0,0.0,0.0,0.0,0.0,0.0,45.0,0.0
query_0077,R07119,2,0.0,0.7544,0.0,0.1429,0.0,0.0,10.0,0.0,0.0,0.0,0.0,0.0,0.0355,0.0,217.762,4.608,40.815,5.367,7.396,1.0,1.0,0.0,0.0,0.0,0.0,0.0,0.0,0.0,25.0,0.0
query_0077,R04768,2,0.0,0.748,0.0,0.1111,0.0,0.0,9.0,0.0,0.0,0.0,0.0,0.0,0.0406,0.0,179.677,4.684,42.026,0.786,7.617,1.0,1.0,0.0,0.0,0.0,0.0,0.0,0.0,0.0,25.0,0.0
query_0077,R02231,2,0.0,0.7465,0.0,0.1,0.0,0.0,15.0,0.0,0.0,0.0,0.0,0.0,0.2089,0.0,95.525,1.268,7.861,7.116,1.874,1.0,1.0,0.0,0.0,0.0,0.0,0.0,0.0,0.0,40.0,0.0
query_0077,R09200,2,0.0,0.7463,0.0,0.0909,0.0,0.0,6.0,0.0,0.0,0.0,0.0,0.0,0.1824,0.0,108.809,5.683,19.025,2.251,3.857,1.0,1.0,0.0,0.0,0.0,0.0,0.0,0.0,0.0,40.0,0.0
query_0077,R02037,2,0.0,0.7453,0.0,0.0833,0.0,0.0,13.0,0.0,0.0,0.0,0.0,0.0,0.378,0.0,11.0,0.302,2.568,0.028,0.468,1.0,1.0,0.0,0.0,0.0,0.0,0.0,0.0,0.0,55.0,0.0
query_0077,R05975,2,0.0,0.7437,0.0,0.0769,0.0,0.0,8.0,0.0,0.0,0.0,0.0,0.0,0.1479,0.0,126.059,5.923,11.499,7.231,2.822,1.0,1.0,0.0,0.0,0.0,0.0,0.0,0.0,0.0,30.0,0.0
query_0077,R05454,2,0.0,0.7435,0.0,0.0625,0.0,0.0,8.0,0.0,0.0,0.0,0.0,0.0,0.1281,0.0,135.947,3.644,21.458,5.326,4.936,1.0,1.0,0.0,0.0,0.0,0.0,0.0,0.0,0.0,30.0,0.0
query_0077,R01945,2,0.0,0.7426,0.0,0.0588,0.0,0.0,15.0,0.0,0.0,0.0,0.0,0.0,0.0192,0.0,190.416,6.581,23.364,8.691,4.327,1.0,1.0,0.0,0.0,0.0,0.0,0.0,0.0,0.0,40.0,0.0
query_0077,R08536,2,0.0,0.7387,0.0,0.0526,0.0,0.0,13.0,0.0,0.0,0.0,0.0,0.0,0.0224,0.0,188.804,1.816,14.825,14.434,3.326,1.0,1.0,0.0,0.0,0.0,0.0,0.0,0.0,0.0,70.0,0.0
query_0077,R05023,2,0.0,0.736,0.0,0.0435,0.0,0.0,14.0,0.0,0.0,0.0,0.0,0.0,0.3116,0.0,44.219,0.924,7.694,1.413,1.679,1.0,1.0,0.0,0.0,0.0,0.0,0.0,0.0,0.0,30.0,0.0
query_0077,R09096,2,0.0,0.7354,0.0,0.0417,0.0,0.0,10.0,0.0,0.0,0.0,0.0,0.0,0.0824,0.0,241.214,7.056,14.492,18.387,2.431,1.0,1.0,0.0,0.0,0.0,0.0,0.0,0.0,0.0,40.0,0.0
query_0077,R06658,2,0.0,0.7353,0.0,0.04,0.0,0.0,14.0,0.0,0.0,0.0,0.0,0.0,0.378,0.0,11.0,0.302,2.568,0.028,0.468,1.0,1.0,0.0,0.0,0.0,0.0,0.0,0.0,0.0,35.0,0.0
query_0077,R08919,2,0.0,0.7339,0.0,0.037,0.0,0.0,14.0,0.0,0.0,0.0,0.0,0.0,0.0218,0.0,210.914,14.755,42.691,2.198,13.881,1.0,1.0,0.0,0.0,0.0,0.0,0.0,0.0,0.0,50.0,0.0
query_0077,R06007,2,0.0,0.7337,0.0,0.0357,0.0,0.0,26.0,0.0,0.0,0.0,0.0,0.0,0.2535,0.0,73.241,2.303,13.098,2.182,2.176,1.0,1.0,0.0,0.0,0.0,0.0,0.0,0.0,0.0,50.0,0.0
query_0077,R03304,2,0.0,0.7325,0.0,0.0333,0.0,0.0,15.0,0.0,0.0,0.0,0.0,0.0,0.3245,0.0,37.772,0.514,2.351,3.233,0.413,1.0,1.0,0.0,0.0,0.0,0.0,0.0,0.0,0.0,60.0,0.0
query_0077,R01042,2,0.0,0.7321,0.0,0.0312,0.0,0.0,11.0,0.0,0.0,0.0,0.0,0.0,0.2082,0.0,95.876,2.518,21.872,0.19,2.589,1.0,1.0,0.0,0.0,0.0,0.0,0.0,0.0,0.0,40.0,0.0
query_0077,R00740,2,0.0,0.732,0.0,0.0303,0.0,0.0,11.0,0.0,0.0,0.0,0.0,0.0,0.36,0.0,20.0,0.752,4.697,0.072,0.805,1.0,1.0,0.0,0.0,0.0,0.0,0.0,0.0,0.0,25.0,0.0
query_0077,R00437,2,0.0,0.7292,0.0,0.0286,0.0,0.0,5.0,0.0,0.0,0.0,0.0,0.0,0.3304,0.0,34.816,1.702,3.475,2.042,1.341,1.0,1.0,0.0,0.0,0.0,0.0,0.0,0.0,0.0,25.0,0.0
query_0077,R06805,2,0.0,0.7291,0.0,0.0278,0.0,0.0,16.0,0.0,0.0,0.0,0.0,0.0,0.016,0.0,208.019,5.386,21.783,11.852,4.063,1.0,1.0,0.0,0.0,0.0,0.0,0.0,0.0,0.0,100.0,0.0
query_0077,R02728,2,0.0,0.7278,0.0,0.0256,0.0,0.0,24.0,0.0,0.0,0.0,0.0,0.0,0.2535,0.0,73.241,2.303,13.098,2.182,2.176,1.0,1.0,0.0,0.0,0.0,0.0,0.0,0.0,0.0,50.0,0.0
query_0079,R03960,1,0.156,0.0,1.0,0.0,0.0,0.0,16.0,0.0,0.0,0.0,0.0,0.0,0.0,0.0,126.508,0.045,0.165,14.236,0.116,1.0,1.0,0.0,0.0,0.0,0.0,0.0,0.0,0.0,50.0,0.0
query_0079,R01200,2,0.1397,0.7269,0.5,0.0588,1.0,0.0,6.0,0.0,0.0,0.0,0.0,0.0,0.0,0.0,251.538,1.692,55.282,3.716,0.858,1.0,1.0,0.0,0.0,0.0,0.0,0.0,0.0,0.0,390.0,0.0
query_0079,R10987,0,0.1339,0.0,0.3333,0.0,0.0,0.0,6.0,0.0,0.0,0.0,0.0,0.0,0.0,0.0,181.268,8.618,24.86,5.59,0.228,1.0,1.0,0.0,0.0,0.0,0.0,0.0,0.0,0.0,75.0,0.0
query_0079,R03650,2,0.1238,0.7325,0.25,0.1429,1.0,0.0,11.0,0.0,0.0,0.0,0.0,0.0,0.0,0.0,236.02,36.448,1.938,8.447,0.661,1.0,0.0,0.0,0.0,0.0,0.0,0.0,0.0,0.0,35.0,0.0
query_0079,R05949,0,0.1219,0.0,0.2,0.0,0.0,0.0,16.0,0.0,0.0,0.0,0.0,0.0,0.0,0.0,44.407,1.489,7.62,1.49,1.711,1.0,1.0,0.0,0.0,0.0,0.0,0.0,0.0,0.0,50.0,0.0
query_0079,R10810,0,0.1209,0.0,0.1667,0.0,0.0,0.0,4.0,0.0,0.0,0.0,0.0,0.0,0.0,0.0,68.153,0.0,17.575,0.0,0.0,1.0,1.0,0.0,0.0,0.0,0.0,0.0,0.0,0.0,60.0,0.0
query_0079,R05221,2,0.1067,0.7594,0.1429,0.5,1.0,0.0,7.0,0.0,0.0,0.0,0.0,0.0,0.0,0.0,214.662,5.625,38.233,4.953,0.76,1.0,1.0,0.0,0.0,0.0,0.0,0.0,0.0,0.0,50.0,0.0
query_0079,R01760,0,0.1034,0.0,0.125,0.0,0.0,0.0,15.0,0.0,0.0,0.0,0.0,0.0,0.0,0.0,170.463,4.332,28.449,5.114,4.081,1.0,1.0,0.0,0.0,0.0,0.0,0.0,0.0,0.0,35.0,0.0
query_0079,R02724,0,0.0969,0.0,0.1111,0.0,0.0,0.0,15.0,0.0,0.0,0.0,0.0,0.0,0.0,0.0,577.178,0.251,119.108,12.889,0.452,1.0,1.0,0.0,0.0,0.0,0.0,0.0,0.0,0.0,50.0,0.0
query_0079,R02332,2,0.0967,0.7195,0.1,0.0345,1.0,0.0,17.0,0.0,0.0,0.0,0.0,0.0,0.0,0.0,265.739,6.227,58.873,0.911,3.549,1.0,0.0,0.0,0.0,0.0,0.0,0.0,0.0,0.0,65.0,0.0
query_0079,R02058,0,0.0951,0.0,0.0909,0.0,0.0,0.0,17.0,0.0,0.0,0.0,0.0,0.0,0.0,0.0,100.674,13.747,2.454,3.759,0.493,1.0,0.0,0.0,0.0,0.0,0.0,0.0,0.0,0.0,75.0,0.0
query_0079,R06992,0,0.0817,0.0,0.0833,0.0,0.0,0.0,15.0,0.0,0.0,0.0,0.0,0.0,0.0,0.0,89.394,1.914,12.194,4.564,2.365,1.0,1.0,0.0,0.0,0.0,0.0,0.0,0.0,0.0,50.0,0.0
query_0079,R09317,0,0.0796,0.0,0.0769,0.0,0.0,0.0,15.0,0.0,0.0,0.0,0.0,0.0,0.0,0.0,58.852,1.914,12.194,1.109,2.365,1.0,1.0,0.0,0.0,0.0,0.0,0.0,0.0,0.0,50.0,0.0
query_0079,R04643,0,0.0767,0.0,0.0714,0.0,0.0,0.0,16.0,0.0,0.0,0.0,0.0,0.0,0.0,0.0,264.926,4.295,45.508,7.082,1.833,1.0,1.0,0.0,0.0,0.0,0.0,0.0,0.0,0.0,70.0,0.0
query_0079,R08626,2,0.0763,0.7194,0.0667,0.0333,1.0,0.0,30.0,0.0,0.0,0.0,0.0,0.0,0.0,0.0,501.796,15.439,82.289,13.331,8.121,1.0,1.0,0.0,0.0,0.0,0.0,0.0,0.0,0.0,60.0,0.0
query_0079,R04695,0,0.0756,0.0,0.0625,0.0,0.0,0.0,4.0,0.0,0.0,0.0,0.0,0.0,0.0,0.0,0.0,0.0,0.0,0.0,0.0,1.0,1.0,0.0,0.0,0.0,0.0,0.0,0.0,0.0,13.0,0.0
query_0079,R05893,2,0.0751,0.7296,0.0588,0.0909,1.0,0.0,13.0,0.0,0.0,0.0,0.0,0.0,0.0,0.0,497.094,18.888,77.864,13.548,1.121,1.0,1.0,0.0,0.0,0.0,0.0,0.0,0.0,0.0,40.0,0.0
query_0079,R08535,0,0.0736,0.0,0.0556,0.0,0.0,0.0,25.0,0.0,0.0,0.0,0.0,0.0,0.0,0.0,412.228,9.832,67.209,11.023,1.661,1.0,1.0,0.0,0.0,0.0,0.0,0.0,0.0,0.0,65.0,0.0
query_0079,R00199,0,0.0732,0.0,0.0526,0.0,0.0,0.0,6.0,0.0,0.0,0.0,0.0,0.0,0.0,0.0,115.62,1.647,23.028,2.347,0.469,1.0,1.0,0.0,0.0,0.0,0.0,0.0,0.0,0.0,40.0,0.0
query_0079,R05136,2,0.0718,0.7151,0.05,0.0256,1.0,0.0,17.0,0.0,0.0,0.0,0.0,0.0,0.0,0.0,375.095,9.255,67.173,9.274,7.923,1.0,1.0,0.0,0.0,0.0,0.0,0.0,0.0,0.0,50.0,0.0
query_0079,R05143,0,0.0705,0.0,0.0476,0.0,0.0,0.0,18.0,0.0,0.0,0.0,0.0,0.0,0.0,0.0,77.217,3.639,15.875,0.556,4.355,1.0,1.0,0.0,0.0,0.0,0.0,0.0,0.0,0.0,30.0,0.0
query_0079,R09278,0,0.0692,0.0,0.0455,0.0,0.0,0.0,18.0,0.0,0.0,0.0,0.0,0.0,0.0,0.0,102.859,3.365,14.698,4.001,4.306,1.0,1.0,0.0,0.0,0.0,0.0,0.0,0.0,0.0,30.0,0.0
query_0079,R04955,0,0.0689,0.0,0.0435,0.0,0.0,0.0,5.0,0.0,0.0,0.0,0.0,0.0,0.0,0.0,451.584,19.106,64.5,14.199,1.315,1.0,1.0,0.0,0.0,0.0,0.0,0.0,0.0,0.0,55.0,0.0
query_0079,R04256,0,0.0679,0.0,0.0417,0.0,0.0,0.0,6.0,0.0,0.0,0.0,0.0,0.0,0.0,0.0,1.099,0.049,0.203,0.029,0.071,1.0,1.0,0.0,0.0,0.0,0.0,0.0,0.0,0.0,35.0,0.0
query_0079,R00196,0,0.0678,0.0,0.04,0.0,0.0,0.0,4.0,0.0,0.0,0.0,0.0,0.0,0.0,0.0,267.474,0.875,68.465,0.406,1.741,1.0,1.0,0.0,0.0,0.0,0.0,0.0,0.0,0.0,35.0,0.0
query_0079,R01785,0,0.0662,0.0,0.0385,0.0,0.0,0.0,9.0,0.0,0.0,0.0,0.0,0.0,0.0,0.0,148.937,5.689,25.104,3.161,0.0,1.0,1.0,0.0,0.0,0.0,0.0,0.0,0.0,0.0,40.0,0.0
query_0079,R08022,0,0.0641,0.0,0.037,0.0,0.0,0.0,5.0,0.0,0.0,0.0,0.0,0.0,0.0,0.0,543.375,16.488,72.219,23.481,4.696,1.0,1.0,0.0,0.0,0.0,0.0,0.0,0.0,0.0,35.0,0.0
query_0079,R04657,0,0.0636,0.0,0.0357,0.0,0.0,0.0,22.0,0.0,0.0,0.0,0.0,0.0,0.0,0.0,339.127,7.479,68.574,4.269,4.537,1.0,1.0,0.0,0.0,0.0,0.0,0.0,0.0,0.0,35.0,0.0
query_0079,R01113,2,0.0629,0.7287,0.0345,0.0714,1.0,0.0,8.0,0.0,0.0,0.0,0.0,0.0,0.0,0.0,246.743,0.073,23.899,17.129,0.19,1.0,1.0,0.0,0.0,0.0,0.0,0.0,0.0,0.0,85.0,0.0
query_0079,R07377,0,0.0625,0.0,0.0333,0.0,0.0,0.0,14.0,0.0,0.0,0.0,0.0,0.0,0.0,0.0,335.183,3.364,13.068,31.964,5.17,1.0,1.0,0.0,0.0,0.0,0.0,0.0,0.0,0.0,45.0,0.0
query_0079,R03670,0,0.0625,0.0,0.0323,0.0,0.0,0.0,15.0,0.0,0.0,0.0,0.0,0.0,0.0,0.0,275.178,5.466,54.657,4.15,2.425,1.0,1.0,0.0,0.0,0.0,0.0,0.0,0.0,0.0,75.0,0.0
query_0079,R10557,0,0.0624,0.0,0.0312,0.0,0.0,0.0,24.0,0.0,0.0,0.0,0.0,0.0,0.0,0.0,253.368,4.522,16.925,20.164,3.912,1.0,1.0,0.0,0.0,0.0,0.0,0.0,0.0,0.0,55.0,0.0
query_0079,R01961,0,0.0622,0.0,0.0303,0.0,0.0,0.0,4.0,0.0,0.0,0.0,0.0,0.0,0.0,0.0,1173.896,0.023,300.058,0.013,0.007,1.0,0.0,1.0,0.0,0.0,0.0,0.0,0.0,0.0,80.0,0.0
query_0079,R01688,0,0.0621,0.0,0.0294,0.0,0.0,0.0,5.0,0.0,0.0,0.0,0.0,0.0,0.0,0.0,560.469,29.007,65.47,21.665,1.724,1.0,1.0,0.0,0.0,0.0,0.0,0.0,0.0,0.0,95.0,0.0
query_0079,R06522,0,0.0619,0.0,0.0286,0.0,0.0,0.0,31.0,0.0,0.0,0.0,0.0,0.0,0.0,0.0,736.212,38.746,118.094,11.539,6.09,1.0,0.0,0.0,0.0,0.0,0.0,0.0,0.0,0.0,170.0,0.0
query_0079,R02334,2,0.0617,0.7393,0.0278,0.25,1.0,0.0,28.0,0.0,0.0,0.0,0.0,0.0,0.0,0.0,649.613,12.06,125.754,11.069,5.215,1.0,1.0,0.0,0.0,0.0,0.0,0.0,0.0,0.0,90.0,0.0
query_0079,R01980,0,0.061,0.0,0.027,0.0,0.0,0.0,24.0,0.0,0.0,0.0,0.0,0.0,0.0,0.0,93.502,3.23,21.59,0.49,4.436,1.0,0.0,0.0,0.0,0.0,0.0,0.0,0.0,0.0,100.0,0.0
query_0079,R05264,0,0.0606,0.0,0.0263,0.0,0.0,0.0,7.0,0.0,0.0,0.0,0.0,0.0,0.0,0.0,12.666,0.014,3.251,0.009,0.036,1.0,1.0,0.0,0.0,0.0,0.0,0.0,0.0,0.0,255.0,0.0
query_0079,R00251,0,0.0601,0.0,0.0256,0.0,0.0,0.0,7.0,0.0,0.0,0.0,0.0,0.0,0.0,0.0,625.614,9.597,49.81,45.393,4.726,1.0,1.0,0.0,0.0,0.0,0.0,0.0,0.0,0.0,35.0,0.0
query_0079,R09336,0,0.0599,0.0,0.025,0.0,0.0,0.0,15.0,0.0,0.0,0.0,0.0,0.0,0.0,0.0,312.762,6.715,68.642,0.789,2.824,1.0,1.0,0.0,0.0,0.0,0.0,0.0,0.0,0.0,55.0,0.0
query_0080,R04015,2,0.1572,0.7502,0.3333,0.0909,1.0,0.0,8.0,0.0,0.0,0.0,0.0,0.0,0.2156,0.0,42.192,0.555,2.659,3.553,0.756,1.0,1.0,0.0,0.0,0.0,0.0,0.0,0.0,0.0,25.0,0.0
query_0080,R02245,0,0.1468,0.0,0.2,0.0,0.0,0.0,6.0,0.0,0.0,0.0,0.0,0.0,0.1951,0.0,52.429,2.038,12.082,0.375,2.278,1.0,1.0,0.0,0.0,0.0,0.0,0.0,0.0,0.0,15.0,0.0
query_0080,R02394,2,0.1433,0.8037,0.1667,1.0,1.0,0.0,6.0,0.0,0.0,0.0,0.0,0.0,0.2665,0.0,16.728,0.712,3.441,0.338,0.936,1.0,1.0,0.0,0.0,0.0,0.0,0.0,0.0,0.0,5.0,0.0
query_0080,R00018,2,0.1309,0.718,0.1429,0.0256,1.0,0.0,7.0,0.0,0.0,0.0,0.0,0.0,0.2739,0.0,13.044,0.537,2.85,0.142,0.577,1.0,1.0,0.0,0.0,0.0,0.0,0.0,0.0,0.0,30.0,0.0
query_0080,R00634,2,0.1267,0.7775,0.125,0.25,1.0,0.0,8.0,0.0,0.0,0.0,0.0,0.0,0.1441,0.0,77.942,2.9,13.786,2.338,3.051,1.0,1.0,0.0,0.0,0.0,0.0,0.0,0.0,0.0,35.0,0.0
query_0080,R07573,2,0.1183,0.7928,0.1111,0.5,1.0,0.0,9.0,0.0,0.0,0.0,0.0,0.0,0.2102,0.0,44.913,1.829,9.915,0.482,2.498,1.0,1.0,0.0,0.0,0.0,0.0,0.0,0.0,0.0,15.0,0.0
query_0080,R01056,2,0.1063,0.7372,0.1,0.0667,1.0,0.0,7.0,0.0,0.0,0.0,0.0,0.0,0.286,0.0,6.976,0.343,1.384,0.166,0.283,1.0,1.0,0.0,0.0,0.0,0.0,0.0,0.0,0.0,35.0,0.0
query_0080,R09152,2,0.1063,0.7828,0.0909,0.3333,1.0,0.0,8.0,0.0,0.0,0.0,0.0,0.0,0.269,0.0,15.513,0.645,3.341,0.221,0.753,1.0,1.0,0.0,0.0,0.0,0.0,0.0,0.0,0.0,10.0,0.0
query_0080,R03924,0,0.0994,0.0,0.0833,0.0,0.0,0.0,10.0,0.0,0.0,0.0,0.0,0.0,0.2363,0.0,31.855,0.044,0.453,3.439,0.085,1.0,1.0,0.0,0.0,0.0,0.0,0.0,0.0,0.0,15.0,0.0
query_0080,R06715,2,0.099,0.7374,0.0714,0.0714,1.0,0.0,8.0,0.0,0.0,0.0,0.0,0.0,0.256,0.0,22.005,0.767,5.002,0.146,0.886,1.0,1.0,0.0,0.0,0.0,0.0,0.0,0.0,0.0,10.0,0.0
query_0080,R12429,0,0.0975,0.0,0.0667,0.0,0.0,0.0,6.0,0.0,0.0,0.0,0.0,0.0,0.0,0.0,0.0,0.0,0.0,0.0,0.0,1.0,1.0,0.0,0.0,0.0,0.0,0.0,0.0,0.0,30.0,0.0
query_0080,R06269,0,0.0966,0.0,0.0625,0.0,0.0,0.0,10.0,0.0,0.0,0.0,0.0,0.0,0.2203,0.0,39.848,0.649,2.637,3.432,1.288,1.0,1.0,0.0,0.0,0.0,0.0,0.0,0.0,0.0,30.0,0.0
query_0080,R00257,2,0.0898,0.7473,0.0588,0.0833,1.0,0.0,8.0,0.0,0.0,0.0,0.0,0.0,0.2178,0.0,41.087,0.95,2.634,3.309,0.831,1.0,1.0,0.0,0.0,0.0,0.0,0.0,0.0,0.0,25.0,0.0
query_0080,R02059,0,0.0848,0.0,0.0556,0.0,0.0,0.0,12.0,0.0,0.0,0.0,0.0,0.0,0.0239,0.0,138.058,4.723,20.39,4.906,2.499,1.0,1.0,0.0,0.0,0.0,0.0,0.0,0.0,0.0,15.0,0.0
query_0080,R01586,2,0.0838,0.7427,0.0526,0.0769,1.0,0.0,7.0,0.0,0.0,0.0,0.0,0.0,0.138,0.0,80.995,3.229,7.643,4.939,2.274,1.0,1.0,0.0,0.0,0.0,0.0,0.0,0.0,0.0,15.0,0.0
query_0080,R00161,0,0.0828,0.0,0.05,0.0,0.0,0.0,12.0,0.0,0.0,0.0,0.0,0.0,0.1227,0.0,88.671,2.332,14.893,3.137,3.408,1.0,1.0,0.0,0.0,0.0,0.0,0.0,0.0,0.0,30.0,0.0
query_0080,R04531,0,0.0808,0.0,0.0455,0.0,0.0,0.0,6.0,0.0,0.0,0.0,0.0,0.0,0.2718,0.0,14.077,0.6,2.756,0.307,0.572,1.0,1.0,0.0,0.0,0.0,0.0,0.0,0.0,0.0,10.0,0.0
query_0080,R04028,0,0.0786,0.0,0.0435,0.0,0.0,0.0,9.0,0.0,0.0,0.0,0.0,0.0,0.0984,0.0,100.816,1.454,8.456,7.378,1.901,1.0,1.0,0.0,0.0,0.0,0.0,0.0,0.0,0.0,10.0,0.0
query_0080,R02208,0,0.0784,0.0,0.0417,0.0,0.0,0.0,14.0,0.0,0.0,0.0,0.0,0.0,0.1318,0.0,215.909,5.274,34.088,8.857,4.791,1.0,1.0,0.0,0.0,0.0,0.0,0.0,0.0,0.0,25.0,0.0
query_0080,R02828,0,0.0783,0.0,0.04,0.0,0.0,0.0,7.0,0.0,0.0,0.0,0.0,0.0,0.2701,0.0,14.94,0.593,3.534,0.157,0.699,1.0,1.0,0.0,0.0,0.0,0.0,0.0,0.0,0.0,30.0,0.0
query_0080,R01112,0,0.0772,0.0,0.0385,0.0,0.0,0.0,4.0,0.0,0.0,0.0,0.0,0.0,0.1043,0.0,97.855,3.401,12.039,5.027,2.129,1.0,1.0,0.0,0.0,0.0,0.0,0.0,0.0,0.0,20.0,0.0
query_0080,R05424,0,0.0767,0.0,0.037,0.0,0.0,0.0,12.0,0.0,0.0,0.0,0.0,0.0,0.2624,0.0,18.792,0.664,4.402,0.139,0.487,1.0,1.0,0.0,0.0,0.0,0.0,0.0,0.0,0.0,60.0,0.0
query_0080,R04859,2,0.0762,0.7685,0.0357,0.2,1.0,0.0,6.0,0.0,0.0,0.0,0.0,0.0,0.2283,0.0,35.87,1.823,1.689,2.694,0.417,1.0,1.0,0.0,0.0,0.0,0.0,0.0,0.0,0.0,15.0,0.0
query_0080,R02010,0,0.0753,0.0,0.0345,0.0,0.0,0.0,6.0,0.0,0.0,0.0,0.0,0.0,0.1619,0.0,69.04,5.09,3.029,4.061,0.549,1.0,1.0,0.0,0.0,0.0,0.0,0.0,0.0,0.0,40.0,0.0
query_0080,R03851,2,0.0748,0.7531,0.0333,0.125,1.0,0.0,9.0,0.0,0.0,0.0,0.0,0.0,0.2427,0.0,28.626,0.668,4.035,1.368,0.808,1.0,1.0,0.0,0.0,0.0,0.0,0.0,0.0,0.0,30.0,0.0
query_0080,R05858,0,0.0748,0.0,0.0323,0.0,0.0,0.0,11.0,0.0,0.0,0.0,0.0,0.0,0.233,0.0,33.506,0.417,8.601,0.18,1.056,1.0,1.0,0.0,0.0,0.0,0.0,0.0,0.0,0.0,25.0,0.0
query_0080,R11924,2,0.0746,0.7258,0.0312,0.0385,1.0,0.0,12.0,0.0,0.0,0.0,0.0,0.0,0.2081,0.0,45.948,1.236,8.257,1.343,1.633,1.0,1.0,0.0,0.0,0.0,0.0,0.0,0.0,0.0,45.0,0.0
query_0080,R09623,0,0.0738,0.0,0.0303,0.0,0.0,0.0,11.0,0.0,0.0,0.0,0.0,0.0,0.0195,0.0,140.235,3.566,9.493,10.905,2.863,1.0,1.0,0.0,0.0,0.0,0.0,0.0,0.0,0.0,12.0,0.0
query_0080,R01559,2,0.0717,0.7255,0.0294,0.037,1.0,0.0,8.0,0.0,0.0,0.0,0.0,0.0,0.1971,0.0,51.456,2.067,11.727,0.387,2.635,1.0,1.0,0.0,0.0,0.0,0.0,0.0,0.0,0.0,15.0,0.0
query_0080,R01842,0,0.0705,0.0,0.0278,0.0,0.0,0.0,14.0,0.0,0.0,0.0,0.0,0.0,0.1223,0.0,211.143,1.127,6.893,20.805,1.474,1.0,1.0,0.0,0.0,0.0,0.0,0.0,0.0,0.0,40.0,0.0
query_0080,R04775,2,0.0703,0.7253,0.027,0.0357,1.0,0.0,7.0,0.0,0.0,0.0,0.0,0.0,0.235,0.0,32.501,1.235,7.323,0.54,2.065,1.0,1.0,0.0,0.0,0.0,0.0,0.0,0.0,0.0,10.0,0.0
query_0080,R00571,0,0.07,0.0,0.0263,0.0,0.0,0.0,7.0,0.0,0.0,0.0,0.0,0.0,0.1722,0.0,63.895,0.143,0.744,6.852,0.047,1.0,1.0,0.0,0.0,0.0,0.0,0.0,0.0,0.0,25.0,0.0
query_0080,R07669,2,0.0698,0.7302,0.0256,0.0455,1.0,0.0,5.0,0.0,0.0,0.0,0.0,0.0,0.2872,0.0,6.41,0.283,1.275,0.122,0.206,1.0,1.0,0.0,0.0,0.0,0.0,0.0,0.0,0.0,5.0,0.0
query_0080,R00813,2,0.0697,0.7594,0.025,0.1667,1.0,0.0,8.0,0.0,0.0,0.0,0.0,0.0,0.2673,0.0,16.337,1.149,3.131,0.129,0.595,1.0,1.0,0.0,0.0,0.0,0.0,0.0,0.0,0.0,25.0,0.0
query_0080,R06451,2,0.0,0.759,0.0,0.1429,0.0,0.0,6.0,0.0,0.0,0.0,0.0,0.0,0.0,0.0,0.0,0.0,0.0,0.0,0.0,1.0,1.0,0.0,0.0,0.0,0.0,0.0,0.0,0.0,5.0,0.0
query_0080,R10362,2,0.0,0.7524,0.0,0.1111,0.0,0.0,10.0,0.0,0.0,0.0,0.0,0.0,0.2373,0.0,31.36,0.757,7.424,0.226,0.564,1.0,1.0,0.0,0.0,0.0,0.0,0.0,0.0,0.0,50.0,0.0
query_0080,R00938,2,0.0,0.7503,0.0,0.1,0.0,0.0,10.0,0.0,0.0,0.0,0.0,0.0,0.209,0.0,45.518,0.779,10.807,0.307,0.896,1.0,1.0,0.0,0.0,0.0,0.0,0.0,0.0,0.0,30.0,0.0
query_0080,R10200,2,0.0,0.737,0.0,0.0625,0.0,0.0,9.0,0.0,0.0,0.0,0.0,0.0,0.2779,0.0,11.07,0.541,2.393,0.123,0.744,1.0,1.0,0.0,0.0,0.0,0.0,0.0,0.0,0.0,25.0,0.0
query_0080,R01527,2,0.0,0.7328,0.0,0.0588,0.0,0.0,7.0,0.0,0.0,0.0,0.0,0.0,0.2774,0.0,11.275,0.022,2.154,0.005,0.029,1.0,1.0,0.0,0.0,0.0,0.0,0.0,0.0,0.0,20.0,0.0
query_0080,R03679,2,0.0,0.7326,0.0,0.0556,0.0,0.0,10.0,0.0,0.0,0.0,0.0,0.0,0.0498,0.0,174.887,3.043,15.546,12.25,2.641,1.0,1.0,0.0,0.0,0.0,0.0,0.0,0.0,0.0,11.0,0.0
query_0081,R00412,2,0.43,0.7521,1.0,0.0588,1.0,4.0,14.0,0.2857,0.3158,0.0,0.0,4.0,0.7161,0.0,91.966,4.855,9.651,5.177,3.735,1.0,1.0,0.0,0.0,0.0,0.0,0.0,0.0,0.0,60.0,0.0
query_0081,R01406,2,0.3074,0.7858,0.5,0.5,1.0,4.0,13.0,0.3077,0.35,0.0,0.0,4.0,0.7165,0.0,91.73,1.733,7.623,6.813,1.973,1.0,1.0,0.0,0.0,0.0,0.0,0.0,0.0,0.0,45.0,0.0
query_0081,R13200,1,0.2515,0.0,0.25,0.0,0.0,3.0,14.0,0.2143,0.2857,0.0,0.0,3.0,0.8186,0.0,40.684,1.724,9.085,0.388,2.02,1.0,1.0,0.0,0.0,0.0,0.0,0.0,0.0,0.0,75.0,0.0
query_0081,R00354,2,0.2456,0.7513,0.2,0.0556,1.0,3.0,13.0,0.2308,0.3158,0.0,0.0,3.0,0.86,0.0,20.014,0.741,1.566,1.527,0.898,1.0,1.0,0.0,0.0,0.0,0.0,0.0,0.0,0.0,80.0,0.0
query_0081,R03998,2,0.2231,0.7743,0.1429,0.2,1.0,3.0,16.0,0.1875,0.2609,0.0,0.0,3.0,0.7505,0.0,74.731,2.217,3.232,6.355,1.024,1.0,1.0,0.0,0.0,0.0,0.0,0.0,0.0,0.0,100.0,0.0
query_0081,R00351,1,0.2177,0.0,0.125,0.0,0.0,3.0,13.0,0.2308,0.3333,0.0,0.0,3.0,0.69,0.0,105.007,2.254,13.063,5.721,2.462,1.0,1.0,0.0,0.0,0.0,0.0,0.0,0.0,0.0,65.0,0.0
query_0081,R00149,1,0.21,0.0,0.1,0.0,0.0,3.0,14.0,0.2143,0.2727,0.0,0.0,3.0,0.7092,0.0,95.409,4.832,9.793,5.461,3.829,1.0,1.0,0.0,0.0,0.0,0.0,0.0,0.0,0.0,40.0,0.0
query_0081,R02424,1,0.1984,0.0,0.0833,0.0,0.0,3.0,13.0,0.2308,0.2941,0.0,0.0,3.0,0.6972,0.0,101.419,2.142,12.143,5.714,2.381,1.0,1.0,0.0,0.0,0.0,0.0,0.0,0.0,0.0,65.0,0.0
query_0081,R01312,1,0.1962,0.0,0.0769,0.0,0.0,3.0,12.0,0.25,0.3333,0.0,0.0,3.0,0.6321,0.0,133.965,6.966,19.153,3.723,5.037,1.0,1.0,0.0,0.0,0.0,0.0,0.0,0.0,0.0,55.0,0.0
query_0081,R09453,1,0.1745,0.0,0.0714,0.0,0.0,3.0,12.0,0.25,0.2941,0.0,0.0,3.0,0.3682,0.0,265.923,13.838,38.069,7.327,10.018,1.0,1.0,0.0,0.0,0.0,0.0,0.0,0.0,0.0,50.0,0.0
query_0081,R03909,2,0.1701,0.7685,0.0625,0.1111,1.0,3.0,14.0,0.2143,0.35,0.0,0.0,3.0,0.7263,0.0,86.859,1.638,7.567,6.204,1.949,1.0,1.0,0.0,0.0,0.0,0.0,0.0,0.0,0.0,30.0,0.0
query_0081,R07398,1,0.1699,0.0,0.0588,0.0,0.0,2.0,14.0,0.1429,0.1429,0.0,0.0,2.0,0.7191,0.0,90.444,2.529,13.476,4.022,4.072,1.0,1.0,0.0,0.0,0.0,0.0,0.0,0.0,0.0,45.0,0.0
query_0081,R00655,2,0.1696,0.7495,0.0556,0.0476,1.0,3.0,18.0,0.1667,0.2069,0.0,0.0,3.0,0.6878,0.0,106.108,3.475,16.882,3.342,3.808,1.0,1.0,0.0,0.0,0.0,0.0,0.0,0.0,0.0,65.0,0.0
query_0081,R01544,1,0.1653,0.0,0.0526,0.0,0.0,2.0,16.0,0.125,0.1429,0.0,0.0,2.0,0.4947,0.0,202.667,2.042,3.705,20.491,0.083,1.0,1.0,0.0,0.0,0.0,0.0,0.0,0.0,0.0,65.0,0.0
query_0081,R08990,2,0.1603,0.7422,0.0476,0.0294,1.0,3.0,18.0,0.1667,0.2069,0.0,0.0,3.0,0.4581,0.0,220.938,6.692,39.794,5.608,6.497,1.0,1.0,0.0,0.0,0.0,0.0,0.0,0.0,0.0,55.0,0.0
query_0081,R05727,1,0.1546,0.0,0.0455,0.0,0.0,3.0,11.0,0.2727,0.3158,0.0,0.0,3.0,0.7169,0.0,91.552,1.384,5.87,7.658,2.07,1.0,1.0,0.0,0.0,0.0,0.0,0.0,0.0,0.0,30.0,0.0
query_0081,R08017,2,0.1486,0.7407,0.0435,0.027,1.0,3.0,15.0,0.2,0.24,0.0,0.0,3.0,0.586,0.0,157.0,3.465,20.98,8.05,5.452,1.0,1.0,0.0,0.0,0.0,0.0,0.0,0.0,0.0,40.0,0.0
query_0081,R01836,0,0.1465,0.0,0.0417,0.0,0.0,2.0,11.0,0.1818,0.2353,0.0,0.0,2.0,0.7643,0.0,67.867,3.055,8.154,3.183,1.985,1.0,1.0,0.0,0.0,0.0,0.0,0.0,0.0,0.0,45.0,0.0
query_0081,R10343,0,0.1443,0.0,0.04,0.0,0.0,2.0,15.0,0.1333,0.2273,0.0,0.0,2.0,0.3416,0.0,620.819,6.101,30.538,54.747,4.441,1.0,1.0,0.0,0.0,0.0,0.0,0.0,0.0,0.0,35.0,0.0
query_0081,R11006,2,0.1388,0.7479,0.0385,0.0385,1.0,3.0,15.0,0.2,0.2308,0.0,0.0,3.0,0.2121,0.0,343.971,14.828,29.896,21.908,8.68,1.0,1.0,0.0,0.0,0.0,0.0,0.0,0.0,0.0,60.0,0.0
query_0081,R08924,1,0.1384,0.0,0.037,0.0,0.0,3.0,14.0,0.2143,0.2727,0.0,0.0,3.0,0.8,0.0,49.995,2.648,4.381,2.781,1.185,1.0,1.0,0.0,0.0,0.0,0.0,0.0,0.0,0.0,60.0,0.0
query_0081,R04540,0,0.1333,0.0,0.0345,0.0,0.0,2.0,13.0,0.1538,0.1667,0.0,0.0,1.0,0.7821,0.0,58.932,1.643,9.358,2.318,1.792,1.0,1.0,0.0,0.0,0.0,0.0,0.0,0.0,0.0,50.0,0.0
query_0081,R04740,1,0.1253,0.0,0.0333,0.0,0.0,2.0,9.0,0.2222,0.2143,0.0,0.0,2.0,0.8702,0.0,14.887,0.679,2.853,0.392,1.049,1.0,1.0,0.0,0.0,0.0,0.0,0.0,0.0,0.0,40.0,0.0
query_0081,R00186,0,0.1228,0.0,0.0312,0.0,0.0,2.0,16.0,0.125,0.1538,0.0,0.0,2.0,0.462,0.0,219.0,5.846,42.797,4.186,5.582,1.0,1.0,0.0,0.0,0.0,0.0,0.0,0.0,0.0,45.0,0.0
query_0081,R05268,0,0.121,0.0,0.0303,0.0,0.0,0.0,12.0,0.0,0.1,0.0,0.0,2.0,0.8779,0.0,11.07,0.541,2.392,0.123,0.744,1.0,1.0,0.0,0.0,0.0,0.0,0.0,0.0,0.0,40.0,0.0
query_0081,R10524,1,0.1206,0.0,0.0294,0.0,0.0,3.0,14.0,0.2143,0.2381,0.0,0.0,3.0,0.7568,0.0,71.594,2.276,8.505,3.76,2.039,1.0,1.0,0.0,0.0,0.0,0.0,0.0,0.0,0.0,40.0,0.0
query_0081,R02483,0,0.1202,0.0,0.0286,0.0,0.0,2.0,16.0,0.125,0.1818,0.0,0.0,2.0,0.832,0.0,34.001,1.357,7.53,0.435,1.809,1.0,1.0,0.0,0.0,0.0,0.0,0.0,0.0,0.0,50.0,0.0
query_0081,R02207,0,0.1175,0.0,0.0278,0.0,0.0,2.0,12.0,0.1667,0.2105,0.0,0.0,2.0,0.8033,0.0,48.351,0.826,3.606,3.889,1.447,1.0,1.0,0.0,0.0,0.0,0.0,0.0,0.0,0.0,50.0,0.0
query_0081,R08450,0,0.117,0.0,0.027,0.0,0.0,0.0,11.0,0.0,0.1053,0.0,0.0,2.0,0.8579,0.0,21.035,0.798,4.829,0.112,1.008,1.0,1.0,0.0,0.0,0.0,0.0,0.0,0.0,0.0,45.0,0.0
query_0081,R02420,0,0.1165,0.0,0.0256,0.0,0.0,2.0,15.0,0.1333,0.1667,0.0,0.0,2.0,0.4847,0.0,207.651,8.351,34.92,5.634,6.654,1.0,1.0,0.0,0.0,0.0,0.0,0.0,0.0,0.0,40.0,0.0
query_0081,R07722,2,0.0,0.8125,0.0,1.0,0.0,3.0,19.0,0.1579,0.25,0.0,0.0,2.0,0.7572,0.0,71.392,2.975,16.012,0.706,3.144,1.0,1.0,0.0,0.0,0.0,0.0,0.0,0.0,0.0,35.0,0.0
query_0081,R01746,2,0.0,0.7801,0.0,0.3333,0.0,2.0,8.0,0.25,0.3,0.0,0.0,2.0,0.7933,0.0,53.344,3.259,8.844,1.052,2.332,1.0,1.0,0.0,0.0,0.0,0.0,0.0,0.0,0.0,60.0,0.0
query_0081,R08645,2,0.0,0.7741,0.0,0.1667,0.0,4.0,18.0,0.2222,0.3333,0.0,0.0,4.0,0.8269,0.0,36.567,1.615,8.068,0.43,1.986,1.0,1.0,0.0,0.0,0.0,0.0,0.0,0.0,0.0,45.0,0.0
query_0081,R05878,2,0.0,0.771,0.0,0.1429,0.0,2.0,8.0,0.25,0.3077,0.0,0.0,2.0,0.758,0.0,71.004,2.704,13.462,1.721,3.881,1.0,1.0,0.0,0.0,0.0,0.0,0.0,0.0,0.0,50.0,0.0
query_0081,R10664,2,0.0,0.7709,0.0,0.125,0.0,2.0,19.0,0.1053,0.1905,0.0,0.0,2.0,0.8282,0.0,35.89,0.935,7.113,0.8,1.212,1.0,1.0,0.0,0.0,0.0,0.0,0.0,0.0,0.0,25.0,0.0
query_0081,R06710,2,0.0,0.76,0.0,0.1,0.0,3.0,19.0,0.1579,0.2,0.0,0.0,3.0,0.2994,0.0,300.294,2.717,8.458,29.463,1.73,1.0,1.0,0.0,0.0,0.0,0.0,0.0,0.0,0.0,50.0,0.0
query_0081,R05073,2,0.0,0.7576,0.0,0.0909,0.0,3.0,23.0,0.1304,0.1818,0.0,0.0,3.0,0.5942,0.0,152.921,2.65,12.616,11.107,2.234,1.0,1.0,0.0,0.0,0.0,0.0,0.0,0.0,0.0,80.0,0.0
query_0081,R05567,2,0.0,0.7565,0.0,0.0833,0.0,3.0,15.0,0.2,0.2727,0.0,0.0,3.0,0.757,0.0,71.485,1.636,8.671,4.128,1.903,1.0,1.0,0.0,0.0,0.0,0.0,0.0,0.0,0.0,30.0,0.0
query_0081,R00361,2,0.0,0.7556,0.0,0.0769,0.0,3.0,14.0,0.2143,0.3,0.0,0.0,3.0,0.5811,0.0,159.442,2.503,13.844,11.706,3.961,1.0,1.0,0.0,0.0,0.0,0.0,0.0,0.0,0.0,45.0,0.0
query_0081,R10307,2,0.0,0.753,0.0,0.0667,0.0,2.0,15.0,0.1333,0.2105,0.0,0.0,2.0,0.7595,0.0,70.243,2.338,15.733,0.5,1.476,1.0,1.0,0.0,0.0,0.0,0.0,0.0,0.0,0.0,25.0,0.0
query_0083,R04648,1,0.225,0.0,1.0,0.0,0.0,4.0,11.0,0.3636,0.4,0.0,0.0,2.0,0.4364,0.0,131.79,7.902,24.419,1.111,6.035,1.0,1.0,0.0,0.0,0.0,0.0,0.0,0.0,0.0,35.0,0.0
query_0083,R02942,2,0.2247,0.7777,0.5,0.5,1.0,4.0,11.0,0.3636,0.4,0.0,0.0,2.0,0.1338,0.0,283.085,14.28,42.433,7.538,10.126,1.0,1.0,0.0,0.0,0.0,0.0,0.0,0.0,0.0,30.0,0.0
query_0083,R08872,2,0.2137,0.7483,0.3333,0.0714,1.0,4.0,12.0,0.3333,0.4444,0.0,0.0,2.0,0.3901,0.0,154.966,6.926,19.813,5.979,5.453,1.0,1.0,0.0,0.0,0.0,0.0,0.0,0.0,0.0,45.0,0.0
query_0083,R02406,1,0.2089,0.0,0.25,0.0,0.0,2.0,12.0,0.1667,0.4,0.0,0.0,2.0,0.3941,0.0,152.957,6.83,19.576,5.86,5.397,1.0,1.0,0.0,0.0,0.0,0.0,0.0,0.0,0.0,45.0,0.0
query_0083,R03362,1,0.1874,0.0,0.2,0.0,0.0,2.0,16.0,0.125,0.24,0.0,0.0,2.0,0.3938,0.0,153.117,8.426,30.051,1.105,6.445,1.0,1.0,0.0,0.0,0.0,0.0,0.0,0.0,0.0,50.0,0.0
query_0083,R02191,1,0.174,0.0,0.1667,0.0,0.0,3.0,17.0,0.1765,0.2083,0.0,0.0,1.0,0.3622,0.0,168.889,2.783,15.788,11.535,2.647,1.0,1.0,0.0,0.0,0.0,0.0,0.0,0.0,0.0,40.0,0.0
query_0083,R04419,1,0.1734,0.0,0.1429,0.0,0.0,4.0,27.0,0.1481,0.2571,0.0,0.0,2.0,0.3004,0.0,199.789,5.419,21.093,11.657,5.972,1.0,1.0,0.0,0.0,0.0,0.0,0.0,0.0,0.0,40.0,0.0
query_0083,R07279,1,0.1723,0.0,0.125,0.0,0.0,3.0,12.0,0.25,0.2632,0.0,0.0,1.0,0.4674,0.0,116.297,1.284,4.712,11.011,2.595,1.0,1.0,0.0,0.0,0.0,0.0,0.0,0.0,0.0,20.0,0.0
query_0083,R01591,1,0.1701,0.0,0.1111,0.0,0.0,3.0,11.0,0.2727,0.2941,0.0,0.0,1.0,0.002,0.0,351.014,5.849,63.786,7.508,1.746,1.0,1.0,0.0,0.0,0.0,0.0,0.0,0.0,0.0,65.0,0.0
query_0083,R05543,2,0.1696,0.7579,0.1,0.1,1.0,4.0,9.0,0.4444,0.5,0.0,0.0,2.0,0.1525,0.0,273.727,15.997,45.896,3.628,11.053,1.0,1.0,0.0,0.0,0.0,0.0,0.0,0.0,0.0,25.0,0.0
query_0083,R01504,1,0.1678,0.0,0.0909,0.0,0.0,4.0,16.0,0.25,0.2692,0.0,0.0,2.0,0.6135,0.0,43.241,1.046,3.949,2.717,0.749,1.0,1.0,0.0,0.0,0.0,0.0,0.0,0.0,0.0,55.0,0.0
query_0083,R13368,1,0.1661,0.0,0.0833,0.0,0.0,2.0,7.0,0.2857,0.3,0.0,0.0,1.0,0.4287,0.0,135.662,4.681,22.778,5.108,3.831,1.0,1.0,0.0,0.0,0.0,0.0,0.0,0.0,0.0,10.0,0.0
query_0083,R01118,1,0.1655,0.0,0.0769,0.0,0.0,2.0,12.0,0.1667,0.25,0.0,0.0,1.0,0.6017,0.0,49.148,0.717,2.443,4.396,0.823,1.0,1.0,0.0,0.0,0.0,0.0,0.0,0.0,0.0,40.0,0.0
query_0083,R01513,1,0.1648,0.0,0.0667,0.0,0.0,4.0,11.0,0.3636,0.4444,0.0,0.0,2.0,0.2855,0.0,207.24,12.518,38.17,1.173,8.884,1.0,1.0,0.0,0.0,0.0,0.0,0.0,0.0,0.0,25.0,0.0
query_0083,R09551,2,0.1642,0.7461,0.0625,0.0667,1.0,4.0,13.0,0.3077,0.4,0.0,0.0,2.0,0.2744,0.0,212.775,12.789,39.367,1.234,9.256,1.0,1.0,0.0,0.0,0.0,0.0,0.0,0.0,0.0,35.0,0.0
query_0083,R01643,1,0.1635,0.0,0.0588,0.0,0.0,2.0,14.0,0.1429,0.1765,0.0,0.0,0.0,0.1566,0.0,271.724,3.624,39.376,10.681,0.599,1.0,1.0,0.0,0.0,0.0,0.0,0.0,0.0,0.0,45.0,0.0
query_0083,R02760,1,0.1605,0.0,0.0556,0.0,0.0,2.0,13.0,0.1538,0.1667,0.0,0.0,1.0,0.4781,0.0,110.941,1.694,11.085,7.41,2.387,1.0,1.0,0.0,0.0,0.0,0.0,0.0,0.0,0.0,30.0,0.0
query_0083,R06920,2,0.1604,0.7759,0.0526,0.25,1.0,3.0,15.0,0.2,0.2727,0.0,0.0,2.0,0.0054,0.0,352.691,19.5,60.578,5.179,14.512,1.0,1.0,0.0,0.0,0.0,0.0,0.0,0.0,0.0,35.0,0.0
query_0083,R03459,1,0.158,0.0,0.05,0.0,0.0,2.0,10.0,0.2,0.4615,0.0,0.0,1.0,0.1294,0.0,285.301,1.404,5.673,29.526,1.208,1.0,1.0,0.0,0.0,0.0,0.0,0.0,0.0,0.0,55.0,0.0
query_0083,R00642,1,0.1549,0.0,0.0476,0.0,0.0,1.0,9.0,0.1111,0.1429,0.0,0.0,1.0,0.2757,0.0,487.846,21.697,88.731,5.676,13.283,1.0,1.0,0.0,0.0,0.0,0.0,0.0,0.0,0.0,40.0,0.0
query_0083,R06267,1,0.1546,0.0,0.0455,0.0,0.0,2.0,15.0,0.1333,0.1429,0.0,0.0,1.0,0.5523,0.0,73.831,2.185,8.999,3.634,1.805,1.0,1.0,0.0,0.0,0.0,0.0,0.0,0.0,0.0,50.0,0.0
query_0083,R08549,1,0.1542,0.0,0.0435,0.0,0.0,1.0,6.0,0.1667,0.1429,0.0,0.0,0.0,0.0,0.0,0.0,0.0,0.0,0.0,0.0,1.0,1.0,0.0,0.0,0.0,0.0,0.0,0.0,0.0,30.0,0.0
query_0083,R02251,1,0.152,0.0,0.0417,0.0,0.0,4.0,12.0,0.3333,0.4211,0.0,0.0,2.0,0.4492,0.0,125.403,6.681,21.221,2.026,5.053,1.0,1.0,0.0,0.0,0.0,0.0,0.0,0.0,0.0,30.0,0.0
query_0083,R09052,1,0.1495,0.0,0.0385,0.0,0.0,3.0,12.0,0.25,0.2857,0.0,0.0,2.0,0.5649,0.0,67.559,3.742,13.379,0.54,2.658,1.0,1.0,0.0,0.0,0.0,0.0,0.0,0.0,0.0,75.0,0.0
query_0083,R04337,1,0.1492,0.0,0.037,0.0,0.0,2.0,8.0,0.25,0.5,0.0,0.0,1.0,0.3586,0.0,170.719,3.888,7.634,14.854,2.123,1.0,1.0,0.0,0.0,0.0,0.0,0.0,0.0,0.0,30.0,0.0
query_0083,R07008,2,0.1489,0.0,0.0357,0.0,0.0,4.0,10.0,0.4,0.4444,0.0,0.0,2.0,0.2872,0.0,206.395,12.913,37.907,1.231,9.639,1.0,1.0,0.0,0.0,0.0,0.0,0.0,0.0,0.0,50.0,0.0
query_0083,R05955,0,0.1472,0.0,0.0345,0.0,0.0,1.0,9.0,0.1111,0.2727,0.0,0.0,2.0,0.1715,0.0,264.266,7.114,22.061,17.282,5.702,1.0,1.0,0.0,0.0,0.0,0.0,0.0,0.0,0.0,40.0,0.0
query_0083,R00677,1,0.1467,0.0,0.0333,0.0,0.0,3.0,11.0,0.2727,0.3,0.0,0.0,1.0,0.3924,0.0,153.813,5.381,23.11,6.15,5.74,1.0,1.0,0.0,0.0,0.0,0.0,0.0,0.0,0.0,20.0,0.0
query_0083,R03515,2,0.1458,0.7449,0.0323,0.0625,1.0,2.0,16.0,0.125,0.375,0.0,0.0,1.0,0.4721,0.0,113.956,0.964,3.842,11.054,0.778,1.0,1.0,0.0,0.0,0.0,0.0,0.0,0.0,0.0,40.0,0.0
query_0083,R11322,1,0.1451,0.0,0.0312,0.0,0.0,2.0,9.0,0.2222,0.3077,0.0,0.0,2.0,0.1715,0.0,264.266,7.114,22.061,17.282,5.702,1.0,1.0,0.0,0.0,0.0,0.0,0.0,0.0,0.0,40.0,0.0
query_0083,R06127,0,0.1437,0.0,0.0303,0.0,0.0,2.0,11.0,0.1818,0.2353,0.0,0.0,0.0,0.6067,0.0,46.673,1.61,6.32,1.848,1.031,1.0,1.0,0.0,0.0,0.0,0.0,0.0,0.0,0.0,20.0,0.0
query_0083,R01863,2,0.1435,0.0,0.0294,0.0,0.0,4.0,9.0,0.4444,0.5333,0.0,0.0,2.0,0.3304,0.0,515.179,27.692,96.919,4.384,21.181,1.0,1.0,0.0,0.0,0.0,0.0,0.0,0.0,0.0,40.0,0.0
query_0083,R05567,0,0.1431,0.0,0.0286,0.0,0.0,2.0,15.0,0.1333,0.2273,0.0,0.0,1.0,0.557,0.0,71.485,1.636,8.671,4.128,1.903,1.0,1.0,0.0,0.0,0.0,0.0,0.0,0.0,0.0,30.0,0.0
query_0083,R00347,1,0.143,0.0,0.0278,0.0,0.0,2.0,8.0,0.25,0.3,0.0,0.0,0.0,0.6093,0.0,45.328,0.923,3.611,3.265,1.044,1.0,1.0,0.0,0.0,0.0,0.0,0.0,0.0,0.0,90.0,0.0
query_0083,R05789,1,0.1423,0.0,0.027,0.0,0.0,4.0,17.0,0.2353,0.32,0.0,0.0,2.0,0.3867,0.0,156.673,5.098,19.798,7.971,5.494,1.0,1.0,0.0,0.0,0.0,0.0,0.0,0.0,0.0,30.0,0.0
query_0083,R05655,1,0.1408,0.0,0.0263,0.0,0.0,3.0,11.0,0.2727,0.3333,0.0,0.0,2.0,0.5215,0.0,89.259,4.841,14.243,1.738,3.63,1.0,1.0,0.0,0.0,0.0,0.0,0.0,0.0,0.0,185.0,0.0
query_0083,R08978,1,0.1399,0.0,0.0256,0.0,0.0,2.0,10.0,0.2,0.25,0.0,0.0,2.0,0.4667,0.0,116.661,6.025,17.596,2.864,4.37,1.0,1.0,0.0,0.0,0.0,0.0,0.0,0.0,0.0,55.0,0.0
query_0083,R04185,1,0.1397,0.0,0.025,0.0,0.0,4.0,13.0,0.3077,0.4,0.0,0.0,2.0,0.2915,0.0,204.269,12.577,37.326,1.316,8.893,1.0,1.0,0.0,0.0,0.0,0.0,0.0,0.0,0.0,35.0,0.0
query_0083,R09634,2,0.0,0.7816,0.0,1.0,0.0,1.0,14.0,0.0714,0.1364,0.0,0.0,1.0,0.2839,0.0,208.072,4.477,30.126,8.909,4.322,1.0,1.0,0.0,0.0,0.0,0.0,0.0,0.0,0.0,50.0,0.0
query_0083,R00162,2,0.0,0.7771,0.0,0.3333,0.0,1.0,14.0,0.0714,0.1364,0.0,0.0,1.0,0.2792,0.0,210.381,4.502,30.16,9.156,4.322,1.0,1.0,0.0,0.0,0.0,0.0,0.0,0.0,0.0,50.0,0.0
query_0085,R05591,2,0.3949,0.8085,1.0,0.25,1.0,3.0,8.0,0.375,0.3636,0.0,0.0,3.0,0.7418,0.0,129.086,6.581,23.474,1.814,4.17,1.0,1.0,0.0,0.0,0.0,0.0,0.0,0.0,0.0,55.0,0.0
query_0085,R02831,2,0.3805,0.8152,0.5,0.5,1.0,3.0,12.0,0.25,0.25,0.0,0.0,3.0,0.6004,0.0,199.803,7.719,25.93,8.682,5.029,1.0,1.0,0.0,0.0,0.0,0.0,0.0,0.0,0.0,65.0,0.0
query_0085,R08662,2,0.3596,0.0,0.3333,0.0,0.0,3.0,15.0,0.2,0.1905,0.0,0.0,3.0,0.5775,0.0,211.258,9.705,34.143,4.949,6.057,1.0,1.0,0.0,0.0,0.0,0.0,0.0,0.0,0.0,90.0,0.0
query_0085,R02515,2,0.3192,0.7819,0.25,0.0333,1.0,3.0,18.0,0.1667,0.2,0.0,0.0,3.0,0.3759,0.0,312.046,12.761,44.798,10.569,8.235,1.0,1.0,0.0,0.0,0.0,0.0,0.0,0.0,0.0,60.0,0.0
query_0085,R04402,2,0.3073,0.8134,0.2,0.3333,1.0,3.0,12.0,0.25,0.2222,0.0,0.0,3.0,0.308,0.0,345.992,13.531,52.824,10.931,8.961,1.0,1.0,0.0,0.0,0.0,0.0,0.0,0.0,0.0,35.0,0.0
query_0085,R10121,1,0.3001,0.0,0.1667,0.0,0.0,2.0,9.0,0.2222,0.2143,0.0,0.0,2.0,0.8382,0.0,80.918,4.15,14.137,1.212,2.395,1.0,1.0,0.0,0.0,0.0,0.0,0.0,0.0,0.0,330.0,0.0
query_0085,R00391,2,0.2968,0.7929,0.1429,0.0625,1.0,3.0,14.0,0.2143,0.2174,0.0,0.0,3.0,0.6056,0.0,197.19,7.255,25.469,8.469,4.482,1.0,1.0,0.0,0.0,0.0,0.0,0.0,0.0,0.0,45.0,0.0
query_0085,R03574,2,0.2802,0.7871,0.125,0.0435,1.0,3.0,12.0,0.25,0.2667,0.0,0.0,3.0,0.546,0.0,227.012,10.417,43.126,2.535,6.698,1.0,1.0,0.0,0.0,0.0,0.0,0.0,0.0,0.0,40.0,0.0
query_0085,R00717,2,0.274,0.7888,0.1111,0.05,1.0,2.0,11.0,0.1818,0.1765,0.0,0.0,1.0,0.4202,0.0,289.911,12.188,38.126,11.367,7.705,1.0,1.0,0.0,0.0,0.0,0.0,0.0,0.0,0.0,40.0,0.0
query_0085,R00643,1,0.2615,0.0,0.1,0.0,0.0,3.0,16.0,0.1875,0.2,0.0,0.0,2.0,0.7209,0.0,139.541,3.978,17.032,6.822,3.333,1.0,1.0,0.0,0.0,0.0,0.0,0.0,0.0,0.0,35.0,0.0
query_0085,R07025,1,0.255,0.0,0.0833,0.0,0.0,3.0,16.0,0.1875,0.2174,0.0,0.0,3.0,0.2946,0.0,352.691,16.223,54.638,9.361,9.783,1.0,1.0,0.0,0.0,0.0,0.0,0.0,0.0,0.0,50.0,0.0
query_0085,R13061,2,0.2532,0.7973,0.0769,0.0769,1.0,2.0,10.0,0.2,0.2,0.0,0.0,2.0,0.7544,0.0,122.814,5.78,19.639,2.8,3.292,1.0,1.0,0.0,0.0,0.0,0.0,0.0,0.0,0.0,35.0,0.0
query_0085,R02142,1,0.2493,0.0,0.0714,0.0,0.0,3.0,17.0,0.1765,0.1667,0.0,0.0,3.0,0.2203,0.0,389.832,13.788,47.971,17.996,10.011,1.0,1.0,0.0,0.0,0.0,0.0,0.0,0.0,0.0,55.0,0.0
query_0085,R08117,1,0.2175,0.0,0.0667,0.0,0.0,3.0,15.0,0.2,0.1429,0.0,0.0,2.0,0.8759,0.0,62.057,2.493,10.906,1.587,2.898,1.0,1.0,0.0,0.0,0.0,0.0,0.0,0.0,0.0,25.0,0.0
query_0085,R08626,1,0.2123,0.0,0.0625,0.0,0.0,3.0,30.0,0.1,0.1622,0.0,0.0,3.0,0.0036,0.0,501.796,15.439,82.289,13.331,8.121,1.0,1.0,0.0,0.0,0.0,0.0,0.0,0.0,0.0,60.0,0.0
query_0085,R06851,1,0.2052,0.0,0.0588,0.0,0.0,2.0,15.0,0.1333,0.1111,0.0,0.0,2.0,0.8167,0.0,91.671,1.301,7.616,6.812,1.93,1.0,1.0,0.0,0.0,0.0,0.0,0.0,0.0,0.0,50.0,0.0
query_0085,R04480,2,0.1978,0.8008,0.0556,0.1,1.0,3.0,19.0,0.1579,0.1667,0.0,0.0,3.0,0.5764,0.0,211.794,7.532,28.622,8.516,5.228,1.0,1.0,0.0,0.0,0.0,0.0,0.0,0.0,0.0,55.0,0.0
query_0085,R04259,1,0.1947,0.0,0.0526,0.0,0.0,4.0,25.0,0.16,0.125,0.0,0.0,2.0,0.6666,0.0,166.693,1.784,9.847,14.299,2.477,1.0,1.0,0.0,0.0,0.0,0.0,0.0,0.0,0.0,50.0,0.0
query_0085,R02683,1,0.1887,0.0,0.05,0.0,0.0,4.0,14.0,0.2857,0.2632,0.0,0.0,2.0,0.8124,0.0,93.825,1.458,8.105,6.903,2.345,1.0,1.0,0.0,0.0,0.0,0.0,0.0,0.0,0.0,60.0,0.0
query_0085,R02551,1,0.1691,0.0,0.0476,0.0,0.0,3.0,15.0,0.2,0.1905,0.0,0.0,3.0,0.6941,0.0,152.952,7.487,27.058,2.762,4.96,1.0,1.0,0.0,0.0,0.0,0.0,0.0,0.0,0.0,55.0,0.0
query_0085,R01561,1,0.1652,0.0,0.0455,0.0,0.0,3.0,14.0,0.2143,0.1818,0.0,0.0,3.0,0.7301,0.0,134.929,6.967,24.088,2.013,4.545,1.0,1.0,0.0,0.0,0.0,0.0,0.0,0.0,0.0,60.0,0.0
query_0085,R00152,2,0.1638,0.8058,0.0435,0.1429,1.0,1.0,11.0,0.0909,0.0625,0.0,0.0,0.0,0.9601,0.0,19.926,0.888,3.374,1.077,2.16,1.0,1.0,0.0,0.0,0.0,0.0,0.0,0.0,0.0,40.0,0.0
query_0085,R01074,1,0.1564,0.0,0.0417,0.0,0.0,3.0,29.0,0.1034,0.1613,0.0,0.0,2.0,0.4508,0.0,274.61,12.875,44.024,7.698,9.147,1.0,1.0,0.0,0.0,0.0,0.0,0.0,0.0,0.0,55.0,0.0
query_0085,R08548,2,0.1542,0.8205,0.04,1.0,1.0,3.0,11.0,0.2727,0.2632,0.0,0.0,3.0,0.4567,0.0,271.674,12.656,42.196,7.035,7.181,1.0,1.0,0.0,0.0,0.0,0.0,0.0,0.0,0.0,60.0,0.0
query_0085,R00210,2,0.1532,0.7785,0.0385,0.0286,1.0,3.0,16.0,0.1875,0.16,0.0,0.0,3.0,0.2881,0.0,355.937,11.951,64.293,7.262,8.755,1.0,1.0,0.0,0.0,0.0,0.0,0.0,0.0,0.0,30.0,0.0
query_0085,R08377,2,0.1528,0.7743,0.037,0.025,1.0,2.0,16.0,0.125,0.1176,0.0,0.0,2.0,0.9425,0.0,28.769,1.063,6.29,0.386,1.589,1.0,1.0,0.0,0.0,0.0,0.0,0.0,0.0,0.0,50.0,0.0
query_0085,R03605,2,0.1473,0.7771,0.0357,0.027,1.0,3.0,12.0,0.25,0.2222,0.0,0.0,3.0,0.7346,0.0,132.722,6.776,23.733,1.995,4.514,1.0,1.0,0.0,0.0,0.0,0.0,0.0,0.0,0.0,90.0,0.0
query_0085,R07015,2,0.1461,0.7894,0.0345,0.0526,1.0,1.0,8.0,0.125,0.0833,0.0,0.0,0.0,0.9326,0.0,33.683,0.233,0.685,3.474,0.315,1.0,1.0,0.0,0.0,0.0,0.0,0.0,0.0,0.0,425.0,0.0
query_0085,R05113,2,0.1418,0.7872,0.0333,0.0455,1.0,3.0,13.0,0.2308,0.2105,0.0,0.0,2.0,0.9491,0.0,25.426,0.879,5.802,0.269,1.497,1.0,1.0,0.0,0.0,0.0,0.0,0.0,0.0,0.0,155.0,0.0
query_0085,R07200,0,0.1395,0.0,0.0312,0.0,0.0,3.0,16.0,0.1875,0.2222,0.0,0.0,3.0,0.6244,0.0,187.818,5.354,19.803,10.991,3.497,1.0,1.0,0.0,0.0,0.0,0.0,0.0,0.0,0.0,40.0,0.0
query_0085,R10266,0,0.1395,0.0,0.0303,0.0,0.0,2.0,12.0,0.1667,0.1905,0.0,0.0,2.0,0.2898,0.0,355.084,7.389,69.452,5.562,4.2,1.0,1.0,0.0,0.0,0.0,0.0,0.0,0.0,0.0,65.0,0.0
query_0085,R08474,2,0.1366,0.803,0.0294,0.1111,1.0,3.0,14.0,0.2143,0.2174,0.0,0.0,3.0,0.2666,0.0,633.322,25.216,109.354,14.591,17.613,1.0,1.0,0.0,0.0,0.0,0.0,0.0,0.0,0.0,75.0,0.0
query_0085,R01581,0,0.1298,0.0,0.0286,0.0,0.0,3.0,16.0,0.1875,0.1905,0.0,0.0,2.0,0.9227,0.0,38.625,1.486,8.526,0.465,2.263,1.0,1.0,0.0,0.0,0.0,0.0,0.0,0.0,0.0,50.0,0.0
query_0085,R04812,1,0.1265,0.0,0.0278,0.0,0.0,3.0,11.0,0.2727,0.2308,0.0,0.0,2.0,0.92,0.0,40.011,1.009,5.626,1.907,1.597,1.0,1.0,0.0,0.0,0.0,0.0,0.0,0.0,0.0,35.0,0.0
query_0085,R02542,0,0.1253,0.0,0.027,0.0,0.0,2.0,11.0,0.1818,0.125,0.0,0.0,2.0,0.9096,0.0,45.222,0.925,5.213,2.78,1.639,1.0,1.0,0.0,0.0,0.0,0.0,0.0,0.0,0.0,45.0,0.0
query_0085,R06799,0,0.1235,0.0,0.0263,0.0,0.0,0.0,7.0,0.0,0.1538,0.0,0.0,2.0,0.9559,0.0,22.07,0.844,4.961,0.15,1.212,1.0,1.0,0.0,0.0,0.0,0.0,0.0,0.0,0.0,35.0,0.0
query_0085,R07164,1,0.1223,0.0,0.0256,0.0,0.0,3.0,12.0,0.25,0.3,0.0,0.0,3.0,0.3845,0.0,307.73,14.656,57.489,3.7,9.109,1.0,1.0,0.0,0.0,0.0,0.0,0.0,0.0,0.0,20.0,0.0
query_0085,R03876,2,0.0,0.8082,0.0,0.2,0.0,3.0,13.0,0.2308,0.1765,0.0,0.0,1.0,0.894,0.0,53.022,0.792,5.499,3.544,1.228,1.0,1.0,0.0,0.0,0.0,0.0,0.0,0.0,0.0,20.0,0.0
query_0085,R00346,2,0.0,0.8082,0.0,0.1667,0.0,1.0,8.0,0.125,0.0909,0.0,0.0,0.0,0.987,0.0,6.479,0.256,1.484,0.051,0.352,1.0,1.0,0.0,0.0,0.0,0.0,0.0,0.0,0.0,50.0,0.0
query_0085,R02576,2,0.0,0.8045,0.0,0.125,0.0,1.0,10.0,0.1,0.1176,0.0,0.0,1.0,0.5231,0.0,238.465,11.208,34.66,7.047,6.144,1.0,1.0,0.0,0.0,0.0,0.0,0.0,0.0,0.0,180.0,0.0
query_0086,R08906,1,0.2336,0.0,1.0,0.0,0.0,1.0,12.0,0.0833,0.2778,0.0,0.0,0.0,0.8396,0.0,130.203,1.615,17.122,6.439,1.253,1.0,1.0,0.0,0.0,0.0,0.0,0.0,0.0,0.0,50.0,0.0
query_0086,R06067,1,0.1845,0.0,0.5,0.0,0.0,1.0,13.0,0.0769,0.1667,0.0,0.0,0.0,0.9429,0.0,78.573,1.105,8.864,4.994,2.52,1.0,1.0,0.0,0.0,0.0,0.0,0.0,0.0,0.0,40.0,0.0
query_0086,R03459,2,0.1844,0.7514,0.3333,0.0256,1.0,2.0,10.0,0.2,0.3846,0.0,0.0,0.0,0.5294,0.0,285.301,1.404,5.673,29.526,1.208,1.0,1.0,0.0,0.0,0.0,0.0,0.0,0.0,0.0,55.0,0.0
query_0086,R03515,2,0.1748,0.7738,0.25,0.1667,1.0,2.0,16.0,0.125,0.3125,0.0,0.0,0.0,0.8721,0.0,113.956,0.964,3.842,11.054,0.778,1.0,1.0,0.0,0.0,0.0,0.0,0.0,0.0,0.0,40.0,0.0
query_0086,R04337,1,0.1742,0.0,0.2,0.0,0.0,2.0,8.0,0.25,0.4167,0.0,0.0,0.0,0.7586,0.0,170.719,3.888,7.634,14.854,2.123,1.0,1.0,0.0,0.0,0.0,0.0,0.0,0.0,0.0,30.0,0.0
query_0086,R04617,1,0.1717,0.0,0.1667,0.0,0.0,3.0,15.0,0.2,0.4091,0.0,0.0,0.0,0.7338,0.0,183.095,1.417,6.742,17.563,1.75,1.0,1.0,0.0,0.0,0.0,0.0,0.0,0.0,0.0,100.0,0.0
query_0086,R06596,1,0.1503,0.0,0.1429,0.0,0.0,0.0,11.0,0.0,0.1538,0.0,0.0,0.0,0.8418,0.0,129.117,4.882,9.584,8.269,0.678,1.0,1.0,0.0,0.0,0.0,0.0,0.0,0.0,0.0,25.0,0.0
query_0086,R08720,1,0.1501,0.0,0.125,0.0,0.0,2.0,14.0,0.1429,0.3333,0.0,0.0,0.0,0.8904,0.0,104.814,1.596,7.796,8.325,2.579,1.0,1.0,0.0,0.0,0.0,0.0,0.0,0.0,0.0,40.0,0.0
query_0086,R08329,0,0.1493,0.0,0.1111,0.0,0.0,1.0,19.0,0.0526,0.12,0.0,0.0,0.0,0.9037,0.0,98.127,1.268,8.592,7.297,2.593,1.0,0.0,0.0,0.0,0.0,0.0,0.0,0.0,0.0,70.0,0.0
query_0086,R06626,0,0.1452,0.0,0.1,0.0,0.0,1.0,13.0,0.0769,0.1875,0.0,0.0,0.0,0.934,0.0,82.983,1.012,7.324,6.2,1.68,1.0,1.0,0.0,0.0,0.0,0.0,0.0,0.0,0.0,30.0,0.0
query_0086,R01591,0,0.1449,0.0,0.0909,0.0,0.0,2.0,11.0,0.1818,0.2941,0.0,0.0,0.0,0.398,0.0,351.014,5.849,63.786,7.508,1.746,1.0,1.0,0.0,0.0,0.0,0.0,0.0,0.0,0.0,65.0,0.0
query_0086,R01118,0,0.1402,0.0,0.0833,0.0,0.0,1.0,12.0,0.0833,0.15,0.0,0.0,0.0,1.0017,0.0,49.148,0.717,2.443,4.396,0.823,1.0,1.0,0.0,0.0,0.0,0.0,0.0,0.0,0.0,40.0,0.0
query_0086,R13368,0,0.1401,0.0,0.0769,0.0,0.0,1.0,7.0,0.1429,0.1,0.0,0.0,0.0,0.8287,0.0,135.662,4.681,22.778,5.108,3.831,1.0,1.0,0.0,0.0,0.0,0.0,0.0,0.0,0.0,10.0,0.0
query_0086,R08549,0,0.1377,0.0,0.0714,0.0,0.0,1.0,6.0,0.1667,0.1429,0.0,0.0,0.0,0.0,0.0,0.0,0.0,0.0,0.0,0.0,1.0,1.0,0.0,0.0,0.0,0.0,0.0,0.0,0.0,30.0,0.0
query_0086,R00432,0,0.1367,0.0,0.0667,0.0,0.0,0.0,6.0,0.0,0.3,0.0,0.0,0.0,0.1978,0.0,451.094,8.395,38.844,32.708,10.068,1.0,1.0,0.0,0.0,0.0,0.0,0.0,0.0,0.0,40.0,0.0
query_0086,R07664,0,0.1325,0.0,0.0625,0.0,0.0,0.0,1.0,0.0,1.0,0.0,0.0,0.0,1.0976,0.0,1.197,0.011,0.051,0.113,0.03,1.0,1.0,0.0,0.0,0.0,0.0,0.0,0.0,0.0,10.0,0.0
query_0086,R04519,0,0.1279,0.0,0.0588,0.0,0.0,1.0,11.0,0.0909,0.1875,0.0,0.0,0.0,1.0018,0.0,49.077,0.842,3.717,3.862,0.839,1.0,0.0,0.0,0.0,0.0,0.0,0.0,0.0,0.0,35.0,0.0
query_0086,R00347,1,0.1277,0.0,0.0556,0.0,0.0,2.0,8.0,0.25,0.3,0.0,0.0,0.0,1.0093,0.0,45.328,0.923,3.611,3.265,1.044,1.0,1.0,0.0,0.0,0.0,0.0,0.0,0.0,0.0,90.0,0.0
query_0086,R05194,0,0.1257,0.0,0.0526,0.0,0.0,0.0,7.0,0.0,0.3,0.0,0.0,0.0,0.4443,0.0,327.842,6.166,13.977,29.417,6.52,1.0,1.0,0.0,0.0,0.0,0.0,0.0,0.0,0.0,90.0,0.0
query_0086,R04161,0,0.1225,0.0,0.05,0.0,0.0,1.0,11.0,0.0909,0.2353,0.0,0.0,0.0,0.8477,0.0,126.138,3.755,22.371,3.72,5.266,1.0,1.0,0.0,0.0,0.0,0.0,0.0,0.0,0.0,30.0,0.0
query_0086,R05567,0,0.121,0.0,0.0476,0.0,0.0,1.0,15.0,0.0667,0.1364,0.0,0.0,0.0,0.957,0.0,71.485,1.636,8.671,4.128,1.903,1.0,1.0,0.0,0.0,0.0,0.0,0.0,0.0,0.0,30.0,0.0
query_0086,R05770,0,0.1192,0.0,0.0455,0.0,0.0,2.0,12.0,0.1667,0.3684,0.0,0.0,0.0,1.0514,0.0,24.315,0.552,3.112,1.326,0.867,1.0,1.0,0.0,0.0,0.0,0.0,0.0,0.0,0.0,18.0,0.0
query_0086,R07496,0,0.1174,0.0,0.0435,0.0,0.0,1.0,6.0,0.1667,0.3,0.0,0.0,0.0,0.8229,0.0,138.574,3.641,6.902,11.87,2.991,1.0,0.0,0.0,0.0,1.0,0.0,0.0,0.0,0.0,40.0,0.0
query_0086,R04796,0,0.117,0.0,0.0417,0.0,0.0,0.0,7.0,0.0,0.2,0.0,0.0,0.0,0.5852,0.0,257.399,1.332,36.246,13.251,3.158,1.0,1.0,0.0,0.0,0.0,0.0,0.0,0.0,0.0,30.0,0.0
query_0086,R02848,0,0.1155,0.0,0.04,0.0,0.0,0.0,19.0,0.0,0.0345,0.0,0.0,0.0,0.8108,0.0,144.602,4.505,16.384,7.791,4.566,1.0,0.0,0.0,0.0,0.0,0.0,0.0,0.0,0.0,40.0,0.0
query_0086,R04028,1,0.1153,0.0,0.0385,0.0,0.0,2.0,9.0,0.2222,0.25,0.0,0.0,0.0,0.8984,0.0,100.816,1.454,8.456,7.378,1.901,1.0,1.0,0.0,0.0,0.0,0.0,0.0,0.0,0.0,10.0,0.0
query_0086,R04262,0,0.1134,0.0,0.037,0.0,0.0,1.0,10.0,0.1,0.2308,0.0,0.0,0.0,0.784,0.0,158.0,5.561,13.314,11.089,5.575,1.0,1.0,0.0,0.0,0.0,0.0,0.0,0.0,0.0,50.0,0.0
query_0086,R00688,1,0.1122,0.0,0.0357,0.0,0.0,2.0,9.0,0.2222,0.3125,0.0,0.0,0.0,0.998,0.0,51.006,0.877,4.616,3.683,0.971,1.0,0.0,0.0,0.0,0.0,0.0,0.0,0.0,0.0,20.0,0.0
query_0086,R03051,0,0.1092,0.0,0.0345,0.0,0.0,2.0,12.0,0.1667,0.2632,0.0,0.0,0.0,0.9795,0.0,60.259,0.695,3.909,5.093,1.375,1.0,1.0,0.0,0.0,0.0,0.0,0.0,0.0,0.0,25.0,0.0
query_0086,R06111,0,0.109,0.0,0.0333,0.0,0.0,0.0,8.0,0.0,0.2308,0.0,0.0,0.0,0.6212,0.0,239.411,7.544,41.621,5.412,0.42,1.0,1.0,0.0,0.0,0.0,0.0,0.0,0.0,0.0,70.0,0.0
query_0086,R03975,0,0.107,0.0,0.0323,0.0,0.0,1.0,13.0,0.0769,0.2105,0.0,0.0,0.0,0.9762,0.0,61.913,1.927,11.509,1.757,1.818,1.0,1.0,0.0,0.0,0.0,0.0,0.0,0.0,0.0,45.0,0.0
query_0086,R00752,2,0.1068,0.7751,0.0312,0.2,1.0,2.0,17.0,0.1176,0.1304,0.0,0.0,0.0,0.3882,0.0,355.923,3.022,12.509,34.916,3.146,1.0,1.0,0.0,0.0,0.0,0.0,0.0,0.0,0.0,90.0,0.0
query_0086,R12269,0,0.1064,0.0,0.0303,0.0,0.0,1.0,10.0,0.1,0.1765,0.0,0.0,0.0,0.9978,0.0,51.077,1.134,4.322,3.734,1.123,1.0,1.0,0.0,0.0,0.0,0.0,0.0,0.0,0.0,45.0,0.0
query_0086,R03672,1,0.1063,0.0,0.0294,0.0,0.0,2.0,9.0,0.2222,0.3333,0.0,0.0,0.0,0.9599,0.0,70.039,0.462,1.728,7.137,1.002,1.0,1.0,0.0,0.0,0.0,0.0,0.0,0.0,0.0,55.0,0.0
query_0086,R00043,0,0.105,0.0,0.0286,0.0,0.0,2.0,20.0,0.1,0.2069,0.0,0.0,0.0,0.9008,0.0,99.621,1.592,8.186,7.463,2.367,1.0,1.0,0.0,0.0,0.0,0.0,0.0,0.0,0.0,25.0,0.0
query_0086,R07500,0,0.1049,0.0,0.0278,0.0,0.0,2.0,21.0,0.0952,0.2333,0.0,0.0,0.0,0.96,0.0,70.013,2.08,10.307,2.936,2.462,1.0,1.0,0.0,0.0,0.0,0.0,0.0,0.0,0.0,35.0,0.0
query_0086,R06410,0,0.1041,0.0,0.027,0.0,0.0,2.0,23.0,0.087,0.0882,0.0,0.0,0.0,0.9757,0.0,62.169,1.382,7.206,3.678,1.581,1.0,1.0,0.0,0.0,0.0,0.0,0.0,0.0,0.0,30.0,0.0
query_0086,R06860,0,0.1031,0.0,0.0263,0.0,0.0,1.0,6.0,0.1667,0.25,0.0,0.0,0.0,0.8229,0.0,138.574,3.641,6.902,11.87,2.991,1.0,0.0,0.0,0.0,1.0,0.0,0.0,0.0,0.0,40.0,0.0
query_0086,R02413,0,0.1029,0.0,0.0256,0.0,0.0,1.0,7.0,0.1429,0.0909,0.0,0.0,0.0,0.7168,0.0,191.613,3.626,40.279,1.272,1.283,1.0,1.0,0.0,0.0,0.0,0.0,0.0,0.0,0.0,35.0,0.0
query_0086,R04341,0,0.1025,0.0,0.025,0.0,0.0,2.0,11.0,0.1818,0.2778,0.0,0.0,0.0,0.7345,0.0,182.733,5.245,24.508,9.553,4.729,1.0,1.0,0.0,0.0,0.0,0.0,0.0,0.0,0.0,30.0,0.0
query_0088,R10919,2,0.3057,0.6936,1.0,0.0303,1.0,5.0,23.0,0.2174,0.2571,0.0,0.0,5.0,0.6888,0.0,355.6,3.78,22.631,30.073,5.628,1.0,0.0,0.0,0.0,0.0,0.0,0.0,0.0,0.0,55.0,0.0
query_0088,R02612,1,0.3047,0.0,0.5,0.0,0.0,5.0,15.0,0.3333,0.3333,0.0,0.0,4.0,1.2814,0.0,59.282,1.204,6.218,3.779,1.802,1.0,0.0,0.0,0.0,0.0,0.0,0.0,0.0,0.0,55.0,0.0
query_0088,R01657,2,0.2987,0.6977,0.3333,0.0476,1.0,5.0,17.0,0.2941,0.3462,0.0,0.0,5.0,1.1979,0.0,101.036,1.117,8.732,7.323,1.759,1.0,1.0,0.0,0.0,0.0,0.0,0.0,0.0,0.0,180.0,0.0
query_0088,R02622,2,0.2803,0.6971,0.25,0.0435,1.0,5.0,19.0,0.2632,0.35,0.0,0.0,4.0,1.2926,0.0,53.676,2.01,11.926,0.509,2.531,1.0,0.0,0.0,0.0,0.0,0.0,0.0,0.0,0.0,70.0,0.0
query_0088,R03682,1,0.2753,0.0,0.2,0.0,0.0,5.0,13.0,0.3846,0.3636,0.0,0.0,4.0,1.1932,0.0,103.382,0.622,4.274,9.714,1.053,1.0,1.0,0.0,0.0,0.0,0.0,0.0,0.0,0.0,30.0,0.0
query_0088,R02453,2,0.275,0.7351,0.1667,0.3333,1.0,3.0,8.0,0.375,0.4167,0.0,0.0,2.0,1.0841,0.0,157.945,3.035,17.842,9.409,3.034,1.0,0.0,0.0,0.0,0.0,0.0,0.0,0.0,0.0,60.0,0.0
query_0088,R04964,2,0.2654,0.7221,0.1429,0.1667,1.0,3.0,17.0,0.1765,0.16,0.0,0.0,2.0,1.1476,0.0,126.21,1.237,7.988,10.573,1.587,1.0,0.0,0.0,0.0,0.0,0.0,0.0,0.0,0.0,85.0,0.0
query_0088,R07742,1,0.2633,0.0,0.125,0.0,0.0,4.0,20.0,0.2,0.2727,0.0,0.0,4.0,1.1853,0.0,107.35,2.071,15.396,5.159,3.587,1.0,0.0,0.0,0.0,0.0,0.0,0.0,0.0,0.0,70.0,0.0
query_0088,R12253,1,0.2497,0.0,0.1111,0.0,0.0,5.0,15.0,0.3333,0.3478,0.0,0.0,5.0,1.258,0.0,70.996,2.472,12.748,2.039,2.508,1.0,0.0,0.0,0.0,0.0,0.0,0.0,0.0,0.0,60.0,0.0
query_0088,R10059,2,0.2489,0.7234,0.1,0.2,1.0,5.0,24.0,0.2083,0.2353,0.0,0.0,4.0,1.0066,0.0,196.718,3.346,16.735,14.739,5.054,1.0,0.0,0.0,0.0,0.0,0.0,0.0,0.0,0.0,80.0,0.0
query_0088,R02566,1,0.2423,0.0,0.0909,0.0,0.0,5.0,19.0,0.2632,0.28,0.0,0.0,4.0,1.2167,0.0,91.655,1.671,11.718,4.808,2.103,1.0,1.0,0.0,0.0,0.0,0.0,0.0,0.0,0.0,55.0,0.0
query_0088,R02888,1,0.237,0.0,0.0833,0.0,0.0,4.0,24.0,0.1667,0.2258,0.0,0.0,3.0,1.1318,0.0,134.105,2.768,15.569,8.128,4.494,1.0,0.0,0.0,0.0,0.0,0.0,0.0,0.0,0.0,70.0,0.0
query_0088,R01307,2,0.2318,0.7646,0.0769,0.5,1.0,5.0,16.0,0.3125,0.3478,0.0,0.0,4.0,1.0765,0.0,161.76,4.776,29.45,4.52,6.627,1.0,0.0,0.0,0.0,0.0,0.0,0.0,0.0,0.0,45.0,0.0
query_0088,R02993,2,0.2259,0.0,0.0714,0.0,0.0,5.0,12.0,0.4167,0.45,0.0,0.0,4.0,1.2934,0.0,53.287,0.364,2.926,4.677,0.707,1.0,0.0,0.0,0.0,0.0,0.0,0.0,0.0,0.0,30.0,0.0
query_0088,R02582,2,0.2229,0.7057,0.0667,0.0909,1.0,5.0,20.0,0.25,0.2812,0.0,0.0,5.0,0.7515,0.0,324.226,2.84,15.587,29.484,3.677,1.0,0.0,0.0,0.0,0.0,0.0,0.0,0.0,0.0,50.0,0.0
query_0088,R09841,1,0.2221,0.0,0.0625,0.0,0.0,3.0,21.0,0.1429,0.1111,0.0,0.0,1.0,1.2708,0.0,64.608,2.129,10.191,2.638,2.654,1.0,1.0,0.0,0.0,0.0,0.0,0.0,0.0,0.0,80.0,0.0
query_0088,R02204,1,0.2173,0.0,0.0588,0.0,0.0,5.0,20.0,0.25,0.2667,0.0,0.0,5.0,0.4998,0.0,450.111,8.323,85.972,7.592,2.56,1.0,0.0,0.0,0.0,0.0,0.0,0.0,0.0,0.0,95.0,0.0
query_0088,R07113,1,0.2165,0.0,0.0556,0.0,0.0,3.0,8.0,0.375,0.5,0.0,0.0,3.0,1.3588,0.0,20.591,1.218,2.763,0.676,0.618,1.0,1.0,0.0,0.0,0.0,0.0,0.0,0.0,0.0,15.0,0.0
query_0088,R01696,1,0.2143,0.0,0.0526,0.0,0.0,5.0,29.0,0.1724,0.2093,0.0,0.0,5.0,0.3247,0.0,537.659,10.482,97.032,12.367,4.976,1.0,0.0,0.0,0.0,0.0,0.0,0.0,0.0,0.0,85.0,0.0
query_0088,R00622,1,0.2131,0.0,0.05,0.0,0.0,5.0,22.0,0.2273,0.2571,0.0,0.0,5.0,1.1189,0.0,140.527,4.047,24.284,4.807,5.678,1.0,0.0,0.0,0.0,0.0,0.0,0.0,0.0,0.0,70.0,0.0
query_0088,R04056,1,0.2131,0.0,0.0476,0.0,0.0,3.0,12.0,0.25,0.2632,0.0,0.0,3.0,0.6997,0.0,350.159,8.328,23.878,28.315,6.449,1.0,1.0,0.0,0.0,0.0,0.0,0.0,0.0,0.0,40.0,0.0
query_0088,R02317,2,0.211,0.6937,0.0455,0.0312,1.0,3.0,18.0,0.1667,0.125,0.0,0.0,3.0,1.2913,0.0,54.334,0.829,4.329,4.204,1.044,1.0,0.0,0.0,0.0,0.0,0.0,0.0,0.0,0.0,60.0,0.0
query_0088,R05657,2,0.21,0.7258,0.0435,0.25,1.0,3.0,18.0,0.1667,0.1304,0.0,0.0,3.0,1.3105,0.0,44.748,1.4,9.668,0.533,1.503,1.0,1.0,0.0,0.0,0.0,0.0,0.0,0.0,0.0,70.0,0.0
query_0088,R01344,2,0.2074,0.697,0.0417,0.0417,1.0,4.0,19.0,0.2105,0.2083,0.0,0.0,4.0,1.2253,0.0,87.326,3.137,8.883,4.866,1.219,1.0,0.0,0.0,0.0,0.0,0.0,0.0,0.0,0.0,30.0,0.0
query_0088,R04274,1,0.2017,0.0,0.04,0.0,0.0,5.0,23.0,0.2174,0.2286,0.0,0.0,4.0,1.0291,0.0,185.447,2.318,9.435,16.36,2.036,1.0,0.0,0.0,0.0,0.0,0.0,0.0,0.0,0.0,30.0,0.0
query_0088,R08019,1,0.1961,0.0,0.0385,0.0,0.0,5.0,22.0,0.2273,0.2727,0.0,0.0,5.0,0.6287,0.0,385.635,2.946,20.223,34.127,4.339,1.0,0.0,0.0,0.0,0.0,0.0,0.0,0.0,0.0,70.0,0.0
query_0088,R11746,2,0.195,0.696,0.037,0.0385,1.0,3.0,13.0,0.2308,0.1667,0.0,0.0,3.0,1.2714,0.0,64.302,1.362,7.795,3.651,1.548,1.0,0.0,0.0,0.0,0.0,0.0,0.0,0.0,0.0,35.0,0.0
query_0088,R08891,1,0.1874,0.0,0.0357,0.0,0.0,3.0,15.0,0.2,0.1739,0.0,0.0,3.0,1.0998,0.0,150.115,3.196,16.379,9.197,3.76,1.0,0.0,0.0,0.0,0.0,0.0,0.0,0.0,0.0,40.0,0.0
query_0088,R10287,1,0.1852,0.0,0.0345,0.0,0.0,3.0,23.0,0.1304,0.1471,0.0,0.0,3.0,1.1852,0.0,107.382,2.443,13.346,6.131,3.086,1.0,1.0,0.0,0.0,0.0,0.0,0.0,0.0,0.0,80.0,0.0
query_0088,R03083,1,0.1841,0.0,0.0333,0.0,0.0,4.0,12.0,0.3333,0.4375,0.0,0.0,3.0,1.2748,0.0,62.595,0.364,2.573,5.864,0.468,1.0,1.0,0.0,0.0,0.0,0.0,0.0,0.0,0.0,25.0,0.0
query_0088,R06052,1,0.182,0.0,0.0323,0.0,0.0,3.0,10.0,0.3,0.3333,0.0,0.0,3.0,1.2122,0.0,93.924,1.067,7.505,7.058,1.446,1.0,0.0,0.0,0.0,0.0,0.0,0.0,0.0,0.0,25.0,0.0
query_0088,R01944,1,0.1816,0.0,0.0312,0.0,0.0,5.0,19.0,0.2632,0.3448,0.0,0.0,4.0,1.3131,0.0,43.443,1.347,9.372,0.617,2.192,1.0,0.0,0.0,0.0,0.0,0.0,0.0,0.0,0.0,50.0,0.0
query_0088,R12754,1,0.1791,0.0,0.0303,0.0,0.0,4.0,15.0,0.2667,0.25,0.0,0.0,3.0,1.3715,0.0,14.253,0.676,2.432,0.51,1.341,1.0,0.0,0.0,0.0,0.0,0.0,0.0,0.0,0.0,35.0,0.0
query_0088,R01934,1,0.1781,0.0,0.0294,0.0,0.0,3.0,13.0,0.2308,0.2,0.0,0.0,3.0,0.6695,0.0,365.25,19.905,52.505,9.582,10.555,1.0,1.0,0.0,0.0,0.0,0.0,0.0,0.0,0.0,40.0,0.0
query_0088,R06812,1,0.1781,0.0,0.0286,0.0,0.0,3.0,13.0,0.2308,0.1667,0.0,0.0,3.0,1.2712,0.0,64.421,1.331,7.609,3.734,1.474,1.0,0.0,0.0,0.0,0.0,0.0,0.0,0.0,0.0,35.0,0.0
query_0088,R00182,1,0.1748,0.0,0.0278,0.0,0.0,4.0,19.0,0.2105,0.2667,0.0,0.0,3.0,0.6528,0.0,373.609,8.891,75.825,4.197,5.617,1.0,1.0,0.0,0.0,0.0,0.0,0.0,0.0,0.0,25.0,0.0
query_0088,R00864,1,0.1743,0.0,0.027,0.0,0.0,5.0,26.0,0.1923,0.2105,0.0,0.0,5.0,1.0663,0.0,166.841,6.114,11.649,11.045,1.809,1.0,0.0,0.0,0.0,0.0,0.0,0.0,0.0,0.0,35.0,0.0
query_0088,R00531,1,0.17,0.0,0.0263,0.0,0.0,5.0,24.0,0.2083,0.2903,0.0,0.0,5.0,1.2575,0.0,71.257,0.349,2.192,7.153,0.875,1.0,0.0,0.0,0.0,0.0,0.0,0.0,0.0,0.0,135.0,0.0
query_0088,R02136,2,0.1665,0.7678,0.0256,1.0,1.0,5.0,25.0,0.2,0.2727,0.0,0.0,5.0,1.0312,0.0,184.42,2.29,14.937,13.815,2.983,1.0,0.0,0.0,0.0,0.0,0.0,0.0,0.0,0.0,60.0,0.0
query_0088,R06682,1,0.1639,0.0,0.025,0.0,0.0,3.0,20.0,0.15,0.2083,0.0,0.0,3.0,1.1068,0.0,146.624,7.364,9.996,9.041,0.827,1.0,1.0,0.0,0.0,0.0,0.0,0.0,0.0,0.0,545.0,0.0
query_0089,R07056,2,0.3175,0.0,1.0,0.0,0.0,3.0,4.0,0.75,0.8,0.0,0.0,2.0,0.06,0.0,319.989,4.9,52.727,9.281,0.782,1.0,1.0,0.0,0.0,0.0,0.0,0.0,0.0,0.0,30.0,0.0
query_0089,R01474,3,0.2903,0.7852,0.5,1.0,1.0,3.0,4.0,0.75,0.8,0.0,0.0,2.0,0.06,0.0,319.989,4.9,52.727,9.281,0.782,1.0,1.0,0.0,0.0,0.0,0.0,0.0,0.0,0.0,30.0,0.0
query_0089,R02619,1,0.196,0.0,0.25,0.0,0.0,1.0,6.0,0.1667,0.125,0.0,0.0,1.0,0.208,0.0,245.987,7.934,8.084,21.929,4.689,1.0,1.0,0.0,0.0,0.0,0.0,0.0,0.0,0.0,30.0,0.0
query_0089,R09448,1,0.1744,0.0,0.1667,0.0,0.0,2.0,10.0,0.2,0.2857,0.0,0.0,1.0,0.4304,0.0,134.824,2.048,32.834,1.335,3.83,1.0,1.0,0.0,0.0,0.0,0.0,0.0,0.0,0.0,20.0,0.0
query_0089,R00345,1,0.1717,0.0,0.1429,0.0,0.0,2.0,8.0,0.25,0.3333,0.0,0.0,1.0,0.127,0.0,286.491,4.061,53.608,5.665,1.625,1.0,1.0,0.0,0.0,0.0,0.0,0.0,0.0,0.0,70.0,0.0
query_0089,R01194,2,0.1691,0.7213,0.125,0.0769,1.0,3.0,12.0,0.25,0.2632,0.0,0.0,2.0,0.0396,0.0,330.186,7.329,72.655,1.085,3.806,1.0,1.0,0.0,0.0,0.0,0.0,0.0,0.0,0.0,65.0,0.0
query_0089,R00939,1,0.1645,0.0,0.1111,0.0,0.0,1.0,11.0,0.0909,0.0667,0.0,0.0,1.0,0.3256,0.0,187.2,9.378,20.711,8.069,0.832,1.0,1.0,0.0,0.0,0.0,0.0,0.0,0.0,0.0,45.0,0.0
query_0089,R01852,1,0.151,0.0,0.0909,0.0,0.0,1.0,7.0,0.1429,0.25,0.0,0.0,0.0,0.0,0.0,0.0,0.0,0.0,0.0,0.0,1.0,1.0,0.0,0.0,0.0,0.0,0.0,0.0,0.0,10.0,0.0
query_0089,R03140,1,0.1509,0.0,0.0833,0.0,0.0,2.0,11.0,0.1818,0.2105,0.0,0.0,1.0,0.6364,0.0,31.816,0.814,4.392,1.468,0.759,1.0,1.0,0.0,0.0,0.0,0.0,0.0,0.0,0.0,25.0,0.0
query_0089,R01023,1,0.1505,0.0,0.0769,0.0,0.0,1.0,12.0,0.0833,0.0667,0.0,0.0,0.0,0.5936,0.0,53.209,1.103,6.306,3.071,1.266,1.0,1.0,0.0,0.0,0.0,0.0,0.0,0.0,0.0,40.0,0.0
query_0089,R00314,1,0.1498,0.0,0.0714,0.0,0.0,2.0,9.0,0.2222,0.2667,0.0,0.0,1.0,0.3397,0.0,180.125,3.587,39.322,1.056,2.524,1.0,1.0,0.0,0.0,0.0,0.0,0.0,0.0,0.0,175.0,0.0
query_0089,R03474,0,0.1484,0.0,0.0667,0.0,0.0,1.0,13.0,0.0769,0.0667,0.0,0.0,0.0,0.5934,0.0,53.277,0.608,2.162,5.006,1.11,1.0,1.0,0.0,0.0,0.0,0.0,0.0,0.0,0.0,35.0,0.0
query_0089,R07116,0,0.1477,0.0,0.0625,0.0,0.0,1.0,22.0,0.0455,0.1034,0.0,0.0,1.0,0.5416,0.0,79.187,1.823,10.898,3.913,2.201,1.0,1.0,0.0,0.0,0.0,0.0,0.0,0.0,0.0,30.0,0.0
query_0089,R03015,0,0.1434,0.0,0.0588,0.0,0.0,2.0,16.0,0.125,0.0833,0.0,0.0,1.0,0.6017,0.0,49.161,2.036,10.876,0.376,2.445,1.0,1.0,0.0,0.0,0.0,0.0,0.0,0.0,0.0,35.0,0.0
query_0089,R00114,0,0.1432,0.0,0.0556,0.0,0.0,1.0,13.0,0.0769,0.0625,0.0,0.0,0.0,0.5155,0.0,92.27,1.028,4.434,8.445,2.18,1.0,1.0,0.0,0.0,0.0,0.0,0.0,0.0,0.0,380.0,0.0
query_0089,R02406,0,0.1402,0.0,0.0526,0.0,0.0,1.0,12.0,0.0833,0.0667,0.0,0.0,0.0,0.3941,0.0,152.957,6.83,19.576,5.86,5.397,1.0,1.0,0.0,0.0,0.0,0.0,0.0,0.0,0.0,45.0,0.0
query_0089,R02393,0,0.1392,0.0,0.05,0.0,0.0,2.0,15.0,0.1333,0.1818,0.0,0.0,1.0,0.2488,0.0,225.578,4.081,42.815,3.935,1.458,1.0,1.0,0.0,0.0,0.0,0.0,0.0,0.0,0.0,50.0,0.0
query_0089,R04684,0,0.1378,0.0,0.0476,0.0,0.0,3.0,17.0,0.1765,0.1818,0.0,0.0,1.0,0.4563,0.0,121.874,1.764,15.602,6.944,2.627,1.0,1.0,0.0,0.0,0.0,0.0,0.0,0.0,0.0,45.0,0.0
query_0089,R05615,0,0.1271,0.0,0.0417,0.0,0.0,1.0,19.0,0.0526,0.0417,0.0,0.0,0.0,0.0205,0.0,339.762,6.192,47.14,15.933,7.492,1.0,1.0,0.0,0.0,0.0,0.0,0.0,0.0,0.0,40.0,0.0
query_0089,R03670,1,0.1243,0.0,0.04,0.0,0.0,3.0,15.0,0.2,0.2174,0.0,0.0,2.0,0.1496,0.0,275.178,5.466,54.657,4.15,2.425,1.0,1.0,0.0,0.0,0.0,0.0,0.0,0.0,0.0,75.0,0.0
query_0089,R01038,0,0.1241,0.0,0.0385,0.0,0.0,2.0,12.0,0.1667,0.1538,0.0,0.0,1.0,0.696,0.0,2.006,0.043,0.433,0.014,0.03,1.0,1.0,0.0,0.0,0.0,0.0,0.0,0.0,0.0,100.0,0.0
query_0089,R06779,0,0.1198,0.0,0.037,0.0,0.0,2.0,20.0,0.1,0.1471,0.0,0.0,1.0,0.2858,0.0,207.109,7.794,45.924,1.497,7.298,1.0,1.0,0.0,0.0,0.0,0.0,0.0,0.0,0.0,45.0,0.0
query_0089,R10231,0,0.1166,0.0,0.0357,0.0,0.0,1.0,16.0,0.0625,0.0455,0.0,0.0,0.0,0.1839,0.0,258.075,16.971,46.479,5.115,18.056,1.0,1.0,0.0,0.0,0.0,0.0,0.0,0.0,0.0,45.0,0.0
query_0089,R04034,0,0.1045,0.0,0.0333,0.0,0.0,1.0,14.0,0.0714,0.0526,0.0,0.0,0.0,0.2703,0.0,214.845,8.338,12.95,15.636,3.591,1.0,1.0,0.0,0.0,0.0,0.0,0.0,0.0,0.0,100.0,0.0
query_0089,R08021,0,0.0905,0.0,0.0323,0.0,0.0,1.0,24.0,0.0417,0.037,0.0,0.0,0.0,0.1149,0.0,292.574,11.302,3.421,26.215,0.431,1.0,1.0,0.0,0.0,0.0,0.0,0.0,0.0,0.0,55.0,0.0
query_0089,R03097,1,0.0831,0.0,0.0312,0.0,0.0,2.0,6.0,0.3333,0.25,0.0,0.0,1.0,0.6939,0.0,3.049,0.217,0.551,0.06,0.232,1.0,1.0,0.0,0.0,0.0,0.0,0.0,0.0,0.0,390.0,0.0
query_0089,R02357,2,0.0733,0.7072,0.0278,0.0256,1.0,2.0,7.0,0.2857,0.1818,0.0,0.0,1.0,0.1459,0.0,277.036,0.165,23.23,20.829,0.025,1.0,1.0,0.0,0.0,0.0,0.0,0.0,0.0,0.0,30.0,0.0
query_0089,R08839,1,0.0703,0.0,0.027,0.0,0.0,1.0,4.0,0.25,0.2,0.0,0.0,0.0,0.311,0.0,194.5,8.445,33.135,3.45,5.3,1.0,1.0,0.0,0.0,0.0,0.0,0.0,0.0,0.0,40.0,0.0
query_0089,R09467,0,0.0691,0.0,0.0263,0.0,0.0,1.0,8.0,0.125,0.2308,0.0,0.0,1.0,0.6943,0.0,2.874,0.137,0.448,0.154,0.259,1.0,1.0,0.0,0.0,0.0,0.0,0.0,0.0,0.0,10.0,0.0
query_0089,R03130,2,0.0684,0.7252,0.0256,0.0909,1.0,1.0,9.0,0.1111,0.0909,0.0,0.0,0.0,0.6809,0.0,9.53,0.106,0.404,0.872,0.052,1.0,1.0,0.0,0.0,0.0,0.0,0.0,0.0,0.0,40.0,0.0
query_0089,R05612,1,0.0674,0.0,0.025,0.0,0.0,2.0,9.0,0.2222,0.2308,0.0,0.0,2.0,0.569,0.0,65.485,1.004,13.447,0.703,0.429,1.0,1.0,0.0,0.0,0.0,0.0,0.0,0.0,0.0,70.0,0.0
query_0089,R07110,2,0.0,0.7444,0.0,0.5,0.0,3.0,14.0,0.2143,0.2222,0.0,0.0,2.0,0.2296,0.0,464.783,6.208,63.31,20.222,1.318,1.0,1.0,0.0,0.0,0.0,0.0,0.0,0.0,0.0,20.0,0.0
query_0089,R11111,2,0.0,0.7285,0.0,0.1667,0.0,2.0,26.0,0.0769,0.0857,0.0,0.0,1.0,0.5439,0.0,78.049,2.828,11.431,3.614,3.729,1.0,1.0,0.0,0.0,0.0,0.0,0.0,0.0,0.0,80.0,0.0
query_0089,R01380,2,0.0,0.7277,0.0,0.1429,0.0,1.0,9.0,0.1111,0.1429,0.0,0.0,0.0,0.3467,0.0,176.638,3.96,33.163,3.743,3.571,1.0,1.0,0.0,0.0,0.0,0.0,0.0,0.0,0.0,70.0,0.0
query_0089,R00185,2,0.0,0.7276,0.0,0.125,0.0,1.0,17.0,0.0588,0.0741,0.0,0.0,0.0,0.5473,0.0,76.342,1.339,5.192,6.181,2.032,1.0,1.0,0.0,0.0,0.0,0.0,0.0,0.0,0.0,60.0,0.0
query_0089,R02373,2,0.0,0.7197,0.0,0.0714,0.0,1.0,15.0,0.0667,0.1667,0.0,0.0,1.0,0.322,0.0,188.981,9.195,30.668,4.431,7.363,1.0,1.0,0.0,0.0,0.0,0.0,0.0,0.0,0.0,40.0,0.0
query_0089,R00717,2,0.0,0.7192,0.0,0.0667,0.0,1.0,11.0,0.0909,0.1765,0.0,0.0,0.0,0.1202,0.0,289.911,12.188,38.126,11.367,7.705,1.0,1.0,0.0,0.0,0.0,0.0,0.0,0.0,0.0,40.0,0.0
query_0089,R12269,2,0.0,0.7179,0.0,0.0625,0.0,0.0,10.0,0.0,0.0,0.0,0.0,0.0,0.5978,0.0,51.077,1.134,4.322,3.734,1.123,1.0,1.0,0.0,0.0,0.0,0.0,0.0,0.0,0.0,45.0,0.0
query_0089,R00134,2,0.0,0.7159,0.0,0.0588,0.0,2.0,17.0,0.1176,0.1667,0.0,0.0,1.0,0.4976,0.0,101.21,2.723,8.794,6.982,2.668,1.0,1.0,0.0,0.0,0.0,0.0,0.0,0.0,0.0,50.0,0.0
query_0089,R06005,2,0.0,0.7135,0.0,0.05,0.0,1.0,15.0,0.0667,0.0952,0.0,0.0,0.0,0.6486,0.0,25.675,0.475,5.435,0.524,0.369,1.0,1.0,0.0,0.0,0.0,0.0,0.0,0.0,0.0,20.0,0.0
query_0091,R02896,1,0.1929,0.0,1.0,0.0,0.0,0.0,4.0,0.0,0.0,0.0,0.0,0.0,0.0,0.9893,11.157,0.214,2.375,0.119,0.226,1.0,1.0,0.0,0.0,0.0,0.0,0.0,0.0,0.0,30.0,0.0
query_0091,R05368,1,0.1867,0.0,0.5,0.0,0.0,0.0,1.0,0.0,0.0,0.0,0.0,0.0,0.0,0.0,0.0,0.0,0.0,0.0,0.0,1.0,1.0,0.0,0.0,0.0,0.0,0.0,0.0,0.0,850.0,0.0
query_0091,R00011,1,0.1851,0.0,0.3333,0.0,0.0,0.0,10.0,0.0,0.0,0.0,0.0,0.0,0.0,0.9198,48.268,1.603,8.262,1.589,2.272,1.0,1.0,0.0,0.0,0.0,0.0,0.0,0.0,0.0,120.0,0.0
query_0091,R04095,1,0.1702,0.0,0.25,0.0,0.0,0.0,9.0,0.0,0.0,0.0,0.0,0.0,0.0,0.7069,235.561,5.862,18.404,15.998,2.846,1.0,1.0,0.0,0.0,0.0,0.0,0.0,0.0,0.0,50.0,0.0
query_0091,R06125,1,0.1588,0.0,0.2,0.0,0.0,0.0,4.0,0.0,0.0,0.0,0.0,0.0,0.0,0.7317,274.695,5.366,60.17,0.497,0.73,1.0,1.0,0.0,0.0,0.0,0.0,0.0,0.0,0.0,20.0,0.0
query_0091,R05975,1,0.155,0.0,0.1667,0.0,0.0,0.0,8.0,0.0,0.0,0.0,0.0,0.0,0.0,0.7038,126.059,5.923,11.499,7.231,2.822,1.0,1.0,0.0,0.0,0.0,0.0,0.0,0.0,0.0,30.0,0.0
query_0091,R01552,1,0.1546,0.0,0.1429,0.0,0.0,0.0,2.0,0.0,0.0,0.0,0.0,0.0,0.0,0.9743,7.339,0.513,0.699,0.285,0.001,1.0,1.0,0.0,0.0,0.0,0.0,0.0,0.0,0.0,70.0,0.0
query_0091,R06193,1,0.1524,0.0,0.125,0.0,0.0,0.0,5.0,0.0,0.0,0.0,0.0,0.0,0.0,0.993,14.962,0.141,0.644,1.415,0.38,1.0,1.0,0.0,0.0,0.0,0.0,0.0,0.0,0.0,45.0,0.0
query_0091,R03453,0,0.1483,0.0,0.1111,0.0,0.0,0.0,6.0,0.0,0.0,0.0,0.0,0.0,0.0,0.6165,162.425,7.669,19.253,6.552,0.75,1.0,1.0,0.0,0.0,0.0,0.0,0.0,0.0,0.0,25.0,0.0
query_0091,R06129,2,0.1471,0.7633,0.1,0.1111,1.0,0.0,6.0,0.0,0.0,0.0,0.0,0.0,0.0,0.9069,114.568,1.863,25.083,0.445,0.751,1.0,1.0,0.0,0.0,0.0,0.0,0.0,0.0,0.0,30.0,0.0
query_0091,R03543,2,0.1425,0.7813,0.0909,0.3333,1.0,0.0,9.0,0.0,0.0,0.0,0.0,0.0,0.0,0.693,138.018,6.14,23.803,2.382,2.979,1.0,1.0,0.0,0.0,0.0,0.0,0.0,0.0,0.0,35.0,0.0
query_0091,R07167,0,0.1424,0.0,0.0833,0.0,0.0,0.0,4.0,0.0,0.0,0.0,0.0,0.0,0.0,0.9979,0.614,0.042,0.111,0.002,0.029,1.0,1.0,0.0,0.0,0.0,0.0,0.0,0.0,0.0,480.0,0.0
query_0091,R11445,2,0.1411,0.8109,0.0769,1.0,1.0,0.0,9.0,0.0,0.0,0.0,0.0,0.0,0.0,0.8874,29.818,2.251,2.378,1.714,1.403,1.0,1.0,0.0,0.0,0.0,0.0,0.0,0.0,0.0,60.0,0.0
query_0091,R07849,0,0.1398,0.0,0.0714,0.0,0.0,0.0,7.0,0.0,0.0,0.0,0.0,0.0,0.0,0.5446,459.57,9.108,94.937,3.664,1.763,1.0,1.0,0.0,0.0,0.0,0.0,0.0,0.0,0.0,55.0,0.0
query_0091,R04197,0,0.1391,0.0,0.0667,0.0,0.0,0.0,6.0,0.0,0.0,0.0,0.0,0.0,0.0,0.9527,20.0,0.946,4.702,0.109,0.725,1.0,1.0,0.0,0.0,0.0,0.0,0.0,0.0,0.0,25.0,0.0
query_0091,R09605,2,0.1364,0.7767,0.0625,0.25,1.0,0.0,7.0,0.0,0.0,0.0,0.0,0.0,0.0,0.9892,3.049,0.217,0.551,0.06,0.232,1.0,1.0,0.0,0.0,0.0,0.0,0.0,0.0,0.0,500.0,0.0
query_0091,R00565,0,0.1362,0.0,0.0588,0.0,0.0,0.0,7.0,0.0,0.0,0.0,0.0,0.0,0.0,0.5634,247.998,8.733,12.592,18.672,0.555,1.0,1.0,0.0,0.0,0.0,0.0,0.0,0.0,0.0,65.0,0.0
query_0091,R01418,2,0.1358,0.7725,0.0556,0.1429,1.0,0.0,6.0,0.0,0.0,0.0,0.0,0.0,0.0,0.9999,0.012,0.001,0.002,0.0,0.001,1.0,1.0,0.0,0.0,0.0,0.0,0.0,0.0,0.0,480.0,0.0
query_0091,R02538,0,0.1335,0.0,0.0526,0.0,0.0,0.0,6.0,0.0,0.0,0.0,0.0,0.0,0.0,0.9507,33.172,0.987,7.766,0.14,1.593,1.0,1.0,0.0,0.0,0.0,0.0,0.0,0.0,0.0,50.0,0.0
query_0091,R06865,2,0.1335,0.7349,0.05,0.0476,1.0,0.0,10.0,0.0,0.0,0.0,0.0,0.0,0.0,0.9384,65.537,1.231,8.028,3.638,1.507,1.0,1.0,0.0,0.0,0.0,0.0,0.0,0.0,0.0,50.0,0.0
query_0091,R01939,2,0.1332,0.7761,0.0476,0.2,1.0,0.0,8.0,0.0,0.0,0.0,0.0,0.0,0.0,0.9964,1.016,0.072,0.184,0.02,0.077,1.0,1.0,0.0,0.0,0.0,0.0,0.0,0.0,0.0,405.0,0.0
query_0091,R09271,0,0.133,0.0,0.0455,0.0,0.0,0.0,6.0,0.0,0.0,0.0,0.0,0.0,0.0,0.3368,192.791,13.264,34.792,0.689,9.145,1.0,1.0,0.0,0.0,0.0,0.0,0.0,0.0,0.0,415.0,0.0
query_0091,R02895,0,0.1326,0.0,0.0435,0.0,0.0,0.0,9.0,0.0,0.0,0.0,0.0,0.0,0.0,0.6842,253.083,6.315,5.772,23.929,2.555,1.0,1.0,0.0,0.0,0.0,0.0,0.0,0.0,0.0,15.0,0.0
query_0091,R04096,0,0.1321,0.0,0.0417,0.0,0.0,0.0,12.0,0.0,0.0,0.0,0.0,0.0,0.0,0.9859,7.54,0.282,1.393,0.36,0.867,1.0,1.0,0.0,0.0,0.0,0.0,0.0,0.0,0.0,10.0,0.0
query_0091,R03296,0,0.1315,0.0,0.04,0.0,0.0,0.0,11.0,0.0,0.0,0.0,0.0,0.0,0.0,0.937,62.343,1.259,6.856,3.873,1.915,1.0,1.0,0.0,0.0,0.0,0.0,0.0,0.0,0.0,50.0,0.0
query_0091,R04604,0,0.1313,0.0,0.0385,0.0,0.0,0.0,7.0,0.0,0.0,0.0,0.0,0.0,0.0,0.9907,4.87,0.186,0.707,0.187,0.227,1.0,1.0,0.0,0.0,0.0,0.0,0.0,0.0,0.0,35.0,0.0
query_0091,R04195,2,0.1304,0.7871,0.037,0.5,1.0,0.0,10.0,0.0,0.0,0.0,0.0,0.0,0.0,0.7479,226.439,5.043,17.127,16.198,3.385,1.0,1.0,0.0,0.0,0.0,0.0,0.0,0.0,0.0,75.0,0.0
query_0091,R02358,0,0.1303,0.0,0.0357,0.0,0.0,0.0,5.0,0.0,0.0,0.0,0.0,0.0,0.0,0.9783,6.098,0.434,1.102,0.121,0.465,1.0,1.0,0.0,0.0,0.0,0.0,0.0,0.0,0.0,500.0,0.0
query_0091,R00134,0,0.1302,0.0,0.0345,0.0,0.0,0.0,17.0,0.0,0.0,0.0,0.0,0.0,0.0,0.8639,101.21,2.723,8.794,6.982,2.668,1.0,1.0,0.0,0.0,0.0,0.0,0.0,0.0,0.0,50.0,0.0
query_0091,R01886,0,0.1299,0.0,0.0333,0.0,0.0,0.0,9.0,0.0,0.0,0.0,0.0,0.0,0.0,0.9576,32.191,0.848,4.934,1.343,0.861,1.0,1.0,0.0,0.0,0.0,0.0,0.0,0.0,0.0,50.0,0.0
query_0091,R09491,0,0.1277,0.0,0.0323,0.0,0.0,0.0,9.0,0.0,0.0,0.0,0.0,0.0,0.0,0.5706,141.981,8.589,11.642,6.91,0.143,1.0,1.0,0.0,0.0,0.0,0.0,0.0,0.0,0.0,20.0,0.0
query_0091,R00069,0,0.1265,0.0,0.0312,0.0,0.0,0.0,10.0,0.0,0.0,0.0,0.0,0.0,0.0,0.9516,59.688,0.968,4.057,4.961,1.244,1.0,1.0,0.0,0.0,0.0,0.0,0.0,0.0,0.0,35.0,0.0
query_0091,R02619,0,0.1264,0.0,0.0303,0.0,0.0,0.0,6.0,0.0,0.0,0.0,0.0,0.0,0.0,0.6033,245.987,7.934,8.084,21.929,4.689,1.0,1.0,0.0,0.0,0.0,0.0,0.0,0.0,0.0,30.0,0.0
query_0091,R00422,0,0.1253,0.0,0.0294,0.0,0.0,0.0,7.0,0.0,0.0,0.0,0.0,0.0,0.0,0.6408,336.674,7.185,73.37,0.722,1.502,1.0,1.0,0.0,0.0,0.0,0.0,0.0,0.0,0.0,55.0,0.0
query_0091,R02189,0,0.1235,0.0,0.0286,0.0,0.0,0.0,10.0,0.0,0.0,0.0,0.0,0.0,0.0,0.8841,59.035,2.317,13.587,0.333,2.74,1.0,1.0,0.0,0.0,0.0,0.0,0.0,0.0,0.0,20.0,0.0
query_0091,R12468,0,0.1231,0.0,0.0278,0.0,0.0,0.0,8.0,0.0,0.0,0.0,0.0,0.0,0.0,0.3543,351.956,12.915,67.138,3.015,4.327,1.0,1.0,0.0,0.0,0.0,0.0,0.0,0.0,0.0,50.0,0.0
query_0091,R01621,0,0.1225,0.0,0.027,0.0,0.0,0.0,8.0,0.0,0.0,0.0,0.0,0.0,0.0,0.7619,77.593,4.763,14.331,0.466,3.631,1.0,1.0,0.0,0.0,0.0,0.0,0.0,0.0,0.0,45.0,0.0
query_0091,R03405,0,0.1215,0.0,0.0263,0.0,0.0,0.0,10.0,0.0,0.0,0.0,0.0,0.0,0.0,0.9566,30.564,0.868,3.408,1.819,0.575,1.0,1.0,0.0,0.0,0.0,0.0,0.0,0.0,0.0,40.0,0.0
query_0091,R06372,0,0.121,0.0,0.0256,0.0,0.0,0.0,4.0,0.0,0.0,0.0,0.0,0.0,0.0,0.0,0.0,0.0,0.0,0.0,0.0,1.0,1.0,0.0,0.0,0.0,0.0,0.0,0.0,0.0,480.0,0.0
query_0091,R01542,0,0.121,0.0,0.025,0.0,0.0,0.0,6.0,0.0,0.0,0.0,0.0,0.0,0.0,0.9841,8.41,0.319,2.703,0.087,0.812,1.0,1.0,0.0,0.0,0.0,0.0,0.0,0.0,0.0,10.0,0.0
query_0093,R00483,0,0.1474,0.0,1.0,0.0,0.0,0.0,11.0,0.0,0.0,0.0,0.0,0.0,0.0,0.0,78.122,2.824,7.845,4.224,0.824,1.0,0.0,0.0,0.0,0.0,0.0,0.0,0.0,0.0,25.0,0.0
query_0093,R07595,0,0.1393,0.0,0.5,0.0,0.0,0.0,9.0,0.0,0.0,0.0,0.0,0.0,0.0,0.0,223.469,22.194,5.268,12.425,1.218,1.0,1.0,0.0,0.0,0.0,0.0,0.0,0.0,0.0,25.0,0.0
query_0093,R00434,2,0.1357,0.7323,0.3333,0.0714,1.0,0.0,14.0,0.0,0.0,0.0,0.0,0.0,0.0,0.0,90.109,1.766,7.254,6.95,1.7,1.0,0.0,0.0,0.0,0.0,0.0,0.0,0.0,0.0,55.0,0.0
query_0093,R10735,0,0.1246,0.0,0.25,0.0,0.0,0.0,17.0,0.0,0.0,0.0,0.0,0.0,0.0,0.0,115.177,2.216,13.426,6.883,3.569,1.0,1.0,0.0,0.0,0.0,1.0,0.0,0.0,0.0,50.0,0.0
query_0093,R04950,0,0.1217,0.0,0.2,0.0,0.0,0.0,15.0,0.0,0.0,0.0,0.0,0.0,0.0,0.0,287.716,21.695,6.077,19.733,0.715,1.0,0.0,0.0,0.0,0.0,0.0,0.0,0.0,0.0,40.0,0.0
query_0093,R01864,2,0.1199,0.7949,0.1667,1.0,1.0,0.0,10.0,0.0,0.0,0.0,0.0,0.0,0.0,0.0,254.211,28.154,4.006,13.52,0.31,1.0,0.0,0.0,0.0,0.0,1.0,0.0,0.0,0.0,42.0,0.0
query_0093,R05096,2,0.1155,0.7914,0.1429,0.5,1.0,0.0,10.0,0.0,0.0,0.0,0.0,0.0,0.0,0.0,253.36,28.154,4.006,13.427,0.31,1.0,0.0,0.0,0.0,0.0,1.0,0.0,0.0,0.0,42.0,0.0
query_0093,R09586,0,0.1133,0.0,0.125,0.0,0.0,0.0,16.0,0.0,0.0,0.0,0.0,0.0,0.0,0.0,73.399,1.745,8.551,4.266,1.99,1.0,1.0,0.0,0.0,0.0,0.0,0.0,0.0,0.0,70.0,0.0
query_0093,R09796,0,0.1129,0.0,0.1111,0.0,0.0,0.0,12.0,0.0,0.0,0.0,0.0,0.0,0.0,0.0,24.691,0.957,6.126,0.127,1.27,1.0,0.0,0.0,0.0,0.0,0.0,0.0,0.0,0.0,30.0,0.0
query_0093,R08742,2,0.1039,0.7196,0.1,0.0417,1.0,0.0,21.0,0.0,0.0,0.0,0.0,0.0,0.0,0.0,471.332,38.693,10.555,31.411,2.615,1.0,0.0,0.0,0.0,0.0,0.0,0.0,0.0,0.0,60.0,0.0
query_0093,R09848,2,0.1038,0.7349,0.0909,0.0769,1.0,0.0,19.0,0.0,0.0,0.0,0.0,0.0,0.0,0.0,172.273,20.114,13.349,4.742,2.93,1.0,0.0,0.0,0.0,0.0,1.0,0.0,0.0,0.0,70.0,0.0
query_0093,R01147,0,0.1035,0.0,0.0833,0.0,0.0,0.0,14.0,0.0,0.0,0.0,0.0,0.0,0.0,0.0,71.508,1.595,8.445,4.32,2.113,1.0,0.0,0.0,0.0,0.0,0.0,0.0,0.0,0.0,30.0,0.0
query_0093,R00884,0,0.1013,0.0,0.0769,0.0,0.0,0.0,14.0,0.0,0.0,0.0,0.0,0.0,0.0,0.0,307.853,6.004,47.531,10.179,3.632,1.0,1.0,0.0,0.0,0.0,0.0,0.0,0.0,0.0,50.0,0.0
query_0093,R09438,0,0.1008,0.0,0.0714,0.0,0.0,0.0,6.0,0.0,0.0,0.0,0.0,0.0,0.0,0.0,58.573,2.785,13.156,0.504,2.454,1.0,1.0,0.0,0.0,0.0,0.0,0.0,0.0,0.0,50.0,0.0
query_0093,R13243,2,0.1007,0.7499,0.0667,0.1667,1.0,0.0,15.0,0.0,0.0,0.0,0.0,0.0,0.0,0.0,194.961,24.385,17.855,3.677,3.467,1.0,0.0,0.0,0.0,0.0,0.0,0.0,0.0,0.0,70.0,0.0
query_0093,R06991,2,0.1006,0.7641,0.0625,0.25,1.0,0.0,19.0,0.0,0.0,0.0,0.0,0.0,0.0,0.0,118.691,2.321,8.193,9.392,1.972,1.0,1.0,0.0,0.0,0.0,1.0,0.0,0.0,0.0,45.0,0.0
query_0093,R00128,2,0.0984,0.7531,0.0588,0.2,1.0,0.0,13.0,0.0,0.0,0.0,0.0,0.0,0.0,0.0,37.425,1.04,5.954,1.482,1.724,1.0,0.0,0.0,0.0,0.0,0.0,0.0,0.0,0.0,40.0,0.0
query_0093,R07526,2,0.0969,0.7299,0.0556,0.0625,1.0,0.0,16.0,0.0,0.0,0.0,0.0,0.0,0.0,0.0,267.825,28.93,12.668,11.502,3.162,1.0,1.0,0.0,0.0,0.0,0.0,0.0,0.0,0.0,55.0,0.0
query_0093,R10817,2,0.0932,0.7452,0.0526,0.125,1.0,0.0,30.0,0.0,0.0,0.0,0.0,0.0,0.0,0.0,260.469,3.957,18.407,20.961,5.171,1.0,1.0,0.0,0.0,0.0,1.0,0.0,0.0,0.0,180.0,0.0
query_0093,R04972,0,0.0929,0.0,0.05,0.0,0.0,0.0,13.0,0.0,0.0,0.0,0.0,0.0,0.0,0.0,354.571,30.002,18.932,18.191,5.295,1.0,1.0,0.0,0.0,0.0,0.0,0.0,0.0,0.0,50.0,0.0
query_0093,R03552,2,0.0906,0.7645,0.0476,0.3333,1.0,0.0,13.0,0.0,0.0,0.0,0.0,0.0,0.0,0.0,131.145,17.273,6.946,3.808,1.787,1.0,0.0,0.0,0.0,0.0,0.0,0.0,0.0,0.0,40.0,0.0
query_0093,R01262,0,0.0883,0.0,0.0455,0.0,0.0,0.0,14.0,0.0,0.0,0.0,0.0,0.0,0.0,0.0,35.48,1.45,7.853,0.5,2.179,1.0,1.0,0.0,0.0,0.0,0.0,0.0,0.0,0.0,60.0,0.0
query_0093,R02943,2,0.0822,0.7189,0.0435,0.037,1.0,0.0,18.0,0.0,0.0,0.0,0.0,0.0,0.0,0.0,525.142,40.711,21.13,32.805,5.778,1.0,0.0,0.0,0.0,0.0,0.0,0.0,0.0,0.0,40.0,0.0
query_0093,R02524,0,0.082,0.0,0.0417,0.0,0.0,0.0,17.0,0.0,0.0,0.0,0.0,0.0,0.0,0.0,637.316,63.099,32.402,30.271,7.902,1.0,1.0,0.0,0.0,0.0,0.0,0.0,0.0,0.0,40.0,0.0
query_0093,R10643,2,0.0788,0.7138,0.04,0.0263,1.0,0.0,22.0,0.0,0.0,0.0,0.0,0.0,0.0,0.0,498.903,58.27,23.551,19.931,6.971,1.0,0.0,0.0,0.0,0.0,0.0,0.0,0.0,0.0,45.0,0.0
query_0093,R09799,0,0.0785,0.0,0.0385,0.0,0.0,0.0,17.0,0.0,0.0,0.0,0.0,0.0,0.0,0.0,606.943,58.604,27.756,30.27,8.761,1.0,0.0,0.0,0.0,0.0,0.0,0.0,0.0,0.0,60.0,0.0
query_0093,R02136,0,0.0764,0.0,0.037,0.0,0.0,0.0,25.0,0.0,0.0,0.0,0.0,0.0,0.0,0.0,184.42,2.29,14.937,13.815,2.983,1.0,0.0,0.0,0.0,0.0,1.0,0.0,0.0,0.0,60.0,0.0
query_0093,R04204,0,0.0745,0.0,0.0357,0.0,0.0,0.0,18.0,0.0,0.0,0.0,0.0,0.0,0.0,0.0,277.125,28.479,7.669,15.178,3.044,1.0,0.0,0.0,0.0,0.0,0.0,0.0,0.0,0.0,55.0,0.0
query_0093,R11686,0,0.0741,0.0,0.0345,0.0,0.0,0.0,15.0,0.0,0.0,0.0,0.0,0.0,0.0,0.0,236.991,22.588,13.052,11.085,3.643,1.0,1.0,0.0,0.0,0.0,1.0,0.0,0.0,0.0,70.0,0.0
query_0093,R04976,2,0.0729,0.7268,0.0333,0.05,1.0,0.0,16.0,0.0,0.0,0.0,0.0,0.0,0.0,0.0,194.432,24.01,11.931,5.5,2.793,1.0,0.0,0.0,0.0,0.0,0.0,0.0,0.0,0.0,70.0,0.0
query_0093,R03103,2,0.0729,0.7449,0.0323,0.1111,1.0,0.0,26.0,0.0,0.0,0.0,0.0,0.0,0.0,0.0,21.241,0.278,1.251,1.87,0.407,1.0,0.0,0.0,0.0,0.0,0.0,0.0,0.0,0.0,50.0,0.0
query_0093,R05502,0,0.071,0.0,0.0312,0.0,0.0,0.0,11.0,0.0,0.0,0.0,0.0,0.0,0.0,0.0,223.329,17.765,5.46,15.096,0.555,1.0,0.0,0.0,0.0,0.0,0.0,0.0,0.0,0.0,25.0,0.0
query_0093,R02271,0,0.0709,0.0,0.0303,0.0,0.0,0.0,22.0,0.0,0.0,0.0,0.0,0.0,0.0,0.0,115.837,2.774,17.035,5.218,3.784,1.0,0.0,0.0,0.0,0.0,1.0,0.0,0.0,0.0,100.0,0.0
query_0093,R09733,0,0.0704,0.0,0.0294,0.0,0.0,0.0,12.0,0.0,0.0,0.0,0.0,0.0,0.0,0.0,320.341,18.818,5.219,26.241,0.621,1.0,0.0,0.0,0.0,0.0,0.0,0.0,0.0,0.0,35.0,0.0
query_0093,R08830,0,0.0696,0.0,0.0286,0.0,0.0,0.0,25.0,0.0,0.0,0.0,0.0,0.0,0.0,0.0,281.534,33.687,8.222,12.448,2.078,1.0,1.0,0.0,0.0,0.0,0.0,0.0,0.0,0.0,70.0,0.0
query_0093,R02332,0,0.0689,0.0,0.0278,0.0,0.0,0.0,17.0,0.0,0.0,0.0,0.0,0.0,0.0,0.0,265.739,6.227,58.873,0.911,3.549,1.0,0.0,0.0,0.0,0.0,0.0,0.0,0.0,0.0,65.0,0.0
query_0093,R06642,2,0.0683,0.7269,0.027,0.0526,1.0,0.0,26.0,0.0,0.0,0.0,0.0,0.0,0.0,0.0,549.81,10.767,97.13,13.775,5.222,1.0,0.0,0.0,0.0,0.0,1.0,0.0,0.0,0.0,35.0,0.0
query_0093,R12573,2,0.068,0.7238,0.0263,0.0476,1.0,0.0,18.0,0.0,0.0,0.0,0.0,0.0,0.0,0.0,201.623,28.836,10.793,4.816,2.904,1.0,0.0,0.0,0.0,0.0,1.0,0.0,0.0,0.0,45.0,0.0
query_0093,R09659,2,0.0679,0.7152,0.0256,0.0294,1.0,0.0,18.0,0.0,0.0,0.0,0.0,0.0,0.0,0.0,269.621,30.501,13.053,10.567,2.42,1.0,1.0,0.0,0.0,0.0,0.0,0.0,0.0,0.0,75.0,0.0
query_0093,R06229,0,0.0678,0.0,0.025,0.0,0.0,0.0,16.0,0.0,0.0,0.0,0.0,0.0,0.0,0.0,114.6,4.668,16.692,3.986,3.877,1.0,1.0,0.0,0.0,0.0,0.0,0.0,0.0,0.0,25.0,0.0
query_0094,R05009,1,0.1659,0.0,1.0,0.0,0.0,0.0,9.0,0.0,0.0,0.0,0.0,0.0,0.1283,0.0,464.125,19.961,19.142,38.0,6.164,1.0,1.0,0.0,0.0,0.0,0.0,0.0,0.0,0.0,30.0,0.0
query_0094,R02967,2,0.1326,0.7405,0.5,0.0476,1.0,0.0,13.0,0.0,0.0,0.0,0.0,0.0,0.54,0.0,129.977,17.468,8.844,2.767,1.678,1.0,1.0,0.0,0.0,0.0,0.0,0.0,0.0,0.0,55.0,0.0
query_0094,R10372,0,0.1292,0.0,0.3333,0.0,0.0,0.0,20.0,0.0,0.0,0.0,0.0,0.0,0.2601,0.0,530.038,7.542,54.602,33.116,2.305,1.0,1.0,0.0,0.0,0.0,0.0,0.0,0.0,0.0,70.0,0.0
query_0094,R12448,0,0.1207,0.0,0.25,0.0,0.0,0.0,11.0,0.0,0.0,0.0,0.0,0.0,0.2871,0.0,256.472,2.877,6.369,26.006,2.886,1.0,1.0,0.0,0.0,0.0,0.0,0.0,0.0,0.0,40.0,0.0
query_0094,R03026,0,0.1161,0.0,0.2,0.0,0.0,0.0,19.0,0.0,0.0,0.0,0.0,0.0,0.4793,0.0,160.364,3.199,14.948,11.339,5.42,1.0,1.0,0.0,0.0,0.0,0.0,0.0,0.0,0.0,60.0,0.0
query_0094,R07475,0,0.1093,0.0,0.1667,0.0,0.0,0.0,26.0,0.0,0.0,0.0,0.0,0.0,0.5283,0.0,135.845,5.135,7.805,9.59,0.595,1.0,1.0,0.0,0.0,0.0,0.0,0.0,0.0,0.0,160.0,0.0
query_0094,R03012,0,0.1035,0.0,0.1429,0.0,0.0,0.0,22.0,0.0,0.0,0.0,0.0,0.0,0.6184,0.0,90.821,3.575,10.559,4.918,3.612,1.0,1.0,0.0,0.0,0.0,0.0,0.0,0.0,0.0,80.0,0.0
query_0094,R00459,0,0.0924,0.0,0.125,0.0,0.0,0.0,15.0,0.0,0.0,0.0,0.0,0.0,0.5306,0.0,134.702,4.935,16.937,5.889,4.056,1.0,1.0,0.0,0.0,0.0,0.0,0.0,0.0,0.0,40.0,0.0
query_0094,R03897,0,0.0806,0.0,0.1,0.0,0.0,0.0,4.0,0.0,0.0,0.0,0.0,0.0,0.797,0.0,1.52,0.054,0.348,0.011,0.047,1.0,1.0,0.0,0.0,0.0,0.0,0.0,0.0,0.0,15.0,0.0
query_0094,R05468,0,0.0756,0.0,0.0909,0.0,0.0,0.0,5.0,0.0,0.0,0.0,0.0,0.0,0.6275,0.0,86.254,0.751,10.419,4.843,0.0,1.0,1.0,0.0,0.0,0.0,0.0,0.0,0.0,0.0,320.0,0.0
query_0094,R07879,0,0.0749,0.0,0.0833,0.0,0.0,0.0,9.0,0.0,0.0,0.0,0.0,0.0,0.7269,0.0,36.569,0.283,1.146,3.598,0.219,1.0,1.0,0.0,0.0,0.0,0.0,0.0,0.0,0.0,25.0,0.0
query_0094,R00084,0,0.0705,0.0,0.0769,0.0,0.0,0.0,11.0,0.0,0.0,0.0,0.0,0.0,0.3021,0.0,248.946,4.243,40.663,7.692,2.465,1.0,1.0,0.0,0.0,0.0,0.0,0.0,0.0,0.0,60.0,0.0
query_0094,R07415,0,0.0656,0.0,0.0667,0.0,0.0,0.0,9.0,0.0,0.0,0.0,0.0,0.0,0.5386,0.0,130.698,6.769,18.591,3.684,4.985,1.0,1.0,0.0,0.0,0.0,0.0,0.0,0.0,0.0,55.0,0.0
query_0094,R02710,0,0.0634,0.0,0.0526,0.0,0.0,0.0,12.0,0.0,0.0,0.0,0.0,0.0,0.5195,0.0,140.27,3.287,24.114,4.061,2.736,1.0,1.0,0.0,0.0,0.0,0.0,0.0,0.0,0.0,55.0,0.0
query_0094,R02613,0,0.0632,0.0,0.05,0.0,0.0,0.0,10.0,0.0,0.0,0.0,0.0,0.0,0.5613,0.0,119.353,1.701,4.057,11.775,0.644,1.0,1.0,0.0,0.0,0.0,0.0,0.0,0.0,0.0,50.0,0.0
query_0094,R08416,0,0.0624,0.0,0.0476,0.0,0.0,0.0,10.0,0.0,0.0,0.0,0.0,0.0,0.4845,0.0,157.77,3.057,31.598,1.923,0.741,1.0,1.0,0.0,0.0,0.0,0.0,0.0,0.0,0.0,20.0,0.0
query_0094,R03007,0,0.061,0.0,0.0455,0.0,0.0,0.0,8.0,0.0,0.0,0.0,0.0,0.0,0.4265,0.0,186.746,3.8,41.153,0.357,0.825,1.0,1.0,0.0,0.0,0.0,0.0,0.0,0.0,0.0,40.0,0.0
query_0094,R00878,0,0.0584,0.0,0.04,0.0,0.0,0.0,8.0,0.0,0.0,0.0,0.0,0.0,0.4211,0.0,189.457,4.014,41.552,0.438,0.908,1.0,1.0,0.0,0.0,0.0,0.0,0.0,0.0,0.0,40.0,0.0
query_0094,R06939,0,0.0577,0.0,0.0385,0.0,0.0,0.0,12.0,0.0,0.0,0.0,0.0,0.0,0.4623,0.0,168.832,3.99,37.206,0.633,2.155,1.0,1.0,0.0,0.0,0.0,0.0,0.0,0.0,0.0,45.0,0.0
query_0094,R07162,0,0.057,0.0,0.037,0.0,0.0,0.0,9.0,0.0,0.0,0.0,0.0,0.0,0.4694,0.0,165.295,7.236,6.396,13.721,2.602,1.0,1.0,0.0,0.0,0.0,0.0,0.0,0.0,0.0,30.0,0.0
query_0094,R05644,0,0.0567,0.0,0.0357,0.0,0.0,0.0,13.0,0.0,0.0,0.0,0.0,0.0,0.4938,0.0,153.122,4.344,20.189,7.452,3.377,1.0,1.0,0.0,0.0,0.0,0.0,0.0,0.0,0.0,35.0,0.0
query_0094,R01908,0,0.0566,0.0,0.0345,0.0,0.0,0.0,12.0,0.0,0.0,0.0,0.0,0.0,0.6872,0.0,56.393,1.079,5.925,3.65,1.629,1.0,1.0,0.0,0.0,0.0,0.0,0.0,0.0,0.0,40.0,0.0
query_0094,R05520,0,0.0562,0.0,0.0333,0.0,0.0,0.0,9.0,0.0,0.0,0.0,0.0,0.0,0.7284,0.0,35.791,0.249,0.469,3.761,0.169,1.0,1.0,0.0,0.0,0.0,0.0,0.0,0.0,0.0,35.0,0.0
query_0094,R09052,0,0.0562,0.0,0.0323,0.0,0.0,0.0,12.0,0.0,0.0,0.0,0.0,0.0,0.6649,0.0,67.559,3.742,13.379,0.54,2.658,1.0,1.0,0.0,0.0,0.0,0.0,0.0,0.0,0.0,75.0,0.0
query_0094,R01312,2,0.0557,0.7314,0.0312,0.0263,1.0,0.0,12.0,0.0,0.0,0.0,0.0,0.0,0.5321,0.0,133.965,6.966,19.153,3.723,5.037,1.0,1.0,0.0,0.0,0.0,0.0,0.0,0.0,0.0,55.0,0.0
query_0094,R01014,0,0.0555,0.0,0.0303,0.0,0.0,0.0,16.0,0.0,0.0,0.0,0.0,0.0,0.4326,0.0,183.696,2.575,16.397,13.1,3.562,1.0,1.0,0.0,0.0,0.0,0.0,0.0,0.0,0.0,30.0,0.0
query_0094,R00719,0,0.0533,0.0,0.0278,0.0,0.0,0.0,7.0,0.0,0.0,0.0,0.0,0.0,0.2348,0.0,282.617,0.743,28.646,19.716,1.401,1.0,1.0,0.0,0.0,0.0,0.0,0.0,0.0,0.0,40.0,0.0
query_0094,R04123,0,0.0532,0.0,0.027,0.0,0.0,0.0,8.0,0.0,0.0,0.0,0.0,0.0,0.6654,0.0,67.305,0.289,1.431,6.995,0.772,1.0,1.0,0.0,0.0,0.0,0.0,0.0,0.0,0.0,120.0,0.0
query_0094,R02083,0,0.0528,0.0,0.0263,0.0,0.0,0.0,7.0,0.0,0.0,0.0,0.0,0.0,0.0912,0.0,354.387,9.29,47.356,17.57,4.767,1.0,1.0,0.0,0.0,0.0,0.0,0.0,0.0,0.0,35.0,0.0
query_0094,R01413,0,0.0528,0.0,0.0256,0.0,0.0,0.0,1.0,0.0,0.0,0.0,0.0,0.0,0.0,0.0,0.0,0.0,0.0,0.0,0.0,1.0,1.0,0.0,0.0,0.0,0.0,0.0,0.0,0.0,85.0,0.0
query_0094,R05020,0,0.0527,0.0,0.025,0.0,0.0,0.0,11.0,0.0,0.0,0.0,0.0,0.0,0.1219,0.0,460.971,5.171,52.708,25.599,1.213,1.0,1.0,0.0,0.0,0.0,0.0,0.0,0.0,0.0,80.0,0.0
query_0094,R01077,2,0.0,0.7773,0.0,1.0,0.0,0.0,9.0,0.0,0.0,0.0,0.0,0.0,0.2961,0.0,548.055,27.589,93.975,9.713,19.262,1.0,1.0,0.0,0.0,0.0,0.0,0.0,0.0,0.0,40.0,0.0
query_0094,R06993,2,0.0,0.7698,0.0,0.5,0.0,0.0,5.0,0.0,0.0,0.0,0.0,0.0,0.0,0.0,0.0,0.0,0.0,0.0,0.0,1.0,1.0,0.0,0.0,0.0,0.0,0.0,0.0,0.0,25.0,0.0
query_0094,R03362,2,0.0,0.7644,0.0,0.3333,0.0,0.0,16.0,0.0,0.0,0.0,0.0,0.0,0.4938,0.0,153.117,8.426,30.051,1.105,6.445,1.0,1.0,0.0,0.0,0.0,0.0,0.0,0.0,0.0,50.0,0.0
query_0094,R01861,2,0.0,0.7618,0.0,0.25,0.0,0.0,14.0,0.0,0.0,0.0,0.0,0.0,0.3775,0.0,211.226,12.799,38.735,1.409,9.487,1.0,1.0,0.0,0.0,0.0,0.0,0.0,0.0,0.0,40.0,0.0
query_0094,R08205,2,0.0,0.759,0.0,0.1667,0.0,0.0,14.0,0.0,0.0,0.0,0.0,0.0,0.3685,0.0,215.726,13.024,39.799,1.431,9.655,1.0,1.0,0.0,0.0,0.0,0.0,0.0,0.0,0.0,40.0,0.0
query_0094,R00396,2,0.0,0.7561,0.0,0.1429,0.0,0.0,19.0,0.0,0.0,0.0,0.0,0.0,0.5966,0.0,101.712,2.438,13.199,5.247,2.618,1.0,1.0,0.0,0.0,0.0,0.0,0.0,0.0,0.0,45.0,0.0
query_0094,R01969,2,0.0,0.7553,0.0,0.125,0.0,0.0,2.0,0.0,0.0,0.0,0.0,0.0,0.4205,0.0,189.742,13.047,34.241,0.629,8.913,1.0,1.0,0.0,0.0,0.0,0.0,0.0,0.0,0.0,30.0,0.0
query_0094,R06920,2,0.0,0.7527,0.0,0.1111,0.0,0.0,15.0,0.0,0.0,0.0,0.0,0.0,0.0946,0.0,352.691,19.5,60.578,5.179,14.512,1.0,1.0,0.0,0.0,0.0,0.0,0.0,0.0,0.0,35.0,0.0
query_0094,R06212,2,0.0,0.7526,0.0,0.1,0.0,0.0,7.0,0.0,0.0,0.0,0.0,0.0,0.3958,0.0,202.106,8.313,36.846,2.428,4.757,1.0,1.0,0.0,0.0,0.0,0.0,0.0,0.0,0.0,22.0,0.0
query_0096,R06629,1,0.2198,0.0,0.3333,0.0,0.0,0.0,11.0,0.0,0.0,0.0,0.0,0.0,0.0,0.0,139.042,4.267,12.742,8.914,2.241,1.0,1.0,0.0,1.0,0.0,0.0,0.0,0.0,0.0,55.0,0.0
query_0096,R07035,1,0.1929,0.0,0.25,0.0,0.0,0.0,11.0,0.0,0.0,0.0,0.0,0.0,0.0,0.0,139.042,4.267,12.742,8.914,2.241,1.0,1.0,0.0,1.0,0.0,0.0,0.0,0.0,0.0,55.0,0.0
query_0096,R06102,0,0.0744,0.0,0.0909,0.0,0.0,0.0,3.0,0.0,0.0,0.0,0.0,0.0,0.0,0.0,0.0,0.0,0.0,0.0,0.0,1.0,1.0,0.0,1.0,0.0,0.0,0.0,0.0,0.0,380.0,0.0
query_0096,R01532,0,0.0674,0.0,0.0625,0.0,0.0,0.0,8.0,0.0,0.0,0.0,0.0,0.0,0.0,0.0,90.755,1.466,6.567,7.399,2.647,1.0,1.0,0.0,1.0,0.0,0.0,0.0,0.0,0.0,40.0,0.0
query_0096,R06923,0,0.0666,0.0,0.0556,0.0,0.0,0.0,17.0,0.0,0.0,0.0,0.0,0.0,0.0,0.0,55.447,2.037,12.445,0.649,1.846,1.0,1.0,0.0,1.0,0.0,0.0,0.0,0.0,0.0,45.0,0.0
query_0096,R03077,0,0.0575,0.0,0.0263,0.0,0.0,0.0,7.0,0.0,0.0,0.0,0.0,0.0,0.0,0.0,707.273,26.579,85.295,31.84,5.732,1.0,1.0,0.0,1.0,0.0,0.0,0.0,0.0,0.0,60.0,0.0
query_0096,R02055,2,0.0,0.7935,0.0,0.5,0.0,0.0,12.0,0.0,0.0,0.0,0.0,0.0,0.0,0.0,46.176,0.996,3.096,3.545,0.51,1.0,1.0,0.0,1.0,0.0,0.0,0.0,0.0,0.0,35.0,0.0
query_0096,R01552,2,0.0,0.7759,0.0,0.125,0.0,0.0,2.0,0.0,0.0,0.0,0.0,0.0,0.0,0.0,7.339,0.513,0.699,0.285,0.001,1.0,1.0,0.0,1.0,0.0,0.0,0.0,0.0,0.0,70.0,0.0
query_0096,R07333,2,0.0,0.7587,0.0,0.0312,0.0,0.0,13.0,0.0,0.0,0.0,0.0,0.0,0.0,0.0,11.0,0.302,2.568,0.028,0.468,1.0,1.0,0.0,1.0,0.0,0.0,0.0,0.0,0.0,50.0,0.0
query_0096,R01907,2,0.0,0.7559,0.0,0.027,0.0,0.0,7.0,0.0,0.0,0.0,0.0,0.0,0.0,0.0,8.219,0.007,0.016,0.92,0.008,1.0,1.0,0.0,1.0,0.0,0.0,0.0,0.0,0.0,30.0,0.0
query_0097,R02659,2,0.1246,0.7561,0.3333,0.2,1.0,0.0,14.0,0.0,0.0,0.0,0.0,0.0,0.1121,0.0,143.941,4.905,16.813,7.673,4.404,1.0,1.0,0.0,0.0,0.0,0.0,0.0,0.0,0.0,35.0,0.0
query_0097,R02448,0,0.1049,0.0,0.1429,0.0,0.0,0.0,4.0,0.0,0.0,0.0,0.0,0.0,0.0,0.0,0.0,0.0,0.0,0.0,0.0,1.0,1.0,0.0,0.0,0.0,0.0,0.0,0.0,0.0,70.0,0.0
query_0097,R03293,0,0.0826,0.0,0.0435,0.0,0.0,0.0,8.0,0.0,0.0,0.0,0.0,0.0,0.3786,0.0,10.697,0.413,0.56,0.869,0.244,1.0,1.0,0.0,0.0,0.0,0.0,0.0,0.0,0.0,45.0,0.0
query_0097,R03315,0,0.0804,0.0,0.0385,0.0,0.0,0.0,8.0,0.0,0.0,0.0,0.0,0.0,0.3728,0.0,13.625,0.534,1.306,0.906,0.539,1.0,1.0,0.0,0.0,0.0,0.0,0.0,0.0,0.0,45.0,0.0
query_0097,R00389,0,0.0793,0.0,0.0333,0.0,0.0,0.0,10.0,0.0,0.0,0.0,0.0,0.0,0.059,0.0,170.49,8.614,20.656,6.248,2.927,1.0,1.0,0.0,0.0,0.0,0.0,0.0,0.0,0.0,55.0,0.0
query_0097,R07278,2,0.0,0.7732,0.0,0.5,0.0,0.0,11.0,0.0,0.0,0.0,0.0,0.0,0.3438,0.0,28.085,1.086,6.615,0.174,1.794,1.0,1.0,0.0,0.0,0.0,0.0,0.0,0.0,0.0,55.0,0.0
query_0097,R00277,2,0.0,0.7557,0.0,0.1667,0.0,0.0,19.0,0.0,0.0,0.0,0.0,0.0,0.209,0.0,95.498,2.938,13.994,3.963,3.337,1.0,1.0,0.0,0.0,0.0,0.0,0.0,0.0,0.0,45.0,0.0
query_0097,R07119,2,0.0,0.7544,0.0,0.1429,0.0,0.0,10.0,0.0,0.0,0.0,0.0,0.0,0.0355,0.0,217.762,4.608,40.815,5.367,7.396,1.0,1.0,0.0,0.0,0.0,0.0,0.0,0.0,0.0,25.0,0.0
query_0097,R04768,2,0.0,0.748,0.0,0.1111,0.0,0.0,9.0,0.0,0.0,0.0,0.0,0.0,0.0406,0.0,179.677,4.684,42.026,0.786,7.617,1.0,1.0,0.0,0.0,0.0,0.0,0.0,0.0,0.0,25.0,0.0
query_0097,R02231,2,0.0,0.7465,0.0,0.1,0.0,0.0,15.0,0.0,0.0,0.0,0.0,0.0,0.2089,0.0,95.525,1.268,7.861,7.116,1.874,1.0,1.0,0.0,0.0,0.0,0.0,0.0,0.0,0.0,40.0,0.0
query_0097,R09200,2,0.0,0.7463,0.0,0.0909,0.0,0.0,6.0,0.0,0.0,0.0,0.0,0.0,0.1824,0.0,108.809,5.683,19.025,2.251,3.857,1.0,1.0,0.0,0.0,0.0,0.0,0.0,0.0,0.0,40.0,0.0
query_0097,R02037,2,0.0,0.7453,0.0,0.0833,0.0,0.0,13.0,0.0,0.0,0.0,0.0,0.0,0.378,0.0,11.0,0.302,2.568,0.028,0.468,1.0,1.0,0.0,0.0,0.0,0.0,0.0,0.0,0.0,55.0,0.0
query_0097,R05975,2,0.0,0.7437,0.0,0.0769,0.0,0.0,8.0,0.0,0.0,0.0,0.0,0.0,0.1479,0.0,126.059,5.923,11.499,7.231,2.822,1.0,1.0,0.0,0.0,0.0,0.0,0.0,0.0,0.0,30.0,0.0
query_0097,R05454,2,0.0,0.7435,0.0,0.0625,0.0,0.0,8.0,0.0,0.0,0.0,0.0,0.0,0.1281,0.0,135.947,3.644,21.458,5.326,4.936,1.0,1.0,0.0,0.0,0.0,0.0,0.0,0.0,0.0,30.0,0.0
query_0097,R01945,2,0.0,0.7426,0.0,0.0588,0.0,0.0,15.0,0.0,0.0,0.0,0.0,0.0,0.0192,0.0,190.416,6.581,23.364,8.691,4.327,1.0,1.0,0.0,0.0,0.0,0.0,0.0,0.0,0.0,40.0,0.0
query_0097,R08536,2,0.0,0.7387,0.0,0.0526,0.0,0.0,13.0,0.0,0.0,0.0,0.0,0.0,0.0224,0.0,188.804,1.816,14.825,14.434,3.326,1.0,1.0,0.0,0.0,0.0,0.0,0.0,0.0,0.0,70.0,0.0
query_0097,R05023,2,0.0,0.736,0.0,0.0435,0.0,0.0,14.0,0.0,0.0,0.0,0.0,0.0,0.3116,0.0,44.219,0.924,7.694,1.413,1.679,1.0,1.0,0.0,0.0,0.0,0.0,0.0,0.0,0.0,30.0,0.0
query_0097,R09096,2,0.0,0.7354,0.0,0.0417,0.0,0.0,10.0,0.0,0.0,0.0,0.0,0.0,0.0824,0.0,241.214,7.056,14.492,18.387,2.431,1.0,1.0,0.0,0.0,0.0,0.0,0.0,0.0,0.0,40.0,0.0
query_0097,R06658,2,0.0,0.7353,0.0,0.04,0.0,0.0,14.0,0.0,0.0,0.0,0.0,0.0,0.378,0.0,11.0,0.302,2.568,0.028,0.468,1.0,1.0,0.0,0.0,0.0,0.0,0.0,0.0,0.0,35.0,0.0
query_0097,R08919,2,0.0,0.7339,0.0,0.037,0.0,0.0,14.0,0.0,0.0,0.0,0.0,0.0,0.0218,0.0,210.914,14.755,42.691,2.198,13.881,1.0,1.0,0.0,0.0,0.0,0.0,0.0,0.0,0.0,50.0,0.0
query_0097,R06007,2,0.0,0.7337,0.0,0.0357,0.0,0.0,26.0,0.0,0.0,0.0,0.0,0.0,0.2535,0.0,73.241,2.303,13.098,2.182,2.176,1.0,1.0,0.0,0.0,0.0,0.0,0.0,0.0,0.0,50.0,0.0
query_0097,R03304,2,0.0,0.7325,0.0,0.0333,0.0,0.0,15.0,0.0,0.0,0.0,0.0,0.0,0.3245,0.0,37.772,0.514,2.351,3.233,0.413,1.0,1.0,0.0,0.0,0.0,0.0,0.0,0.0,0.0,60.0,0.0
query_0097,R01042,2,0.0,0.7321,0.0,0.0312,0.0,0.0,11.0,0.0,0.0,0.0,0.0,0.0,0.2082,0.0,95.876,2.518,21.872,0.19,2.589,1.0,1.0,0.0,0.0,0.0,0.0,0.0,0.0,0.0,40.0,0.0
query_0097,R00740,2,0.0,0.732,0.0,0.0303,0.0,0.0,11.0,0.0,0.0,0.0,0.0,0.0,0.36,0.0,20.0,0.752,4.697,0.072,0.805,1.0,1.0,0.0,0.0,0.0,0.0,0.0,0.0,0.0,25.0,0.0
query_0097,R00437,2,0.0,0.7292,0.0,0.0286,0.0,0.0,5.0,0.0,0.0,0.0,0.0,0.0,0.3304,0.0,34.816,1.702,3.475,2.042,1.341,1.0,1.0,0.0,0.0,0.0,0.0,0.0,0.0,0.0,25.0,0.0
query_0097,R06805,2,0.0,0.7291,0.0,0.0278,0.0,0.0,16.0,0.0,0.0,0.0,0.0,0.0,0.016,0.0,208.019,5.386,21.783,11.852,4.063,1.0,1.0,0.0,0.0,0.0,0.0,0.0,0.0,0.0,100.0,0.0
query_0097,R02728,2,0.0,0.7278,0.0,0.0256,0.0,0.0,24.0,0.0,0.0,0.0,0.0,0.0,0.2535,0.0,73.241,2.303,13.098,2.182,2.176,1.0,1.0,0.0,0.0,0.0,0.0,0.0,0.0,0.0,50.0,0.0
query_0098,R01722,0,0.1278,0.0,1.0,0.0,0.0,0.0,9.0,0.0,0.0,0.0,0.0,0.0,0.0,0.0,22.645,1.319,4.865,0.158,1.792,1.0,1.0,0.0,0.0,0.0,0.0,0.0,0.0,0.0,30.0,0.0
query_0098,R00388,2,0.1205,0.6748,0.5,0.0526,1.0,0.0,6.0,0.0,0.0,0.0,0.0,0.0,0.0,0.0,78.248,0.684,4.084,7.027,0.871,1.0,1.0,0.0,0.0,0.0,0.0,0.0,0.0,0.0,40.0,0.0
query_0098,R11472,0,0.1106,0.0,0.3333,0.0,0.0,0.0,17.0,0.0,0.0,0.0,0.0,0.0,0.0,0.0,781.107,11.866,90.587,43.958,10.651,1.0,1.0,0.0,0.0,0.0,0.0,0.0,0.0,0.0,30.0,0.0
query_0098,R04849,0,0.1081,0.0,0.25,0.0,0.0,0.0,13.0,0.0,0.0,0.0,0.0,0.0,0.0,0.0,113.543,2.073,18.771,3.796,2.195,1.0,1.0,0.0,0.0,0.0,0.0,0.0,0.0,0.0,40.0,0.0
query_0098,R01968,0,0.1006,0.0,0.2,0.0,0.0,0.0,10.0,0.0,0.0,0.0,0.0,0.0,0.0,0.0,84.663,1.985,10.667,4.53,2.576,1.0,1.0,0.0,0.0,0.0,0.0,0.0,0.0,0.0,15.0,0.0
query_0098,R00227,2,0.1002,0.687,0.1667,0.125,1.0,0.0,8.0,0.0,0.0,0.0,0.0,0.0,0.0,0.0,67.684,1.642,13.168,1.259,1.518,1.0,1.0,0.0,0.0,0.0,0.0,0.0,0.0,0.0,40.0,0.0
query_0098,R09889,0,0.0995,0.0,0.1429,0.0,0.0,0.0,12.0,0.0,0.0,0.0,0.0,0.0,0.0,0.0,104.005,2.788,23.764,0.151,2.65,1.0,1.0,0.0,0.0,0.0,0.0,0.0,0.0,0.0,35.0,0.0
query_0098,R08060,0,0.0969,0.0,0.125,0.0,0.0,0.0,15.0,0.0,0.0,0.0,0.0,0.0,0.0,0.0,138.781,6.528,19.156,4.561,2.968,1.0,1.0,0.0,0.0,0.0,0.0,0.0,0.0,0.0,830.0,0.0
query_0098,R09170,0,0.0894,0.0,0.1111,0.0,0.0,0.0,20.0,0.0,0.0,0.0,0.0,0.0,0.0,0.0,125.673,1.526,8.049,10.266,1.862,1.0,1.0,0.0,0.0,0.0,0.0,0.0,0.0,0.0,90.0,0.0
query_0098,R03214,0,0.0846,0.0,0.1,0.0,0.0,0.0,10.0,0.0,0.0,0.0,0.0,0.0,0.0,0.0,123.844,3.551,27.186,0.831,3.478,1.0,1.0,0.0,0.0,0.0,0.0,0.0,0.0,0.0,45.0,0.0
query_0098,R02895,0,0.0749,0.0,0.0909,0.0,0.0,0.0,9.0,0.0,0.0,0.0,0.0,0.0,0.0,0.0,253.083,6.315,5.772,23.929,2.555,1.0,1.0,0.0,0.0,0.0,0.0,0.0,0.0,0.0,15.0,0.0
query_0098,R04974,0,0.0749,0.0,0.0833,0.0,0.0,0.0,11.0,0.0,0.0,0.0,0.0,0.0,0.0,0.0,292.688,0.906,0.082,32.583,0.0,1.0,1.0,0.0,0.0,0.0,0.0,0.0,0.0,0.0,30.0,0.0
query_0098,R10547,2,0.0679,0.6805,0.0714,0.0769,1.0,0.0,7.0,0.0,0.0,0.0,0.0,0.0,0.0,0.0,172.912,0.0,0.0,19.212,0.0,1.0,1.0,0.0,0.0,0.0,0.0,0.0,0.0,0.0,45.0,0.0
query_0098,R00780,0,0.0663,0.0,0.0667,0.0,0.0,0.0,15.0,0.0,0.0,0.0,0.0,0.0,0.0,0.0,426.096,32.326,30.926,20.05,4.681,1.0,1.0,0.0,0.0,0.0,0.0,0.0,0.0,0.0,46.0,0.0
query_0098,R12873,2,0.0657,0.7019,0.0625,0.25,1.0,0.0,9.0,0.0,0.0,0.0,0.0,0.0,0.0,0.0,72.524,0.354,2.804,6.909,0.637,1.0,1.0,0.0,0.0,0.0,0.0,0.0,0.0,0.0,35.0,0.0
query_0098,R11562,0,0.0656,0.0,0.0588,0.0,0.0,0.0,5.0,0.0,0.0,0.0,0.0,0.0,0.0,0.0,245.425,4.718,6.901,22.667,0.079,1.0,1.0,0.0,0.0,0.0,0.0,0.0,0.0,0.0,20.0,0.0
query_0098,R12474,0,0.0652,0.0,0.0556,0.0,0.0,0.0,16.0,0.0,0.0,0.0,0.0,0.0,0.0,0.0,49.587,1.115,3.099,4.147,1.425,1.0,1.0,0.0,0.0,0.0,0.0,0.0,0.0,0.0,40.0,0.0
query_0098,R11962,0,0.0637,0.0,0.0526,0.0,0.0,0.0,17.0,0.0,0.0,0.0,0.0,0.0,0.0,0.0,47.444,0.888,3.894,3.317,0.367,1.0,1.0,0.0,0.0,0.0,0.0,0.0,0.0,0.0,22.0,0.0
query_0098,R06399,0,0.0633,0.0,0.05,0.0,0.0,0.0,13.0,0.0,0.0,0.0,0.0,0.0,0.0,0.0,180.164,4.413,32.635,4.693,4.928,1.0,1.0,0.0,0.0,0.0,0.0,0.0,0.0,0.0,40.0,0.0
query_0098,R08522,0,0.0607,0.0,0.0455,0.0,0.0,0.0,4.0,0.0,0.0,0.0,0.0,0.0,0.0,0.0,107.828,0.028,26.538,0.551,0.071,1.0,1.0,0.0,0.0,0.0,0.0,0.0,0.0,0.0,40.0,0.0
query_0098,R05434,0,0.0596,0.0,0.0435,0.0,0.0,0.0,11.0,0.0,0.0,0.0,0.0,0.0,0.0,0.0,82.568,2.851,10.454,3.69,3.013,1.0,1.0,0.0,0.0,0.0,0.0,0.0,0.0,0.0,35.0,0.0
query_0098,R03646,2,0.0596,0.6745,0.0417,0.05,1.0,0.0,16.0,0.0,0.0,0.0,0.0,0.0,0.0,0.0,114.796,6.137,12.645,6.144,4.984,1.0,1.0,0.0,0.0,0.0,0.0,0.0,0.0,0.0,40.0,0.0
query_0098,R05474,0,0.0579,0.0,0.0385,0.0,0.0,0.0,21.0,0.0,0.0,0.0,0.0,0.0,0.0,0.0,621.722,14.062,110.171,16.06,10.807,1.0,1.0,0.0,0.0,0.0,0.0,0.0,0.0,0.0,55.0,0.0
query_0098,R07894,0,0.0573,0.0,0.037,0.0,0.0,0.0,1.0,0.0,0.0,0.0,0.0,0.0,0.0,0.0,0.0,0.0,0.0,0.0,0.0,1.0,1.0,0.0,0.0,0.0,0.0,0.0,0.0,0.0,55.0,0.0
query_0098,R02900,0,0.0565,0.0,0.0357,0.0,0.0,0.0,9.0,0.0,0.0,0.0,0.0,0.0,0.0,0.0,56.044,0.742,5.906,3.54,1.079,1.0,1.0,0.0,0.0,0.0,0.0,0.0,0.0,0.0,55.0,0.0
query_0098,R02105,0,0.055,0.0,0.0345,0.0,0.0,0.0,16.0,0.0,0.0,0.0,0.0,0.0,0.0,0.0,221.369,5.586,9.594,19.498,2.756,1.0,1.0,0.0,0.0,0.0,0.0,0.0,0.0,0.0,20.0,0.0
query_0098,R00278,0,0.0548,0.0,0.0333,0.0,0.0,0.0,17.0,0.0,0.0,0.0,0.0,0.0,0.0,0.0,277.291,7.296,11.3,24.131,3.627,1.0,1.0,0.0,0.0,0.0,0.0,0.0,0.0,0.0,30.0,0.0
query_0098,R01111,0,0.0546,0.0,0.0323,0.0,0.0,0.0,7.0,0.0,0.0,0.0,0.0,0.0,0.0,0.0,107.954,0.507,3.667,10.457,0.469,1.0,1.0,0.0,0.0,0.0,0.0,0.0,0.0,0.0,50.0,0.0
query_0098,R01553,0,0.0542,0.0,0.0312,0.0,0.0,0.0,14.0,0.0,0.0,0.0,0.0,0.0,0.0,0.0,154.884,4.541,34.512,0.807,4.235,1.0,1.0,0.0,0.0,0.0,0.0,0.0,0.0,0.0,40.0,0.0
query_0098,R05384,0,0.0541,0.0,0.0303,0.0,0.0,0.0,21.0,0.0,0.0,0.0,0.0,0.0,0.0,0.0,90.309,1.907,7.949,6.652,1.913,1.0,1.0,0.0,0.0,0.0,0.0,0.0,0.0,0.0,50.0,0.0
query_0098,R07764,0,0.0529,0.0,0.0294,0.0,0.0,0.0,17.0,0.0,0.0,0.0,0.0,0.0,0.0,0.0,38.411,1.375,8.873,0.18,1.733,1.0,1.0,0.0,0.0,0.0,0.0,0.0,0.0,0.0,90.0,0.0
query_0098,R03371,0,0.0528,0.0,0.0286,0.0,0.0,0.0,18.0,0.0,0.0,0.0,0.0,0.0,0.0,0.0,6.346,0.241,1.403,0.034,0.152,1.0,1.0,0.0,0.0,0.0,0.0,0.0,0.0,0.0,60.0,0.0
query_0098,R01352,0,0.0523,0.0,0.0278,0.0,0.0,0.0,8.0,0.0,0.0,0.0,0.0,0.0,0.0,0.0,20.681,0.318,1.775,1.573,0.24,1.0,1.0,0.0,0.0,0.0,0.0,0.0,0.0,0.0,35.0,0.0
query_0098,R05529,0,0.0518,0.0,0.027,0.0,0.0,0.0,20.0,0.0,0.0,0.0,0.0,0.0,0.0,0.0,361.932,6.759,66.836,7.352,2.917,1.0,1.0,0.0,0.0,0.0,0.0,0.0,0.0,0.0,45.0,0.0
query_0098,R03747,0,0.0518,0.0,0.0263,0.0,0.0,0.0,13.0,0.0,0.0,0.0,0.0,0.0,0.0,0.0,88.129,2.101,8.605,5.859,2.278,1.0,1.0,0.0,0.0,0.0,0.0,0.0,0.0,0.0,10.0,0.0
query_0098,R04614,0,0.0516,0.0,0.0256,0.0,0.0,0.0,13.0,0.0,0.0,0.0,0.0,0.0,0.0,0.0,288.311,9.656,25.628,19.007,4.751,1.0,1.0,0.0,0.0,0.0,0.0,0.0,0.0,0.0,45.0,0.0
query_0098,R00405,0,0.0506,0.0,0.025,0.0,0.0,0.0,6.0,0.0,0.0,0.0,0.0,0.0,0.0,0.0,59.851,0.6,2.742,5.503,0.521,1.0,1.0,0.0,0.0,0.0,0.0,0.0,0.0,0.0,20.0,0.0
query_0098,R05037,2,0.0,0.7438,0.0,1.0,0.0,0.0,10.0,0.0,0.0,0.0,0.0,0.0,0.0,0.0,432.933,12.03,98.302,0.771,9.795,1.0,1.0,0.0,0.0,0.0,0.0,0.0,0.0,0.0,25.0,0.0
query_0098,R04839,2,0.0,0.7165,0.0,0.5,0.0,0.0,11.0,0.0,0.0,0.0,0.0,0.0,0.0,0.0,174.958,4.676,39.525,0.456,4.151,1.0,1.0,0.0,0.0,0.0,0.0,0.0,0.0,0.0,45.0,0.0
query_0098,R02277,2,0.0,0.7129,0.0,0.3333,0.0,0.0,9.0,0.0,0.0,0.0,0.0,0.0,0.0,0.0,322.107,6.886,57.444,8.132,5.321,1.0,1.0,0.0,0.0,0.0,0.0,0.0,0.0,0.0,30.0,0.0
query_0099,R03960,1,0.156,0.0,1.0,0.0,0.0,0.0,16.0,0.0,0.0,0.0,0.0,0.0,0.0,0.0,126.508,0.045,0.165,14.236,0.116,1.0,1.0,0.0,0.0,0.0,0.0,0.0,0.0,0.0,50.0,0.0
query_0099,R01200,2,0.1397,0.7269,0.5,0.0588,1.0,0.0,6.0,0.0,0.0,0.0,0.0,0.0,0.0,0.0,251.538,1.692,55.282,3.716,0.858,1.0,1.0,0.0,0.0,0.0,0.0,0.0,0.0,0.0,390.0,0.0
query_0099,R10987,0,0.1339,0.0,0.3333,0.0,0.0,0.0,6.0,0.0,0.0,0.0,0.0,0.0,0.0,0.0,181.268,8.618,24.86,5.59,0.228,1.0,1.0,0.0,0.0,0.0,0.0,0.0,0.0,0.0,75.0,0.0
query_0099,R03650,2,0.1238,0.7325,0.25,0.1429,1.0,0.0,11.0,0.0,0.0,0.0,0.0,0.0,0.0,0.0,236.02,36.448,1.938,8.447,0.661,1.0,0.0,0.0,0.0,0.0,0.0,0.0,0.0,0.0,35.0,0.0
query_0099,R05949,0,0.1219,0.0,0.2,0.0,0.0,0.0,16.0,0.0,0.0,0.0,0.0,0.0,0.0,0.0,44.407,1.489,7.62,1.49,1.711,1.0,1.0,0.0,0.0,0.0,0.0,0.0,0.0,0.0,50.0,0.0
query_0099,R10810,0,0.1209,0.0,0.1667,0.0,0.0,0.0,4.0,0.0,0.0,0.0,0.0,0.0,0.0,0.0,68.153,0.0,17.575,0.0,0.0,1.0,1.0,0.0,0.0,0.0,0.0,0.0,0.0,0.0,60.0,0.0
query_0099,R05221,2,0.1067,0.7594,0.1429,0.5,1.0,0.0,7.0,0.0,0.0,0.0,0.0,0.0,0.0,0.0,214.662,5.625,38.233,4.953,0.76,1.0,1.0,0.0,0.0,0.0,0.0,0.0,0.0,0.0,50.0,0.0
query_0099,R01760,0,0.1034,0.0,0.125,0.0,0.0,0.0,15.0,0.0,0.0,0.0,0.0,0.0,0.0,0.0,170.463,4.332,28.449,5.114,4.081,1.0,1.0,0.0,0.0,0.0,0.0,0.0,0.0,0.0,35.0,0.0
query_0099,R02724,0,0.0969,0.0,0.1111,0.0,0.0,0.0,15.0,0.0,0.0,0.0,0.0,0.0,0.0,0.0,577.178,0.251,119.108,12.889,0.452,1.0,1.0,0.0,0.0,0.0,0.0,0.0,0.0,0.0,50.0,0.0
query_0099,R02332,2,0.0967,0.7195,0.1,0.0345,1.0,0.0,17.0,0.0,0.0,0.0,0.0,0.0,0.0,0.0,265.739,6.227,58.873,0.911,3.549,1.0,0.0,0.0,0.0,0.0,0.0,0.0,0.0,0.0,65.0,0.0
query_0099,R02058,0,0.0951,0.0,0.0909,0.0,0.0,0.0,17.0,0.0,0.0,0.0,0.0,0.0,0.0,0.0,100.674,13.747,2.454,3.759,0.493,1.0,0.0,0.0,0.0,0.0,0.0,0.0,0.0,0.0,75.0,0.0
query_0099,R06992,0,0.0817,0.0,0.0833,0.0,0.0,0.0,15.0,0.0,0.0,0.0,0.0,0.0,0.0,0.0,89.394,1.914,12.194,4.564,2.365,1.0,1.0,0.0,0.0,0.0,0.0,0.0,0.0,0.0,50.0,0.0
query_0099,R09317,0,0.0796,0.0,0.0769,0.0,0.0,0.0,15.0,0.0,0.0,0.0,0.0,0.0,0.0,0.0,58.852,1.914,12.194,1.109,2.365,1.0,1.0,0.0,0.0,0.0,0.0,0.0,0.0,0.0,50.0,0.0
query_0099,R04643,0,0.0767,0.0,0.0714,0.0,0.0,0.0,16.0,0.0,0.0,0.0,0.0,0.0,0.0,0.0,264.926,4.295,45.508,7.082,1.833,1.0,1.0,0.0,0.0,0.0,0.0,0.0,0.0,0.0,70.0,0.0
query_0099,R08626,2,0.0763,0.7194,0.0667,0.0333,1.0,0.0,30.0,0.0,0.0,0.0,0.0,0.0,0.0,0.0,501.796,15.439,82.289,13.331,8.121,1.0,1.0,0.0,0.0,0.0,0.0,0.0,0.0,0.0,60.0,0.0
query_0099,R04695,0,0.0756,0.0,0.0625,0.0,0.0,0.0,4.0,0.0,0.0,0.0,0.0,0.0,0.0,0.0,0.0,0.0,0.0,0.0,0.0,1.0,1.0,0.0,0.0,0.0,0.0,0.0,0.0,0.0,13.0,0.0
query_0099,R05893,2,0.0751,0.7296,0.0588,0.0909,1.0,0.0,13.0,0.0,0.0,0.0,0.0,0.0,0.0,0.0,497.094,18.888,77.864,13.548,1.121,1.0,1.0,0.0,0.0,0.0,0.0,0.0,0.0,0.0,40.0,0.0
query_0099,R08535,0,0.0736,0.0,0.0556,0.0,0.0,0.0,25.0,0.0,0.0,0.0,0.0,0.0,0.0,0.0,412.228,9.832,67.209,11.023,1.661,1.0,1.0,0.0,0.0,0.0,0.0,0.0,0.0,0.0,65.0,0.0
query_0099,R00199,0,0.0732,0.0,0.0526,0.0,0.0,0.0,6.0,0.0,0.0,0.0,0.0,0.0,0.0,0.0,115.62,1.647,23.028,2.347,0.469,1.0,1.0,0.0,0.0,0.0,0.0,0.0,0.0,0.0,40.0,0.0
query_0099,R05136,2,0.0718,0.7151,0.05,0.0256,1.0,0.0,17.0,0.0,0.0,0.0,0.0,0.0,0.0,0.0,375.095,9.255,67.173,9.274,7.923,1.0,1.0,0.0,0.0,0.0,0.0,0.0,0.0,0.0,50.0,0.0
query_0099,R05143,0,0.0705,0.0,0.0476,0.0,0.0,0.0,18.0,0.0,0.0,0.0,0.0,0.0,0.0,0.0,77.217,3.639,15.875,0.556,4.355,1.0,1.0,0.0,0.0,0.0,0.0,0.0,0.0,0.0,30.0,0.0
query_0099,R09278,0,0.0692,0.0,0.0455,0.0,0.0,0.0,18.0,0.0,0.0,0.0,0.0,0.0,0.0,0.0,102.859,3.365,14.698,4.001,4.306,1.0,1.0,0.0,0.0,0.0,0.0,0.0,0.0,0.0,30.0,0.0
query_0099,R04955,0,0.0689,0.0,0.0435,0.0,0.0,0.0,5.0,0.0,0.0,0.0,0.0,0.0,0.0,0.0,451.584,19.106,64.5,14.199,1.315,1.0,1.0,0.0,0.0,0.0,0.0,0.0,0.0,0.0,55.0,0.0
query_0099,R04256,0,0.0679,0.0,0.0417,0.0,0.0,0.0,6.0,0.0,0.0,0.0,0.0,0.0,0.0,0.0,1.099,0.049,0.203,0.029,0.071,1.0,1.0,0.0,0.0,0.0,0.0,0.0,0.0,0.0,35.0,0.0
query_0099,R00196,0,0.0678,0.0,0.04,0.0,0.0,0.0,4.0,0.0,0.0,0.0,0.0,0.0,0.0,0.0,267.474,0.875,68.465,0.406,1.741,1.0,1.0,0.0,0.0,0.0,0.0,0.0,0.0,0.0,35.0,0.0
query_0099,R01785,0,0.0662,0.0,0.0385,0.0,0.0,0.0,9.0,0.0,0.0,0.0,0.0,0.0,0.0,0.0,148.937,5.689,25.104,3.161,0.0,1.0,1.0,0.0,0.0,0.0,0.0,0.0,0.0,0.0,40.0,0.0
query_0099,R08022,0,0.0641,0.0,0.037,0.0,0.0,0.0,5.0,0.0,0.0,0.0,0.0,0.0,0.0,0.0,543.375,16.488,72.219,23.481,4.696,1.0,1.0,0.0,0.0,0.0,0.0,0.0,0.0,0.0,35.0,0.0
query_0099,R04657,0,0.0636,0.0,0.0357,0.0,0.0,0.0,22.0,0.0,0.0,0.0,0.0,0.0,0.0,0.0,339.127,7.479,68.574,4.269,4.537,1.0,1.0,0.0,0.0,0.0,0.0,0.0,0.0,0.0,35.0,0.0
query_0099,R01113,2,0.0629,0.7287,0.0345,0.0714,1.0,0.0,8.0,0.0,0.0,0.0,0.0,0.0,0.0,0.0,246.743,0.073,23.899,17.129,0.19,1.0,1.0,0.0,0.0,0.0,0.0,0.0,0.0,0.0,85.0,0.0
query_0099,R07377,0,0.0625,0.0,0.0333,0.0,0.0,0.0,14.0,0.0,0.0,0.0,0.0,0.0,0.0,0.0,335.183,3.364,13.068,31.964,5.17,1.0,1.0,0.0,0.0,0.0,0.0,0.0,0.0,0.0,45.0,0.0
query_0099,R03670,0,0.0625,0.0,0.0323,0.0,0.0,0.0,15.0,0.0,0.0,0.0,0.0,0.0,0.0,0.0,275.178,5.466,54.657,4.15,2.425,1.0,1.0,0.0,0.0,0.0,0.0,0.0,0.0,0.0,75.0,0.0
query_0099,R10557,0,0.0624,0.0,0.0312,0.0,0.0,0.0,24.0,0.0,0.0,0.0,0.0,0.0,0.0,0.0,253.368,4.522,16.925,20.164,3.912,1.0,1.0,0.0,0.0,0.0,0.0,0.0,0.0,0.0,55.0,0.0
query_0099,R01961,0,0.0622,0.0,0.0303,0.0,0.0,0.0,4.0,0.0,0.0,0.0,0.0,0.0,0.0,0.0,1173.896,0.023,300.058,0.013,0.007,1.0,0.0,1.0,0.0,0.0,0.0,0.0,0.0,0.0,80.0,0.0
query_0099,R01688,0,0.0621,0.0,0.0294,0.0,0.0,0.0,5.0,0.0,0.0,0.0,0.0,0.0,0.0,0.0,560.469,29.007,65.47,21.665,1.724,1.0,1.0,0.0,0.0,0.0,0.0,0.0,0.0,0.0,95.0,0.0
query_0099,R06522,0,0.0619,0.0,0.0286,0.0,0.0,0.0,31.0,0.0,0.0,0.0,0.0,0.0,0.0,0.0,736.212,38.746,118.094,11.539,6.09,1.0,0.0,0.0,0.0,0.0,0.0,0.0,0.0,0.0,170.0,0.0
query_0099,R02334,2,0.0617,0.7393,0.0278,0.25,1.0,0.0,28.0,0.0,0.0,0.0,0.0,0.0,0.0,0.0,649.613,12.06,125.754,11.069,5.215,1.0,1.0,0.0,0.0,0.0,0.0,0.0,0.0,0.0,90.0,0.0
query_0099,R01980,0,0.061,0.0,0.027,0.0,0.0,0.0,24.0,0.0,0.0,0.0,0.0,0.0,0.0,0.0,93.502,3.23,21.59,0.49,4.436,1.0,0.0,0.0,0.0,0.0,0.0,0.0,0.0,0.0,100.0,0.0
query_0099,R05264,0,0.0606,0.0,0.0263,0.0,0.0,0.0,7.0,0.0,0.0,0.0,0.0,0.0,0.0,0.0,12.666,0.014,3.251,0.009,0.036,1.0,1.0,0.0,0.0,0.0,0.0,0.0,0.0,0.0,255.0,0.0
query_0099,R00251,0,0.0601,0.0,0.0256,0.0,0.0,0.0,7.0,0.0,0.0,0.0,0.0,0.0,0.0,0.0,625.614,9.597,49.81,45.393,4.726,1.0,1.0,0.0,0.0,0.0,0.0,0.0,0.0,0.0,35.0,0.0
query_0099,R09336,0,0.0599,0.0,0.025,0.0,0.0,0.0,15.0,0.0,0.0,0.0,0.0,0.0,0.0,0.0,312.762,6.715,68.642,0.789,2.824,1.0,1.0,0.0,0.0,0.0,0.0,0.0,0.0,0.0,55.0,0.0
query_0100,R04015,2,0.1572,0.7502,0.3333,0.0909,1.0,0.0,8.0,0.0,0.0,0.0,0.0,0.0,0.2156,0.0,42.192,0.555,2.659,3.553,0.756,1.0,1.0,0.0,0.0,0.0,0.0,0.0,0.0,0.0,25.0,0.0
query_0100,R02245,0,0.1468,0.0,0.2,0.0,0.0,0.0,6.0,0.0,0.0,0.0,0.0,0.0,0.1951,0.0,52.429,2.038,12.082,0.375,2.278,1.0,1.0,0.0,0.0,0.0,0.0,0.0,0.0,0.0,15.0,0.0
query_0100,R02394,2,0.1433,0.8037,0.1667,1.0,1.0,0.0,6.0,0.0,0.0,0.0,0.0,0.0,0.2665,0.0,16.728,0.712,3.441,0.338,0.936,1.0,1.0,0.0,0.0,0.0,0.0,0.0,0.0,0.0,5.0,0.0
query_0100,R00018,2,0.1309,0.718,0.1429,0.0256,1.0,0.0,7.0,0.0,0.0,0.0,0.0,0.0,0.2739,0.0,13.044,0.537,2.85,0.142,0.577,1.0,1.0,0.0,0.0,0.0,0.0,0.0,0.0,0.0,30.0,0.0
query_0100,R00634,2,0.1267,0.7775,0.125,0.25,1.0,0.0,8.0,0.0,0.0,0.0,0.0,0.0,0.1441,0.0,77.942,2.9,13.786,2.338,3.051,1.0,1.0,0.0,0.0,0.0,0.0,0.0,0.0,0.0,35.0,0.0
query_0100,R07573,2,0.1183,0.7928,0.1111,0.5,1.0,0.0,9.0,0.0,0.0,0.0,0.0,0.0,0.2102,0.0,44.913,1.829,9.915,0.482,2.498,1.0,1.0,0.0,0.0,0.0,0.0,0.0,0.0,0.0,15.0,0.0
query_0100,R01056,2,0.1063,0.7372,0.1,0.0667,1.0,0.0,7.0,0.0,0.0,0.0,0.0,0.0,0.286,0.0,6.976,0.343,1.384,0.166,0.283,1.0,1.0,0.0,0.0,0.0,0.0,0.0,0.0,0.0,35.0,0.0
query_0100,R09152,2,0.1063,0.7828,0.0909,0.3333,1.0,0.0,8.0,0.0,0.0,0.0,0.0,0.0,0.269,0.0,15.513,0.645,3.341,0.221,0.753,1.0,1.0,0.0,0.0,0.0,0.0,0.0,0.0,0.0,10.0,0.0
query_0100,R03924,0,0.0994,0.0,0.0833,0.0,0.0,0.0,10.0,0.0,0.0,0.0,0.0,0.0,0.2363,0.0,31.855,0.044,0.453,3.439,0.085,1.0,1.0,0.0,0.0,0.0,0.0,0.0,0.0,0.0,15.0,0.0
query_0100,R06715,2,0.099,0.7374,0.0714,0.0714,1.0,0.0,8.0,0.0,0.0,0.0,0.0,0.0,0.256,0.0,22.005,0.767,5.002,0.146,0.886,1.0,1.0,0.0,0.0,0.0,0.0,0.0,0.0,0.0,10.0,0.0
query_0100,R12429,0,0.0975,0.0,0.0667,0.0,0.0,0.0,6.0,0.0,0.0,0.0,0.0,0.0,0.0,0.0,0.0,0.0,0.0,0.0,0.0,1.0,1.0,0.0,0.0,0.0,0.0,0.0,0.0,0.0,30.0,0.0
query_0100,R06269,0,0.0966,0.0,0.0625,0.0,0.0,0.0,10.0,0.0,0.0,0.0,0.0,0.0,0.2203,0.0,39.848,0.649,2.637,3.432,1.288,1.0,1.0,0.0,0.0,0.0,0.0,0.0,0.0,0.0,30.0,0.0
query_0100,R00257,2,0.0898,0.7473,0.0588,0.0833,1.0,0.0,8.0,0.0,0.0,0.0,0.0,0.0,0.2178,0.0,41.087,0.95,2.634,3.309,0.831,1.0,1.0,0.0,0.0,0.0,0.0,0.0,0.0,0.0,25.0,0.0
query_0100,R02059,0,0.0848,0.0,0.0556,0.0,0.0,0.0,12.0,0.0,0.0,0.0,0.0,0.0,0.0239,0.0,138.058,4.723,20.39,4.906,2.499,1.0,1.0,0.0,0.0,0.0,0.0,0.0,0.0,0.0,15.0,0.0
query_0100,R01586,2,0.0838,0.7427,0.0526,0.0769,1.0,0.0,7.0,0.0,0.0,0.0,0.0,0.0,0.138,0.0,80.995,3.229,7.643,4.939,2.274,1.0,1.0,0.0,0.0,0.0,0.0,0.0,0.0,0.0,15.0,0.0
query_0100,R00161,0,0.0828,0.0,0.05,0.0,0.0,0.0,12.0,0.0,0.0,0.0,0.0,0.0,0.1227,0.0,88.671,2.332,14.893,3.137,3.408,1.0,1.0,0.0,0.0,0.0,0.0,0.0,0.0,0.0,30.0,0.0
query_0100,R04531,0,0.0808,0.0,0.0455,0.0,0.0,0.0,6.0,0.0,0.0,0.0,0.0,0.0,0.2718,0.0,14.077,0.6,2.756,0.307,0.572,1.0,1.0,0.0,0.0,0.0,0.0,0.0,0.0,0.0,10.0,0.0
query_0100,R04028,0,0.0786,0.0,0.0435,0.0,0.0,0.0,9.0,0.0,0.0,0.0,0.0,0.0,0.0984,0.0,100.816,1.454,8.456,7.378,1.901,1.0,1.0,0.0,0.0,0.0,0.0,0.0,0.0,0.0,10.0,0.0
query_0100,R02208,0,0.0784,0.0,0.0417,0.0,0.0,0.0,14.0,0.0,0.0,0.0,0.0,0.0,0.1318,0.0,215.909,5.274,34.088,8.857,4.791,1.0,1.0,0.0,0.0,0.0,0.0,0.0,0.0,0.0,25.0,0.0
query_0100,R02828,0,0.0783,0.0,0.04,0.0,0.0,0.0,7.0,0.0,0.0,0.0,0.0,0.0,0.2701,0.0,14.94,0.593,3.534,0.157,0.699,1.0,1.0,0.0,0.0,0.0,0.0,0.0,0.0,0.0,30.0,0.0
query_0100,R01112,0,0.0772,0.0,0.0385,0.0,0.0,0.0,4.0,0.0,0.0,0.0,0.0,0.0,0.1043,0.0,97.855,3.401,12.039,5.027,2.129,1.0,1.0,0.0,0.0,0.0,0.0,0.0,0.0,0.0,20.0,0.0
query_0100,R05424,0,0.0767,0.0,0.037,0.0,0.0,0.0,12.0,0.0,0.0,0.0,0.0,0.0,0.2624,0.0,18.792,0.664,4.402,0.139,0.487,1.0,1.0,0.0,0.0,0.0,0.0,0.0,0.0,0.0,60.0,0.0
query_0100,R04859,2,0.0762,0.7685,0.0357,0.2,1.0,0.0,6.0,0.0,0.0,0.0,0.0,0.0,0.2283,0.0,35.87,1.823,1.689,2.694,0.417,1.0,1.0,0.0,0.0,0.0,0.0,0.0,0.0,0.0,15.0,0.0
query_0100,R02010,0,0.0753,0.0,0.0345,0.0,0.0,0.0,6.0,0.0,0.0,0.0,0.0,0.0,0.1619,0.0,69.04,5.09,3.029,4.061,0.549,1.0,1.0,0.0,0.0,0.0,0.0,0.0,0.0,0.0,40.0,0.0
query_0100,R03851,2,0.0748,0.7531,0.0333,0.125,1.0,0.0,9.0,0.0,0.0,0.0,0.0,0.0,0.2427,0.0,28.626,0.668,4.035,1.368,0.808,1.0,1.0,0.0,0.0,0.0,0.0,0.0,0.0,0.0,30.0,0.0
query_0100,R05858,0,0.0748,0.0,0.0323,0.0,0.0,0.0,11.0,0.0,0.0,0.0,0.0,0.0,0.233,0.0,33.506,0.417,8.601,0.18,1.056,1.0,1.0,0.0,0.0,0.0,0.0,0.0,0.0,0.0,25.0,0.0
query_0100,R11924,2,0.0746,0.7258,0.0312,0.0385,1.0,0.0,12.0,0.0,0.0,0.0,0.0,0.0,0.2081,0.0,45.948,1.236,8.257,1.343,1.633,1.0,1.0,0.0,0.0,0.0,0.0,0.0,0.0,0.0,45.0,0.0
query_0100,R09623,0,0.0738,0.0,0.0303,0.0,0.0,0.0,11.0,0.0,0.0,0.0,0.0,0.0,0.0195,0.0,140.235,3.566,9.493,10.905,2.863,1.0,1.0,0.0,0.0,0.0,0.0,0.0,0.0,0.0,12.0,0.0
query_0100,R01559,2,0.0717,0.7255,0.0294,0.037,1.0,0.0,8.0,0.0,0.0,0.0,0.0,0.0,0.1971,0.0,51.456,2.067,11.727,0.387,2.635,1.0,1.0,0.0,0.0,0.0,0.0,0.0,0.0,0.0,15.0,0.0
query_0100,R01842,0,0.0705,0.0,0.0278,0.0,0.0,0.0,14.0,0.0,0.0,0.0,0.0,0.0,0.1223,0.0,211.143,1.127,6.893,20.805,1.474,1.0,1.0,0.0,0.0,0.0,0.0,0.0,0.0,0.0,40.0,0.0
query_0100,R04775,2,0.0703,0.7253,0.027,0.0357,1.0,0.0,7.0,0.0,0.0,0.0,0.0,0.0,0.235,0.0,32.501,1.235,7.323,0.54,2.065,1.0,1.0,0.0,0.0,0.0,0.0,0.0,0.0,0.0,10.0,0.0
query_0100,R00571,0,0.07,0.0,0.0263,0.0,0.0,0.0,7.0,0.0,0.0,0.0,0.0,0.0,0.1722,0.0,63.895,0.143,0.744,6.852,0.047,1.0,1.0,0.0,0.0,0.0,0.0,0.0,0.0,0.0,25.0,0.0
query_0100,R07669,2,0.0698,0.7302,0.0256,0.0455,1.0,0.0,5.0,0.0,0.0,0.0,0.0,0.0,0.2872,0.0,6.41,0.283,1.275,0.122,0.206,1.0,1.0,0.0,0.0,0.0,0.0,0.0,0.0,0.0,5.0,0.0
query_0100,R00813,2,0.0697,0.7594,0.025,0.1667,1.0,0.0,8.0,0.0,0.0,0.0,0.0,0.0,0.2673,0.0,16.337,1.149,3.131,0.129,0.595,1.0,1.0,0.0,0.0,0.0,0.0,0.0,0.0,0.0,25.0,0.0
query_0100,R06451,2,0.0,0.759,0.0,0.1429,0.0,0.0,6.0,0.0,0.0,0.0,0.0,0.0,0.0,0.0,0.0,0.0,0.0,0.0,0.0,1.0,1.0,0.0,0.0,0.0,0.0,0.0,0.0,0.0,5.0,0.0
query_0100,R10362,2,0.0,0.7524,0.0,0.1111,0.0,0.0,10.0,0.0,0.0,0.0,0.0,0.0,0.2373,0.0,31.36,0.757,7.424,0.226,0.564,1.0,1.0,0.0,0.0,0.0,0.0,0.0,0.0,0.0,50.0,0.0
query_0100,R00938,2,0.0,0.7503,0.0,0.1,0.0,0.0,10.0,0.0,0.0,0.0,0.0,0.0,0.209,0.0,45.518,0.779,10.807,0.307,0.896,1.0,1.0,0.0,0.0,0.0,0.0,0.0,0.0,0.0,30.0,0.0
query_0100,R10200,2,0.0,0.737,0.0,0.0625,0.0,0.0,9.0,0.0,0.0,0.0,0.0,0.0,0.2779,0.0,11.07,0.541,2.393,0.123,0.744,1.0,1.0,0.0,0.0,0.0,0.0,0.0,0.0,0.0,25.0,0.0
query_0100,R01527,2,0.0,0.7328,0.0,0.0588,0.0,0.0,7.0,0.0,0.0,0.0,0.0,0.0,0.2774,0.0,11.275,0.022,2.154,0.005,0.029,1.0,1.0,0.0,0.0,0.0,0.0,0.0,0.0,0.0,20.0,0.0
query_0100,R03679,2,0.0,0.7326,0.0,0.0556,0.0,0.0,10.0,0.0,0.0,0.0,0.0,0.0,0.0498,0.0,174.887,3.043,15.546,12.25,2.641,1.0,1.0,0.0,0.0,0.0,0.0,0.0,0.0,0.0,11.0,0.0
query_0101,R00412,2,0.43,0.7521,1.0,0.0588,1.0,4.0,14.0,0.2857,0.3158,0.0,0.0,4.0,0.7161,0.0,91.966,4.855,9.651,5.177,3.735,1.0,1.0,0.0,0.0,0.0,0.0,0.0,0.0,0.0,60.0,0.0
query_0101,R01406,2,0.3074,0.7858,0.5,0.5,1.0,4.0,13.0,0.3077,0.35,0.0,0.0,4.0,0.7165,0.0,91.73,1.733,7.623,6.813,1.973,1.0,1.0,0.0,0.0,0.0,0.0,0.0,0.0,0.0,45.0,0.0
query_0101,R13200,1,0.2515,0.0,0.25,0.0,0.0,3.0,14.0,0.2143,0.2857,0.0,0.0,3.0,0.8186,0.0,40.684,1.724,9.085,0.388,2.02,1.0,1.0,0.0,0.0,0.0,0.0,0.0,0.0,0.0,75.0,0.0
query_0101,R00354,2,0.2456,0.7513,0.2,0.0556,1.0,3.0,13.0,0.2308,0.3158,0.0,0.0,3.0,0.86,0.0,20.014,0.741,1.566,1.527,0.898,1.0,1.0,0.0,0.0,0.0,0.0,0.0,0.0,0.0,80.0,0.0
query_0101,R03998,2,0.2231,0.7743,0.1429,0.2,1.0,3.0,16.0,0.1875,0.2609,0.0,0.0,3.0,0.7505,0.0,74.731,2.217,3.232,6.355,1.024,1.0,1.0,0.0,0.0,0.0,0.0,0.0,0.0,0.0,100.0,0.0
query_0101,R00351,1,0.2177,0.0,0.125,0.0,0.0,3.0,13.0,0.2308,0.3333,0.0,0.0,3.0,0.69,0.0,105.007,2.254,13.063,5.721,2.462,1.0,1.0,0.0,0.0,0.0,0.0,0.0,0.0,0.0,65.0,0.0
query_0101,R00149,1,0.21,0.0,0.1,0.0,0.0,3.0,14.0,0.2143,0.2727,0.0,0.0,3.0,0.7092,0.0,95.409,4.832,9.793,5.461,3.829,1.0,1.0,0.0,0.0,0.0,0.0,0.0,0.0,0.0,40.0,0.0
query_0101,R02424,1,0.1984,0.0,0.0833,0.0,0.0,3.0,13.0,0.2308,0.2941,0.0,0.0,3.0,0.6972,0.0,101.419,2.142,12.143,5.714,2.381,1.0,1.0,0.0,0.0,0.0,0.0,0.0,0.0,0.0,65.0,0.0
query_0101,R01312,1,0.1962,0.0,0.0769,0.0,0.0,3.0,12.0,0.25,0.3333,0.0,0.0,3.0,0.6321,0.0,133.965,6.966,19.153,3.723,5.037,1.0,1.0,0.0,0.0,0.0,0.0,0.0,0.0,0.0,55.0,0.0
query_0101,R09453,1,0.1745,0.0,0.0714,0.0,0.0,3.0,12.0,0.25,0.2941,0.0,0.0,3.0,0.3682,0.0,265.923,13.838,38.069,7.327,10.018,1.0,1.0,0.0,0.0,0.0,0.0,0.0,0.0,0.0,50.0,0.0
query_0101,R03909,2,0.1701,0.7685,0.0625,0.1111,1.0,3.0,14.0,0.2143,0.35,0.0,0.0,3.0,0.7263,0.0,86.859,1.638,7.567,6.204,1.949,1.0,1.0,0.0,0.0,0.0,0.0,0.0,0.0,0.0,30.0,0.0
query_0101,R07398,1,0.1699,0.0,0.0588,0.0,0.0,2.0,14.0,0.1429,0.1429,0.0,0.0,2.0,0.7191,0.0,90.444,2.529,13.476,4.022,4.072,1.0,1.0,0.0,0.0,0.0,0.0,0.0,0.0,0.0,45.0,0.0
query_0101,R00655,2,0.1696,0.7495,0.0556,0.0476,1.0,3.0,18.0,0.1667,0.2069,0.0,0.0,3.0,0.6878,0.0,106.108,3.475,16.882,3.342,3.808,1.0,1.0,0.0,0.0,0.0,0.0,0.0,0.0,0.0,65.0,0.0
query_0101,R01544,1,0.1653,0.0,0.0526,0.0,0.0,2.0,16.0,0.125,0.1429,0.0,0.0,2.0,0.4947,0.0,202.667,2.042,3.705,20.491,0.083,1.0,1.0,0.0,0.0,0.0,0.0,0.0,0.0,0.0,65.0,0.0
query_0101,R08990,2,0.1603,0.7422,0.0476,0.0294,1.0,3.0,18.0,0.1667,0.2069,0.0,0.0,3.0,0.4581,0.0,220.938,6.692,39.794,5.608,6.497,1.0,1.0,0.0,0.0,0.0,0.0,0.0,0.0,0.0,55.0,0.0
query_0101,R05727,1,0.1546,0.0,0.0455,0.0,0.0,3.0,11.0,0.2727,0.3158,0.0,0.0,3.0,0.7169,0.0,91.552,1.384,5.87,7.658,2.07,1.0,1.0,0.0,0.0,0.0,0.0,0.0,0.0,0.0,30.0,0.0
query_0101,R08017,2,0.1486,0.7407,0.0435,0.027,1.0,3.0,15.0,0.2,0.24,0.0,0.0,3.0,0.586,0.0,157.0,3.465,20.98,8.05,5.452,1.0,1.0,0.0,0.0,0.0,0.0,0.0,0.0,0.0,40.0,0.0
query_0101,R01836,0,0.1465,0.0,0.0417,0.0,0.0,2.0,11.0,0.1818,0.2353,0.0,0.0,2.0,0.7643,0.0,67.867,3.055,8.154,3.183,1.985,1.0,1.0,0.0,0.0,0.0,0.0,0.0,0.0,0.0,45.0,0.0
query_0101,R10343,0,0.1443,0.0,0.04,0.0,0.0,2.0,15.0,0.1333,0.2273,0.0,0.0,2.0,0.3416,0.0,620.819,6.101,30.538,54.747,4.441,1.0,1.0,0.0,0.0,0.0,0.0,0.0,0.0,0.0,35.0,0.0
query_0101,R11006,2,0.1388,0.7479,0.0385,0.0385,1.0,3.0,15.0,0.2,0.2308,0.0,0.0,3.0,0.2121,0.0,343.971,14.828,29.896,21.908,8.68,1.0,1.0,0.0,0.0,0.0,0.0,0.0,0.0,0.0,60.0,0.0
query_0101,R08924,1,0.1384,0.0,0.037,0.0,0.0,3.0,14.0,0.2143,0.2727,0.0,0.0,3.0,0.8,0.0,49.995,2.648,4.381,2.781,1.185,1.0,1.0,0.0,0.0,0.0,0.0,0.0,0.0,0.0,60.0,0.0
query_0101,R04540,0,0.1333,0.0,0.0345,0.0,0.0,2.0,13.0,0.1538,0.1667,0.0,0.0,1.0,0.7821,0.0,58.932,1.643,9.358,2.318,1.792,1.0,1.0,0.0,0.0,0.0,0.0,0.0,0.0,0.0,50.0,0.0
query_0101,R04740,1,0.1253,0.0,0.0333,0.0,0.0,2.0,9.0,0.2222,0.2143,0.0,0.0,2.0,0.8702,0.0,14.887,0.679,2.853,0.392,1.049,1.0,1.0,0.0,0.0,0.0,0.0,0.0,0.0,0.0,40.0,0.0
query_0101,R00186,0,0.1228,0.0,0.0312,0.0,0.0,2.0,16.0,0.125,0.1538,0.0,0.0,2.0,0.462,0.0,219.0,5.846,42.797,4.186,5.582,1.0,1.0,0.0,0.0,0.0,0.0,0.0,0.0,0.0,45.0,0.0
query_0101,R05268,0,0.121,0.0,0.0303,0.0,0.0,0.0,12.0,0.0,0.1,0.0,0.0,2.0,0.8779,0.0,11.07,0.541,2.392,0.123,0.744,1.0,1.0,0.0,0.0,0.0,0.0,0.0,0.0,0.0,40.0,0.0
query_0101,R10524,1,0.1206,0.0,0.0294,0.0,0.0,3.0,14.0,0.2143,0.2381,0.0,0.0,3.0,0.7568,0.0,71.594,2.276,8.505,3.76,2.039,1.0,1.0,0.0,0.0,0.0,0.0,0.0,0.0,0.0,40.0,0.0
query_0101,R02483,0,0.1202,0.0,0.0286,0.0,0.0,2.0,16.0,0.125,0.1818,0.0,0.0,2.0,0.832,0.0,34.001,1.357,7.53,0.435,1.809,1.0,1.0,0.0,0.0,0.0,0.0,0.0,0.0,0.0,50.0,0.0
query_0101,R02207,0,0.1175,0.0,0.0278,0.0,0.0,2.0,12.0,0.1667,0.2105,0.0,0.0,2.0,0.8033,0.0,48.351,0.826,3.606,3.889,1.447,1.0,1.0,0.0,0.0,0.0,0.0,0.0,0.0,0.0,50.0,0.0
query_0101,R08450,0,0.117,0.0,0.027,0.0,0.0,0.0,11.0,0.0,0.1053,0.0,0.0,2.0,0.8579,0.0,21.035,0.798,4.829,0.112,1.008,1.0,1.0,0.0,0.0,0.0,0.0,0.0,0.0,0.0,45.0,0.0
query_0101,R02420,0,0.1165,0.0,0.0256,0.0,0.0,2.0,15.0,0.1333,0.1667,0.0,0.0,2.0,0.4847,0.0,207.651,8.351,34.92,5.634,6.654,1.0,1.0,0.0,0.0,0.0,0.0,0.0,0.0,0.0,40.0,0.0
query_0101,R07722,2,0.0,0.8125,0.0,1.0,0.0,3.0,19.0,0.1579,0.25,0.0,0.0,2.0,0.7572,0.0,71.392,2.975,16.012,0.706,3.144,1.0,1.0,0.0,0.0,0.0,0.0,0.0,0.0,0.0,35.0,0.0
query_0101,R01746,2,0.0,0.7801,0.0,0.3333,0.0,2.0,8.0,0.25,0.3,0.0,0.0,2.0,0.7933,0.0,53.344,3.259,8.844,1.052,2.332,1.0,1.0,0.0,0.0,0.0,0.0,0.0,0.0,0.0,60.0,0.0
query_0101,R08645,2,0.0,0.7741,0.0,0.1667,0.0,4.0,18.0,0.2222,0.3333,0.0,0.0,4.0,0.8269,0.0,36.567,1.615,8.068,0.43,1.986,1.0,1.0,0.0,0.0,0.0,0.0,0.0,0.0,0.0,45.0,0.0
query_0101,R05878,2,0.0,0.771,0.0,0.1429,0.0,2.0,8.0,0.25,0.3077,0.0,0.0,2.0,0.758,0.0,71.004,2.704,13.462,1.721,3.881,1.0,1.0,0.0,0.0,0.0,0.0,0.0,0.0,0.0,50.0,0.0
query_0101,R10664,2,0.0,0.7709,0.0,0.125,0.0,2.0,19.0,0.1053,0.1905,0.0,0.0,2.0,0.8282,0.0,35.89,0.935,7.113,0.8,1.212,1.0,1.0,0.0,0.0,0.0,0.0,0.0,0.0,0.0,25.0,0.0
query_0101,R06710,2,0.0,0.76,0.0,0.1,0.0,3.0,19.0,0.1579,0.2,0.0,0.0,3.0,0.2994,0.0,300.294,2.717,8.458,29.463,1.73,1.0,1.0,0.0,0.0,0.0,0.0,0.0,0.0,0.0,50.0,0.0
query_0101,R05073,2,0.0,0.7576,0.0,0.0909,0.0,3.0,23.0,0.1304,0.1818,0.0,0.0,3.0,0.5942,0.0,152.921,2.65,12.616,11.107,2.234,1.0,1.0,0.0,0.0,0.0,0.0,0.0,0.0,0.0,80.0,0.0
query_0101,R05567,2,0.0,0.7565,0.0,0.0833,0.0,3.0,15.0,0.2,0.2727,0.0,0.0,3.0,0.757,0.0,71.485,1.636,8.671,4.128,1.903,1.0,1.0,0.0,0.0,0.0,0.0,0.0,0.0,0.0,30.0,0.0
query_0101,R00361,2,0.0,0.7556,0.0,0.0769,0.0,3.0,14.0,0.2143,0.3,0.0,0.0,3.0,0.5811,0.0,159.442,2.503,13.844,11.706,3.961,1.0,1.0,0.0,0.0,0.0,0.0,0.0,0.0,0.0,45.0,0.0
query_0101,R10307,2,0.0,0.753,0.0,0.0667,0.0,2.0,15.0,0.1333,0.2105,0.0,0.0,2.0,0.7595,0.0,70.243,2.338,15.733,0.5,1.476,1.0,1.0,0.0,0.0,0.0,0.0,0.0,0.0,0.0,25.0,0.0
query_0102,R04063,1,0.3354,0.0,1.0,0.0,0.0,5.0,14.0,0.3571,0.3,0.0,0.0,5.0,0.9085,0.0,145.774,14.488,6.753,6.825,1.588,1.0,0.0,0.0,0.0,0.0,0.0,0.0,0.0,0.0,55.0,0.0
query_0102,R01929,1,0.3196,0.0,0.5,0.0,0.0,5.0,14.0,0.3571,0.3182,0.0,0.0,5.0,0.2939,0.0,453.054,30.966,14.302,32.049,2.428,1.0,1.0,0.0,0.0,0.0,0.0,0.0,0.0,0.0,55.0,0.0
query_0102,R09555,2,0.3123,0.7474,0.3333,0.0556,1.0,5.0,22.0,0.2273,0.3333,0.0,0.0,5.0,0.8946,0.0,152.68,4.466,22.063,6.734,4.466,1.0,0.0,0.0,0.0,0.0,0.0,0.0,0.0,0.0,55.0,0.0
query_0102,R08058,1,0.3101,0.0,0.25,0.0,0.0,5.0,15.0,0.3333,0.2857,0.0,0.0,5.0,0.7697,0.0,215.126,15.413,21.76,7.144,1.853,1.0,0.0,0.0,0.0,0.0,0.0,0.0,0.0,0.0,55.0,0.0
query_0102,R03866,1,0.3037,0.0,0.2,0.0,0.0,4.0,13.0,0.3077,0.2222,0.0,0.0,4.0,0.4109,0.0,394.53,57.35,22.938,8.636,5.444,1.0,0.0,0.0,0.0,0.0,0.0,0.0,0.0,0.0,30.0,0.0
query_0102,R04314,2,0.2882,0.7447,0.1667,0.0417,1.0,5.0,16.0,0.3125,0.2609,0.0,0.0,4.0,1.088,0.0,56.004,0.674,4.051,4.363,0.672,1.0,0.0,0.0,0.0,0.0,0.0,0.0,0.0,0.0,60.0,0.0
query_0102,R00555,1,0.281,0.0,0.1429,0.0,0.0,5.0,14.0,0.3571,0.3333,0.0,0.0,5.0,0.9131,0.0,143.436,16.852,5.191,6.005,1.292,1.0,0.0,0.0,0.0,0.0,0.0,0.0,0.0,0.0,50.0,0.0
query_0102,R11742,2,0.2799,0.7537,0.125,0.1,1.0,5.0,16.0,0.3125,0.2917,0.0,0.0,5.0,1.0135,0.0,93.263,14.121,4.316,2.102,0.915,1.0,0.0,0.0,0.0,0.0,0.0,0.0,0.0,0.0,60.0,0.0
query_0102,R01335,2,0.2606,0.7577,0.1111,0.1111,1.0,5.0,16.0,0.3125,0.2917,0.0,0.0,5.0,0.881,0.0,159.52,18.527,14.362,3.603,3.116,1.0,0.0,0.0,0.0,0.0,0.0,0.0,0.0,0.0,45.0,0.0
query_0102,R04795,1,0.2575,0.0,0.1,0.0,0.0,4.0,16.0,0.25,0.25,0.0,0.0,4.0,0.9731,0.0,113.462,2.735,11.204,6.774,3.221,1.0,1.0,0.0,0.0,0.0,0.0,0.0,0.0,0.0,100.0,0.0
query_0102,R08572,1,0.2506,0.0,0.0909,0.0,0.0,3.0,12.0,0.25,0.2105,0.0,0.0,3.0,1.066,0.0,67.016,1.945,6.984,3.892,2.414,1.0,1.0,0.0,0.0,0.0,0.0,0.0,0.0,0.0,40.0,0.0
query_0102,R07526,1,0.2481,0.0,0.0833,0.0,0.0,4.0,16.0,0.25,0.25,0.0,0.0,4.0,0.6643,0.0,267.825,28.93,12.668,11.502,3.162,1.0,1.0,0.0,0.0,0.0,0.0,0.0,0.0,0.0,55.0,0.0
query_0102,R02058,1,0.2444,0.0,0.0769,0.0,0.0,5.0,17.0,0.2941,0.3043,0.0,0.0,5.0,0.9987,0.0,100.674,13.747,2.454,3.759,0.493,1.0,0.0,0.0,0.0,0.0,0.0,0.0,0.0,0.0,75.0,0.0
query_0102,R01288,1,0.2441,0.0,0.0714,0.0,0.0,5.0,14.0,0.3571,0.2727,0.0,0.0,3.0,0.966,0.0,116.982,13.584,4.433,4.746,0.667,1.0,1.0,0.0,0.0,0.0,0.0,0.0,0.0,0.0,25.0,0.0
query_0102,R00293,1,0.237,0.0,0.0667,0.0,0.0,3.0,13.0,0.2308,0.2222,0.0,0.0,3.0,1.1213,0.0,39.375,1.094,8.922,0.19,1.04,1.0,1.0,0.0,0.0,0.0,0.0,0.0,0.0,0.0,30.0,0.0
query_0102,R02524,1,0.236,0.0,0.0625,0.0,0.0,5.0,17.0,0.2941,0.2143,0.0,0.0,3.0,0.0746,0.0,637.316,63.099,32.402,30.271,7.902,1.0,1.0,0.0,0.0,0.0,0.0,0.0,0.0,0.0,40.0,0.0
query_0102,R02774,1,0.2353,0.0,0.0588,0.0,0.0,2.0,13.0,0.1538,0.1579,0.0,0.0,2.0,0.8835,0.0,158.273,9.283,13.938,8.317,3.564,1.0,1.0,0.0,0.0,0.0,0.0,0.0,0.0,0.0,20.0,0.0
query_0102,R05110,1,0.2348,0.0,0.0556,0.0,0.0,5.0,14.0,0.3571,0.2727,0.0,0.0,3.0,0.9321,0.0,133.948,13.584,4.433,6.668,0.667,1.0,1.0,0.0,0.0,0.0,0.0,0.0,0.0,0.0,25.0,0.0
query_0102,R13345,1,0.2345,0.0,0.0526,0.0,0.0,4.0,14.0,0.2857,0.25,0.0,0.0,4.0,1.1129,0.0,43.526,1.345,9.941,0.125,1.232,1.0,1.0,0.0,0.0,0.0,0.0,0.0,0.0,0.0,80.0,0.0
query_0102,R01054,1,0.234,0.0,0.05,0.0,0.0,3.0,12.0,0.25,0.2222,0.0,0.0,3.0,1.129,0.0,35.522,1.897,6.76,0.432,2.378,1.0,1.0,0.0,0.0,0.0,0.0,0.0,0.0,0.0,40.0,0.0
query_0102,R04706,1,0.2291,0.0,0.0476,0.0,0.0,4.0,21.0,0.1905,0.2333,0.0,0.0,4.0,0.8746,0.0,162.691,6.41,14.11,9.838,3.484,1.0,1.0,0.0,0.0,0.0,0.0,0.0,0.0,0.0,60.0,0.0
query_0102,R01246,1,0.2268,0.0,0.0455,0.0,0.0,5.0,17.0,0.2941,0.2308,0.0,0.0,5.0,0.7672,0.0,216.397,28.714,11.564,6.195,3.494,1.0,0.0,0.0,0.0,0.0,0.0,0.0,0.0,0.0,55.0,0.0
query_0102,R13243,2,0.2251,0.7387,0.0435,0.0286,1.0,5.0,15.0,0.3333,0.3043,0.0,0.0,5.0,0.8101,0.0,194.961,24.385,17.855,3.677,3.467,1.0,0.0,0.0,0.0,0.0,0.0,0.0,0.0,0.0,70.0,0.0
query_0102,R05205,1,0.2235,0.0,0.0417,0.0,0.0,4.0,21.0,0.1905,0.2917,0.0,0.0,4.0,0.8092,0.0,195.414,11.097,15.758,10.56,3.567,1.0,1.0,0.0,0.0,0.0,0.0,0.0,0.0,0.0,60.0,0.0
query_0102,R01650,1,0.2226,0.0,0.04,0.0,0.0,3.0,9.0,0.3333,0.3333,0.0,0.0,3.0,1.1572,0.0,21.401,0.692,4.904,0.093,0.755,1.0,1.0,0.0,0.0,0.0,0.0,0.0,0.0,0.0,40.0,0.0
query_0102,R05813,2,0.2225,0.0,0.0385,0.0,0.0,4.0,9.0,0.4444,0.3333,0.0,0.0,2.0,0.638,0.0,280.991,28.119,3.195,17.011,0.747,1.0,1.0,0.0,0.0,0.0,0.0,0.0,0.0,0.0,50.0,0.0
query_0102,R04152,2,0.2194,0.7446,0.037,0.04,1.0,5.0,20.0,0.25,0.2593,0.0,0.0,3.0,0.8147,0.0,192.665,17.328,13.762,8.025,2.754,1.0,0.0,0.0,0.0,0.0,0.0,0.0,0.0,0.0,30.0,0.0
query_0102,R01126,1,0.2178,0.0,0.0357,0.0,0.0,5.0,14.0,0.3571,0.2727,0.0,0.0,4.0,0.7924,0.0,203.819,8.471,37.228,3.044,5.795,1.0,1.0,0.0,0.0,0.0,0.0,0.0,0.0,0.0,45.0,0.0
query_0102,R00780,1,0.2153,0.0,0.0345,0.0,0.0,5.0,15.0,0.3333,0.25,0.0,0.0,3.0,0.3478,0.0,426.096,32.326,30.926,20.05,4.681,1.0,1.0,0.0,0.0,0.0,0.0,0.0,0.0,0.0,46.0,0.0
query_0102,R00211,2,0.2137,0.7516,0.0333,0.0714,1.0,5.0,14.0,0.3571,0.2857,0.0,0.0,4.0,0.9215,0.0,139.24,4.387,21.824,5.539,5.178,1.0,0.0,0.0,0.0,0.0,0.0,0.0,0.0,0.0,60.0,0.0
query_0102,R05879,2,0.2087,0.7448,0.0323,0.0435,1.0,5.0,18.0,0.2778,0.28,0.0,0.0,4.0,0.9482,0.0,125.879,2.594,14.582,7.471,3.02,1.0,0.0,0.0,0.0,0.0,0.0,0.0,0.0,0.0,45.0,0.0
query_0102,R00004,1,0.2085,0.0,0.0312,0.0,0.0,5.0,18.0,0.2778,0.2609,0.0,0.0,5.0,0.6304,0.0,284.788,29.331,14.582,12.469,3.02,1.0,0.0,0.0,0.0,0.0,0.0,0.0,0.0,0.0,45.0,0.0
query_0102,R04002,2,0.2074,0.7529,0.0303,0.0909,1.0,5.0,22.0,0.2273,0.2333,0.0,0.0,4.0,0.5495,0.0,325.256,30.151,16.716,15.781,3.428,1.0,0.0,0.0,0.0,0.0,0.0,0.0,0.0,0.0,45.0,0.0
query_0102,R02604,1,0.2071,0.0,0.0294,0.0,0.0,4.0,12.0,0.3333,0.3125,0.0,0.0,4.0,1.1293,0.0,35.33,1.346,7.627,0.515,2.13,1.0,1.0,0.0,0.0,0.0,0.0,0.0,0.0,0.0,30.0,0.0
query_0102,R02165,1,0.2065,0.0,0.0286,0.0,0.0,4.0,18.0,0.2222,0.2273,0.0,0.0,4.0,0.7292,0.0,235.42,27.707,6.032,10.856,1.077,1.0,1.0,0.0,0.0,0.0,0.0,0.0,0.0,0.0,55.0,0.0
query_0102,R05811,1,0.2064,0.0,0.0278,0.0,0.0,4.0,15.0,0.2667,0.2,0.0,0.0,4.0,0.2848,0.0,457.592,11.528,89.686,7.848,10.031,1.0,1.0,0.0,0.0,0.0,0.0,0.0,0.0,0.0,40.0,0.0
query_0102,R04972,1,0.2061,0.0,0.027,0.0,0.0,4.0,13.0,0.3077,0.3,0.0,0.0,4.0,0.4909,0.0,354.571,30.002,18.932,18.191,5.295,1.0,1.0,0.0,0.0,0.0,0.0,0.0,0.0,0.0,50.0,0.0
query_0102,R03552,1,0.2048,0.0,0.0263,0.0,0.0,5.0,13.0,0.3846,0.35,0.0,0.0,5.0,0.9377,0.0,131.145,17.273,6.946,3.808,1.787,1.0,0.0,0.0,0.0,0.0,0.0,0.0,0.0,0.0,40.0,0.0
query_0102,R01808,2,0.2044,0.0,0.0256,0.0,0.0,4.0,10.0,0.4,0.2857,0.0,0.0,4.0,0.8616,0.0,169.206,27.403,4.655,3.928,0.715,1.0,0.0,0.0,0.0,0.0,0.0,0.0,0.0,0.0,55.0,0.0
query_0102,R01872,1,0.2042,0.0,0.025,0.0,0.0,4.0,14.0,0.2857,0.2381,0.0,0.0,4.0,0.7525,0.0,223.737,28.304,9.036,8.075,1.865,1.0,0.0,0.0,0.0,0.0,0.0,0.0,0.0,0.0,40.0,0.0
query_0104,R07562,2,0.4549,0.0,1.0,0.0,0.0,4.0,16.0,0.25,0.2308,0.0,0.0,4.0,0.4899,0.0,155.044,6.766,33.633,1.114,6.719,1.0,1.0,0.0,0.0,0.0,0.0,0.0,0.0,0.0,40.0,0.0
query_0104,R09106,1,0.3425,0.0,0.5,0.0,0.0,3.0,12.0,0.25,0.3,0.0,0.0,2.0,0.413,0.0,193.492,8.249,26.747,7.992,8.409,1.0,1.0,0.0,0.0,0.0,0.0,0.0,0.0,0.0,45.0,0.0
query_0104,R04134,1,0.3087,0.0,0.25,0.0,0.0,3.0,8.0,0.375,0.4286,0.0,0.0,3.0,0.5302,0.0,134.881,4.299,16.74,6.867,3.83,1.0,1.0,0.0,0.0,0.0,0.0,0.0,0.0,0.0,40.0,0.0
query_0104,R04987,1,0.2582,0.0,0.1667,0.0,0.0,2.0,18.0,0.1111,0.1538,0.0,0.0,2.0,0.4784,0.0,160.791,2.326,12.588,11.974,2.667,1.0,1.0,0.0,0.0,0.0,0.0,0.0,0.0,0.0,35.0,0.0
query_0104,R00962,1,0.2573,0.0,0.1429,0.0,0.0,1.0,9.0,0.1111,0.1176,0.0,0.0,1.0,0.6221,0.0,88.957,4.011,11.384,4.367,4.263,1.0,1.0,0.0,0.0,0.0,0.0,0.0,0.0,0.0,40.0,0.0
query_0104,R08245,1,0.2554,0.0,0.125,0.0,0.0,3.0,16.0,0.1875,0.2609,0.0,0.0,3.0,0.6869,0.0,56.55,1.883,9.111,1.934,2.392,1.0,1.0,0.0,0.0,0.0,0.0,0.0,0.0,0.0,50.0,0.0
query_0104,R00282,1,0.244,0.0,0.1111,0.0,0.0,2.0,12.0,0.1667,0.1818,0.0,0.0,2.0,0.4639,0.0,168.069,3.716,25.563,6.541,4.145,1.0,1.0,0.0,0.0,0.0,0.0,0.0,0.0,0.0,35.0,0.0
query_0104,R00121,1,0.2387,0.0,0.1,0.0,0.0,4.0,18.0,0.2222,0.2581,0.0,0.0,3.0,0.0125,0.0,406.266,10.724,77.472,7.935,9.751,1.0,1.0,0.0,0.0,0.0,0.0,0.0,0.0,0.0,30.0,0.0
query_0104,R05288,1,0.2278,0.0,0.0909,0.0,0.0,3.0,17.0,0.1765,0.1852,0.0,0.0,3.0,0.3997,0.0,200.155,5.427,32.73,6.513,6.021,1.0,1.0,0.0,0.0,0.0,0.0,0.0,0.0,0.0,30.0,0.0
query_0104,R02238,1,0.2237,0.0,0.0833,0.0,0.0,3.0,16.0,0.1875,0.1786,0.0,0.0,3.0,0.0389,0.0,419.452,17.207,53.355,19.919,15.5,1.0,1.0,0.0,0.0,0.0,0.0,0.0,0.0,0.0,71.0,0.0
query_0104,R01760,1,0.2186,0.0,0.0769,0.0,0.0,2.0,15.0,0.1333,0.1538,0.0,0.0,2.0,0.4591,0.0,170.463,4.332,28.449,5.114,4.081,1.0,1.0,0.0,0.0,0.0,0.0,0.0,0.0,0.0,35.0,0.0
query_0104,R04310,1,0.2154,0.0,0.0714,0.0,0.0,4.0,25.0,0.16,0.175,0.0,0.0,4.0,0.4939,0.0,153.056,4.594,27.01,4.045,5.217,1.0,1.0,0.0,0.0,0.0,0.0,0.0,0.0,0.0,50.0,0.0
query_0104,R05334,1,0.2127,0.0,0.0667,0.0,0.0,2.0,18.0,0.1111,0.1667,0.0,0.0,2.0,0.2337,0.0,283.171,6.819,53.631,6.402,7.147,1.0,1.0,0.0,0.0,0.0,0.0,0.0,0.0,0.0,50.0,0.0
query_0104,R00515,1,0.2115,0.0,0.0625,0.0,0.0,1.0,13.0,0.0769,0.0952,0.0,0.0,1.0,0.4663,0.0,166.874,7.098,24.646,6.952,7.781,1.0,1.0,0.0,0.0,0.0,0.0,0.0,0.0,0.0,25.0,0.0
query_0104,R06695,1,0.2047,0.0,0.0556,0.0,0.0,4.0,22.0,0.1818,0.1892,0.0,0.0,4.0,0.2255,0.0,512.728,12.143,110.185,2.803,6.765,1.0,1.0,0.0,0.0,0.0,0.0,0.0,0.0,0.0,60.0,0.0
query_0104,R02812,1,0.1891,0.0,0.0526,0.0,0.0,2.0,15.0,0.1333,0.1579,0.0,0.0,2.0,0.5688,0.0,115.58,4.563,24.218,1.215,4.309,1.0,1.0,0.0,0.0,0.0,0.0,0.0,0.0,0.0,45.0,0.0
query_0104,R02482,1,0.1889,0.0,0.05,0.0,0.0,4.0,25.0,0.16,0.1724,0.0,0.0,4.0,0.5592,0.0,120.424,4.496,26.624,0.492,4.964,1.0,1.0,0.0,0.0,0.0,0.0,0.0,0.0,0.0,50.0,0.0
query_0104,R01103,1,0.1882,0.0,0.0476,0.0,0.0,2.0,16.0,0.125,0.1111,0.0,0.0,2.0,0.4157,0.0,192.134,10.784,30.151,3.866,7.793,1.0,1.0,0.0,0.0,0.0,0.0,0.0,0.0,0.0,50.0,0.0
query_0104,R02603,1,0.1872,0.0,0.0455,0.0,0.0,4.0,27.0,0.1481,0.1591,0.0,0.0,4.0,0.4835,0.0,158.25,3.725,20.808,8.166,4.935,1.0,1.0,0.0,0.0,0.0,0.0,0.0,0.0,0.0,35.0,0.0
query_0104,R07771,1,0.1857,0.0,0.0435,0.0,0.0,2.0,20.0,0.1,0.0938,0.0,0.0,2.0,0.487,0.0,156.494,6.401,21.57,6.614,6.505,1.0,1.0,0.0,0.0,0.0,0.0,0.0,0.0,0.0,50.0,0.0
query_0104,R02674,1,0.1834,0.0,0.0417,0.0,0.0,3.0,21.0,0.1429,0.1379,0.0,0.0,3.0,0.5588,0.0,120.591,2.682,13.655,7.055,3.909,1.0,1.0,0.0,0.0,0.0,0.0,0.0,0.0,0.0,60.0,0.0
query_0104,R09174,1,0.1602,0.0,0.0385,0.0,0.0,3.0,27.0,0.1111,0.122,0.0,0.0,3.0,0.3087,0.0,554.374,10.257,94.006,15.153,5.354,1.0,1.0,0.0,0.0,0.0,0.0,0.0,0.0,0.0,65.0,0.0
query_0104,R10582,2,0.1563,0.7295,0.037,0.0357,1.0,4.0,18.0,0.2222,0.2414,0.0,0.0,4.0,0.3636,0.0,218.188,6.51,32.839,8.5,6.118,1.0,1.0,0.0,0.0,0.0,0.0,0.0,0.0,0.0,50.0,0.0
query_0104,R00166,1,0.153,0.0,0.0357,0.0,0.0,4.0,41.0,0.0976,0.1379,0.0,0.0,3.0,0.3031,0.0,551.546,14.971,119.222,2.803,10.67,1.0,1.0,0.0,0.0,0.0,0.0,0.0,0.0,0.0,90.0,0.0
query_0104,R02005,1,0.1527,0.0,0.0345,0.0,0.0,1.0,15.0,0.0667,0.087,0.0,0.0,1.0,0.558,0.0,121.007,3.47,12.775,7.082,2.774,1.0,1.0,0.0,0.0,0.0,0.0,0.0,0.0,0.0,35.0,0.0
query_0104,R09323,1,0.1428,0.0,0.0333,0.0,0.0,3.0,13.0,0.2308,0.3125,0.0,0.0,3.0,0.5551,0.0,122.451,4.673,17.22,5.331,3.918,1.0,1.0,0.0,0.0,0.0,0.0,0.0,0.0,0.0,40.0,0.0
query_0104,R07967,2,0.1404,0.7363,0.0323,0.0526,1.0,3.0,12.0,0.25,0.2632,0.0,0.0,3.0,0.4197,0.0,190.149,7.226,33.451,4.534,7.565,1.0,1.0,0.0,0.0,0.0,0.0,0.0,0.0,0.0,50.0,0.0
query_0104,R00227,1,0.1359,0.0,0.0312,0.0,0.0,3.0,8.0,0.375,0.4,0.0,0.0,3.0,0.6646,0.0,67.684,1.642,13.168,1.259,1.518,1.0,1.0,0.0,0.0,0.0,0.0,0.0,0.0,0.0,40.0,0.0
query_0104,R03576,1,0.1352,0.0,0.0303,0.0,0.0,4.0,13.0,0.3077,0.35,0.0,0.0,4.0,0.0988,0.0,350.623,11.07,65.209,6.387,8.481,1.0,1.0,0.0,0.0,0.0,0.0,0.0,0.0,0.0,60.0,0.0
query_0104,R00210,2,0.134,0.73,0.0294,0.037,1.0,3.0,16.0,0.1875,0.24,0.0,0.0,3.0,0.0881,0.0,355.937,11.951,64.293,7.262,8.755,1.0,1.0,0.0,0.0,0.0,0.0,0.0,0.0,0.0,30.0,0.0
query_0104,R03668,2,0.1337,0.7351,0.0286,0.05,1.0,3.0,20.0,0.15,0.24,0.0,0.0,2.0,0.5718,0.0,114.096,2.524,11.603,7.467,3.17,1.0,1.0,0.0,0.0,0.0,0.0,0.0,0.0,0.0,75.0,0.0
query_0104,R03897,2,0.1281,0.0,0.0256,0.0,0.0,2.0,4.0,0.5,0.6,0.0,0.0,2.0,0.797,0.0,1.52,0.054,0.348,0.011,0.047,1.0,1.0,0.0,0.0,0.0,0.0,0.0,0.0,0.0,15.0,0.0
query_0104,R00677,0,0.1263,0.0,0.025,0.0,0.0,2.0,11.0,0.1818,0.2,0.0,0.0,2.0,0.4924,0.0,153.813,5.381,23.11,6.15,5.74,1.0,1.0,0.0,0.0,0.0,0.0,0.0,0.0,0.0,20.0,0.0
query_0104,R02277,2,0.0,0.7747,0.0,1.0,0.0,2.0,9.0,0.2222,0.2308,0.0,0.0,2.0,0.1558,0.0,322.107,6.886,57.444,8.132,5.321,1.0,1.0,0.0,0.0,0.0,0.0,0.0,0.0,0.0,30.0,0.0
query_0104,R03969,2,0.0,0.7707,0.0,0.5,0.0,3.0,14.0,0.2143,0.2667,0.0,0.0,2.0,0.5889,0.0,105.569,1.823,4.988,9.294,1.139,1.0,1.0,0.0,0.0,0.0,0.0,0.0,0.0,0.0,40.0,0.0
query_0104,R03965,2,0.0,0.759,0.0,0.25,0.0,2.0,7.0,0.2857,0.3636,0.0,0.0,1.0,0.2222,0.0,288.896,4.49,38.073,13.942,3.766,1.0,1.0,0.0,0.0,0.0,0.0,0.0,0.0,0.0,70.0,0.0
query_0104,R02149,2,0.0,0.7565,0.0,0.2,0.0,2.0,7.0,0.2857,0.375,0.0,0.0,2.0,0.7975,0.0,1.228,0.023,0.147,0.073,0.019,1.0,1.0,0.0,0.0,0.0,0.0,0.0,0.0,0.0,40.0,0.0
query_0104,R06250,2,0.0,0.7502,0.0,0.1667,0.0,3.0,18.0,0.1667,0.2,0.0,0.0,2.0,0.0068,0.0,396.606,5.33,15.137,38.612,2.092,1.0,1.0,0.0,0.0,0.0,0.0,0.0,0.0,0.0,50.0,0.0
query_0104,R02229,2,0.0,0.749,0.0,0.1429,0.0,1.0,12.0,0.0833,0.1111,0.0,0.0,1.0,0.41,0.0,194.983,3.933,38.24,3.677,3.401,1.0,1.0,0.0,0.0,0.0,0.0,0.0,0.0,0.0,50.0,0.0
query_0104,R00203,2,0.0,0.747,0.0,0.1111,0.0,3.0,16.0,0.1875,0.1786,0.0,0.0,3.0,0.5557,0.0,122.149,3.147,20.342,4.064,3.39,1.0,1.0,0.0,0.0,0.0,0.0,0.0,0.0,0.0,30.0,0.0
query_0105,R05591,2,0.3949,0.8085,1.0,0.25,1.0,3.0,8.0,0.375,0.3636,0.0,0.0,3.0,0.7418,0.0,129.086,6.581,23.474,1.814,4.17,1.0,1.0,0.0,0.0,0.0,0.0,0.0,0.0,0.0,55.0,0.0
query_0105,R02831,2,0.3805,0.8152,0.5,0.5,1.0,3.0,12.0,0.25,0.25,0.0,0.0,3.0,0.6004,0.0,199.803,7.719,25.93,8.682,5.029,1.0,1.0,0.0,0.0,0.0,0.0,0.0,0.0,0.0,65.0,0.0
query_0105,R08662,2,0.3596,0.0,0.3333,0.0,0.0,3.0,15.0,0.2,0.1905,0.0,0.0,3.0,0.5775,0.0,211.258,9.705,34.143,4.949,6.057,1.0,1.0,0.0,0.0,0.0,0.0,0.0,0.0,0.0,90.0,0.0
query_0105,R02515,2,0.3192,0.7819,0.25,0.0333,1.0,3.0,18.0,0.1667,0.2,0.0,0.0,3.0,0.3759,0.0,312.046,12.761,44.798,10.569,8.235,1.0,1.0,0.0,0.0,0.0,0.0,0.0,0.0,0.0,60.0,0.0
query_0105,R04402,2,0.3073,0.8134,0.2,0.3333,1.0,3.0,12.0,0.25,0.2222,0.0,0.0,3.0,0.308,0.0,345.992,13.531,52.824,10.931,8.961,1.0,1.0,0.0,0.0,0.0,0.0,0.0,0.0,0.0,35.0,0.0
query_0105,R10121,1,0.3001,0.0,0.1667,0.0,0.0,2.0,9.0,0.2222,0.2143,0.0,0.0,2.0,0.8382,0.0,80.918,4.15,14.137,1.212,2.395,1.0,1.0,0.0,0.0,0.0,0.0,0.0,0.0,0.0,330.0,0.0
query_0105,R00391,2,0.2968,0.7929,0.1429,0.0625,1.0,3.0,14.0,0.2143,0.2174,0.0,0.0,3.0,0.6056,0.0,197.19,7.255,25.469,8.469,4.482,1.0,1.0,0.0,0.0,0.0,0.0,0.0,0.0,0.0,45.0,0.0
query_0105,R03574,2,0.2802,0.7871,0.125,0.0435,1.0,3.0,12.0,0.25,0.2667,0.0,0.0,3.0,0.546,0.0,227.012,10.417,43.126,2.535,6.698,1.0,1.0,0.0,0.0,0.0,0.0,0.0,0.0,0.0,40.0,0.0
query_0105,R00717,2,0.274,0.7888,0.1111,0.05,1.0,2.0,11.0,0.1818,0.1765,0.0,0.0,1.0,0.4202,0.0,289.911,12.188,38.126,11.367,7.705,1.0,1.0,0.0,0.0,0.0,0.0,0.0,0.0,0.0,40.0,0.0
query_0105,R00643,1,0.2615,0.0,0.1,0.0,0.0,3.0,16.0,0.1875,0.2,0.0,0.0,2.0,0.7209,0.0,139.541,3.978,17.032,6.822,3.333,1.0,1.0,0.0,0.0,0.0,0.0,0.0,0.0,0.0,35.0,0.0
query_0105,R07025,1,0.255,0.0,0.0833,0.0,0.0,3.0,16.0,0.1875,0.2174,0.0,0.0,3.0,0.2946,0.0,352.691,16.223,54.638,9.361,9.783,1.0,1.0,0.0,0.0,0.0,0.0,0.0,0.0,0.0,50.0,0.0
query_0105,R13061,2,0.2532,0.7973,0.0769,0.0769,1.0,2.0,10.0,0.2,0.2,0.0,0.0,2.0,0.7544,0.0,122.814,5.78,19.639,2.8,3.292,1.0,1.0,0.0,0.0,0.0,0.0,0.0,0.0,0.0,35.0,0.0
query_0105,R02142,1,0.2493,0.0,0.0714,0.0,0.0,3.0,17.0,0.1765,0.1667,0.0,0.0,3.0,0.2203,0.0,389.832,13.788,47.971,17.996,10.011,1.0,1.0,0.0,0.0,0.0,0.0,0.0,0.0,0.0,55.0,0.0
query_0105,R08117,1,0.2175,0.0,0.0667,0.0,0.0,3.0,15.0,0.2,0.1429,0.0,0.0,2.0,0.8759,0.0,62.057,2.493,10.906,1.587,2.898,1.0,1.0,0.0,0.0,0.0,0.0,0.0,0.0,0.0,25.0,0.0
query_0105,R08626,1,0.2123,0.0,0.0625,0.0,0.0,3.0,30.0,0.1,0.1622,0.0,0.0,3.0,0.0036,0.0,501.796,15.439,82.289,13.331,8.121,1.0,1.0,0.0,0.0,0.0,0.0,0.0,0.0,0.0,60.0,0.0
query_0105,R06851,1,0.2052,0.0,0.0588,0.0,0.0,2.0,15.0,0.1333,0.1111,0.0,0.0,2.0,0.8167,0.0,91.671,1.301,7.616,6.812,1.93,1.0,1.0,0.0,0.0,0.0,0.0,0.0,0.0,0.0,50.0,0.0
query_0105,R04480,2,0.1978,0.8008,0.0556,0.1,1.0,3.0,19.0,0.1579,0.1667,0.0,0.0,3.0,0.5764,0.0,211.794,7.532,28.622,8.516,5.228,1.0,1.0,0.0,0.0,0.0,0.0,0.0,0.0,0.0,55.0,0.0
query_0105,R04259,1,0.1947,0.0,0.0526,0.0,0.0,4.0,25.0,0.16,0.125,0.0,0.0,2.0,0.6666,0.0,166.693,1.784,9.847,14.299,2.477,1.0,1.0,0.0,0.0,0.0,0.0,0.0,0.0,0.0,50.0,0.0
query_0105,R02683,1,0.1887,0.0,0.05,0.0,0.0,4.0,14.0,0.2857,0.2632,0.0,0.0,2.0,0.8124,0.0,93.825,1.458,8.105,6.903,2.345,1.0,1.0,0.0,0.0,0.0,0.0,0.0,0.0,0.0,60.0,0.0
query_0105,R02551,1,0.1691,0.0,0.0476,0.0,0.0,3.0,15.0,0.2,0.1905,0.0,0.0,3.0,0.6941,0.0,152.952,7.487,27.058,2.762,4.96,1.0,1.0,0.0,0.0,0.0,0.0,0.0,0.0,0.0,55.0,0.0
query_0105,R01561,1,0.1652,0.0,0.0455,0.0,0.0,3.0,14.0,0.2143,0.1818,0.0,0.0,3.0,0.7301,0.0,134.929,6.967,24.088,2.013,4.545,1.0,1.0,0.0,0.0,0.0,0.0,0.0,0.0,0.0,60.0,0.0
query_0105,R00152,2,0.1638,0.8058,0.0435,0.1429,1.0,1.0,11.0,0.0909,0.0625,0.0,0.0,0.0,0.9601,0.0,19.926,0.888,3.374,1.077,2.16,1.0,1.0,0.0,0.0,0.0,0.0,0.0,0.0,0.0,40.0,0.0
query_0105,R01074,1,0.1564,0.0,0.0417,0.0,0.0,3.0,29.0,0.1034,0.1613,0.0,0.0,2.0,0.4508,0.0,274.61,12.875,44.024,7.698,9.147,1.0,1.0,0.0,0.0,0.0,0.0,0.0,0.0,0.0,55.0,0.0
query_0105,R08548,2,0.1542,0.8205,0.04,1.0,1.0,3.0,11.0,0.2727,0.2632,0.0,0.0,3.0,0.4567,0.0,271.674,12.656,42.196,7.035,7.181,1.0,1.0,0.0,0.0,0.0,0.0,0.0,0.0,0.0,60.0,0.0
query_0105,R00210,2,0.1532,0.7785,0.0385,0.0286,1.0,3.0,16.0,0.1875,0.16,0.0,0.0,3.0,0.2881,0.0,355.937,11.951,64.293,7.262,8.755,1.0,1.0,0.0,0.0,0.0,0.0,0.0,0.0,0.0,30.0,0.0
query_0105,R08377,2,0.1528,0.7743,0.037,0.025,1.0,2.0,16.0,0.125,0.1176,0.0,0.0,2.0,0.9425,0.0,28.769,1.063,6.29,0.386,1.589,1.0,1.0,0.0,0.0,0.0,0.0,0.0,0.0,0.0,50.0,0.0
query_0105,R03605,2,0.1473,0.7771,0.0357,0.027,1.0,3.0,12.0,0.25,0.2222,0.0,0.0,3.0,0.7346,0.0,132.722,6.776,23.733,1.995,4.514,1.0,1.0,0.0,0.0,0.0,0.0,0.0,0.0,0.0,90.0,0.0
query_0105,R07015,2,0.1461,0.7894,0.0345,0.0526,1.0,1.0,8.0,0.125,0.0833,0.0,0.0,0.0,0.9326,0.0,33.683,0.233,0.685,3.474,0.315,1.0,1.0,0.0,0.0,0.0,0.0,0.0,0.0,0.0,425.0,0.0
query_0105,R05113,2,0.1418,0.7872,0.0333,0.0455,1.0,3.0,13.0,0.2308,0.2105,0.0,0.0,2.0,0.9491,0.0,25.426,0.879,5.802,0.269,1.497,1.0,1.0,0.0,0.0,0.0,0.0,0.0,0.0,0.0,155.0,0.0
query_0105,R07200,0,0.1395,0.0,0.0312,0.0,0.0,3.0,16.0,0.1875,0.2222,0.0,0.0,3.0,0.6244,0.0,187.818,5.354,19.803,10.991,3.497,1.0,1.0,0.0,0.0,0.0,0.0,0.0,0.0,0.0,40.0,0.0
query_0105,R10266,0,0.1395,0.0,0.0303,0.0,0.0,2.0,12.0,0.1667,0.1905,0.0,0.0,2.0,0.2898,0.0,355.084,7.389,69.452,5.562,4.2,1.0,1.0,0.0,0.0,0.0,0.0,0.0,0.0,0.0,65.0,0.0
query_0105,R08474,2,0.1366,0.803,0.0294,0.1111,1.0,3.0,14.0,0.2143,0.2174,0.0,0.0,3.0,0.2666,0.0,633.322,25.216,109.354,14.591,17.613,1.0,1.0,0.0,0.0,0.0,0.0,0.0,0.0,0.0,75.0,0.0
query_0105,R01581,0,0.1298,0.0,0.0286,0.0,0.0,3.0,16.0,0.1875,0.1905,0.0,0.0,2.0,0.9227,0.0,38.625,1.486,8.526,0.465,2.263,1.0,1.0,0.0,0.0,0.0,0.0,0.0,0.0,0.0,50.0,0.0
query_0105,R04812,1,0.1265,0.0,0.0278,0.0,0.0,3.0,11.0,0.2727,0.2308,0.0,0.0,2.0,0.92,0.0,40.011,1.009,5.626,1.907,1.597,1.0,1.0,0.0,0.0,0.0,0.0,0.0,0.0,0.0,35.0,0.0
query_0105,R02542,0,0.1253,0.0,0.027,0.0,0.0,2.0,11.0,0.1818,0.125,0.0,0.0,2.0,0.9096,0.0,45.222,0.925,5.213,2.78,1.639,1.0,1.0,0.0,0.0,0.0,0.0,0.0,0.0,0.0,45.0,0.0
query_0105,R06799,0,0.1235,0.0,0.0263,0.0,0.0,0.0,7.0,0.0,0.1538,0.0,0.0,2.0,0.9559,0.0,22.07,0.844,4.961,0.15,1.212,1.0,1.0,0.0,0.0,0.0,0.0,0.0,0.0,0.0,35.0,0.0
query_0105,R07164,1,0.1223,0.0,0.0256,0.0,0.0,3.0,12.0,0.25,0.3,0.0,0.0,3.0,0.3845,0.0,307.73,14.656,57.489,3.7,9.109,1.0,1.0,0.0,0.0,0.0,0.0,0.0,0.0,0.0,20.0,0.0
query_0105,R03876,2,0.0,0.8082,0.0,0.2,0.0,3.0,13.0,0.2308,0.1765,0.0,0.0,1.0,0.894,0.0,53.022,0.792,5.499,3.544,1.228,1.0,1.0,0.0,0.0,0.0,0.0,0.0,0.0,0.0,20.0,0.0
query_0105,R00346,2,0.0,0.8082,0.0,0.1667,0.0,1.0,8.0,0.125,0.0909,0.0,0.0,0.0,0.987,0.0,6.479,0.256,1.484,0.051,0.352,1.0,1.0,0.0,0.0,0.0,0.0,0.0,0.0,0.0,50.0,0.0
query_0105,R02576,2,0.0,0.8045,0.0,0.125,0.0,1.0,10.0,0.1,0.1176,0.0,0.0,1.0,0.5231,0.0,238.465,11.208,34.66,7.047,6.144,1.0,1.0,0.0,0.0,0.0,0.0,0.0,0.0,0.0,180.0,0.0
query_0109,R07056,2,0.3175,0.0,1.0,0.0,0.0,3.0,4.0,0.75,0.8,0.0,0.0,2.0,0.06,0.0,319.989,4.9,52.727,9.281,0.782,1.0,1.0,0.0,0.0,0.0,0.0,0.0,0.0,0.0,30.0,0.0
query_0109,R01474,3,0.2903,0.7852,0.5,1.0,1.0,3.0,4.0,0.75,0.8,0.0,0.0,2.0,0.06,0.0,319.989,4.9,52.727,9.281,0.782,1.0,1.0,0.0,0.0,0.0,0.0,0.0,0.0,0.0,30.0,0.0
query_0109,R02619,1,0.196,0.0,0.25,0.0,0.0,1.0,6.0,0.1667,0.125,0.0,0.0,1.0,0.208,0.0,245.987,7.934,8.084,21.929,4.689,1.0,1.0,0.0,0.0,0.0,0.0,0.0,0.0,0.0,30.0,0.0
query_0109,R09448,1,0.1744,0.0,0.1667,0.0,0.0,2.0,10.0,0.2,0.2857,0.0,0.0,1.0,0.4304,0.0,134.824,2.048,32.834,1.335,3.83,1.0,1.0,0.0,0.0,0.0,0.0,0.0,0.0,0.0,20.0,0.0
query_0109,R00345,1,0.1717,0.0,0.1429,0.0,0.0,2.0,8.0,0.25,0.3333,0.0,0.0,1.0,0.127,0.0,286.491,4.061,53.608,5.665,1.625,1.0,1.0,0.0,0.0,0.0,0.0,0.0,0.0,0.0,70.0,0.0
query_0109,R01194,2,0.1691,0.7213,0.125,0.0769,1.0,3.0,12.0,0.25,0.2632,0.0,0.0,2.0,0.0396,0.0,330.186,7.329,72.655,1.085,3.806,1.0,1.0,0.0,0.0,0.0,0.0,0.0,0.0,0.0,65.0,0.0
query_0109,R00939,1,0.1645,0.0,0.1111,0.0,0.0,1.0,11.0,0.0909,0.0667,0.0,0.0,1.0,0.3256,0.0,187.2,9.378,20.711,8.069,0.832,1.0,1.0,0.0,0.0,0.0,0.0,0.0,0.0,0.0,45.0,0.0
query_0109,R01852,1,0.151,0.0,0.0909,0.0,0.0,1.0,7.0,0.1429,0.25,0.0,0.0,0.0,0.0,0.0,0.0,0.0,0.0,0.0,0.0,1.0,1.0,0.0,0.0,0.0,0.0,0.0,0.0,0.0,10.0,0.0
query_0109,R03140,1,0.1509,0.0,0.0833,0.0,0.0,2.0,11.0,0.1818,0.2105,0.0,0.0,1.0,0.6364,0.0,31.816,0.814,4.392,1.468,0.759,1.0,1.0,0.0,0.0,0.0,0.0,0.0,0.0,0.0,25.0,0.0
query_0109,R01023,1,0.1505,0.0,0.0769,0.0,0.0,1.0,12.0,0.0833,0.0667,0.0,0.0,0.0,0.5936,0.0,53.209,1.103,6.306,3.071,1.266,1.0,1.0,0.0,0.0,0.0,0.0,0.0,0.0,0.0,40.0,0.0
query_0109,R00314,1,0.1498,0.0,0.0714,0.0,0.0,2.0,9.0,0.2222,0.2667,0.0,0.0,1.0,0.3397,0.0,180.125,3.587,39.322,1.056,2.524,1.0,1.0,0.0,0.0,0.0,0.0,0.0,0.0,0.0,175.0,0.0
query_0109,R03474,0,0.1484,0.0,0.0667,0.0,0.0,1.0,13.0,0.0769,0.0667,0.0,0.0,0.0,0.5934,0.0,53.277,0.608,2.162,5.006,1.11,1.0,1.0,0.0,0.0,0.0,0.0,0.0,0.0,0.0,35.0,0.0
query_0109,R07116,0,0.1477,0.0,0.0625,0.0,0.0,1.0,22.0,0.0455,0.1034,0.0,0.0,1.0,0.5416,0.0,79.187,1.823,10.898,3.913,2.201,1.0,1.0,0.0,0.0,0.0,0.0,0.0,0.0,0.0,30.0,0.0
query_0109,R03015,0,0.1434,0.0,0.0588,0.0,0.0,2.0,16.0,0.125,0.0833,0.0,0.0,1.0,0.6017,0.0,49.161,2.036,10.876,0.376,2.445,1.0,1.0,0.0,0.0,0.0,0.0,0.0,0.0,0.0,35.0,0.0
query_0109,R00114,0,0.1432,0.0,0.0556,0.0,0.0,1.0,13.0,0.0769,0.0625,0.0,0.0,0.0,0.5155,0.0,92.27,1.028,4.434,8.445,2.18,1.0,1.0,0.0,0.0,0.0,0.0,0.0,0.0,0.0,380.0,0.0
query_0109,R02406,0,0.1402,0.0,0.0526,0.0,0.0,1.0,12.0,0.0833,0.0667,0.0,0.0,0.0,0.3941,0.0,152.957,6.83,19.576,5.86,5.397,1.0,1.0,0.0,0.0,0.0,0.0,0.0,0.0,0.0,45.0,0.0
query_0109,R02393,0,0.1392,0.0,0.05,0.0,0.0,2.0,15.0,0.1333,0.1818,0.0,0.0,1.0,0.2488,0.0,225.578,4.081,42.815,3.935,1.458,1.0,1.0,0.0,0.0,0.0,0.0,0.0,0.0,0.0,50.0,0.0
query_0109,R04684,0,0.1378,0.0,0.0476,0.0,0.0,3.0,17.0,0.1765,0.1818,0.0,0.0,1.0,0.4563,0.0,121.874,1.764,15.602,6.944,2.627,1.0,1.0,0.0,0.0,0.0,0.0,0.0,0.0,0.0,45.0,0.0
query_0109,R05615,0,0.1271,0.0,0.0417,0.0,0.0,1.0,19.0,0.0526,0.0417,0.0,0.0,0.0,0.0205,0.0,339.762,6.192,47.14,15.933,7.492,1.0,1.0,0.0,0.0,0.0,0.0,0.0,0.0,0.0,40.0,0.0
query_0109,R03670,1,0.1243,0.0,0.04,0.0,0.0,3.0,15.0,0.2,0.2174,0.0,0.0,2.0,0.1496,0.0,275.178,5.466,54.657,4.15,2.425,1.0,1.0,0.0,0.0,0.0,0.0,0.0,0.0,0.0,75.0,0.0
query_0109,R01038,0,0.1241,0.0,0.0385,0.0,0.0,2.0,12.0,0.1667,0.1538,0.0,0.0,1.0,0.696,0.0,2.006,0.043,0.433,0.014,0.03,1.0,1.0,0.0,0.0,0.0,0.0,0.0,0.0,0.0,100.0,0.0
query_0109,R06779,0,0.1198,0.0,0.037,0.0,0.0,2.0,20.0,0.1,0.1471,0.0,0.0,1.0,0.2858,0.0,207.109,7.794,45.924,1.497,7.298,1.0,1.0,0.0,0.0,0.0,0.0,0.0,0.0,0.0,45.0,0.0
query_0109,R10231,0,0.1166,0.0,0.0357,0.0,0.0,1.0,16.0,0.0625,0.0455,0.0,0.0,0.0,0.1839,0.0,258.075,16.971,46.479,5.115,18.056,1.0,1.0,0.0,0.0,0.0,0.0,0.0,0.0,0.0,45.0,0.0
query_0109,R04034,0,0.1045,0.0,0.0333,0.0,0.0,1.0,14.0,0.0714,0.0526,0.0,0.0,0.0,0.2703,0.0,214.845,8.338,12.95,15.636,3.591,1.0,1.0,0.0,0.0,0.0,0.0,0.0,0.0,0.0,100.0,0.0
query_0109,R08021,0,0.0905,0.0,0.0323,0.0,0.0,1.0,24.0,0.0417,0.037,0.0,0.0,0.0,0.1149,0.0,292.574,11.302,3.421,26.215,0.431,1.0,1.0,0.0,0.0,0.0,0.0,0.0,0.0,0.0,55.0,0.0
query_0109,R03097,1,0.0831,0.0,0.0312,0.0,0.0,2.0,6.0,0.3333,0.25,0.0,0.0,1.0,0.6939,0.0,3.049,0.217,0.551,0.06,0.232,1.0,1.0,0.0,0.0,0.0,0.0,0.0,0.0,0.0,390.0,0.0
query_0109,R02357,2,0.0733,0.7072,0.0278,0.0256,1.0,2.0,7.0,0.2857,0.1818,0.0,0.0,1.0,0.1459,0.0,277.036,0.165,23.23,20.829,0.025,1.0,1.0,0.0,0.0,0.0,0.0,0.0,0.0,0.0,30.0,0.0
query_0109,R08839,1,0.0703,0.0,0.027,0.0,0.0,1.0,4.0,0.25,0.2,0.0,0.0,0.0,0.311,0.0,194.5,8.445,33.135,3.45,5.3,1.0,1.0,0.0,0.0,0.0,0.0,0.0,0.0,0.0,40.0,0.0
query_0109,R09467,0,0.0691,0.0,0.0263,0.0,0.0,1.0,8.0,0.125,0.2308,0.0,0.0,1.0,0.6943,0.0,2.874,0.137,0.448,0.154,0.259,1.0,1.0,0.0,0.0,0.0,0.0,0.0,0.0,0.0,10.0,0.0
query_0109,R03130,2,0.0684,0.7252,0.0256,0.0909,1.0,1.0,9.0,0.1111,0.0909,0.0,0.0,0.0,0.6809,0.0,9.53,0.106,0.404,0.872,0.052,1.0,1.0,0.0,0.0,0.0,0.0,0.0,0.0,0.0,40.0,0.0
query_0109,R05612,1,0.0674,0.0,0.025,0.0,0.0,2.0,9.0,0.2222,0.2308,0.0,0.0,2.0,0.569,0.0,65.485,1.004,13.447,0.703,0.429,1.0,1.0,0.0,0.0,0.0,0.0,0.0,0.0,0.0,70.0,0.0
query_0109,R07110,2,0.0,0.7444,0.0,0.5,0.0,3.0,14.0,0.2143,0.2222,0.0,0.0,2.0,0.2296,0.0,464.783,6.208,63.31,20.222,1.318,1.0,1.0,0.0,0.0,0.0,0.0,0.0,0.0,0.0,20.0,0.0
query_0109,R11111,2,0.0,0.7285,0.0,0.1667,0.0,2.0,26.0,0.0769,0.0857,0.0,0.0,1.0,0.5439,0.0,78.049,2.828,11.431,3.614,3.729,1.0,1.0,0.0,0.0,0.0,0.0,0.0,0.0,0.0,80.0,0.0
query_0109,R01380,2,0.0,0.7277,0.0,0.1429,0.0,1.0,9.0,0.1111,0.1429,0.0,0.0,0.0,0.3467,0.0,176.638,3.96,33.163,3.743,3.571,1.0,1.0,0.0,0.0,0.0,0.0,0.0,0.0,0.0,70.0,0.0
query_0109,R00185,2,0.0,0.7276,0.0,0.125,0.0,1.0,17.0,0.0588,0.0741,0.0,0.0,0.0,0.5473,0.0,76.342,1.339,5.192,6.181,2.032,1.0,1.0,0.0,0.0,0.0,0.0,0.0,0.0,0.0,60.0,0.0
query_0109,R02373,2,0.0,0.7197,0.0,0.0714,0.0,1.0,15.0,0.0667,0.1667,0.0,0.0,1.0,0.322,0.0,188.981,9.195,30.668,4.431,7.363,1.0,1.0,0.0,0.0,0.0,0.0,0.0,0.0,0.0,40.0,0.0
query_0109,R00717,2,0.0,0.7192,0.0,0.0667,0.0,1.0,11.0,0.0909,0.1765,0.0,0.0,0.0,0.1202,0.0,289.911,12.188,38.126,11.367,7.705,1.0,1.0,0.0,0.0,0.0,0.0,0.0,0.0,0.0,40.0,0.0
query_0109,R12269,2,0.0,0.7179,0.0,0.0625,0.0,0.0,10.0,0.0,0.0,0.0,0.0,0.0,0.5978,0.0,51.077,1.134,4.322,3.734,1.123,1.0,1.0,0.0,0.0,0.0,0.0,0.0,0.0,0.0,45.0,0.0
query_0109,R00134,2,0.0,0.7159,0.0,0.0588,0.0,2.0,17.0,0.1176,0.1667,0.0,0.0,1.0,0.4976,0.0,101.21,2.723,8.794,6.982,2.668,1.0,1.0,0.0,0.0,0.0,0.0,0.0,0.0,0.0,50.0,0.0
query_0109,R06005,2,0.0,0.7135,0.0,0.05,0.0,1.0,15.0,0.0667,0.0952,0.0,0.0,0.0,0.6486,0.0,25.675,0.475,5.435,0.524,0.369,1.0,1.0,0.0,0.0,0.0,0.0,0.0,0.0,0.0,20.0,0.0
query_0110,R05907,1,0.3039,0.0,0.5,0.0,0.0,3.0,8.0,0.375,0.3636,0.0,0.0,3.0,0.2541,0.0,222.949,13.592,7.833,15.371,1.296,1.0,0.0,0.0,0.0,0.0,0.0,0.0,0.0,0.0,25.0,0.0
query_0110,R01742,2,0.3017,0.0,0.3333,0.0,0.0,4.0,8.0,0.5,0.5455,0.0,0.0,4.0,0.5324,0.0,83.817,4.633,3.131,5.916,0.67,1.0,0.0,0.0,0.0,0.0,0.0,0.0,0.0,0.0,30.0,0.0
query_0110,R01554,1,0.3004,0.0,0.25,0.0,0.0,3.0,8.0,0.375,0.4167,0.0,0.0,3.0,0.3839,0.0,158.06,6.939,5.319,12.302,0.908,1.0,1.0,0.0,0.0,0.0,0.0,0.0,0.0,0.0,30.0,0.0
query_0110,R12208,2,0.2937,0.0,0.2,0.0,0.0,4.0,10.0,0.4,0.4615,0.0,0.0,4.0,0.3388,0.0,180.619,7.79,10.428,12.456,2.164,1.0,1.0,0.0,0.0,0.0,0.0,0.0,0.0,0.0,25.0,0.0
query_0110,R05886,1,0.281,0.0,0.1667,0.0,0.0,3.0,8.0,0.375,0.4545,0.0,0.0,3.0,0.2932,0.0,203.395,7.189,3.369,18.235,1.093,1.0,0.0,0.0,0.0,0.0,0.0,0.0,0.0,0.0,20.0,0.0
query_0110,R03190,1,0.2586,0.0,0.1429,0.0,0.0,3.0,10.0,0.3,0.3077,0.0,0.0,3.0,0.0495,0.0,325.239,14.314,12.579,24.696,2.354,1.0,1.0,0.0,0.0,0.0,0.0,0.0,0.0,0.0,20.0,0.0
query_0110,R01298,1,0.2533,0.0,0.125,0.0,0.0,3.0,8.0,0.375,0.4615,0.0,0.0,3.0,0.2094,0.0,245.285,11.664,17.029,15.136,3.123,1.0,0.0,0.0,0.0,0.0,0.0,0.0,0.0,0.0,20.0,0.0
query_0110,R02547,1,0.2527,0.0,0.1111,0.0,0.0,3.0,9.0,0.3333,0.3077,0.0,0.0,3.0,0.2598,0.0,220.089,10.909,8.398,16.129,1.272,1.0,0.0,0.0,0.0,0.0,0.0,0.0,0.0,0.0,30.0,0.0
query_0110,R02952,1,0.2482,0.0,0.1,0.0,0.0,3.0,9.0,0.3333,0.3571,0.0,0.0,3.0,0.5155,0.0,92.241,3.975,5.764,6.206,0.984,1.0,0.0,0.0,0.0,0.0,0.0,0.0,0.0,0.0,20.0,0.0
query_0110,R02079,1,0.2477,0.0,0.0909,0.0,0.0,3.0,10.0,0.3,0.3125,0.0,0.0,3.0,0.5209,0.0,89.543,2.654,13.642,3.742,3.638,1.0,1.0,0.0,0.0,0.0,0.0,0.0,0.0,0.0,50.0,0.0
query_0110,R07381,1,0.2443,0.0,0.0769,0.0,0.0,3.0,10.0,0.3,0.4286,0.0,0.0,3.0,0.5412,0.0,79.409,3.513,2.712,6.164,0.492,1.0,0.0,0.0,0.0,0.0,0.0,0.0,0.0,0.0,45.0,0.0
query_0110,R01846,1,0.2441,0.0,0.0714,0.0,0.0,4.0,15.0,0.2667,0.2917,0.0,0.0,4.0,0.3965,0.0,151.728,8.137,11.752,8.686,2.615,1.0,0.0,0.0,0.0,0.0,0.0,0.0,0.0,0.0,70.0,0.0
query_0110,R08638,1,0.241,0.0,0.0667,0.0,0.0,3.0,9.0,0.3333,0.375,0.0,0.0,3.0,0.1741,0.0,262.953,16.661,26.236,11.354,5.219,1.0,0.0,0.0,0.0,0.0,0.0,0.0,0.0,0.0,65.0,0.0
query_0110,R01006,1,0.2405,0.0,0.0625,0.0,0.0,4.0,19.0,0.2105,0.2069,0.0,0.0,4.0,0.4416,0.0,129.179,2.144,10.768,9.866,3.996,1.0,0.0,0.0,0.0,0.0,0.0,0.0,0.0,0.0,50.0,0.0
query_0110,R12620,1,0.2369,0.0,0.0588,0.0,0.0,3.0,8.0,0.375,0.4615,0.0,0.0,3.0,0.2513,0.0,475.647,15.084,41.781,28.146,4.276,1.0,0.0,0.0,0.0,0.0,0.0,0.0,0.0,0.0,40.0,0.0
query_0110,R02425,1,0.235,0.0,0.0556,0.0,0.0,3.0,15.0,0.2,0.2353,0.0,0.0,3.0,0.4732,0.0,113.411,5.551,6.043,7.654,1.238,1.0,0.0,0.0,0.0,0.0,0.0,0.0,0.0,0.0,50.0,0.0
query_0110,R07425,1,0.229,0.0,0.0526,0.0,0.0,3.0,13.0,0.2308,0.2,0.0,0.0,3.0,0.4137,0.0,143.14,7.629,7.877,9.384,1.869,1.0,0.0,0.0,0.0,0.0,0.0,0.0,0.0,0.0,25.0,0.0
query_0110,R04265,1,0.2226,0.0,0.05,0.0,0.0,2.0,9.0,0.2222,0.2308,0.0,0.0,2.0,0.2582,0.0,220.915,7.607,9.163,18.115,1.956,1.0,1.0,0.0,0.0,0.0,0.0,0.0,0.0,0.0,40.0,0.0
query_0110,R01503,1,0.2197,0.0,0.0476,0.0,0.0,3.0,10.0,0.3,0.3571,0.0,0.0,3.0,0.1824,0.0,258.796,6.923,58.89,0.34,5.787,1.0,0.0,0.0,0.0,0.0,0.0,0.0,0.0,0.0,45.0,0.0
query_0110,R11520,1,0.2138,0.0,0.0455,0.0,0.0,4.0,25.0,0.16,0.1935,0.0,0.0,4.0,0.3096,0.0,195.208,6.306,18.612,11.969,4.839,1.0,0.0,0.0,0.0,0.0,0.0,0.0,0.0,0.0,60.0,0.0
query_0110,R06942,1,0.209,0.0,0.0435,0.0,0.0,3.0,9.0,0.3333,0.4167,0.0,0.0,3.0,0.6605,0.0,19.752,0.67,4.688,0.098,1.091,1.0,1.0,0.0,0.0,0.0,0.0,0.0,0.0,0.0,545.0,0.0
query_0110,R05935,2,0.2081,0.7015,0.0417,0.0312,1.0,3.0,10.0,0.3,0.3125,0.0,0.0,3.0,0.498,0.0,100.981,5.021,3.137,7.601,0.558,1.0,0.0,0.0,0.0,0.0,0.0,0.0,0.0,0.0,35.0,0.0
query_0110,R00897,1,0.208,0.0,0.04,0.0,0.0,3.0,16.0,0.1875,0.1905,0.0,0.0,2.0,0.4386,0.0,130.723,3.398,19.817,5.401,2.291,1.0,1.0,0.0,0.0,0.0,0.0,0.0,0.0,0.0,30.0,0.0
query_0110,R11830,2,0.2025,0.7,0.0385,0.0263,1.0,3.0,12.0,0.25,0.2857,0.0,0.0,3.0,0.3047,0.0,197.647,8.118,14.1,12.655,3.203,1.0,0.0,0.0,0.0,0.0,0.0,0.0,0.0,0.0,35.0,0.0
query_0110,R07801,1,0.2019,0.0,0.037,0.0,0.0,4.0,20.0,0.2,0.2353,0.0,0.0,4.0,0.2498,0.0,225.103,4.157,18.935,17.009,4.087,1.0,0.0,0.0,0.0,0.0,0.0,0.0,0.0,0.0,65.0,0.0
query_0110,R03518,1,0.2012,0.0,0.0357,0.0,0.0,4.0,22.0,0.1818,0.2353,0.0,0.0,4.0,0.284,0.0,207.978,3.564,14.736,17.07,4.114,1.0,0.0,0.0,0.0,0.0,0.0,0.0,0.0,0.0,60.0,0.0
query_0110,R00311,1,0.2012,0.0,0.0345,0.0,0.0,3.0,12.0,0.25,0.2778,0.0,0.0,3.0,0.2884,0.0,205.824,9.352,18.185,10.298,0.771,1.0,0.0,0.0,0.0,0.0,0.0,0.0,0.0,0.0,30.0,0.0
query_0110,R00755,1,0.1985,0.0,0.0333,0.0,0.0,3.0,14.0,0.2143,0.2727,0.0,0.0,3.0,0.0072,0.0,353.597,8.977,66.552,8.249,9.223,1.0,1.0,0.0,0.0,0.0,0.0,0.0,0.0,0.0,35.0,0.0
query_0110,R09848,1,0.1963,0.0,0.0323,0.0,0.0,3.0,19.0,0.1579,0.1852,0.0,0.0,3.0,0.3555,0.0,172.273,20.114,13.349,4.742,2.93,1.0,0.0,0.0,0.0,0.0,0.0,0.0,0.0,0.0,70.0,0.0
query_0110,R08116,1,0.1956,0.0,0.0312,0.0,0.0,2.0,12.0,0.1667,0.1875,0.0,0.0,2.0,0.0442,0.0,327.901,11.319,14.709,25.767,3.712,1.0,0.0,0.0,0.0,0.0,0.0,0.0,0.0,0.0,45.0,0.0
query_0110,R01659,1,0.1955,0.0,0.0303,0.0,0.0,3.0,12.0,0.25,0.2778,0.0,0.0,3.0,0.3387,0.0,180.663,10.726,8.521,11.876,1.572,1.0,0.0,0.0,0.0,0.0,0.0,0.0,0.0,0.0,30.0,0.0
query_0110,R07137,1,0.1943,0.0,0.0294,0.0,0.0,3.0,12.0,0.25,0.3333,0.0,0.0,3.0,0.3364,0.0,181.778,8.22,12.186,11.761,2.354,1.0,0.0,0.0,0.0,0.0,0.0,0.0,0.0,0.0,20.0,0.0
query_0110,R00083,1,0.1925,0.0,0.0286,0.0,0.0,3.0,20.0,0.15,0.2,0.0,0.0,2.0,0.3794,0.0,160.311,7.036,16.434,8.312,3.224,1.0,1.0,0.0,0.0,0.0,0.0,0.0,0.0,0.0,65.0,0.0
query_0110,R05472,1,0.1919,0.0,0.0278,0.0,0.0,3.0,16.0,0.1875,0.3889,0.0,0.0,3.0,0.2347,0.0,467.344,8.529,6.171,46.251,0.729,1.0,0.0,0.0,0.0,0.0,0.0,0.0,0.0,0.0,100.0,0.0
query_0110,R03789,1,0.1891,0.0,0.027,0.0,0.0,2.0,12.0,0.1667,0.1875,0.0,0.0,2.0,0.2519,0.0,475.941,13.881,73.8,15.391,6.851,1.0,1.0,0.0,0.0,0.0,0.0,0.0,0.0,0.0,55.0,0.0
query_0110,R00406,2,0.1847,0.7002,0.0263,0.0278,1.0,2.0,6.0,0.3333,0.375,0.0,0.0,2.0,0.3045,0.0,197.75,14.488,11.095,10.851,2.16,1.0,0.0,0.0,0.0,0.0,0.0,0.0,0.0,0.0,15.0,0.0
query_0110,R01611,1,0.1838,0.0,0.0256,0.0,0.0,3.0,12.0,0.25,0.25,0.0,0.0,2.0,0.632,0.0,34.011,1.341,2.345,2.284,0.545,1.0,0.0,0.0,0.0,0.0,0.0,0.0,0.0,0.0,40.0,0.0
query_0110,R01057,1,0.1797,0.0,0.025,0.0,0.0,4.0,25.0,0.16,0.28,0.0,0.0,4.0,0.3827,0.0,158.637,9.17,18.919,6.018,4.136,1.0,0.0,0.0,0.0,0.0,0.0,0.0,0.0,0.0,75.0,0.0
query_0110,R04143,2,0.0,0.728,0.0,1.0,0.0,2.0,7.0,0.2857,0.2222,0.0,0.0,1.0,0.4723,0.0,113.854,0.791,5.3,10.372,1.017,1.0,0.0,1.0,0.0,0.0,0.0,0.0,0.0,0.0,25.0,0.0
query_0110,R07789,2,0.0,0.725,0.0,0.5,0.0,2.0,15.0,0.1333,0.125,0.0,0.0,2.0,0.4972,0.0,101.422,2.302,13.229,5.249,2.729,1.0,1.0,0.0,0.0,0.0,0.0,0.0,0.0,0.0,30.0,0.0
query_0111,R02896,1,0.1929,0.0,1.0,0.0,0.0,0.0,4.0,0.0,0.0,0.0,0.0,0.0,0.0,0.9893,11.157,0.214,2.375,0.119,0.226,1.0,1.0,0.0,0.0,0.0,0.0,0.0,0.0,0.0,30.0,0.0
query_0111,R05368,1,0.1867,0.0,0.5,0.0,0.0,0.0,1.0,0.0,0.0,0.0,0.0,0.0,0.0,0.0,0.0,0.0,0.0,0.0,0.0,1.0,1.0,0.0,0.0,0.0,0.0,0.0,0.0,0.0,850.0,0.0
query_0111,R00011,1,0.1851,0.0,0.3333,0.0,0.0,0.0,10.0,0.0,0.0,0.0,0.0,0.0,0.0,0.9198,48.268,1.603,8.262,1.589,2.272,1.0,1.0,0.0,0.0,0.0,0.0,0.0,0.0,0.0,120.0,0.0
query_0111,R04095,1,0.1702,0.0,0.25,0.0,0.0,0.0,9.0,0.0,0.0,0.0,0.0,0.0,0.0,0.7069,235.561,5.862,18.404,15.998,2.846,1.0,1.0,0.0,0.0,0.0,0.0,0.0,0.0,0.0,50.0,0.0
query_0111,R06125,1,0.1588,0.0,0.2,0.0,0.0,0.0,4.0,0.0,0.0,0.0,0.0,0.0,0.0,0.7317,274.695,5.366,60.17,0.497,0.73,1.0,1.0,0.0,0.0,0.0,0.0,0.0,0.0,0.0,20.0,0.0
query_0111,R05975,1,0.155,0.0,0.1667,0.0,0.0,0.0,8.0,0.0,0.0,0.0,0.0,0.0,0.0,0.7038,126.059,5.923,11.499,7.231,2.822,1.0,1.0,0.0,0.0,0.0,0.0,0.0,0.0,0.0,30.0,0.0
query_0111,R01552,1,0.1546,0.0,0.1429,0.0,0.0,0.0,2.0,0.0,0.0,0.0,0.0,0.0,0.0,0.9743,7.339,0.513,0.699,0.285,0.001,1.0,1.0,0.0,0.0,0.0,0.0,0.0,0.0,0.0,70.0,0.0
query_0111,R06193,1,0.1524,0.0,0.125,0.0,0.0,0.0,5.0,0.0,0.0,0.0,0.0,0.0,0.0,0.993,14.962,0.141,0.644,1.415,0.38,1.0,1.0,0.0,0.0,0.0,0.0,0.0,0.0,0.0,45.0,0.0
query_0111,R03453,0,0.1483,0.0,0.1111,0.0,0.0,0.0,6.0,0.0,0.0,0.0,0.0,0.0,0.0,0.6165,162.425,7.669,19.253,6.552,0.75,1.0,1.0,0.0,0.0,0.0,0.0,0.0,0.0,0.0,25.0,0.0
query_0111,R06129,2,0.1471,0.7633,0.1,0.1111,1.0,0.0,6.0,0.0,0.0,0.0,0.0,0.0,0.0,0.9069,114.568,1.863,25.083,0.445,0.751,1.0,1.0,0.0,0.0,0.0,0.0,0.0,0.0,0.0,30.0,0.0
query_0111,R03543,2,0.1425,0.7813,0.0909,0.3333,1.0,0.0,9.0,0.0,0.0,0.0,0.0,0.0,0.0,0.693,138.018,6.14,23.803,2.382,2.979,1.0,1.0,0.0,0.0,0.0,0.0,0.0,0.0,0.0,35.0,0.0
query_0111,R07167,0,0.1424,0.0,0.0833,0.0,0.0,0.0,4.0,0.0,0.0,0.0,0.0,0.0,0.0,0.9979,0.614,0.042,0.111,0.002,0.029,1.0,1.0,0.0,0.0,0.0,0.0,0.0,0.0,0.0,480.0,0.0
query_0111,R11445,2,0.1411,0.8109,0.0769,1.0,1.0,0.0,9.0,0.0,0.0,0.0,0.0,0.0,0.0,0.8874,29.818,2.251,2.378,1.714,1.403,1.0,1.0,0.0,0.0,0.0,0.0,0.0,0.0,0.0,60.0,0.0
query_0111,R07849,0,0.1398,0.0,0.0714,0.0,0.0,0.0,7.0,0.0,0.0,0.0,0.0,0.0,0.0,0.5446,459.57,9.108,94.937,3.664,1.763,1.0,1.0,0.0,0.0,0.0,0.0,0.0,0.0,0.0,55.0,0.0
query_0111,R04197,0,0.1391,0.0,0.0667,0.0,0.0,0.0,6.0,0.0,0.0,0.0,0.0,0.0,0.0,0.9527,20.0,0.946,4.702,0.109,0.725,1.0,1.0,0.0,0.0,0.0,0.0,0.0,0.0,0.0,25.0,0.0
query_0111,R09605,2,0.1364,0.7767,0.0625,0.25,1.0,0.0,7.0,0.0,0.0,0.0,0.0,0.0,0.0,0.9892,3.049,0.217,0.551,0.06,0.232,1.0,1.0,0.0,0.0,0.0,0.0,0.0,0.0,0.0,500.0,0.0
query_0111,R00565,0,0.1362,0.0,0.0588,0.0,0.0,0.0,7.0,0.0,0.0,0.0,0.0,0.0,0.0,0.5634,247.998,8.733,12.592,18.672,0.555,1.0,1.0,0.0,0.0,0.0,0.0,0.0,0.0,0.0,65.0,0.0
query_0111,R01418,2,0.1358,0.7725,0.0556,0.1429,1.0,0.0,6.0,0.0,0.0,0.0,0.0,0.0,0.0,0.9999,0.012,0.001,0.002,0.0,0.001,1.0,1.0,0.0,0.0,0.0,0.0,0.0,0.0,0.0,480.0,0.0
query_0111,R02538,0,0.1335,0.0,0.0526,0.0,0.0,0.0,6.0,0.0,0.0,0.0,0.0,0.0,0.0,0.9507,33.172,0.987,7.766,0.14,1.593,1.0,1.0,0.0,0.0,0.0,0.0,0.0,0.0,0.0,50.0,0.0
query_0111,R06865,2,0.1335,0.7349,0.05,0.0476,1.0,0.0,10.0,0.0,0.0,0.0,0.0,0.0,0.0,0.9384,65.537,1.231,8.028,3.638,1.507,1.0,1.0,0.0,0.0,0.0,0.0,0.0,0.0,0.0,50.0,0.0
query_0111,R01939,2,0.1332,0.7761,0.0476,0.2,1.0,0.0,8.0,0.0,0.0,0.0,0.0,0.0,0.0,0.9964,1.016,0.072,0.184,0.02,0.077,1.0,1.0,0.0,0.0,0.0,0.0,0.0,0.0,0.0,405.0,0.0
query_0111,R09271,0,0.133,0.0,0.0455,0.0,0.0,0.0,6.0,0.0,0.0,0.0,0.0,0.0,0.0,0.3368,192.791,13.264,34.792,0.689,9.145,1.0,1.0,0.0,0.0,0.0,0.0,0.0,0.0,0.0,415.0,0.0
query_0111,R02895,0,0.1326,0.0,0.0435,0.0,0.0,0.0,9.0,0.0,0.0,0.0,0.0,0.0,0.0,0.6842,253.083,6.315,5.772,23.929,2.555,1.0,1.0,0.0,0.0,0.0,0.0,0.0,0.0,0.0,15.0,0.0
query_0111,R04096,0,0.1321,0.0,0.0417,0.0,0.0,0.0,12.0,0.0,0.0,0.0,0.0,0.0,0.0,0.9859,7.54,0.282,1.393,0.36,0.867,1.0,1.0,0.0,0.0,0.0,0.0,0.0,0.0,0.0,10.0,0.0
query_0111,R03296,0,0.1315,0.0,0.04,0.0,0.0,0.0,11.0,0.0,0.0,0.0,0.0,0.0,0.0,0.937,62.343,1.259,6.856,3.873,1.915,1.0,1.0,0.0,0.0,0.0,0.0,0.0,0.0,0.0,50.0,0.0
query_0111,R04604,0,0.1313,0.0,0.0385,0.0,0.0,0.0,7.0,0.0,0.0,0.0,0.0,0.0,0.0,0.9907,4.87,0.186,0.707,0.187,0.227,1.0,1.0,0.0,0.0,0.0,0.0,0.0,0.0,0.0,35.0,0.0
query_0111,R04195,2,0.1304,0.7871,0.037,0.5,1.0,0.0,10.0,0.0,0.0,0.0,0.0,0.0,0.0,0.7479,226.439,5.043,17.127,16.198,3.385,1.0,1.0,0.0,0.0,0.0,0.0,0.0,0.0,0.0,75.0,0.0
query_0111,R02358,0,0.1303,0.0,0.0357,0.0,0.0,0.0,5.0,0.0,0.0,0.0,0.0,0.0,0.0,0.9783,6.098,0.434,1.102,0.121,0.465,1.0,1.0,0.0,0.0,0.0,0.0,0.0,0.0,0.0,500.0,0.0
query_0111,R00134,0,0.1302,0.0,0.0345,0.0,0.0,0.0,17.0,0.0,0.0,0.0,0.0,0.0,0.0,0.8639,101.21,2.723,8.794,6.982,2.668,1.0,1.0,0.0,0.0,0.0,0.0,0.0,0.0,0.0,50.0,0.0
query_0111,R01886,0,0.1299,0.0,0.0333,0.0,0.0,0.0,9.0,0.0,0.0,0.0,0.0,0.0,0.0,0.9576,32.191,0.848,4.934,1.343,0.861,1.0,1.0,0.0,0.0,0.0,0.0,0.0,0.0,0.0,50.0,0.0
query_0111,R09491,0,0.1277,0.0,0.0323,0.0,0.0,0.0,9.0,0.0,0.0,0.0,0.0,0.0,0.0,0.5706,141.981,8.589,11.642,6.91,0.143,1.0,1.0,0.0,0.0,0.0,0.0,0.0,0.0,0.0,20.0,0.0
query_0111,R00069,0,0.1265,0.0,0.0312,0.0,0.0,0.0,10.0,0.0,0.0,0.0,0.0,0.0,0.0,0.9516,59.688,0.968,4.057,4.961,1.244,1.0,1.0,0.0,0.0,0.0,0.0,0.0,0.0,0.0,35.0,0.0
query_0111,R02619,0,0.1264,0.0,0.0303,0.0,0.0,0.0,6.0,0.0,0.0,0.0,0.0,0.0,0.0,0.6033,245.987,7.934,8.084,21.929,4.689,1.0,1.0,0.0,0.0,0.0,0.0,0.0,0.0,0.0,30.0,0.0
query_0111,R00422,0,0.1253,0.0,0.0294,0.0,0.0,0.0,7.0,0.0,0.0,0.0,0.0,0.0,0.0,0.6408,336.674,7.185,73.37,0.722,1.502,1.0,1.0,0.0,0.0,0.0,0.0,0.0,0.0,0.0,55.0,0.0
query_0111,R02189,0,0.1235,0.0,0.0286,0.0,0.0,0.0,10.0,0.0,0.0,0.0,0.0,0.0,0.0,0.8841,59.035,2.317,13.587,0.333,2.74,1.0,1.0,0.0,0.0,0.0,0.0,0.0,0.0,0.0,20.0,0.0
query_0111,R12468,0,0.1231,0.0,0.0278,0.0,0.0,0.0,8.0,0.0,0.0,0.0,0.0,0.0,0.0,0.3543,351.956,12.915,67.138,3.015,4.327,1.0,1.0,0.0,0.0,0.0,0.0,0.0,0.0,0.0,50.0,0.0
query_0111,R01621,0,0.1225,0.0,0.027,0.0,0.0,0.0,8.0,0.0,0.0,0.0,0.0,0.0,0.0,0.7619,77.593,4.763,14.331,0.466,3.631,1.0,1.0,0.0,0.0,0.0,0.0,0.0,0.0,0.0,45.0,0.0
query_0111,R03405,0,0.1215,0.0,0.0263,0.0,0.0,0.0,10.0,0.0,0.0,0.0,0.0,0.0,0.0,0.9566,30.564,0.868,3.408,1.819,0.575,1.0,1.0,0.0,0.0,0.0,0.0,0.0,0.0,0.0,40.0,0.0
query_0111,R06372,0,0.121,0.0,0.0256,0.0,0.0,0.0,4.0,0.0,0.0,0.0,0.0,0.0,0.0,0.0,0.0,0.0,0.0,0.0,0.0,1.0,1.0,0.0,0.0,0.0,0.0,0.0,0.0,0.0,480.0,0.0
query_0111,R01542,0,0.121,0.0,0.025,0.0,0.0,0.0,6.0,0.0,0.0,0.0,0.0,0.0,0.0,0.9841,8.41,0.319,2.703,0.087,0.812,1.0,1.0,0.0,0.0,0.0,0.0,0.0,0.0,0.0,10.0,0.0
query_0113,R00483,0,0.1474,0.0,1.0,0.0,0.0,0.0,11.0,0.0,0.0,0.0,0.0,0.0,0.0,0.0,78.122,2.824,7.845,4.224,0.824,1.0,0.0,0.0,0.0,0.0,0.0,0.0,0.0,0.0,25.0,0.0
query_0113,R07595,0,0.1393,0.0,0.5,0.0,0.0,0.0,9.0,0.0,0.0,0.0,0.0,0.0,0.0,0.0,223.469,22.194,5.268,12.425,1.218,1.0,1.0,0.0,0.0,0.0,0.0,0.0,0.0,0.0,25.0,0.0
query_0113,R00434,2,0.1357,0.7323,0.3333,0.0714,1.0,0.0,14.0,0.0,0.0,0.0,0.0,0.0,0.0,0.0,90.109,1.766,7.254,6.95,1.7,1.0,0.0,0.0,0.0,0.0,0.0,0.0,0.0,0.0,55.0,0.0
query_0113,R10735,0,0.1246,0.0,0.25,0.0,0.0,0.0,17.0,0.0,0.0,0.0,0.0,0.0,0.0,0.0,115.177,2.216,13.426,6.883,3.569,1.0,1.0,0.0,0.0,0.0,1.0,0.0,0.0,0.0,50.0,0.0
query_0113,R04950,0,0.1217,0.0,0.2,0.0,0.0,0.0,15.0,0.0,0.0,0.0,0.0,0.0,0.0,0.0,287.716,21.695,6.077,19.733,0.715,1.0,0.0,0.0,0.0,0.0,0.0,0.0,0.0,0.0,40.0,0.0
query_0113,R01864,2,0.1199,0.7949,0.1667,1.0,1.0,0.0,10.0,0.0,0.0,0.0,0.0,0.0,0.0,0.0,254.211,28.154,4.006,13.52,0.31,1.0,0.0,0.0,0.0,0.0,1.0,0.0,0.0,0.0,42.0,0.0
query_0113,R05096,2,0.1155,0.7914,0.1429,0.5,1.0,0.0,10.0,0.0,0.0,0.0,0.0,0.0,0.0,0.0,253.36,28.154,4.006,13.427,0.31,1.0,0.0,0.0,0.0,0.0,1.0,0.0,0.0,0.0,42.0,0.0
query_0113,R09586,0,0.1133,0.0,0.125,0.0,0.0,0.0,16.0,0.0,0.0,0.0,0.0,0.0,0.0,0.0,73.399,1.745,8.551,4.266,1.99,1.0,1.0,0.0,0.0,0.0,0.0,0.0,0.0,0.0,70.0,0.0
query_0113,R09796,0,0.1129,0.0,0.1111,0.0,0.0,0.0,12.0,0.0,0.0,0.0,0.0,0.0,0.0,0.0,24.691,0.957,6.126,0.127,1.27,1.0,0.0,0.0,0.0,0.0,0.0,0.0,0.0,0.0,30.0,0.0
query_0113,R08742,2,0.1039,0.7196,0.1,0.0417,1.0,0.0,21.0,0.0,0.0,0.0,0.0,0.0,0.0,0.0,471.332,38.693,10.555,31.411,2.615,1.0,0.0,0.0,0.0,0.0,0.0,0.0,0.0,0.0,60.0,0.0
query_0113,R09848,2,0.1038,0.7349,0.0909,0.0769,1.0,0.0,19.0,0.0,0.0,0.0,0.0,0.0,0.0,0.0,172.273,20.114,13.349,4.742,2.93,1.0,0.0,0.0,0.0,0.0,1.0,0.0,0.0,0.0,70.0,0.0
query_0113,R01147,0,0.1035,0.0,0.0833,0.0,0.0,0.0,14.0,0.0,0.0,0.0,0.0,0.0,0.0,0.0,71.508,1.595,8.445,4.32,2.113,1.0,0.0,0.0,0.0,0.0,0.0,0.0,0.0,0.0,30.0,0.0
query_0113,R00884,0,0.1013,0.0,0.0769,0.0,0.0,0.0,14.0,0.0,0.0,0.0,0.0,0.0,0.0,0.0,307.853,6.004,47.531,10.179,3.632,1.0,1.0,0.0,0.0,0.0,0.0,0.0,0.0,0.0,50.0,0.0
query_0113,R09438,0,0.1008,0.0,0.0714,0.0,0.0,0.0,6.0,0.0,0.0,0.0,0.0,0.0,0.0,0.0,58.573,2.785,13.156,0.504,2.454,1.0,1.0,0.0,0.0,0.0,0.0,0.0,0.0,0.0,50.0,0.0
query_0113,R13243,2,0.1007,0.7499,0.0667,0.1667,1.0,0.0,15.0,0.0,0.0,0.0,0.0,0.0,0.0,0.0,194.961,24.385,17.855,3.677,3.467,1.0,0.0,0.0,0.0,0.0,0.0,0.0,0.0,0.0,70.0,0.0
query_0113,R06991,2,0.1006,0.7641,0.0625,0.25,1.0,0.0,19.0,0.0,0.0,0.0,0.0,0.0,0.0,0.0,118.691,2.321,8.193,9.392,1.972,1.0,1.0,0.0,0.0,0.0,1.0,0.0,0.0,0.0,45.0,0.0
query_0113,R00128,2,0.0984,0.7531,0.0588,0.2,1.0,0.0,13.0,0.0,0.0,0.0,0.0,0.0,0.0,0.0,37.425,1.04,5.954,1.482,1.724,1.0,0.0,0.0,0.0,0.0,0.0,0.0,0.0,0.0,40.0,0.0
query_0113,R07526,2,0.0969,0.7299,0.0556,0.0625,1.0,0.0,16.0,0.0,0.0,0.0,0.0,0.0,0.0,0.0,267.825,28.93,12.668,11.502,3.162,1.0,1.0,0.0,0.0,0.0,0.0,0.0,0.0,0.0,55.0,0.0
query_0113,R10817,2,0.0932,0.7452,0.0526,0.125,1.0,0.0,30.0,0.0,0.0,0.0,0.0,0.0,0.0,0.0,260.469,3.957,18.407,20.961,5.171,1.0,1.0,0.0,0.0,0.0,1.0,0.0,0.0,0.0,180.0,0.0
query_0113,R04972,0,0.0929,0.0,0.05,0.0,0.0,0.0,13.0,0.0,0.0,0.0,0.0,0.0,0.0,0.0,354.571,30.002,18.932,18.191,5.295,1.0,1.0,0.0,0.0,0.0,0.0,0.0,0.0,0.0,50.0,0.0
query_0113,R03552,2,0.0906,0.7645,0.0476,0.3333,1.0,0.0,13.0,0.0,0.0,0.0,0.0,0.0,0.0,0.0,131.145,17.273,6.946,3.808,1.787,1.0,0.0,0.0,0.0,0.0,0.0,0.0,0.0,0.0,40.0,0.0
query_0113,R01262,0,0.0883,0.0,0.0455,0.0,0.0,0.0,14.0,0.0,0.0,0.0,0.0,0.0,0.0,0.0,35.48,1.45,7.853,0.5,2.179,1.0,1.0,0.0,0.0,0.0,0.0,0.0,0.0,0.0,60.0,0.0
query_0113,R02943,2,0.0822,0.7189,0.0435,0.037,1.0,0.0,18.0,0.0,0.0,0.0,0.0,0.0,0.0,0.0,525.142,40.711,21.13,32.805,5.778,1.0,0.0,0.0,0.0,0.0,0.0,0.0,0.0,0.0,40.0,0.0
query_0113,R02524,0,0.082,0.0,0.0417,0.0,0.0,0.0,17.0,0.0,0.0,0.0,0.0,0.0,0.0,0.0,637.316,63.099,32.402,30.271,7.902,1.0,1.0,0.0,0.0,0.0,0.0,0.0,0.0,0.0,40.0,0.0
query_0113,R10643,2,0.0788,0.7138,0.04,0.0263,1.0,0.0,22.0,0.0,0.0,0.0,0.0,0.0,0.0,0.0,498.903,58.27,23.551,19.931,6.971,1.0,0.0,0.0,0.0,0.0,0.0,0.0,0.0,0.0,45.0,0.0
query_0113,R09799,0,0.0785,0.0,0.0385,0.0,0.0,0.0,17.0,0.0,0.0,0.0,0.0,0.0,0.0,0.0,606.943,58.604,27.756,30.27,8.761,1.0,0.0,0.0,0.0,0.0,0.0,0.0,0.0,0.0,60.0,0.0
query_0113,R02136,0,0.0764,0.0,0.037,0.0,0.0,0.0,25.0,0.0,0.0,0.0,0.0,0.0,0.0,0.0,184.42,2.29,14.937,13.815,2.983,1.0,0.0,0.0,0.0,0.0,1.0,0.0,0.0,0.0,60.0,0.0
query_0113,R04204,0,0.0745,0.0,0.0357,0.0,0.0,0.0,18.0,0.0,0.0,0.0,0.0,0.0,0.0,0.0,277.125,28.479,7.669,15.178,3.044,1.0,0.0,0.0,0.0,0.0,0.0,0.0,0.0,0.0,55.0,0.0
query_0113,R11686,0,0.0741,0.0,0.0345,0.0,0.0,0.0,15.0,0.0,0.0,0.0,0.0,0.0,0.0,0.0,236.991,22.588,13.052,11.085,3.643,1.0,1.0,0.0,0.0,0.0,1.0,0.0,0.0,0.0,70.0,0.0
query_0113,R04976,2,0.0729,0.7268,0.0333,0.05,1.0,0.0,16.0,0.0,0.0,0.0,0.0,0.0,0.0,0.0,194.432,24.01,11.931,5.5,2.793,1.0,0.0,0.0,0.0,0.0,0.0,0.0,0.0,0.0,70.0,0.0
query_0113,R03103,2,0.0729,0.7449,0.0323,0.1111,1.0,0.0,26.0,0.0,0.0,0.0,0.0,0.0,0.0,0.0,21.241,0.278,1.251,1.87,0.407,1.0,0.0,0.0,0.0,0.0,0.0,0.0,0.0,0.0,50.0,0.0
query_0113,R05502,0,0.071,0.0,0.0312,0.0,0.0,0.0,11.0,0.0,0.0,0.0,0.0,0.0,0.0,0.0,223.329,17.765,5.46,15.096,0.555,1.0,0.0,0.0,0.0,0.0,0.0,0.0,0.0,0.0,25.0,0.0
query_0113,R02271,0,0.0709,0.0,0.0303,0.0,0.0,0.0,22.0,0.0,0.0,0.0,0.0,0.0,0.0,0.0,115.837,2.774,17.035,5.218,3.784,1.0,0.0,0.0,0.0,0.0,1.0,0.0,0.0,0.0,100.0,0.0
query_0113,R09733,0,0.0704,0.0,0.0294,0.0,0.0,0.0,12.0,0.0,0.0,0.0,0.0,0.0,0.0,0.0,320.341,18.818,5.219,26.241,0.621,1.0,0.0,0.0,0.0,0.0,0.0,0.0,0.0,0.0,35.0,0.0
query_0113,R08830,0,0.0696,0.0,0.0286,0.0,0.0,0.0,25.0,0.0,0.0,0.0,0.0,0.0,0.0,0.0,281.534,33.687,8.222,12.448,2.078,1.0,1.0,0.0,0.0,0.0,0.0,0.0,0.0,0.0,70.0,0.0
query_0113,R02332,0,0.0689,0.0,0.0278,0.0,0.0,0.0,17.0,0.0,0.0,0.0,0.0,0.0,0.0,0.0,265.739,6.227,58.873,0.911,3.549,1.0,0.0,0.0,0.0,0.0,0.0,0.0,0.0,0.0,65.0,0.0
query_0113,R06642,2,0.0683,0.7269,0.027,0.0526,1.0,0.0,26.0,0.0,0.0,0.0,0.0,0.0,0.0,0.0,549.81,10.767,97.13,13.775,5.222,1.0,0.0,0.0,0.0,0.0,1.0,0.0,0.0,0.0,35.0,0.0
query_0113,R12573,2,0.068,0.7238,0.0263,0.0476,1.0,0.0,18.0,0.0,0.0,0.0,0.0,0.0,0.0,0.0,201.623,28.836,10.793,4.816,2.904,1.0,0.0,0.0,0.0,0.0,1.0,0.0,0.0,0.0,45.0,0.0
query_0113,R09659,2,0.0679,0.7152,0.0256,0.0294,1.0,0.0,18.0,0.0,0.0,0.0,0.0,0.0,0.0,0.0,269.621,30.501,13.053,10.567,2.42,1.0,1.0,0.0,0.0,0.0,0.0,0.0,0.0,0.0,75.0,0.0
query_0113,R06229,0,0.0678,0.0,0.025,0.0,0.0,0.0,16.0,0.0,0.0,0.0,0.0,0.0,0.0,0.0,114.6,4.668,16.692,3.986,3.877,1.0,1.0,0.0,0.0,0.0,0.0,0.0,0.0,0.0,25.0,0.0
query_0115,R02729,2,0.1533,0.7576,1.0,0.0357,1.0,0.0,6.0,0.0,0.0,0.0,0.0,0.0,0.0,0.0,139.341,9.196,12.114,6.256,0.447,1.0,1.0,0.0,0.0,1.0,0.0,0.0,0.0,0.0,30.0,0.0
query_0115,R06111,2,0.1422,0.7604,0.5,0.0417,1.0,0.0,8.0,0.0,0.0,0.0,0.0,0.0,0.0,0.0,239.411,7.544,41.621,5.412,0.42,1.0,1.0,0.0,0.0,1.0,0.0,0.0,0.0,0.0,70.0,0.0
query_0115,R10280,2,0.1403,0.7746,0.3333,0.0833,1.0,0.0,17.0,0.0,0.0,0.0,0.0,0.0,0.0,0.0,345.653,3.923,66.466,6.965,0.754,1.0,1.0,0.0,0.0,1.0,0.0,0.0,0.0,0.0,50.0,0.0
query_0115,R04955,0,0.1355,0.0,0.25,0.0,0.0,0.0,5.0,0.0,0.0,0.0,0.0,0.0,0.0,0.0,451.584,19.106,64.5,14.199,1.315,1.0,1.0,0.0,0.0,1.0,0.0,0.0,0.0,0.0,55.0,0.0
query_0115,R03508,0,0.1345,0.0,0.2,0.0,0.0,0.0,7.0,0.0,0.0,0.0,0.0,0.0,0.0,0.0,175.694,4.049,37.314,2.171,1.656,1.0,1.0,0.0,0.0,1.0,0.0,0.0,0.0,0.0,40.0,0.0
query_0115,R05001,0,0.1342,0.0,0.1667,0.0,0.0,0.0,8.0,0.0,0.0,0.0,0.0,0.0,0.0,0.0,434.836,2.603,40.484,30.221,1.714,1.0,1.0,0.0,0.0,1.0,0.0,0.0,0.0,0.0,70.0,0.0
query_0115,R08022,0,0.1338,0.0,0.1429,0.0,0.0,0.0,5.0,0.0,0.0,0.0,0.0,0.0,0.0,0.0,543.375,16.488,72.219,23.481,4.696,1.0,1.0,0.0,0.0,1.0,0.0,0.0,0.0,0.0,35.0,0.0
query_0115,R01918,0,0.1294,0.0,0.125,0.0,0.0,0.0,7.0,0.0,0.0,0.0,0.0,0.0,0.0,0.0,291.736,13.082,43.735,7.728,0.222,1.0,1.0,0.0,0.0,1.0,0.0,0.0,0.0,0.0,30.0,0.0
query_0115,R03077,0,0.1278,0.0,0.1111,0.0,0.0,0.0,7.0,0.0,0.0,0.0,0.0,0.0,0.0,0.0,707.273,26.579,85.295,31.84,5.732,1.0,1.0,0.0,0.0,1.0,0.0,0.0,0.0,0.0,60.0,0.0
query_0115,R12963,2,0.1208,0.7532,0.0909,0.0278,1.0,0.0,17.0,0.0,0.0,0.0,0.0,0.0,0.0,0.0,769.548,7.092,186.114,2.018,1.855,1.0,1.0,0.0,0.0,1.0,0.0,0.0,0.0,0.0,130.0,0.0
query_0115,R00939,2,0.1195,0.7681,0.0833,0.0526,1.0,0.0,11.0,0.0,0.0,0.0,0.0,0.0,0.0,0.0,187.2,9.378,20.711,8.069,0.832,1.0,1.0,0.0,0.0,1.0,0.0,0.0,0.0,0.0,45.0,0.0
query_0115,R00251,0,0.118,0.0,0.0769,0.0,0.0,0.0,7.0,0.0,0.0,0.0,0.0,0.0,0.0,0.0,625.614,9.597,49.81,45.393,4.726,1.0,1.0,0.0,0.0,1.0,0.0,0.0,0.0,0.0,35.0,0.0
query_0115,R03509,0,0.117,0.0,0.0714,0.0,0.0,0.0,6.0,0.0,0.0,0.0,0.0,0.0,0.0,0.0,759.558,28.434,88.815,35.672,6.532,1.0,1.0,0.0,0.0,1.0,0.0,0.0,0.0,0.0,630.0,0.0
query_0115,R03126,0,0.1164,0.0,0.0667,0.0,0.0,0.0,6.0,0.0,0.0,0.0,0.0,0.0,0.0,0.0,87.297,1.208,1.309,8.79,0.563,1.0,1.0,0.0,0.0,1.0,0.0,0.0,0.0,0.0,50.0,0.0
query_0115,R02926,2,0.116,0.7646,0.0625,0.0476,1.0,0.0,8.0,0.0,0.0,0.0,0.0,0.0,0.0,0.0,154.287,3.125,15.945,9.37,2.232,1.0,1.0,0.0,0.0,1.0,0.0,0.0,0.0,0.0,35.0,0.0
query_0115,R05221,0,0.1108,0.0,0.0556,0.0,0.0,0.0,7.0,0.0,0.0,0.0,0.0,0.0,0.0,0.0,214.662,5.625,38.233,4.953,0.76,1.0,1.0,0.0,0.0,1.0,0.0,0.0,0.0,0.0,50.0,0.0
query_0115,R10987,2,0.1103,0.7871,0.0526,0.25,1.0,0.0,6.0,0.0,0.0,0.0,0.0,0.0,0.0,0.0,181.268,8.618,24.86,5.59,0.228,1.0,1.0,0.0,0.0,1.0,0.0,0.0,0.0,0.0,75.0,0.0
query_0115,R00290,0,0.1097,0.0,0.05,0.0,0.0,0.0,8.0,0.0,0.0,0.0,0.0,0.0,0.0,0.0,280.983,2.894,32.864,16.047,1.459,1.0,1.0,0.0,0.0,1.0,0.0,0.0,0.0,0.0,50.0,0.0
query_0115,R02450,0,0.1086,0.0,0.0476,0.0,0.0,0.0,5.0,0.0,0.0,0.0,0.0,0.0,0.0,0.0,326.188,8.554,64.135,4.752,0.007,1.0,1.0,0.0,0.0,1.0,0.0,0.0,0.0,0.0,35.0,0.0
query_0115,R06724,0,0.105,0.0,0.0455,0.0,0.0,0.0,6.0,0.0,0.0,0.0,0.0,0.0,0.0,0.0,95.796,3.476,4.059,8.029,1.812,1.0,1.0,0.0,0.0,1.0,0.0,0.0,0.0,0.0,20.0,0.0
query_0115,R04163,2,0.1027,0.7603,0.0435,0.04,1.0,0.0,8.0,0.0,0.0,0.0,0.0,0.0,0.0,0.0,180.034,8.815,24.907,5.357,0.222,1.0,1.0,0.0,0.0,1.0,0.0,0.0,0.0,0.0,60.0,0.0
query_0115,R02428,2,0.102,0.7739,0.0417,0.0714,1.0,0.0,8.0,0.0,0.0,0.0,0.0,0.0,0.0,0.0,317.598,0.269,26.468,24.327,0.036,1.0,1.0,0.0,0.0,1.0,0.0,0.0,0.0,0.0,45.0,0.0
query_0115,R02694,0,0.1015,0.0,0.04,0.0,0.0,0.0,1.0,0.0,0.0,0.0,0.0,0.0,0.0,0.0,8.687,0.317,0.323,0.749,0.188,1.0,1.0,0.0,0.0,1.0,0.0,0.0,0.0,0.0,20.0,0.0
query_0115,R07704,2,0.1009,0.7682,0.0385,0.0556,1.0,0.0,11.0,0.0,0.0,0.0,0.0,0.0,0.0,0.0,579.967,5.595,98.62,18.962,2.164,1.0,1.0,0.0,0.0,1.0,0.0,0.0,0.0,0.0,90.0,0.0
query_0115,R04030,2,0.1004,0.7542,0.037,0.0303,1.0,0.0,7.0,0.0,0.0,0.0,0.0,0.0,0.0,0.0,80.025,2.607,5.153,6.022,1.359,1.0,1.0,0.0,0.0,1.0,0.0,0.0,0.0,0.0,10.0,0.0
query_0115,R00167,0,0.1,0.0,0.0357,0.0,0.0,0.0,7.0,0.0,0.0,0.0,0.0,0.0,0.0,0.0,130.01,2.701,20.209,4.644,0.166,1.0,1.0,0.0,0.0,1.0,0.0,0.0,0.0,0.0,25.0,0.0
query_0115,R01827,2,0.0992,0.758,0.0345,0.037,1.0,0.0,8.0,0.0,0.0,0.0,0.0,0.0,0.0,0.0,328.89,12.2,26.911,21.1,4.689,1.0,1.0,0.0,0.0,1.0,0.0,0.0,0.0,0.0,30.0,0.0
query_0115,R01018,2,0.0973,0.7805,0.0323,0.125,1.0,0.0,20.0,0.0,0.0,0.0,0.0,0.0,0.0,0.0,327.392,20.017,31.328,14.199,1.634,1.0,1.0,0.0,0.0,1.0,0.0,0.0,0.0,0.0,60.0,0.0
query_0115,R00731,0,0.0967,0.0,0.0312,0.0,0.0,0.0,8.0,0.0,0.0,0.0,0.0,0.0,0.0,0.0,289.604,8.009,41.272,10.591,2.051,1.0,1.0,0.0,0.0,1.0,0.0,0.0,0.0,0.0,40.0,0.0
query_0115,R06919,0,0.0959,0.0,0.0303,0.0,0.0,0.0,10.0,0.0,0.0,0.0,0.0,0.0,0.0,0.0,740.052,21.402,129.82,15.461,3.952,1.0,1.0,0.0,0.0,1.0,0.0,0.0,0.0,0.0,50.0,0.0
query_0115,R02369,0,0.0958,0.0,0.0294,0.0,0.0,0.0,6.0,0.0,0.0,0.0,0.0,0.0,0.0,0.0,147.934,5.397,6.086,12.551,3.41,1.0,1.0,0.0,0.0,1.0,0.0,0.0,0.0,0.0,40.0,0.0
query_0115,R03783,0,0.0956,0.0,0.0286,0.0,0.0,0.0,9.0,0.0,0.0,0.0,0.0,0.0,0.0,0.0,358.763,11.612,55.254,11.514,2.774,1.0,1.0,0.0,0.0,1.0,0.0,0.0,0.0,0.0,40.0,0.0
query_0115,R11984,2,0.095,0.7639,0.0278,0.0435,1.0,0.0,7.0,0.0,0.0,0.0,0.0,0.0,0.0,0.0,69.678,4.568,6.274,3.046,0.121,1.0,1.0,0.0,0.0,1.0,0.0,0.0,0.0,0.0,85.0,0.0
query_0115,R01522,0,0.0947,0.0,0.027,0.0,0.0,0.0,7.0,0.0,0.0,0.0,0.0,0.0,0.0,0.0,230.436,3.188,19.08,17.75,2.704,1.0,1.0,0.0,0.0,1.0,0.0,0.0,0.0,0.0,20.0,0.0
query_0115,R04698,0,0.092,0.0,0.0263,0.0,0.0,0.0,8.0,0.0,0.0,0.0,0.0,0.0,0.0,0.0,378.791,12.019,65.132,9.247,2.752,1.0,1.0,0.0,0.0,1.0,0.0,0.0,0.0,0.0,55.0,0.0
query_0115,R02297,0,0.0903,0.0,0.0256,0.0,0.0,0.0,15.0,0.0,0.0,0.0,0.0,0.0,0.0,0.0,563.406,7.386,93.389,18.683,2.724,1.0,1.0,0.0,0.0,1.0,0.0,0.0,0.0,0.0,70.0,0.0
query_0115,R04600,0,0.0897,0.0,0.025,0.0,0.0,0.0,18.0,0.0,0.0,0.0,0.0,0.0,0.0,0.0,64.94,0.582,8.265,3.448,0.213,1.0,1.0,0.0,0.0,1.0,0.0,0.0,0.0,0.0,60.0,0.0
query_0115,R01200,2,0.0,0.7988,0.0,1.0,0.0,0.0,6.0,0.0,0.0,0.0,0.0,0.0,0.0,0.0,251.538,1.692,55.282,3.716,0.858,1.0,1.0,0.0,0.0,1.0,0.0,0.0,0.0,0.0,390.0,0.0
query_0115,R06550,2,0.0,0.7886,0.0,0.5,0.0,0.0,10.0,0.0,0.0,0.0,0.0,0.0,0.0,0.0,149.483,8.572,18.758,4.751,0.35,1.0,1.0,0.0,0.0,1.0,0.0,0.0,0.0,0.0,25.0,0.0
query_0115,R11248,2,0.0,0.7884,0.0,0.3333,0.0,0.0,8.0,0.0,0.0,0.0,0.0,0.0,0.0,0.0,182.559,12.828,17.113,7.129,0.071,1.0,1.0,0.0,0.0,1.0,0.0,0.0,0.0,0.0,30.0,0.0
query_0119,R03960,1,0.156,0.0,1.0,0.0,0.0,0.0,16.0,0.0,0.0,0.0,0.0,0.0,0.0,0.0,126.508,0.045,0.165,14.236,0.116,1.0,1.0,0.0,0.0,0.0,0.0,0.0,0.0,0.0,50.0,0.0
query_0119,R01200,2,0.1397,0.7269,0.5,0.0588,1.0,0.0,6.0,0.0,0.0,0.0,0.0,0.0,0.0,0.0,251.538,1.692,55.282,3.716,0.858,1.0,1.0,0.0,0.0,0.0,0.0,0.0,0.0,0.0,390.0,0.0
query_0119,R10987,0,0.1339,0.0,0.3333,0.0,0.0,0.0,6.0,0.0,0.0,0.0,0.0,0.0,0.0,0.0,181.268,8.618,24.86,5.59,0.228,1.0,1.0,0.0,0.0,0.0,0.0,0.0,0.0,0.0,75.0,0.0
query_0119,R03650,2,0.1238,0.7325,0.25,0.1429,1.0,0.0,11.0,0.0,0.0,0.0,0.0,0.0,0.0,0.0,236.02,36.448,1.938,8.447,0.661,1.0,0.0,0.0,0.0,0.0,0.0,0.0,0.0,0.0,35.0,0.0
query_0119,R05949,0,0.1219,0.0,0.2,0.0,0.0,0.0,16.0,0.0,0.0,0.0,0.0,0.0,0.0,0.0,44.407,1.489,7.62,1.49,1.711,1.0,1.0,0.0,0.0,0.0,0.0,0.0,0.0,0.0,50.0,0.0
query_0119,R10810,0,0.1209,0.0,0.1667,0.0,0.0,0.0,4.0,0.0,0.0,0.0,0.0,0.0,0.0,0.0,68.153,0.0,17.575,0.0,0.0,1.0,1.0,0.0,0.0,0.0,0.0,0.0,0.0,0.0,60.0,0.0
query_0119,R05221,2,0.1067,0.7594,0.1429,0.5,1.0,0.0,7.0,0.0,0.0,0.0,0.0,0.0,0.0,0.0,214.662,5.625,38.233,4.953,0.76,1.0,1.0,0.0,0.0,0.0,0.0,0.0,0.0,0.0,50.0,0.0
query_0119,R01760,0,0.1034,0.0,0.125,0.0,0.0,0.0,15.0,0.0,0.0,0.0,0.0,0.0,0.0,0.0,170.463,4.332,28.449,5.114,4.081,1.0,1.0,0.0,0.0,0.0,0.0,0.0,0.0,0.0,35.0,0.0
query_0119,R02724,0,0.0969,0.0,0.1111,0.0,0.0,0.0,15.0,0.0,0.0,0.0,0.0,0.0,0.0,0.0,577.178,0.251,119.108,12.889,0.452,1.0,1.0,0.0,0.0,0.0,0.0,0.0,0.0,0.0,50.0,0.0
query_0119,R02332,2,0.0967,0.7195,0.1,0.0345,1.0,0.0,17.0,0.0,0.0,0.0,0.0,0.0,0.0,0.0,265.739,6.227,58.873,0.911,3.549,1.0,0.0,0.0,0.0,0.0,0.0,0.0,0.0,0.0,65.0,0.0
query_0119,R02058,0,0.0951,0.0,0.0909,0.0,0.0,0.0,17.0,0.0,0.0,0.0,0.0,0.0,0.0,0.0,100.674,13.747,2.454,3.759,0.493,1.0,0.0,0.0,0.0,0.0,0.0,0.0,0.0,0.0,75.0,0.0
query_0119,R06992,0,0.0817,0.0,0.0833,0.0,0.0,0.0,15.0,0.0,0.0,0.0,0.0,0.0,0.0,0.0,89.394,1.914,12.194,4.564,2.365,1.0,1.0,0.0,0.0,0.0,0.0,0.0,0.0,0.0,50.0,0.0
query_0119,R09317,0,0.0796,0.0,0.0769,0.0,0.0,0.0,15.0,0.0,0.0,0.0,0.0,0.0,0.0,0.0,58.852,1.914,12.194,1.109,2.365,1.0,1.0,0.0,0.0,0.0,0.0,0.0,0.0,0.0,50.0,0.0
query_0119,R04643,0,0.0767,0.0,0.0714,0.0,0.0,0.0,16.0,0.0,0.0,0.0,0.0,0.0,0.0,0.0,264.926,4.295,45.508,7.082,1.833,1.0,1.0,0.0,0.0,0.0,0.0,0.0,0.0,0.0,70.0,0.0
query_0119,R08626,2,0.0763,0.7194,0.0667,0.0333,1.0,0.0,30.0,0.0,0.0,0.0,0.0,0.0,0.0,0.0,501.796,15.439,82.289,13.331,8.121,1.0,1.0,0.0,0.0,0.0,0.0,0.0,0.0,0.0,60.0,0.0
query_0119,R04695,0,0.0756,0.0,0.0625,0.0,0.0,0.0,4.0,0.0,0.0,0.0,0.0,0.0,0.0,0.0,0.0,0.0,0.0,0.0,0.0,1.0,1.0,0.0,0.0,0.0,0.0,0.0,0.0,0.0,13.0,0.0
query_0119,R05893,2,0.0751,0.7296,0.0588,0.0909,1.0,0.0,13.0,0.0,0.0,0.0,0.0,0.0,0.0,0.0,497.094,18.888,77.864,13.548,1.121,1.0,1.0,0.0,0.0,0.0,0.0,0.0,0.0,0.0,40.0,0.0
query_0119,R08535,0,0.0736,0.0,0.0556,0.0,0.0,0.0,25.0,0.0,0.0,0.0,0.0,0.0,0.0,0.0,412.228,9.832,67.209,11.023,1.661,1.0,1.0,0.0,0.0,0.0,0.0,0.0,0.0,0.0,65.0,0.0
query_0119,R00199,0,0.0732,0.0,0.0526,0.0,0.0,0.0,6.0,0.0,0.0,0.0,0.0,0.0,0.0,0.0,115.62,1.647,23.028,2.347,0.469,1.0,1.0,0.0,0.0,0.0,0.0,0.0,0.0,0.0,40.0,0.0
query_0119,R05136,2,0.0718,0.7151,0.05,0.0256,1.0,0.0,17.0,0.0,0.0,0.0,0.0,0.0,0.0,0.0,375.095,9.255,67.173,9.274,7.923,1.0,1.0,0.0,0.0,0.0,0.0,0.0,0.0,0.0,50.0,0.0
query_0119,R05143,0,0.0705,0.0,0.0476,0.0,0.0,0.0,18.0,0.0,0.0,0.0,0.0,0.0,0.0,0.0,77.217,3.639,15.875,0.556,4.355,1.0,1.0,0.0,0.0,0.0,0.0,0.0,0.0,0.0,30.0,0.0
query_0119,R09278,0,0.0692,0.0,0.0455,0.0,0.0,0.0,18.0,0.0,0.0,0.0,0.0,0.0,0.0,0.0,102.859,3.365,14.698,4.001,4.306,1.0,1.0,0.0,0.0,0.0,0.0,0.0,0.0,0.0,30.0,0.0
query_0119,R04955,0,0.0689,0.0,0.0435,0.0,0.0,0.0,5.0,0.0,0.0,0.0,0.0,0.0,0.0,0.0,451.584,19.106,64.5,14.199,1.315,1.0,1.0,0.0,0.0,0.0,0.0,0.0,0.0,0.0,55.0,0.0
query_0119,R04256,0,0.0679,0.0,0.0417,0.0,0.0,0.0,6.0,0.0,0.0,0.0,0.0,0.0,0.0,0.0,1.099,0.049,0.203,0.029,0.071,1.0,1.0,0.0,0.0,0.0,0.0,0.0,0.0,0.0,35.0,0.0
query_0119,R00196,0,0.0678,0.0,0.04,0.0,0.0,0.0,4.0,0.0,0.0,0.0,0.0,0.0,0.0,0.0,267.474,0.875,68.465,0.406,1.741,1.0,1.0,0.0,0.0,0.0,0.0,0.0,0.0,0.0,35.0,0.0
query_0119,R01785,0,0.0662,0.0,0.0385,0.0,0.0,0.0,9.0,0.0,0.0,0.0,0.0,0.0,0.0,0.0,148.937,5.689,25.104,3.161,0.0,1.0,1.0,0.0,0.0,0.0,0.0,0.0,0.0,0.0,40.0,0.0
query_0119,R08022,0,0.0641,0.0,0.037,0.0,0.0,0.0,5.0,0.0,0.0,0.0,0.0,0.0,0.0,0.0,543.375,16.488,72.219,23.481,4.696,1.0,1.0,0.0,0.0,0.0,0.0,0.0,0.0,0.0,35.0,0.0
query_0119,R04657,0,0.0636,0.0,0.0357,0.0,0.0,0.0,22.0,0.0,0.0,0.0,0.0,0.0,0.0,0.0,339.127,7.479,68.574,4.269,4.537,1.0,1.0,0.0,0.0,0.0,0.0,0.0,0.0,0.0,35.0,0.0
query_0119,R01113,2,0.0629,0.7287,0.0345,0.0714,1.0,0.0,8.0,0.0,0.0,0.0,0.0,0.0,0.0,0.0,246.743,0.073,23.899,17.129,0.19,1.0,1.0,0.0,0.0,0.0,0.0,0.0,0.0,0.0,85.0,0.0
query_0119,R07377,0,0.0625,0.0,0.0333,0.0,0.0,0.0,14.0,0.0,0.0,0.0,0.0,0.0,0.0,0.0,335.183,3.364,13.068,31.964,5.17,1.0,1.0,0.0,0.0,0.0,0.0,0.0,0.0,0.0,45.0,0.0
query_0119,R03670,0,0.0625,0.0,0.0323,0.0,0.0,0.0,15.0,0.0,0.0,0.0,0.0,0.0,0.0,0.0,275.178,5.466,54.657,4.15,2.425,1.0,1.0,0.0,0.0,0.0,0.0,0.0,0.0,0.0,75.0,0.0
query_0119,R10557,0,0.0624,0.0,0.0312,0.0,0.0,0.0,24.0,0.0,0.0,0.0,0.0,0.0,0.0,0.0,253.368,4.522,16.925,20.164,3.912,1.0,1.0,0.0,0.0,0.0,0.0,0.0,0.0,0.0,55.0,0.0
query_0119,R01961,0,0.0622,0.0,0.0303,0.0,0.0,0.0,4.0,0.0,0.0,0.0,0.0,0.0,0.0,0.0,1173.896,0.023,300.058,0.013,0.007,1.0,0.0,1.0,0.0,0.0,0.0,0.0,0.0,0.0,80.0,0.0
query_0119,R01688,0,0.0621,0.0,0.0294,0.0,0.0,0.0,5.0,0.0,0.0,0.0,0.0,0.0,0.0,0.0,560.469,29.007,65.47,21.665,1.724,1.0,1.0,0.0,0.0,0.0,0.0,0.0,0.0,0.0,95.0,0.0
query_0119,R06522,0,0.0619,0.0,0.0286,0.0,0.0,0.0,31.0,0.0,0.0,0.0,0.0,0.0,0.0,0.0,736.212,38.746,118.094,11.539,6.09,1.0,0.0,0.0,0.0,0.0,0.0,0.0,0.0,0.0,170.0,0.0
query_0119,R02334,2,0.0617,0.7393,0.0278,0.25,1.0,0.0,28.0,0.0,0.0,0.0,0.0,0.0,0.0,0.0,649.613,12.06,125.754,11.069,5.215,1.0,1.0,0.0,0.0,0.0,0.0,0.0,0.0,0.0,90.0,0.0
query_0119,R01980,0,0.061,0.0,0.027,0.0,0.0,0.0,24.0,0.0,0.0,0.0,0.0,0.0,0.0,0.0,93.502,3.23,21.59,0.49,4.436,1.0,0.0,0.0,0.0,0.0,0.0,0.0,0.0,0.0,100.0,0.0
query_0119,R05264,0,0.0606,0.0,0.0263,0.0,0.0,0.0,7.0,0.0,0.0,0.0,0.0,0.0,0.0,0.0,12.666,0.014,3.251,0.009,0.036,1.0,1.0,0.0,0.0,0.0,0.0,0.0,0.0,0.0,255.0,0.0
query_0119,R00251,0,0.0601,0.0,0.0256,0.0,0.0,0.0,7.0,0.0,0.0,0.0,0.0,0.0,0.0,0.0,625.614,9.597,49.81,45.393,4.726,1.0,1.0,0.0,0.0,0.0,0.0,0.0,0.0,0.0,35.0,0.0
query_0119,R09336,0,0.0599,0.0,0.025,0.0,0.0,0.0,15.0,0.0,0.0,0.0,0.0,0.0,0.0,0.0,312.762,6.715,68.642,0.789,2.824,1.0,1.0,0.0,0.0,0.0,0.0,0.0,0.0,0.0,55.0,0.0
query_0120,R04015,2,0.1572,0.7502,0.3333,0.0909,1.0,0.0,8.0,0.0,0.0,0.0,0.0,0.0,0.2156,0.0,42.192,0.555,2.659,3.553,0.756,1.0,1.0,0.0,0.0,0.0,0.0,0.0,0.0,0.0,25.0,0.0
query_0120,R02245,0,0.1468,0.0,0.2,0.0,0.0,0.0,6.0,0.0,0.0,0.0,0.0,0.0,0.1951,0.0,52.429,2.038,12.082,0.375,2.278,1.0,1.0,0.0,0.0,0.0,0.0,0.0,0.0,0.0,15.0,0.0
query_0120,R02394,2,0.1433,0.8037,0.1667,1.0,1.0,0.0,6.0,0.0,0.0,0.0,0.0,0.0,0.2665,0.0,16.728,0.712,3.441,0.338,0.936,1.0,1.0,0.0,0.0,0.0,0.0,0.0,0.0,0.0,5.0,0.0
query_0120,R00018,2,0.1309,0.718,0.1429,0.0256,1.0,0.0,7.0,0.0,0.0,0.0,0.0,0.0,0.2739,0.0,13.044,0.537,2.85,0.142,0.577,1.0,1.0,0.0,0.0,0.0,0.0,0.0,0.0,0.0,30.0,0.0
query_0120,R00634,2,0.1267,0.7775,0.125,0.25,1.0,0.0,8.0,0.0,0.0,0.0,0.0,0.0,0.1441,0.0,77.942,2.9,13.786,2.338,3.051,1.0,1.0,0.0,0.0,0.0,0.0,0.0,0.0,0.0,35.0,0.0
query_0120,R07573,2,0.1183,0.7928,0.1111,0.5,1.0,0.0,9.0,0.0,0.0,0.0,0.0,0.0,0.2102,0.0,44.913,1.829,9.915,0.482,2.498,1.0,1.0,0.0,0.0,0.0,0.0,0.0,0.0,0.0,15.0,0.0
query_0120,R01056,2,0.1063,0.7372,0.1,0.0667,1.0,0.0,7.0,0.0,0.0,0.0,0.0,0.0,0.286,0.0,6.976,0.343,1.384,0.166,0.283,1.0,1.0,0.0,0.0,0.0,0.0,0.0,0.0,0.0,35.0,0.0
query_0120,R09152,2,0.1063,0.7828,0.0909,0.3333,1.0,0.0,8.0,0.0,0.0,0.0,0.0,0.0,0.269,0.0,15.513,0.645,3.341,0.221,0.753,1.0,1.0,0.0,0.0,0.0,0.0,0.0,0.0,0.0,10.0,0.0
query_0120,R03924,0,0.0994,0.0,0.0833,0.0,0.0,0.0,10.0,0.0,0.0,0.0,0.0,0.0,0.2363,0.0,31.855,0.044,0.453,3.439,0.085,1.0,1.0,0.0,0.0,0.0,0.0,0.0,0.0,0.0,15.0,0.0
query_0120,R06715,2,0.099,0.7374,0.0714,0.0714,1.0,0.0,8.0,0.0,0.0,0.0,0.0,0.0,0.256,0.0,22.005,0.767,5.002,0.146,0.886,1.0,1.0,0.0,0.0,0.0,0.0,0.0,0.0,0.0,10.0,0.0
query_0120,R12429,0,0.0975,0.0,0.0667,0.0,0.0,0.0,6.0,0.0,0.0,0.0,0.0,0.0,0.0,0.0,0.0,0.0,0.0,0.0,0.0,1.0,1.0,0.0,0.0,0.0,0.0,0.0,0.0,0.0,30.0,0.0
query_0120,R06269,0,0.0966,0.0,0.0625,0.0,0.0,0.0,10.0,0.0,0.0,0.0,0.0,0.0,0.2203,0.0,39.848,0.649,2.637,3.432,1.288,1.0,1.0,0.0,0.0,0.0,0.0,0.0,0.0,0.0,30.0,0.0
query_0120,R00257,2,0.0898,0.7473,0.0588,0.0833,1.0,0.0,8.0,0.0,0.0,0.0,0.0,0.0,0.2178,0.0,41.087,0.95,2.634,3.309,0.831,1.0,1.0,0.0,0.0,0.0,0.0,0.0,0.0,0.0,25.0,0.0
query_0120,R02059,0,0.0848,0.0,0.0556,0.0,0.0,0.0,12.0,0.0,0.0,0.0,0.0,0.0,0.0239,0.0,138.058,4.723,20.39,4.906,2.499,1.0,1.0,0.0,0.0,0.0,0.0,0.0,0.0,0.0,15.0,0.0
query_0120,R01586,2,0.0838,0.7427,0.0526,0.0769,1.0,0.0,7.0,0.0,0.0,0.0,0.0,0.0,0.138,0.0,80.995,3.229,7.643,4.939,2.274,1.0,1.0,0.0,0.0,0.0,0.0,0.0,0.0,0.0,15.0,0.0
query_0120,R00161,0,0.0828,0.0,0.05,0.0,0.0,0.0,12.0,0.0,0.0,0.0,0.0,0.0,0.1227,0.0,88.671,2.332,14.893,3.137,3.408,1.0,1.0,0.0,0.0,0.0,0.0,0.0,0.0,0.0,30.0,0.0
query_0120,R04531,0,0.0808,0.0,0.0455,0.0,0.0,0.0,6.0,0.0,0.0,0.0,0.0,0.0,0.2718,0.0,14.077,0.6,2.756,0.307,0.572,1.0,1.0,0.0,0.0,0.0,0.0,0.0,0.0,0.0,10.0,0.0
query_0120,R04028,0,0.0786,0.0,0.0435,0.0,0.0,0.0,9.0,0.0,0.0,0.0,0.0,0.0,0.0984,0.0,100.816,1.454,8.456,7.378,1.901,1.0,1.0,0.0,0.0,0.0,0.0,0.0,0.0,0.0,10.0,0.0
query_0120,R02208,0,0.0784,0.0,0.0417,0.0,0.0,0.0,14.0,0.0,0.0,0.0,0.0,0.0,0.1318,0.0,215.909,5.274,34.088,8.857,4.791,1.0,1.0,0.0,0.0,0.0,0.0,0.0,0.0,0.0,25.0,0.0
query_0120,R02828,0,0.0783,0.0,0.04,0.0,0.0,0.0,7.0,0.0,0.0,0.0,0.0,0.0,0.2701,0.0,14.94,0.593,3.534,0.157,0.699,1.0,1.0,0.0,0.0,0.0,0.0,0.0,0.0,0.0,30.0,0.0
query_0120,R01112,0,0.0772,0.0,0.0385,0.0,0.0,0.0,4.0,0.0,0.0,0.0,0.0,0.0,0.1043,0.0,97.855,3.401,12.039,5.027,2.129,1.0,1.0,0.0,0.0,0.0,0.0,0.0,0.0,0.0,20.0,0.0
query_0120,R05424,0,0.0767,0.0,0.037,0.0,0.0,0.0,12.0,0.0,0.0,0.0,0.0,0.0,0.2624,0.0,18.792,0.664,4.402,0.139,0.487,1.0,1.0,0.0,0.0,0.0,0.0,0.0,0.0,0.0,60.0,0.0
query_0120,R04859,2,0.0762,0.7685,0.0357,0.2,1.0,0.0,6.0,0.0,0.0,0.0,0.0,0.0,0.2283,0.0,35.87,1.823,1.689,2.694,0.417,1.0,1.0,0.0,0.0,0.0,0.0,0.0,0.0,0.0,15.0,0.0
query_0120,R02010,0,0.0753,0.0,0.0345,0.0,0.0,0.0,6.0,0.0,0.0,0.0,0.0,0.0,0.1619,0.0,69.04,5.09,3.029,4.061,0.549,1.0,1.0,0.0,0.0,0.0,0.0,0.0,0.0,0.0,40.0,0.0
query_0120,R03851,2,0.0748,0.7531,0.0333,0.125,1.0,0.0,9.0,0.0,0.0,0.0,0.0,0.0,0.2427,0.0,28.626,0.668,4.035,1.368,0.808,1.0,1.0,0.0,0.0,0.0,0.0,0.0,0.0,0.0,30.0,0.0
query_0120,R05858,0,0.0748,0.0,0.0323,0.0,0.0,0.0,11.0,0.0,0.0,0.0,0.0,0.0,0.233,0.0,33.506,0.417,8.601,0.18,1.056,1.0,1.0,0.0,0.0,0.0,0.0,0.0,0.0,0.0,25.0,0.0
query_0120,R11924,2,0.0746,0.7258,0.0312,0.0385,1.0,0.0,12.0,0.0,0.0,0.0,0.0,0.0,0.2081,0.0,45.948,1.236,8.257,1.343,1.633,1.0,1.0,0.0,0.0,0.0,0.0,0.0,0.0,0.0,45.0,0.0
query_0120,R09623,0,0.0738,0.0,0.0303,0.0,0.0,0.0,11.0,0.0,0.0,0.0,0.0,0.0,0.0195,0.0,140.235,3.566,9.493,10.905,2.863,1.0,1.0,0.0,0.0,0.0,0.0,0.0,0.0,0.0,12.0,0.0
query_0120,R01559,2,0.0717,0.7255,0.0294,0.037,1.0,0.0,8.0,0.0,0.0,0.0,0.0,0.0,0.1971,0.0,51.456,2.067,11.727,0.387,2.635,1.0,1.0,0.0,0.0,0.0,0.0,0.0,0.0,0.0,15.0,0.0
query_0120,R01842,0,0.0705,0.0,0.0278,0.0,0.0,0.0,14.0,0.0,0.0,0.0,0.0,0.0,0.1223,0.0,211.143,1.127,6.893,20.805,1.474,1.0,1.0,0.0,0.0,0.0,0.0,0.0,0.0,0.0,40.0,0.0
query_0120,R04775,2,0.0703,0.7253,0.027,0.0357,1.0,0.0,7.0,0.0,0.0,0.0,0.0,0.0,0.235,0.0,32.501,1.235,7.323,0.54,2.065,1.0,1.0,0.0,0.0,0.0,0.0,0.0,0.0,0.0,10.0,0.0
query_0120,R00571,0,0.07,0.0,0.0263,0.0,0.0,0.0,7.0,0.0,0.0,0.0,0.0,0.0,0.1722,0.0,63.895,0.143,0.744,6.852,0.047,1.0,1.0,0.0,0.0,0.0,0.0,0.0,0.0,0.0,25.0,0.0
query_0120,R07669,2,0.0698,0.7302,0.0256,0.0455,1.0,0.0,5.0,0.0,0.0,0.0,0.0,0.0,0.2872,0.0,6.41,0.283,1.275,0.122,0.206,1.0,1.0,0.0,0.0,0.0,0.0,0.0,0.0,0.0,5.0,0.0
query_0120,R00813,2,0.0697,0.7594,0.025,0.1667,1.0,0.0,8.0,0.0,0.0,0.0,0.0,0.0,0.2673,0.0,16.337,1.149,3.131,0.129,0.595,1.0,1.0,0.0,0.0,0.0,0.0,0.0,0.0,0.0,25.0,0.0
query_0120,R06451,2,0.0,0.759,0.0,0.1429,0.0,0.0,6.0,0.0,0.0,0.0,0.0,0.0,0.0,0.0,0.0,0.0,0.0,0.0,0.0,1.0,1.0,0.0,0.0,0.0,0.0,0.0,0.0,0.0,5.0,0.0
query_0120,R10362,2,0.0,0.7524,0.0,0.1111,0.0,0.0,10.0,0.0,0.0,0.0,0.0,0.0,0.2373,0.0,31.36,0.757,7.424,0.226,0.564,1.0,1.0,0.0,0.0,0.0,0.0,0.0,0.0,0.0,50.0,0.0
query_0120,R00938,2,0.0,0.7503,0.0,0.1,0.0,0.0,10.0,0.0,0.0,0.0,0.0,0.0,0.209,0.0,45.518,0.779,10.807,0.307,0.896,1.0,1.0,0.0,0.0,0.0,0.0,0.0,0.0,0.0,30.0,0.0
query_0120,R10200,2,0.0,0.737,0.0,0.0625,0.0,0.0,9.0,0.0,0.0,0.0,0.0,0.0,0.2779,0.0,11.07,0.541,2.393,0.123,0.744,1.0,1.0,0.0,0.0,0.0,0.0,0.0,0.0,0.0,25.0,0.0
query_0120,R01527,2,0.0,0.7328,0.0,0.0588,0.0,0.0,7.0,0.0,0.0,0.0,0.0,0.0,0.2774,0.0,11.275,0.022,2.154,0.005,0.029,1.0,1.0,0.0,0.0,0.0,0.0,0.0,0.0,0.0,20.0,0.0
query_0120,R03679,2,0.0,0.7326,0.0,0.0556,0.0,0.0,10.0,0.0,0.0,0.0,0.0,0.0,0.0498,0.0,174.887,3.043,15.546,12.25,2.641,1.0,1.0,0.0,0.0,0.0,0.0,0.0,0.0,0.0,11.0,0.0
